code,parent_code,parent_soato_id,soato_id,tin,name_uz,name_uz_cyril,name_ru,name_kaa,deleted
AN-202001,AN-202,1703202,1703202001,202853324,Dalvarzin,Далварзин,Далварзин,Dalvarzin,false
AN-202002,AN-202,1703202,1703202002,202853198,Jalabek,Жалабек,Жалабек,Jalabek,false
AN-202003,AN-202,1703202,1703202003,202853300,Qo‘shtepa,Қўштепа,Коштепа,Qóshtepa,false
AN-202004,AN-202,1703202,0,,Mexnat,Мехнат,Мехнат,Mexnat,true
AN-202005,AN-202,1703202,1703202005,202853292,Uyg‘ur,Уйғур,Уйгур,Uyǵur,false
AN-202006,AN-202,1703202,1703202006,202853317,Yangichek,Янгичек,Янгичек,Yangichek,false
AN-202007,AN-202,1703202,1703202007,202867006,Ayshaxonum,Айшахонум,Айшахонум,Ayshaxonum,false
AN-202008,AN-202,1703202,0,,Kumakay,Кумакай,Кумакай,Kumakay,true
AN-202009,AN-202,1703202,1703202009,202867060,Sadda,Садда,Садда,Sadda,false
AN-202010,AN-202,1703202,1703202010,202867014,Uyshin,Уйшин,Уйшин,Uyshin,false
AN-202011,AN-202,1703202,0,,Chek,Чек,Чек,Chek,true
AN-202012,AN-202,1703202,1703202011,202867053,Cho‘ntak,Чўнтак,Чонтак,Chóntak,false
AN-202013,AN-202,1703202,1703202013,202853284,Ayronchi,Айрончи,Айрончи,Ayronchi,false
AN-202014,AN-202,1703202,1703202014,202853260,Gulbog‘,Гулбоғ,Гулбог,Gulboǵ,false
AN-202015,AN-202,1703202,1703202015,202853277,Mirobod,Миробод,Миробод,Mirobod,false
AN-202016,AN-202,1703202,1703202016,202853253,Ors,Орс,Орс,Ors,false
AN-202017,AN-202,1703202,1703202017,203926714,Suvyulduz,Сувюлдуз,Сувюлдуз,Suvyulduz,false
AN-202018,AN-202,1703202,1703202018,202853238,Chaqqon-1,Чаққон-1,Чаккон-1,Chaqqon-1,false
AN-202019,AN-202,1703202,1703202019,202853221,Chaqqon-2,Чаққон-2,Чаккон-2,Chaqqon-2,false
AN-202020,AN-202,1703202,1703202020,202853245,Qashqar,Қашқар,Кашкар,Qashqar,false
AN-202021,AN-202,1703202,1703202046,202834839,Ijtimoyat,Ижтимоят,Ижтимоят,Ijtimoyat,false
AN-202022,AN-202,1703202,1703202047,202831486,Ittifoq,Иттифоқ,Иттифок,Ittifoq,false
AN-202023,AN-202,1703202,0,,Madaniy mexnat-1,Маданий мехнат-1,Маданий мехнат-1,Madaniy mexnat-1,true
AN-202024,AN-202,1703202,0,,Madaniy mexnat-2,Маданий мехнат-2,Маданий мехнат-2,Madaniy mexnat-2,true
AN-202025,AN-202,1703202,1703202050,202834774,Maqsad,Мақсад,Максад,Maqsad,false
AN-202026,AN-202,1703202,1703202051,202834782,Xasan-xusan nomli,Хасан-хусан номли,Хасан-Хусан,Xasan-xusan nomli,false
AN-202027,AN-202,1703202,0,,Xuja,Хужа,Хужа,Xuja,true
AN-202028,AN-202,1703202,1703202053,202834807,Erkin,Еркин,Еркин,Erkin,false
AN-202029,AN-202,1703202,1703202030,202834743,Bo‘ston,Бўстон,Бостон,Bóston,false
AN-202030,AN-202,1703202,1703202031,202831526,Saroy-1,Сарой-1,Сарой-1,Saroy-1,false
AN-202031,AN-202,1703202,1703202032,202831534,Saroy-2,Сарой-2,Сарой-2,Saroy-2,false
AN-202032,AN-202,1703202,1703202033,202834822,Ittifoq,Иттифоқ,Иттифок,Ittifoq,false
AN-202033,AN-202,1703202,1703202034,202834735,Oqtepa,Оқтепа,Октепа,Oqtepa,false
AN-202034,AN-202,1703202,1703202035,202834750,Katta oqtepa,Катта оқтепа,Катта октепа,Katta oqtepa,false
AN-202035,AN-202,1703202,0,,Qoraqolpoq,Қорақолпоқ,Қорақолпоқ,Qoraqolpoq,true
AN-202036,AN-202,1703202,1703202029,202834767,Mamayusufchek,Мамаюсуфчек,Мамаюсуфчек,Mamayusufchek,false
AN-202037,AN-202,1703202,1703202037,202831479,Markaz,Марказ,Марказ,Markaz,false
AN-202038,AN-202,1703202,1703202038,202831502,Namuna,Намуна,Намуна,Namuna,false
AN-202039,AN-202,1703202,0,,Oftabachek,Офтабачек,Офтабачек,Oftabachek,true
AN-202040,AN-202,1703202,1703202054,202831454,Qayirma,Қайирма,Кайирма,Qayirma,false
AN-202041,AN-202,1703202,1703202040,202847497,Madiyorchek,Мадиёрчек,Мадярчек,Madiyorchek,false
AN-202042,AN-202,1703202,1703202055,202831462,Temirxo‘ja nomli,Темирхўжа номли,Темирхожа,Temirxója nomli,false
AN-202043,AN-202,1703202,1703202056,202847480,Xondibog‘i,Хондибоғи,Хондибоги,Xondiboǵi,false
AN-202044,AN-202,1703202,1703202041,202831447,Ganjirovon,Ганжировон,Ганжировон,Ganjirovon,false
AN-202045,AN-202,1703202,1703202042,202881149,O‘rtaariq,Ўртаариқ,Ортаарик,Órtaariq,false
AN-202046,AN-202,1703202,1703202043,202886125,Qipchoq,Қипчоқ,Кипчок,Qipchoq,false
AN-202047,AN-202,1703202,1703202044,202878618,Ko‘tarmachek,Кўтармачек,Котармачек,Kótarmachek,false
AN-202048,AN-202,1703202,1703202045,202853181,Uzunko‘cha,Узункўча,Узун коча,Uzunkócha,false
AN-202049,AN-202,1703202,1703202021,202853134,Andijon,Андижон,Андижон,Andijon,false
AN-202050,AN-202,1703202,1703202022,202853166,Qo‘shko‘prik,Қўшкўприк,Кошкоприк,Qóshkóprik,false
AN-202051,AN-202,1703202,1703202023,202853142,Saroy,Сарой,Сарой,Saroy,false
AN-202052,AN-202,1703202,1703202024,202853159,Safarobod,Сафаробод,Сафаробод,Safarobod,false
AN-202053,AN-202,1703202,1703202025,202853103,Toptiq,Топтиқ,Топтик,Toptiq,false
AN-202054,AN-202,1703202,1703202026,202853174,O‘rta,Ўрта,Орта,Órta,false
AN-202055,AN-202,1703202,1703202027,202853127,Sharq yulduzi,Шарқ юлдузи,Шарк юлдузи,Sharq yulduzi,false
AN-202056,AN-202,1703202,1703202028,203662704,Oqtumor,Оқтумор,Октумор,Oqtumor,false
AN-17090022,AN-202,1703202,1703202049,207130065,Madaniy mehnat-2,Маданий мeҳнат-2,Мадани Мeхнат-2,Madaniy mehnat-2,false
AN-17090016,AN-202,1703202,1703202036,202831519,Qoraqalpoq,Қорақалпоқ,Коракалпок,Qoraqalpoq,false
AN-17090027,AN-202,1703202,1703202004,202853094,Mehnat,Мeҳнат,Мeхнат,Mehnat,false
AN-17090017,AN-202,1703202,1703202008,202867021,Ko‘makay,Кўмакай,Комакай,Kómakay,false
AN-17090054,AN-202,1703202,1703202057,309193348,Shayxislom,Шайхислом,Шайхислом,Shayxislom,false
AN-17090033,AN-202,1703202,1703202039,202831494,Oftobachek,Офтобачeк,Офтобачeк,Oftobachek,false
AN-17090059,AN-202,1703202,1703202059,309193617,Intizom,Интизом,Интизом,Intizom,false
AN-17090058,AN-202,1703202,1703202058,309178404,Mustaqillik,Мустақиллик,Мустакиллик,Mustaqillik,false
AN-17090052,AN-202,1703202,1703202012,202867038,Guliston,Гулистон,Гулистон,Guliston,false
AN-17090049,AN-202,1703202,1703202052,202834814,Xo‘ja,Хўжа,Хожа,Xója,false
AN-17090021,AN-202,1703202,1703202048,202834799,Madaniy mehnat-1,Маданий мeҳнат-1,Мадани Мeхнат-1,Madaniy mehnat-1,false
AN-203001,AN-203,1703203,1703203043,203683869,Oyjamol,Ойжамол,Ойжамол,Oyjamol,false
AN-203002,AN-203,1703203,1703203046,203683876,Daryo bo‘yi,Дарё бўйи,Дарё буйи,Daryo bóyi,false
AN-203003,AN-203,1703203,1703203044,203683884,Baxt,Бахт,Бахт,Baxt,false
AN-203004,AN-203,1703203,1703203045,203683891,Sanoat,Саноат,Саноат,Sanoat,false
AN-203005,AN-203,1703203,1703203001,203470224,Poloson,Полосон,Полосон,Poloson,false
AN-203006,AN-203,1703203,1703203002,203640408,Yuksalish,Юксалиш,Юксалиш,Yuksalish,false
AN-203007,AN-203,1703203,1703203003,203691542,Tolmozor,Толмозор,Толмозор,Tolmozor,false
AN-203008,AN-203,1703203,1703203004,203691534,Naymanobod,Найманобод,Найманобод,Naymanobod,false
AN-203009,AN-203,1703203,1703203005,203691559,Qo‘shariq,Қўшариқ,Кошарик,Qóshariq,false
AN-203010,AN-203,1703203,1703203006,203691527,No‘xatak,Нўхатак,Нохатак,Nóxatak,false
AN-203011,AN-203,1703203,0,,Istqilol,Истқилол,Истқилол,Istqilol,true
AN-203012,AN-203,1703203,1703203008,203691503,Xo‘ja,Хўжа,Хужа,Xója,false
AN-203013,AN-203,1703203,1703203009,203691510,Mirobod,Миробод,Миробод,Mirobod,false
AN-203014,AN-203,1703203,1703203050,203683038,Yangiobod,Янгиобод,Янгиобод,Yangiobod,false
AN-203015,AN-203,1703203,1703203051,203683006,Gulobod,Гулобод,Гулобод,Gulobod,false
AN-203016,AN-203,1703203,1703203010,204341969,Qo‘qonlik,Қўқонлик,Коконлик,Qóqonlik,false
AN-203017,AN-203,1703203,1703203052,203683021,Bobog‘ozi,Бобоғози,Бобогози,Boboǵozi,false
AN-203018,AN-203,1703203,1703203053,203683820,Aylanpa,Айланпа,Айланпа,Aylanpa,false
AN-203019,AN-203,1703203,0,,Do‘ldir,Дўлдир,Дўлдир,Dóldir,true
AN-203020,AN-203,1703203,1703203054,203683053,Cho‘ngbog‘ich,Чўнгбоғич,Чонгбогич,Chóngboǵich,false
AN-203021,AN-203,1703203,1703203055,203683045,Chavkan daryo,Чавкан дарё,Чавкандарё,Chavkan daryo,false
AN-203022,AN-203,1703203,0,,Begobod,Бегобод,Бегобод,Begobod,true
AN-203023,AN-203,1703203,0,,Qoroqolpoq,Қороқолпоқ,Қороқолпоқ,Qoroqolpoq,true
AN-203024,AN-203,1703203,0,,Ayrilish,Айрилиш,Айрилиш,Ayrilish,true
AN-203025,AN-203,1703203,0,,Damariq,Дамариқ,Дамариқ,Damariq,true
AN-203026,AN-203,1703203,1703203019,203310929,Beshbo‘ynoq,Бешбўйноқ,Бешбойнок,Beshbóynoq,false
AN-203027,AN-203,1703203,1703203020,203310944,Ekin-tikin,Екин-тикин,Экин-тикин,Ekin-tikin,false
AN-203028,AN-203,1703203,1703203022,204072773,Chorbog‘,Чорбоғ,Чорбог,Chorboǵ,false
AN-203029,AN-203,1703203,1703203021,203711760,Sultonobod,Султонобод,Султонобод,Sultonobod,false
AN-203030,AN-203,1703203,1703203012,203345132,Mart,Март,Март,Mart,false
AN-203031,AN-203,1703203,1703203013,203345156,Navro‘z,Наврўз,Навроз,Navróz,false
AN-203032,AN-203,1703203,1703203014,203345149,Oqrovvot,Оқроввот,Окроввот,Oqrovvot,false
AN-203033,AN-203,1703203,1703203015,203345124,Mustaqillik,Мустақиллик,Мустакиллик,Mustaqillik,false
AN-203034,AN-203,1703203,1703203016,204078851,Beshpaxlavon,Бешпахлавон,Бешпахлавон,Beshpaxlavon,false
AN-203035,AN-203,1703203,0,,Maorif,Маориф,Маориф,Maorif,true
AN-203036,AN-203,1703203,1703203059,204100753,Namuna,Намуна,Намуна,Namuna,false
AN-203037,AN-203,1703203,0,,Dexqon,Дехқон,Дехқон,Dexqon,true
AN-203038,AN-203,1703203,1703203048,203683837,Orol,Орол,Орол,Orol,false
AN-203039,AN-203,1703203,1703203047,203683852,Roxat,Рохат,Рохат,Roxat,false
AN-203040,AN-203,1703203,1703203049,203683844,Saydilobod,Сайдилобод,Сайдилобод,Saydilobod,false
AN-203041,AN-203,1703203,1703203024,203683060,Qurama,Қурама,Курама,Qurama,false
AN-203042,AN-203,1703203,1703203025,203683077,Zangibobo,Зангибобо,Зангибобо,Zangibobo,false
AN-203043,AN-203,1703203,1703203026,203683084,Yangi yo‘l,Янги йўл,Янги йул,Yangi yól,false
AN-203044,AN-203,1703203,1703203027,203683092,Intilish,Интилиш,Интилиш,Intilish,false
AN-203045,AN-203,1703203,1703203028,203683100,Og‘ullik,Оғуллик,Огуллик,Oǵullik,false
AN-203046,AN-203,1703203,1703203029,203683117,Qum ko‘cha,Қум кўча,Кум куча,Qum kócha,false
AN-203047,AN-203,1703203,1703203030,203683124,Gumbaz,Гумбаз,Гумбаз,Gumbaz,false
AN-203048,AN-203,1703203,1703203031,203683132,Chem,Чем,Чем,Chem,false
AN-203049,AN-203,1703203,1703203032,203683149,Qoratut,Қоратут,Коратут,Qoratut,false
AN-203050,AN-203,1703203,1703203033,203683156,Darxon,Дархон,Дархон,Darxon,false
AN-203051,AN-203,1703203,0,,Pistamozor,Пистамозор,Пистамозор,Pistamozor,true
AN-203052,AN-203,1703203,1703203035,203683171,Nurafshon,Нурафшон,Нурафшон,Nurafshon,false
AN-203053,AN-203,1703203,1703203036,203681737,Do‘stlik,Дўстлик,Достлик,Dóstlik,false
AN-203054,AN-203,1703203,1703203037,203682989,Toshloq,Тошлоқ,Тошлок,Toshloq,false
AN-203055,AN-203,1703203,1703203038,203681752,Terak tagi,Терак таги,Тeрак-таги,Terak tagi,false
AN-203056,AN-203,1703203,1703203039,203681744,Qo‘shchinor,Қўшчинор,Кошчинор,Qóshchinor,false
AN-203057,AN-203,1703203,0,,Janatmakon,Жанатмакон,Жанатмакон,Janatmakon,true
AN-203058,AN-203,1703203,1703203041,203682996,Mingo‘rik,Мингўрик,Мингорик,Mingórik,false
AN-203059,AN-203,1703203,1703203042,203681776,Rovvot,Роввот,Роввот,Rovvot,false
AN-203060,AN-203,1703203,1703203070,203213834,O‘rikzor,Ўрикзор,Урикзор,Órikzor,false
AN-203061,AN-203,1703203,1703203071,203213881,Islomobod,Исломобод,Исломобод,Islomobod,false
AN-203062,AN-203,1703203,1703203072,203213803,Yangi to‘lqin,Янги тўлқин,Янги тулкин,Yangi tólqin,false
AN-203063,AN-203,1703203,1703203073,203213810,Jevachi,Жевачи,Жевачи,Jevachi,false
AN-203064,AN-203,1703203,1703203074,203213827,Guzar,Гузар,Гузар,Guzar,false
AN-203065,AN-203,1703203,1703203075,203213859,Buyuk turon,Буюк турон,Буюк Турон,Buyuk turon,false
AN-203066,AN-203,1703203,1703203076,203213874,Zavroq,Завроқ,Заврок,Zavroq,false
AN-203067,AN-203,1703203,0,,Tadbirkor,Тадбиркор,Тадбиркор,Tadbirkor,true
AN-203068,AN-203,1703203,0,,Joxonobod,Жохонобод,Жохонобод,Joxonobod,true
AN-203069,AN-203,1703203,1703203061,203681713,Kengash,Кенгаш,Кенгаш,Kengash,false
AN-203070,AN-203,1703203,1703203062,203681705,Saddatagi,Саддатаги,Саддатаги,Saddatagi,false
AN-203071,AN-203,1703203,1703203063,203681720,Guliston,Гулистон,Гулистон,Guliston,false
AN-203072,AN-203,1703203,1703203064,203681673,Haqiqat,Ҳақиқат,Хакикат,Haqiqat,false
AN-203073,AN-203,1703203,1703203065,203681680,Otchopar,Отчопар,Отчопар,Otchopar,false
AN-203074,AN-203,1703203,1703203066,203681641,Do‘ng qishloq,Дўнг қишлоқ,Донгкишлок,Dóng qishloq,false
AN-203075,AN-203,1703203,1703203067,203681665,Kattaguzar,Каттагузар,Каттагузар,Kattaguzar,false
AN-203076,AN-203,1703203,1703203068,203681658,Sharq yulduzi,Шарқ юлдузи,Шарк юлдузи,Sharq yulduzi,false
AN-203077,AN-203,1703203,1703203069,203681697,Chilon,Чилон,Чилон,Chilon,false
AN-17010003,AN-203,1703203,1703203034,203683164,Bahor,Баҳор,Бахор,Bahor,false
AN-17010028,AN-203,1703203,1703203007,203470231,Istiqlol,Истиқлол,Истиклол,Istiqlol,false
AN-17010079,AN-203,1703203,1703203079,310115301,O‘rikzor-2,Ўрикзор-2,Урикзор-2,Órikzor-2,false
AN-17010017,AN-203,1703203,1703203060,203345164,Dehqon,Дeҳқон,Дeхкон,Dehqon,false
AN-17010002,AN-203,1703203,1703203017,203310936,Ittifoq,Иттифоқ,Иттифок,Ittifoq,false
AN-17010078,AN-203,1703203,1703203023,207336544,Obi-xayot,Оби-хаёт,Оби-хаёт,Obi-xayot,false
AN-17010021,AN-203,1703203,1703203040,203681769,Jannatmonand,Жаннатмонанд,Жаннатмонанд,Jannatmonand,false
AN-17010018,AN-203,1703203,1703203011,204371719,Duldur,Дулдур,Дулдур,Duldur,false
AN-17010022,AN-203,1703203,1703203078,203213866,Jaxonobod,Жахонобод,Жахонобод,Jaxonobod,false
AN-17010031,AN-203,1703203,1703203057,203683014,Qoraqalpoq,Қорақалпоқ,Коракалпок,Qoraqalpoq,false
AN-17010005,AN-203,1703203,1703203056,204772345,Bekobod,Бекобод,Бекобод,Bekobod,false
AN-312579214,AN-203,1703203,0,,Yangi andijon,Янги андижон,Янги андижон,Yangi andijon,true
AN-206001,AN-206,1703206,1703206001,202286380,Adolat,Адолат,Адолат,Adolat,false
AN-206002,AN-206,1703206,1703206002,202286420,A‘lam,Аълам,Аълам,A‘lam,false
AN-206003,AN-206,1703206,1703206003,202286365,Guzar,Гузар,Гузар,Guzar,false
AN-206004,AN-206,1703206,1703206004,202286341,Gulshan,Гулшан,Гулшан,Gulshan,false
AN-206005,AN-206,1703206,1703206005,202286413,Daryo bo‘yi,Дарё бўйи,Дарё буйи,Daryo bóyi,false
AN-206006,AN-206,1703206,1703206006,202286334,Dog‘iston,Доғистон,Догистон,Doǵiston,false
AN-206007,AN-206,1703206,1703206007,202286326,Ilg‘or,Илғор,Илгор,Ilǵor,false
AN-206008,AN-206,1703206,1703206008,202286373,Qahramon,Қаҳрамон,Кахрамон,Qahramon,false
AN-206009,AN-206,1703206,1703206009,202286397,Qo‘rg‘oncha,Қўрғонча,Коргонча,Qórǵoncha,false
AN-206010,AN-206,1703206,1703206010,202286294,Mallachek,Маллачек,Маллачек,Mallachek,false
AN-206011,AN-206,1703206,1703206011,202286262,Navnihol,Навниҳол,Навнихол,Navnihol,false
AN-206012,AN-206,1703206,0,,Nasriddinabod,Насриддинабод,Насриддинабод,Nasriddinabod,true
AN-206013,AN-206,1703206,1703206013,202286247,Oqtepa,Оқтепа,Октепа,Oqtepa,false
AN-206014,AN-206,1703206,1703206014,202286254,Siza,Сиза,Сиза,Siza,false
AN-206015,AN-206,1703206,0,,Sirmoq,Сирмоқ,Сирмоқ,Sirmoq,true
AN-206016,AN-206,1703206,1703206016,202286230,Tovuldi,Товулди,Товулди,Tovuldi,false
AN-206017,AN-206,1703206,1703206017,202286223,Tulkiobod,Тулкиобод,Тулкиобод,Tulkiobod,false
AN-206018,AN-206,1703206,1703206018,204032671,O‘lmas,Ўлмас,Олмас,Ólmas,false
AN-206019,AN-206,1703206,1703206019,202286405,Fayziobod,Файзиобод,Файзиобод,Fayziobod,false
AN-206020,AN-206,1703206,1703206020,202286358,Yuzchinor,Юзчинор,Юзчинор,Yuzchinor,false
AN-206021,AN-206,1703206,1703206021,204032688,Yangixayot,Янгихаёт,Янги хаёт,Yangixayot,false
AN-206022,AN-206,1703206,0,,Do‘ngsaroy,Дўнгсарой,Дўнгсарой,Dóngsaroy,true
AN-206023,AN-206,1703206,1703206023,202286144,Do‘stlik,Дўстлик,Достлик,Dóstlik,false
AN-206024,AN-206,1703206,1703206024,202286183,Zulfiqor,Зулфиқор,Зулфикор,Zulfiqor,false
AN-206025,AN-206,1703206,0,,Istiklol,Истиклол,Истиклол,Istiklol,true
AN-206026,AN-206,1703206,0,,Muqanna,Муқанна,Муқанна,Muqanna,true
AN-206027,AN-206,1703206,0,,Mumtoz,Мумтоз,Мумтоз,Mumtoz,true
AN-206028,AN-206,1703206,1703206033,202286168,Polvonko‘l,Полвонкўл,Полвонкул,Polvonkól,false
AN-206029,AN-206,1703206,1703206029,202286136,Saxovat,Саховат,Саховат,Saxovat,false
AN-206030,AN-206,1703206,1703206030,204047597,Xalfachek,Халфачек,Халфачек,Xalfachek,false
AN-206031,AN-206,1703206,0,,Charag‘on,Чарағон,Чарағон,Charaǵon,true
AN-206032,AN-206,1703206,1703206028,202286129,Eshonchek,Ешончек,Эшончек,Eshonchek,false
AN-206033,AN-206,1703206,1703206032,202286175,Yurtobod,Юртобод,Юртобод,Yurtobod,false
AN-206034,AN-206,1703206,0,,Avesto,Авесто,Авесто,Avesto,true
AN-206035,AN-206,1703206,0,,Alchazor,Алчазор,Алчазор,Alchazor,true
AN-206036,AN-206,1703206,1703206036,207110295,Aralxon,Аралхон,Аралхон,Aralxon,false
AN-206037,AN-206,1703206,1703206037,202286444,Afsona,Афсона,Афсона,Afsona,false
AN-206038,AN-206,1703206,0,,Go‘rovon,Гўровон,Гўровон,Górovon,true
AN-206039,AN-206,1703206,1703206039,202286452,Jartepa,Жартепа,Жартепа,Jartepa,false
AN-206040,AN-206,1703206,1703206040,202286040,Kattabuloq,Каттабулоқ,Каттабулок,Kattabuloq,false
AN-206041,AN-206,1703206,1703206041,205350434,Ko‘l,Кўл,Кол,Kól,false
AN-206042,AN-206,1703206,1703206042,202286057,Markaz,Марказ,Марказ,Markaz,false
AN-206043,AN-206,1703206,1703206043,304974296,Matonat,Матонат,Матонат,Matonat,false
AN-206044,AN-206,1703206,1703206044,202286072,Oqqo‘rg‘on,Оққўрғон,Оккоргон,Oqqórǵon,false
AN-206045,AN-206,1703206,1703206045,202285991,Serquyosh,Серқуёш,Серкуёш,Serquyosh,false
AN-206046,AN-206,1703206,1703206046,202286001,O‘rtaqo‘rg‘on,Ўртақўрғон,Ортакоргон,Órtaqórǵon,false
AN-206047,AN-206,1703206,1703206047,202286033,Eski markaz,Ески марказ,Эски марказ,Eski markaz,false
AN-206048,AN-206,1703206,1703206048,202286025,Yakkatol,Яккатол,Яккатол,Yakkatol,false
AN-206049,AN-206,1703206,1703206049,202286104,Barkamol,Баркамол,Баркамол,Barkamol,false
AN-206050,AN-206,1703206,1703206050,202286476,Botir nomli,Ботир номли,Ботир,Botir nomli,false
AN-206051,AN-206,1703206,1703206051,202286096,Jasorat,Жасорат,Жасорат,Jasorat,false
AN-206052,AN-206,1703206,1703206052,202286516,Zaxkash,Захкаш,Захкаш,Zaxkash,false
AN-206053,AN-206,1703206,0,,Iftixor (eski nomi chinobod),Ифтихор (ески номи чинобод),Ифтихор (ески номи чинобод),Iftixor (eski nomi chinobod),true
AN-206054,AN-206,1703206,1703206054,204074525,Ko‘l bo‘yi,Кўл бўйи,Кул буйи,Kól bóyi,false
AN-206055,AN-206,1703206,1703206055,202286548,Qiyali,Қияли,Кияли,Qiyali,false
AN-206056,AN-206,1703206,1703206056,202286563,Qumtepa,Қумтепа,Кумтепа,Qumtepa,false
AN-206057,AN-206,1703206,1703206057,202286509,Nurafshon,Нурафшон,Нурафшон,Nurafshon,false
AN-206058,AN-206,1703206,1703206058,202286469,Omonariq,Омонариқ,Омонарик,Omonariq,false
AN-206059,AN-206,1703206,1703206059,202286531,Sarnavul,Сарнавул,Сарнавул,Sarnavul,false
AN-206060,AN-206,1703206,1703206060,202286112,Sortepa,Сортепа,Сортепа,Sortepa,false
AN-206061,AN-206,1703206,1703206061,202286555,To‘da,Тўда,Тода,Tóda,false
AN-206062,AN-206,1703206,1703206062,202286484,Tumor,Тумор,Тумор,Tumor,false
AN-206063,AN-206,1703206,1703206063,202286089,Turkiston,Туркистон,Туркистон,Turkiston,false
AN-206064,AN-206,1703206,1703206064,206985839,Farovon,Фаровон,Фаровон,Farovon,false
AN-206065,AN-206,1703206,1703206065,202286524,Sho‘r,Шўр,Шор,Shór,false
AN-206066,AN-206,1703206,1703206066,305127485,Sherobod,Шеробод,Шеробод,Sherobod,false
AN-17030001,AN-206,1703206,1703206034,202286064,Islomobod,Исломобод,Исломобод,Islomobod,false
AN-17030021,AN-206,1703206,1703206025,207226474,Olimbek,Олимбек,Олимбек,Olimbek,false
AN-17030022,AN-206,1703206,1703206053,202286491,Chinobod,Чинобод,Чинобод,Chinobod,false
AN-17030014,AN-206,1703206,1703206022,202286151,Mustaqillik,Мустақиллик,Мустакиллик,Mustaqillik,false
AN-17030034,AN-206,1703206,1703206027,202286190,O‘rmonbek,Ўрмонбек,Ормонбек,Órmonbek,false
AN-17030011,AN-206,1703206,1703206038,202286018,Go‘ravon,Гўравон,Гуравон,Góravon,false
AN-17030058,AN-206,1703206,1703206031,202286215,Charog‘on,Чароғон,Чарогон,Charoǵon,false
AN-17030046,AN-206,1703206,1703206015,202286319,Obod turmush,Обод турмуш,Обод турмуш,Obod turmush,false
AN-17030036,AN-206,1703206,1703206012,202286302,Nasriddinobod,Насриддинобод,Насриддинобод,Nasriddinobod,false
AN-17030003,AN-206,1703206,1703206035,202286437,Olchazor,Олчазор,Олчазор,Olchazor,false
AN-17030033,AN-206,1703206,1703206026,202286208,Ziyokor,Зиёкор,Зиёкор,Ziyokor,false
AN-209001,AN-209,1703209,1703209019,206853535,Bog‘i eram,Боғи ерам,Боги ерам,Boǵi eram,false
AN-209002,AN-209,1703209,1703209014,202296432,Bo‘ston,Бўстон,Бостон,Bóston,false
AN-209003,AN-209,1703209,1703209020,202296417,Guzar,Гузар,Гузар,Guzar,false
AN-209004,AN-209,1703209,1703209011,206855825,Guliston,Гулистон,Гулистон,Guliston,false
AN-209005,AN-209,1703209,1703209018,202340156,Gulshan,Гулшан,Гулшан,Gulshan,false
AN-209006,AN-209,1703209,1703209002,202296360,G‘olib,Ғолиб,Голиб,Ǵolib,false
AN-209007,AN-209,1703209,1703209007,202540549,Dexqonobod,Дехқонобод,Дехконобод,Dexqonobod,false
AN-209008,AN-209,1703209,1703209025,206855041,Do‘stlik,Дўстлик,Дустлик,Dóstlik,false
AN-209009,AN-209,1703209,1703209006,202296377,Ko‘xinur,Кўхинур,Кохинур,Kóxinur,false
AN-209010,AN-209,1703209,1703209021,202934358,Madaniyat,Маданият,Маданият,Madaniyat,false
AN-209011,AN-209,1703209,1703209022,202296449,Maorif,Маориф,Маориф,Maorif,false
AN-209012,AN-209,1703209,1703209009,206855065,Mexnatobod,Мехнатобод,Мехнатобод,Mexnatobod,false
AN-209013,AN-209,1703209,0,,Mustaqillik 15 yilligi,Мустақиллик 15 йиллиги,Мустақиллик 15 йиллиги,Mustaqillik 15 yilligi,true
AN-209014,AN-209,1703209,1703209017,206855334,Navro‘z,Наврўз,Навроз,Navróz,false
AN-209015,AN-209,1703209,1703209008,201979555,Nurafshon,Нурафшон,Нурафшон,Nurafshon,false
AN-209016,AN-209,1703209,1703209013,202296424,Pillakor,Пиллакор,Пиллакор,Pillakor,false
AN-209017,AN-209,1703209,1703209024,202340149,Sarbon,Сарбон,Сарбон,Sarbon,false
AN-209018,AN-209,1703209,1703209016,202319924,Sariq jo‘ga,Сариқ жўга,Сарик жожа,Sariq jóga,false
AN-209019,AN-209,1703209,0,,Tafakkur,Тафаккур,Тафаккур,Tafakkur,true
AN-209020,AN-209,1703209,1703209010,202559174,Xalqobod,Халқобод,Халкобод,Xalqobod,false
AN-209021,AN-209,1703209,0,,Chashma,Чашма,Чашма,Chashma,true
AN-209022,AN-209,1703209,1703209023,206855058,Yakka tol,Якка тол,Якка тол,Yakka tol,false
AN-209023,AN-209,1703209,0,,Yangi qishloq,Янги қишлоқ,Янги қишлоқ,Yangi qishloq,true
AN-209024,AN-209,1703209,1703209005,202296392,Yangi obod,Янги обод,Янгиобод,Yangi obod,false
AN-209025,AN-209,1703209,0,,Chorvador,Чорвадор,Чорвадор,Chorvador,true
AN-17050013,AN-209,1703209,1703209003,206855342,Mustaqilik 15 yilligi,Мустақилик 15 йиллиги,Мустакилик 15 йиллиги,Mustaqilik 15 yilligi,false
AN-17050022,AN-209,1703209,1703209001,202837042,Obod,Обод,Обод,Obod,false
AN-17050024,AN-209,1703209,1703209004,202296384,Yangi qishoq,Янги қишоқ,Янги кишок,Yangi qishoq,false
AN-17050021,AN-209,1703209,1703209012,202837034,Xovos,Ховос,Ховос,Xovos,false
AN-17050019,AN-209,1703209,1703209015,203298516,Davlatobod,Давлатобод,Давлатобод,Davlatobod,false
AN-210001,AN-210,1703210,1703210008,202934365,Buyuk turon,Буюк турон,Буюк Турон,Buyuk turon,false
AN-210002,AN-210,1703210,1703210003,202828092,Guliston,Гулистон,Гулистон,Guliston,false
AN-210003,AN-210,1703210,1703210005,202828124,Kumguzar,Кумгузар,Кумгузар,Kumguzar,false
AN-210004,AN-210,1703210,1703210004,202828132,Mirzakalon ismoiliy nomli,Мирзакалон исмоилий номли,Мирзакалон Исмоилий,Mirzakalon ismoiliy nomli,false
AN-210005,AN-210,1703210,1703210001,203087114,Toshkechik,Тошкечик,Тошкечик,Toshkechik,false
AN-210006,AN-210,1703210,1703210006,202995496,Farovon,Фаровон,Фаровон,Farovon,false
AN-210007,AN-210,1703210,1703210002,202861505,Xontepa,Хонтепа,Хонтепа,Xontepa,false
AN-210008,AN-210,1703210,1703210007,202828149,Chakar,Чакар,Чакар,Chakar,false
AN-210009,AN-210,1703210,1703210009,203077918,Yuksalish,Юксалиш,Юксалиш,Yuksalish,false
AN-210010,AN-210,1703210,1703210016,203087098,Baynalminal,Байналминал,Байналминал,Baynalminal,false
AN-210011,AN-210,1703210,1703210010,202828282,Boymaxalla,Боймахалла,Боймахалла,Boymaxalla,false
AN-210012,AN-210,1703210,0,,Dulana,Дулана,Дулана,Dulana,true
AN-210013,AN-210,1703210,1703210012,202828228,Kumarik,Кумарик,Кумарик,Kumarik,false
AN-210014,AN-210,1703210,0,,Nurzamin,Нурзамин,Нурзамин,Nurzamin,true
AN-210015,AN-210,1703210,0,,Uchkucha,Учкуча,Учкуча,Uchkucha,true
AN-210016,AN-210,1703210,0,,Shark yulduz,Шарк юлдуз,Шарк юлдуз,Shark yulduz,true
AN-210017,AN-210,1703210,1703210013,202828188,Shoxguzar,Шохгузар,Шохгузар,Shoxguzar,false
AN-210018,AN-210,1703210,0,,Zarg‘aldok,Зарғалдок,Зарғалдок,Zarǵaldok,true
AN-210019,AN-210,1703210,1703210022,203006309,Kakir,Какир,Какир,Kakir,false
AN-210020,AN-210,1703210,1703210019,202828235,Kashkar,Кашкар,Кашкар,Kashkar,false
AN-210021,AN-210,1703210,1703210021,202934373,Navoiy nomli,Навоий номли,Навоий,Navoiy nomli,false
AN-210022,AN-210,1703210,0,,Sarbontepa,Сарбонтепа,Сарбонтепа,Sarbontepa,true
AN-210023,AN-210,1703210,1703210018,202828250,Soxibkor,Сохибкор,Сохибкор,Soxibkor,false
AN-210024,AN-210,1703210,1703210026,202828322,Tinchlik,Тинчлик,Тинчлик,Tinchlik,false
AN-210025,AN-210,1703210,1703210024,202828339,Uchtepa,Учтепа,Учтепа,Uchtepa,false
AN-210026,AN-210,1703210,1703210023,203006291,Shirmonbulok,Ширмонбулок,Ширмонбулок,Shirmonbulok,false
AN-210027,AN-210,1703210,1703210037,202828354,Balandchek,Баландчек,Баландчек,Balandchek,false
AN-210028,AN-210,1703210,1703210027,202828084,Barlos,Барлос,Барлос,Barlos,false
AN-210029,AN-210,1703210,1703210029,202823076,Bozorboshi,Бозорбоши,Бозорбоши,Bozorboshi,false
AN-210030,AN-210,1703210,1703210033,202823052,Yorboshi,Ёрбоши,Ёрбоши,Yorboshi,false
AN-210031,AN-210,1703210,1703210036,202828361,Istiqlol,Истиқлол,Истиклол,Istiqlol,false
AN-210032,AN-210,1703210,1703210031,202823069,Ko‘prikboshi,Кўприкбоши,Коприкбоши,Kóprikboshi,false
AN-210033,AN-210,1703210,1703210034,202861465,Neftchilar,Нефтчилар,Нефтчилар,Neftchilar,false
AN-210034,AN-210,1703210,1703210032,202823044,Raish,Раиш,Раиш,Raish,false
AN-210035,AN-210,1703210,1703210030,202823091,Rivoj,Ривож,Ривож,Rivoj,false
AN-210036,AN-210,1703210,1703210035,202828385,Sanoat,Саноат,Саноат,Sanoat,false
AN-210037,AN-210,1703210,1703210028,202823084,Soybo‘yi,Сойбўйи,Сойбойи,Soybóyi,false
AN-17040010,AN-210,1703210,1703210025,202828314,Zarg‘aldoq,Зарғалдоқ,Заргалдок,Zarǵaldoq,false
AN-17040020,AN-210,1703210,1703210015,203081502,Nayman,Найман,Найман,Nayman,false
AN-17040029,AN-210,1703210,1703210014,203094754,Uchko‘cha,Учкўча,Учкоча,Uchkócha,false
AN-17040034,AN-210,1703210,1703210017,203087106,Sharq yulduzi,Шарқ юлдузи,Шарк юлдузи,Sharq yulduzi,false
AN-17040008,AN-210,1703210,1703210011,203081486,Do‘lana,Дўлана,Долана,Dólana,false
AN-17040024,AN-210,1703210,1703210020,202828243,Sarvontepa,Сарвонтeпа,Сарвонтeпа,Sarvontepa,false
AN-211001,AN-211,1703211,1703211001,204782024,Aqcha,Ақча,Акча,Aqcha,false
AN-211002,AN-211,1703211,1703211002,203828986,Boycheki,Бойчеки,Бойчеки,Boycheki,false
AN-211003,AN-211,1703211,0,,Guliston,Гулистон,Гулистон,Guliston,true
AN-211004,AN-211,1703211,1703211061,203828979,Yangichek,Янгичек,Янгичек,Yangichek,false
AN-211005,AN-211,1703211,1703211037,203845104,Bozorboshi,Бозорбоши,Бозорбоши,Bozorboshi,false
AN-211006,AN-211,1703211,1703211013,203843637,Namuna,Намуна,Намуна,Namuna,false
AN-211007,AN-211,1703211,1703211048,203660747,Toshloq,Тошлоқ,Тошлок,Toshloq,false
AN-211008,AN-211,1703211,1703211059,203843644,Tuyalas,Туялас,Туялас,Tuyalas,false
AN-211009,AN-211,1703211,0,,O‘roqchi-tepa,Ўроқчи-тепа,Ўроқчи-тепа,Óroqchi-tepa,true
AN-211010,AN-211,1703211,1703211047,203843620,So‘fiqishloq,Сўфиқишлоқ,Софикишлок,Sófiqishloq,false
AN-211011,AN-211,1703211,0,,Navoiy nomli,Навоий номли,Навоий номли,Navoiy nomli,true
AN-211012,AN-211,1703211,1703211006,204030872,Jalaquduq,Жалақудуқ,Жалакудук,Jalaquduq,false
AN-211013,AN-211,1703211,1703211016,203649308,Xamzaobod,Хамзаобод,Хамзаобод,Xamzaobod,false
AN-211014,AN-211,1703211,1703211034,203685683,Guliston,Гулистон,Гулистон,Guliston,false
AN-211015,AN-211,1703211,1703211024,203831779,Kesak,Кесак,Кесак,Kesak,false
AN-211016,AN-211,1703211,0,,A.Raxmonov nomli,А.рахмонов номли,А.рахмонов номли,A.Raxmonov nomli,true
AN-211017,AN-211,1703211,0,,Ittifoq,Иттифоқ,Иттифоқ,Ittifoq,true
AN-211018,AN-211,1703211,0,,Navoiy nomli,Навоий номли,Навоий номли,Navoiy nomli,true
AN-211019,AN-211,1703211,0,,Qorayontoq,Қораёнтоқ,Қораёнтоқ,Qorayontoq,true
AN-211020,AN-211,1703211,1703211058,203646984,Oxunboboev nomli,Охунбобоев номли,Охунбобоев,Oxunboboev nomli,false
AN-211021,AN-211,1703211,1703211028,203643237,Qo‘shterak,Қўштерак,Коштерак,Qóshterak,false
AN-211022,AN-211,1703211,1703211054,203828994,Do‘stlik,Дўстлик,Достлик,Dóstlik,false
AN-211023,AN-211,1703211,1703211017,204028098,Yangisor,Янгисор,Янгисор,Yangisor,false
AN-211024,AN-211,1703211,1703211019,203643220,Beshtol,Бештол,Бештол,Beshtol,false
AN-211025,AN-211,1703211,1703211032,203660715,Sharxoncheki,Шархончеки,Шархончеки,Sharxoncheki,false
AN-211026,AN-211,1703211,1703211056,205310396,Ko‘tarma,Кўтарма,Котарма,Kótarma,false
AN-211027,AN-211,1703211,1703211003,204028081,Bo‘ston,Бўстон,Бостон,Bóston,false
AN-211028,AN-211,1703211,1703211010,204016105,Qorag‘ul,Қорағул,Корагул,Qoraǵul,false
AN-211029,AN-211,1703211,1703211023,203648672,Yorqishloq,Ёрқишлоқ,Ёркишлок,Yorqishloq,false
AN-211030,AN-211,1703211,1703211008,203831762,Kattapolvon,Каттаполвон,Каттаполвон,Kattapolvon,false
AN-211031,AN-211,1703211,1703211009,204750720,Qilichmozor,Қиличмозор,Киличмозор,Qilichmozor,false
AN-211032,AN-211,1703211,1703211015,203867685,O‘rgu,Ўргу,Ургу,Órgu,false
AN-211033,AN-211,1703211,1703211018,203661627,Beshkaram,Бешкарам,Бешкарам,Beshkaram,false
AN-211034,AN-211,1703211,0,,G‘ozichek,Ғозичек,Ғозичек,Ǵozichek,true
AN-211035,AN-211,1703211,1703211029,203646991,Toshxovuz,Тошховуз,Тошховуз,Toshxovuz,false
AN-211036,AN-211,1703211,1703211044,203849984,Qo‘rtqi,Қўртқи,Кортки,Qórtqi,false
AN-211037,AN-211,1703211,1703211045,204093938,Olmazor,Олмазор,Олмазор,Olmazor,false
AN-211038,AN-211,1703211,0,,Osuda xayot,Осуда хаёт,Осуда хаёт,Osuda xayot,true
AN-211039,AN-211,1703211,1703211053,203660708,Birlashgan,Бирлашган,Бирлашган,Birlashgan,false
AN-211040,AN-211,1703211,0,,Xamza nomli,Хамза номли,Хамза номли,Xamza nomli,true
AN-211041,AN-211,1703211,1703211043,204080409,Ko‘kalam,Кўкалам,Кокалам,Kókalam,false
AN-211042,AN-211,1703211,1703211014,203649315,To‘racheki,Тўрачеки,Торачеки,Tóracheki,false
AN-211043,AN-211,1703211,0,,Do‘ngqishloq,Дўнгқишлоқ,Дўнгқишлоқ,Dóngqishloq,true
AN-211044,AN-211,1703211,1703211007,203852207,Kapa,Капа,Капа,Kapa,false
AN-211045,AN-211,1703211,1703211020,203647001,G‘alaba,Ғалаба,Галаба,Ǵalaba,false
AN-211046,AN-211,1703211,1703211063,204080391,Ittifoq,Иттифоқ,Иттифок,Ittifoq,false
AN-211047,AN-211,1703211,1703211052,203646121,Abdullabiy nomli,Абдуллабий номли,Абдуллабий,Abdullabiy nomli,false
AN-211048,AN-211,1703211,1703211004,203850004,Dostonobod,Достонобод,Достонобод,Dostonobod,false
AN-211049,AN-211,1703211,1703211012,205310389,Madaniyat,Маданият,Маданият,Madaniyat,false
AN-211050,AN-211,1703211,0,,Xasanqovoq,Хасанқовоқ,Хасанқовоқ,Xasanqovoq,true
AN-211051,AN-211,1703211,1703211055,203829004,Ibrat,Ибрат,Ибрат,Ibrat,false
AN-211052,AN-211,1703211,1703211057,203646138,Qalambek,Қаламбек,Каламбек,Qalambek,false
AN-211053,AN-211,1703211,1703211025,203857208,Qadaqsin,Қадақсин,Кадаксин,Qadaqsin,false
AN-211054,AN-211,1703211,1703211040,203660730,Delvarzin,Делварзин,Делварзин,Delvarzin,false
AN-211055,AN-211,1703211,1703211026,204028074,Qashqar,Қашқар,Кашкар,Qashqar,false
AN-211056,AN-211,1703211,1703211027,203648689,Qutlug‘,Қутлуғ,Кутлуг,Qutluǵ,false
AN-211057,AN-211,1703211,0,,Buzrukxonto‘ra nomli,Бузрукхонтўра номли,Бузрукхонтўра номли,Buzrukxontóra nomli,true
AN-211058,AN-211,1703211,1703211049,204028066,O‘zbekiston,Ўзбекистон,Узбекистон,Ózbekiston,false
AN-211059,AN-211,1703211,1703211051,203650213,Haqiqat,Ҳақиқат,Хакикат,Haqiqat,false
AN-211060,AN-211,1703211,1703211033,203649290,Yangi ko‘rpa,Янги кўрпа,Янги курпа,Yangi kórpa,false
AN-211061,AN-211,1703211,1703211050,203828947,Uzun ko‘cha,Узун кўча,Узун куча,Uzun kócha,false
AN-211062,AN-211,1703211,1703211039,203650220,G‘ayrat,Ғайрат,Гайрат,Ǵayrat,false
AN-211063,AN-211,1703211,0,,Dehqonobod,Деҳқонобод,Деҳқонобод,Dehqonobod,true
AN-17060042,AN-211,1703211,1703211062,203852214,Neftchilar,Нефтчилар,Нефтчилар,Neftchilar,false
AN-17060019,AN-211,1703211,1703211005,204030864,Do‘nqishloq,Дўнқишлоқ,Дункишлок,Dónqishloq,false
AN-17060061,AN-211,1703211,1703211031,205310404,Xasanobod,Хасанобод,Хасанобод,Xasanobod,false
AN-17060017,AN-211,1703211,1703211041,204630427,Dexqonobod,Дeхқонобод,Дeхконобод,Dexqonobod,false
AN-17060014,AN-211,1703211,1703211022,203982077,Qo‘shtepa,Қўштепа,Куштепа,Qóshtepa,false
AN-17060034,AN-211,1703211,1703211011,203650237,Qorayantoq,Қораянтоқ,Кораянток,Qorayantoq,false
AN-17060059,AN-211,1703211,1703211030,203828954,Hamza,Хамза,Хамза,Hamza,false
AN-17060013,AN-211,1703211,1703211021,203660723,G‘ozicheki,Ғозичeки,Гозичeки,Ǵozicheki,false
AN-17060024,AN-211,1703211,1703211042,203660690,Yangi o‘zbekiston,Янги ўзбeкистон,Янги Узбeкистон,Yangi ózbekiston,false
AN-17060001,AN-211,1703211,1703211036,203870034,A.rahmonov,А.раҳмонов,А.Рахмонов,A.rahmonov,false
AN-17060009,AN-211,1703211,1703211038,204028059,Buzruxxonto‘ra,Бузрукхонтўра,Бузрукхонтора,Buzruxxontóra,false
AN-214001,AN-214,1703214,0,,Qashqarliq,Қашқарлиқ,Қашқарлиқ,Qashqarliq,true
AN-214002,AN-214,1703214,1703214039,202805217,Oybek,Ойбек,Ойбек,Oybek,false
AN-214003,AN-214,1703214,0,,A.Navoiy,А.навоий,А.навоий,A.Navoiy,true
AN-214004,AN-214,1703214,1703214061,202756380,Shodlik,Шодлик,Шодлик,Shodlik,false
AN-214005,AN-214,1703214,1703214055,202779756,Ittifoq,Иттифоқ,Иттифок,Ittifoq,false
AN-214006,AN-214,1703214,1703214007,202756144,Markaz,Марказ,Марказ,Markaz,false
AN-214007,AN-214,1703214,0,,Z.M.bobur nomli,З.м.бобур номли,З.м.бобур номли,Z.M.bobur nomli,true
AN-214008,AN-214,1703214,1703214002,202801056,Amir temur nomli,Амир темур номли,Амиртемур,Amir temur nomli,false
AN-214009,AN-214,1703214,1703214060,204804762,Shinam,Шинам,Шинам,Shinam,false
AN-214010,AN-214,1703214,1703214011,202779764,Navro‘zobod,Наврўзобод,Наврозобод,Navrózobod,false
AN-214011,AN-214,1703214,0,,Manguberdi nomli,Мангуберди номли,Мангуберди номли,Manguberdi nomli,true
AN-214012,AN-214,1703214,1703214019,202779724,Beshterak,Бештерак,Бештерак,Beshterak,false
AN-214013,AN-214,1703214,1703214028,202756326,Urganji,Урганжи,Урганжи,Urganji,false
AN-214014,AN-214,1703214,1703214023,202756151,Kuygan-yor,Куйган-ёр,Куйган-ёр,Kuygan-yor,false
AN-214015,AN-214,1703214,1703214020,202779843,Gurkirov nomli,Гуркиров номли,Гуркиров,Gurkirov nomli,false
AN-214016,AN-214,1703214,1703214027,202756168,Uzun-ko‘cha,Узун-кўча,Узункуча,Uzun-kócha,false
AN-214017,AN-214,1703214,1703214030,202756208,Qum-ko‘cha,Қум-кўча,Кумкоча,Qum-kócha,false
AN-214018,AN-214,1703214,1703214018,202779850,Beshmirza,Бешмирза,Бешмирза,Beshmirza,false
AN-214019,AN-214,1703214,1703214031,202756190,Yukori-chuvama,Юкори-чувама,Юкори Чувама,Yukori-chuvama,false
AN-214020,AN-214,1703214,1703214029,206955424,Cho‘rtanliq,Чўртанлиқ,Чортонлик,Chórtanliq,false
AN-214021,AN-214,1703214,1703214037,202779788,Istiqlol,Истиқлол,Истиклол,Istiqlol,false
AN-214022,AN-214,1703214,1703214035,202779732,Guzar,Гузар,Гузар,Guzar,false
AN-214023,AN-214,1703214,1703214043,202779700,To‘raobod,Тўраобод,Тораобод,Tóraobod,false
AN-214024,AN-214,1703214,1703214042,202756341,Toshloq,Тошлоқ,Тошлок,Toshloq,false
AN-214025,AN-214,1703214,1703214044,202801095,Elatan,Елатан,Елатан,Elatan,false
AN-214026,AN-214,1703214,1703214063,202779795,Yangiobod,Янгиобод,Янгиобод,Yangiobod,false
AN-214027,AN-214,1703214,1703214054,202756413,Zarbdor,Зарбдор,Зарбдор,Zarbdor,false
AN-214028,AN-214,1703214,1703214050,202756334,Daminboychek,Даминбойчек,Даминбойчек,Daminboychek,false
AN-214029,AN-214,1703214,1703214049,202756279,Guliston,Гулистон,Гулистон,Guliston,false
AN-214030,AN-214,1703214,1703214062,202756358,Yukori xosil,Юкори хосил,Юкори хосил,Yukori xosil,false
AN-214031,AN-214,1703214,1703214059,202756420,Solboshi,Солбоши,Солбоши,Solboshi,false
AN-214032,AN-214,1703214,0,,Ko‘gay,Кўгай,Кўгай,Kógay,true
AN-214033,AN-214,1703214,1703214025,204776711,O‘rtaqishloq,Ўртақишлоқ,Уртакишлок,Órtaqishloq,false
AN-214034,AN-214,1703214,1703214012,202756183,Taraqqiyot,Тараққиёт,Тараккиёт,Taraqqiyot,false
AN-214035,AN-214,1703214,1703214004,202779804,Do‘stlik,Дўстлик,Достлик,Dóstlik,false
AN-214036,AN-214,1703214,1703214024,202756373,Mirzo ulug‘bek,Мирзо улуғбек,Мирзо Улугбек,Mirzo uluǵbek,false
AN-214037,AN-214,1703214,1703214026,202756215,Toshkechik,Тошкечик,Тошкечик,Toshkechik,false
AN-214038,AN-214,1703214,1703214034,202779811,Botirobod,Ботиробод,Ботиробод,Botirobod,false
AN-214039,AN-214,1703214,0,,Boy mahalla,Бой маҳалла,Бой маҳалла,Boy mahalla,true
AN-214040,AN-214,1703214,1703214038,202805200,Iftixor,Ифтихор,Ифтихор,Iftixor,false
AN-214041,AN-214,1703214,1703214036,202779684,Gudur,Гудур,Гудур,Gudur,false
AN-214042,AN-214,1703214,1703214041,202779835,Tinchlik,Тинчлик,Тинчлик,Tinchlik,false
AN-214043,AN-214,1703214,1703214058,202809639,Oq-oltin,Оқ-олтин,Ок-олтин,Oq-oltin,false
AN-214044,AN-214,1703214,1703214052,202779867,Jonobod,Жонобод,Жонобод,Jonobod,false
AN-214045,AN-214,1703214,1703214003,202801064,Bo‘ston,Бўстон,Бостон,Bóston,false
AN-214046,AN-214,1703214,1703214008,202756262,Rovot,Ровот,Ровот,Rovot,false
AN-214047,AN-214,1703214,1703214009,202756405,Navjur,Навжур,Навжур,Navjur,false
AN-214048,AN-214,1703214,1703214045,202756247,Yangiavlod,Янгиавлод,Янги авлод,Yangiavlod,false
AN-214049,AN-214,1703214,0,,Johonobod,Жоҳонобод,Жоҳонобод,Johonobod,true
AN-214050,AN-214,1703214,1703214046,202756437,Barxayot,Бархаёт,Бархаёт,Barxayot,false
AN-214051,AN-214,1703214,1703214047,202756230,Daryobo‘yi,Дарёбўйи,Дарёбойи,Daryobóyi,false
AN-214052,AN-214,1703214,0,,Xaqqulobod,Хаққулобод,Хаққулобод,Xaqqulobod,true
AN-214053,AN-214,1703214,1703214010,202801071,Yuqori,Юқори,Юкори,Yuqori,false
AN-214054,AN-214,1703214,1703214021,202756223,Qorayontoq,Қораёнтоқ,Кораёнток,Qorayontoq,false
AN-214055,AN-214,1703214,1703214057,202779692,Obod,Обод,Обод,Obod,false
AN-214056,AN-214,1703214,1703214001,202779828,A.Jomiy nomli,А.жомий номли,А.Жоми,A.Jomiy nomli,false
AN-214057,AN-214,1703214,1703214017,202801088,Anorzor,Анорзор,Анорзор,Anorzor,false
AN-214058,AN-214,1703214,1703214040,202779771,To‘rtko‘l,Тўрткўл,Торткол,Tórtkól,false
AN-214059,AN-214,1703214,1703214013,202756254,Tuyachi,Туячи,Туячи,Tuyachi,false
AN-214060,AN-214,1703214,1703214056,202779874,Qo‘shko‘prik,Қўшкўприк,Кошкоприк,Qóshkóprik,false
AN-214061,AN-214,1703214,1703214048,202809622,Birlashgan,Бирлашган,Бирлашган,Birlashgan,false
AN-214062,AN-214,1703214,0,,Yangi buston obod,Янги бустон обод,Янги бустон обод,Yangi buston obod,true
AN-214063,AN-214,1703214,1703214015,202756365,Chekyor,Чекёр,Чекёр,Chekyor,false
AN-17070018,AN-214,1703214,1703214051,202779749,Jahonobod,Жаҳонобод,Жаxонобод,Jahonobod,false
AN-17070062,AN-214,1703214,1703214016,305566763,Yangi boston obod,Янги бостон обод,Янги бостон обод,Yangi boston obod,false
AN-17070030,AN-214,1703214,1703214022,202756286,Qo‘g‘ay,Қўғай,Кугай,Qóǵay,false
AN-17070021,AN-214,1703214,1703214053,202756397,Zaxiriddin muxammad bobur,Захириддин муҳаммад бобур,Захириддин Мухаммад Бобур,Zaxiriddin muxammad bobur,false
AN-17070032,AN-214,1703214,1703214005,202756319,Manguberdy,Мангуберди,Мангуберди,Manguberdy,false
AN-17070052,AN-214,1703214,1703214014,202779717,Haqqulobod,Ҳаққулобод,Хаккулобод,Haqqulobod,false
AN-17070026,AN-214,1703214,1703214006,202756302,Qashqarlik,Қашқарлик,Кашкарлик,Qashqarlik,false
AN-217001,AN-217,1703217,0,,Shahriobod,Шаҳриобод,Шаҳриобод,Shahriobod,true
AN-217002,AN-217,1703217,1703217002,204758321,Bobur,Бобур,Бобур,Bobur,false
AN-217003,AN-217,1703217,1703217003,206825102,Sariqsuv,Сариқсув,Сарик Сув,Sariqsuv,false
AN-217004,AN-217,1703217,1703217004,204232644,Yangiobod,Янгиобод,Янгиобод,Yangiobod,false
AN-217005,AN-217,1703217,1703217005,206824174,Bo‘ston,Бўстон,Бостон,Bóston,false
AN-217006,AN-217,1703217,1703217007,204232580,Mingbuloq,Мингбулоқ,Мингбулок,Mingbuloq,false
AN-217007,AN-217,1703217,1703217008,204232597,Terakzor,Теракзор,Теракзор,Terakzor,false
AN-217008,AN-217,1703217,0,,Farovon,Фаровон,Фаровон,Farovon,true
AN-217009,AN-217,1703217,1703217011,204232605,Cho‘lobod,Чўлобод,Чолобод,Chólobod,false
AN-217010,AN-217,1703217,1703217010,206823034,O‘zbekiston,Ўзбекистон,Узбекистан,Ózbekiston,false
AN-217011,AN-217,1703217,1703217009,206823041,Fayziobod,Файзиобод,Файзиобод,Fayziobod,false
AN-217012,AN-217,1703217,1703217012,207226388,Nurobod,Нуробод,Нуробод,Nurobod,false
AN-217013,AN-217,1703217,1703217014,207153044,Obod,Обод,Обод,Obod,false
AN-217014,AN-217,1703217,1703217016,207153052,Ulug‘bek nomli,Улуғбек номли,Улугбек,Uluǵbek nomli,false
AN-217015,AN-217,1703217,1703217018,204821687,Uchko‘prik,Учкўприк,Учкоприк,Uchkóprik,false
AN-217016,AN-217,1703217,1703217017,204232613,Mingchinor,Мингчинор,Мингчинор,Mingchinor,false
AN-217017,AN-217,1703217,1703217019,204232620,Oq tom,Оқ том,Ок том,Oq tom,false
AN-217018,AN-217,1703217,1703217021,204552136,Guliston,Гулистон,Гулистон,Guliston,false
AN-217019,AN-217,1703217,1703217020,204232637,To‘rttol,Тўрттол,Торттол,Tórttol,false
AN-217020,AN-217,1703217,1703217022,204232573,Avulmat,Авулмат,Авулмат,Avulmat,false
AN-217021,AN-217,1703217,1703217023,206200643,Fazogir,Фазогир,Фазогир,Fazogir,false
AN-17110022,AN-217,1703217,1703217006,308991510,Kelajak,Келажак,Келажак,Kelajak,false
AN-17110023,AN-217,1703217,1703217015,308991384,Na‘muna,Наъмуна,Наъмуна,Na‘muna,false
AN-17110020,AN-217,1703217,1703217001,204232565,Shaxriobod,Шахриобод,Шахриобод,Shaxriobod,false
AN-17110024,AN-217,1703217,1703217024,308991606,Yoshlik,Ёшлик,Ёшлик,Yoshlik,false
AN-220001,AN-220,1703220,1703220059,204340954,Yangi xayot,Янги хаёт,Янги хаёт,Yangi xayot,false
AN-220002,AN-220,1703220,1703220060,203736168,A.Jomiy,А.жомий,А.Жоми,A.Jomiy,false
AN-220003,AN-220,1703220,1703220061,200277195,Ibn sino,Ибн сино,Ибн Сино,Ibn sino,false
AN-220004,AN-220,1703220,1703220062,200277211,Yangi qo‘rg‘on,Янги қўрғон,Янги Кургон,Yangi qórǵon,false
AN-220005,AN-220,1703220,0,,Mustaqillik,Мустақиллик,Мустақиллик,Mustaqillik,true
AN-220006,AN-220,1703220,0,,Buyuk zamin (a.navoiy),Буюк замин (а.навоий),Буюк замин (а.навоий),Buyuk zamin (a.navoiy),true
AN-220007,AN-220,1703220,1703220065,200277132,Navro‘z,Наврўз,Навроз,Navróz,false
AN-220008,AN-220,1703220,1703220066,200277100,Ustoz (savoy),Устоз (савой),Устоз,Ustoz (savoy),false
AN-220009,AN-220,1703220,0,,Yuksalish,Юксалиш,Юксалиш,Yuksalish,true
AN-220010,AN-220,1703220,1703220068,200277124,Nurli yogdu (toshqo‘rg‘on),Нурли ёгду (тошқўрғон),Нурли ёгду,Nurli yogdu (toshqórǵon),false
AN-220011,AN-220,1703220,0,,Istiqlol (u.yusupov),Истиқлол (у.юсупов),Истиқлол (у.юсупов),Istiqlol (u.yusupov),true
AN-220012,AN-220,1703220,0,,Xon ko‘cha,Хон кўча,Хон кўча,Xon kócha,true
AN-220013,AN-220,1703220,1703220071,200277149,Shaxrixonsoy,Шахрихонсой,Шахрихонсой,Shaxrixonsoy,false
AN-220014,AN-220,1703220,0,,Guliston,Гулистон,Гулистон,Guliston,true
AN-220015,AN-220,1703220,1703220073,200277188,Oltin vodiy,Олтин водий,Олтин Води,Oltin vodiy,false
AN-220016,AN-220,1703220,0,,Obod turmush,Обод турмуш,Обод турмуш,Obod turmush,true
AN-220017,AN-220,1703220,1703220001,203700878,Uchqun,Учқун,Учкун,Uchqun,false
AN-220018,AN-220,1703220,1703220002,203700861,Ma‘murobod,Маъмуробод,Маъмуробод,Ma‘murobod,false
AN-220019,AN-220,1703220,1703220003,203700885,Qo‘tqar,Қўтқар,Коткар,Qótqar,false
AN-220020,AN-220,1703220,1703220036,203700893,Z m bobur,З м бобур,З.М.Бобур,Z m bobur,false
AN-220021,AN-220,1703220,0,,Bozorboshi,Бозорбоши,Бозорбоши,Bozorboshi,true
AN-220022,AN-220,1703220,0,,Dexqonobod,Дехқонобод,Дехқонобод,Dexqonobod,true
AN-220023,AN-220,1703220,1703220007,203700957,Xo‘jatepa,Хўжатепа,Хожатепа,Xójatepa,false
AN-220024,AN-220,1703220,1703220008,203700964,Qo‘shtepa,Қўштепа,Коштепа,Qóshtepa,false
AN-220025,AN-220,1703220,1703220009,203700972,Toshloq,Тошлоқ,Тошлок,Toshloq,false
AN-220026,AN-220,1703220,1703220010,203700918,Iftixor (t.sodiqov),Ифтихор (т.содиқов),Ифтихор,Iftixor (t.sodiqov),false
AN-220027,AN-220,1703220,0,,G‘ayrat,Ғайрат,Ғайрат,Ǵayrat,true
AN-220028,AN-220,1703220,1703220012,203700940,Ijtimoyat,Ижтимоят,Ижтимоят,Ijtimoyat,false
AN-220029,AN-220,1703220,1703220038,203819894,Eshonobod,Ешонобод,Ешонобод,Eshonobod,false
AN-220030,AN-220,1703220,1703220039,203819879,Navnixol (navoiy),Навнихол (навоий),Навнихол,Navnixol (navoiy),false
AN-220031,AN-220,1703220,1703220040,203819830,Turon zamin (chimyon),Турон замин (чимён),Турон замин,Turon zamin (chimyon),false
AN-220032,AN-220,1703220,1703220041,203819847,Norbo‘ta,Норбўта,Норбота,Norbóta,false
AN-220033,AN-220,1703220,0,,Beshkaltak,Бешкалтак,Бешкалтак,Beshkaltak,true
AN-220034,AN-220,1703220,1703220043,203819886,Namuna,Намуна,Намуна,Namuna,false
AN-220035,AN-220,1703220,0,,Sutkon,Суткон,Суткон,Sutkon,true
AN-220036,AN-220,1703220,1703220045,203819902,Oltinsoy,Олтинсой,Олтинсой,Oltinsoy,false
AN-220037,AN-220,1703220,1703220046,203819934,Dehqonchek,Деҳқончек,Дехкончек,Dehqonchek,false
AN-220038,AN-220,1703220,1703220047,203819926,To‘rachek (o.yo‘lboev),Тўрачек (о.йўлбоев),Торачек,Tórachek (o.yólboev),false
AN-220039,AN-220,1703220,0,,Do‘stlik,Дўстлик,Дўстлик,Dóstlik,true
AN-220040,AN-220,1703220,1703220049,203819919,Ozod,Озод,Озод,Ozod,false
AN-220041,AN-220,1703220,1703220050,203826783,Zarbuloq (dardoq),Зарбулоқ (дардоқ),Зарбулок,Zarbuloq (dardoq),false
AN-220042,AN-220,1703220,1703220051,203826751,Dardoqtepa,Дардоқтепа,Дардоктепа,Dardoqtepa,false
AN-220043,AN-220,1703220,0,,Yortiboshi,Ёртибоши,Ёртибоши,Yortiboshi,true
AN-220044,AN-220,1703220,1703220053,203826744,Qizilto‘qay,Қизилтўқай,Кизил тукай,Qiziltóqay,false
AN-220045,AN-220,1703220,1703220054,203826736,Qirlik,Қирлик,Кирлик,Qirlik,false
AN-220046,AN-220,1703220,1703220055,203826704,Navoiy,Навоий,Навоий,Navoiy,false
AN-220047,AN-220,1703220,1703220056,203826712,Nodira,Нодира,Нодира,Nodira,false
AN-220048,AN-220,1703220,1703220057,203826775,Naynavo (oxunboboev),Найнаво (охунбобоев),Найнаво,Naynavo (oxunboboev),false
AN-220049,AN-220,1703220,1703220058,203826768,Iqtisodchi (raxmonov),Иқтисодчи (рахмонов),Иктисодчи,Iqtisodchi (raxmonov),false
AN-220050,AN-220,1703220,1703220013,203700989,Navbaxor (mustaqillik),Навбахор (мустақиллик),Навбахор,Navbaxor (mustaqillik),false
AN-220051,AN-220,1703220,1703220014,203701053,Birlashgan,Бирлашган,Бирлашган,Birlashgan,false
AN-220052,AN-220,1703220,0,,Nafosat (g‘alaba),Нафосат (ғалаба),Нафосат (ғалаба),Nafosat (ǵalaba),true
AN-220053,AN-220,1703220,1703220016,203701038,Obodon,Ободон,Ободон,Obodon,false
AN-220054,AN-220,1703220,1703220017,203701006,Tadbirkor (r.bobaxanov),Тадбиркор (р.бобаханов),Тадбиркор,Tadbirkor (r.bobaxanov),false
AN-220055,AN-220,1703220,1703220031,203700996,Birlik (savoy),Бирлик (савой),Бирлик,Birlik (savoy),false
AN-220056,AN-220,1703220,1703220019,203701045,Chorvador,Чорвадор,Чорвадор,Chorvador,false
AN-220057,AN-220,1703220,0,,Yangi buston,Янги бустон,Янги бустон,Yangi buston,true
AN-220058,AN-220,1703220,1703220021,203819783,Ko‘nchilik,Кўнчилик,Кунчилик,Kónchilik,false
AN-220059,AN-220,1703220,1703220022,203819775,Xurobod (ittifoq),Хуробод (иттифоқ),Хуробод,Xurobod (ittifoq),false
AN-220060,AN-220,1703220,0,,Jannatbuloq (mirabdullaev),Жаннатбулоқ (мирабдуллаев),Жаннатбулоқ (мирабдуллаев),Jannatbuloq (mirabdullaev),true
AN-220061,AN-220,1703220,1703220024,203819823,Jannatmakon (nishonbekov),Жаннатмакон (нишонбеков),Жаннатмакон,Jannatmakon (nishonbekov),false
AN-220062,AN-220,1703220,0,,Buyuk turon (toshmatov),Буюк турон (тошматов),Буюк турон (тошматов),Buyuk turon (toshmatov),true
AN-220063,AN-220,1703220,0,,Soxibqiron (furqat),Сохибқирон (фурқат),Сохибқирон (фурқат),Soxibqiron (furqat),true
AN-220064,AN-220,1703220,1703220027,203819815,Yangiobod (xamza),Янгиобод (хамза),Янги обод,Yangiobod (xamza),false
AN-220065,AN-220,1703220,1703220028,200277171,Yuksalish,Юксалиш,Юксалиш,Yuksalish,false
AN-220066,AN-220,1703220,0,,M.Ulugbek,М.улугбек,М.улугбек,M.Ulugbek,true
AN-220067,AN-220,1703220,1703220030,202296116,Paxtachi,Пахтачи,Пахтачи,Paxtachi,false
AN-220068,AN-220,1703220,0,,Birlik,Бирлик,Бирлик,Birlik,true
AN-220069,AN-220,1703220,1703220063,203891000,Mustaqillik,Мустақиллик,Мустакиллик,Mustaqillik,false
AN-220070,AN-220,1703220,0,,A.Yassaviy,А.яссавий,А.яссавий,A.Yassaviy,true
AN-220071,AN-220,1703220,0,,A.Temur,А.темур,А.темур,A.Temur,true
AN-220072,AN-220,1703220,1703220035,206954274,Mustaqillikning 15 yilligi,Мустақилликнинг 15 йиллиги,Мустакилликнинг 15 йиллиги,Mustaqillikning 15 yilligi,false
AN-220073,AN-220,1703220,0,,Z m bobur,З м бобур,З м бобур,Z m bobur,true
AN-220074,AN-220,1703220,1703220037,202293262,Uch tegirmon,Уч тегирмон,Учтегирмон,Uch tegirmon,false
AN-17140073,AN-220,1703220,1703220018,202293294,Shoshtepa,Шоштепа,Шоштепа,Shoshtepa,false
AN-17140068,AN-220,1703220,1703220020,203701014,Yangibo‘ston,Янги бўстон,Янгибостон,Yangibóston,false
AN-17140012,AN-220,1703220,1703220006,203700933,Dehqonobod,Деҳқонобод,Дехконобод,Dehqonobod,false
AN-17140072,AN-220,1703220,1703220034,202319797,Amir temur,Амир темур,Амир Темир,Amir temur,false
AN-17140074,AN-220,1703220,1703220033,202293286,Ahmad yassaviy,Аҳмад яссавий,Ахмад Яссавий,Ahmad yassaviy,false
AN-17140015,AN-220,1703220,1703220052,203826729,Yortibosh,Ёртибош,Ёртибош,Yortibosh,false
AN-17140077,AN-220,1703220,1703220032,205553854,Qadryat,Қадрят,Кадрят,Qadryat,false
AN-17140076,AN-220,1703220,1703220029,202293279,Mirzo ulug‘bek,Мирзо улуғбек,Мирзо Улугбек,Mirzo uluǵbek,false
AN-17140067,AN-220,1703220,1703220067,205553861,Qorasuv,Қорасув,Корасув,Qorasuv,false
AN-17140075,AN-220,1703220,1703220004,202576542,Karvon yo‘li,Карвон йўли,Карвон йули,Karvon yóli,false
AN-17140051,AN-220,1703220,1703220026,203819808,Sohibqiron,Соҳибқирон,Сохибкирон,Sohibqiron,false
AN-224001,AN-224,1703224,0,,Birlik,Бирлик,Бирлик,Birlik,true
AN-224002,AN-224,1703224,1703224002,202718664,Do‘stlik,Дўстлик,Достлик,Dóstlik,false
AN-224003,AN-224,1703224,1703224003,202694475,Ulug‘bek nomli,Улуғбек номли,Улугбeк,Uluǵbek nomli,false
AN-224004,AN-224,1703224,1703224004,202718618,Bobur nomli,Бобур номли,Бобур,Bobur nomli,false
AN-224005,AN-224,1703224,1703224005,202718657,Istiqlol,Истиқлол,Истиклол,Istiqlol,false
AN-224006,AN-224,1703224,1703224006,202695656,Baynal minal,Байнал минал,Байналминал,Baynal minal,false
AN-224007,AN-224,1703224,0,,Xamdo‘stlik,Хамдўстлик,Хамдўстлик,Xamdóstlik,true
AN-224008,AN-224,1703224,1703224008,202718696,Birdamlik,Бирдамлик,Бирдамлик,Birdamlik,false
AN-224009,AN-224,1703224,1703224009,202694468,Beruniy nomli,Беруний номли,Беруний,Beruniy nomli,false
AN-224010,AN-224,1703224,0,,Ibn sino nomli,Ибн сино номли,Ибн сино номли,Ibn sino nomli,true
AN-224011,AN-224,1703224,0,,Muqumiy nomli,Муқумий номли,Муқумий номли,Muqumiy nomli,true
AN-224012,AN-224,1703224,1703224012,202701085,Kamolot,Камолот,Камолот,Kamolot,false
AN-224013,AN-224,1703224,1703224013,202718601,Uzbekiston,Узбекистон,Узбекистон,Uzbekiston,false
AN-224014,AN-224,1703224,1703224014,202692272,Amir temur nomli,Амир темур номли,Амир Tемур,Amir temur nomli,false
AN-224015,AN-224,1703224,1703224015,202718625,Nurafshon,Нурафшон,Нурафшон,Nurafshon,false
AN-224016,AN-224,1703224,1703224016,202718672,Qadriyat,Қадрият,Кадрият,Qadriyat,false
AN-224017,AN-224,1703224,1703224017,305087544,Yuksalish,Юксалиш,Юксалиш,Yuksalish,false
AN-224018,AN-224,1703224,1703224018,202692289,Shodlik,Шодлик,Шодлик,Shodlik,false
AN-224019,AN-224,1703224,1703224019,202718633,Baraka,Барака,Барака,Baraka,false
AN-224020,AN-224,1703224,1703224020,203003028,Devatagi,Деватаги,Деватаги,Devatagi,false
AN-224021,AN-224,1703224,1703224021,203003050,Qoraqiy,Қорақий,Коракий,Qoraqiy,false
AN-224022,AN-224,1703224,0,,Qovoq to‘pi,Қовоқ тўпи,Қовоқ тўпи,Qovoq tópi,true
AN-224023,AN-224,1703224,0,,Sho‘rqishlok,Шўрқишлок,Шўрқишлок,Shórqishlok,true
AN-224024,AN-224,1703224,1703224024,203003011,Zankan,Занкан,Занкан,Zankan,false
AN-224025,AN-224,1703224,1703224025,203003304,Labgardon,Лабгардон,Лабгардон,Labgardon,false
AN-224026,AN-224,1703224,1703224026,203003004,Qashqar,Қашқар,Кашкар,Qashqar,false
AN-224027,AN-224,1703224,0,,Fayzobod,Файзобод,Файзобод,Fayzobod,true
AN-224028,AN-224,1703224,1703224028,203002947,Yangisor,Янгисор,Янгисор,Yangisor,false
AN-224029,AN-224,1703224,1703224029,203003043,Olaqanot,Олақанот,Олаканот,Olaqanot,false
AN-224030,AN-224,1703224,1703224030,203003296,Tajriba,Тажриба,Тажриба,Tajriba,false
AN-224031,AN-224,1703224,1703224031,203003289,Dasturxonchi,Дастурхончи,Дастурхончи,Dasturxonchi,false
AN-224032,AN-224,1703224,1703224032,203003240,Uchtosh,Учтош,Учтош,Uchtosh,false
AN-224033,AN-224,1703224,1703224033,203003257,Qadim,Қадим,Кадим,Qadim,false
AN-224034,AN-224,1703224,1703224034,203003264,Qipchoq,Қипчоқ,Кипчок,Qipchoq,false
AN-224035,AN-224,1703224,1703224035,203002954,Ko‘rkam,Кўркам,Коркам,Kórkam,false
AN-224036,AN-224,1703224,1703224036,203002994,Obod,Обод,Обод,Obod,false
AN-224037,AN-224,1703224,1703224037,203003035,Axtachi,Ахтачи,Ахтачи,Axtachi,false
AN-224038,AN-224,1703224,1703224038,203002986,Otish,Отиш,Отиш,Otish,false
AN-224039,AN-224,1703224,1703224039,203003193,Bo‘zariq,Бўзариқ,Бозарик,Bózariq,false
AN-224040,AN-224,1703224,1703224040,203003154,Yuqori bo‘z,Юқори бўз,Юкори буз,Yuqori bóz,false
AN-224041,AN-224,1703224,1703224041,203003178,Kujgan,Кужган,Кужган,Kujgan,false
AN-224042,AN-224,1703224,1703224042,203003082,Qurama,Қурама,Курама,Qurama,false
AN-224043,AN-224,1703224,1703224043,203003107,Gumbaz,Гумбаз,Гумбаз,Gumbaz,false
AN-224044,AN-224,1703224,1703224044,203003423,Yangiobod,Янгиобод,Янгиобод,Yangiobod,false
AN-224045,AN-224,1703224,1703224045,203003454,Bahrin,Баҳрин,Бахрин,Bahrin,false
AN-224046,AN-224,1703224,1703224046,203003122,Cho‘ntak,Чўнтак,Чонтак,Chóntak,false
AN-224047,AN-224,1703224,1703224047,203003099,Turon,Турон,Турон,Turon,false
AN-224048,AN-224,1703224,1703224048,203003218,Marqayuz,Марқаюз,Маркаюз,Marqayuz,false
AN-224049,AN-224,1703224,1703224049,203003185,Ozod,Озод,Озод,Ozod,false
AN-224050,AN-224,1703224,1703224050,203003067,Fidokor,Фидокор,Фидокор,Fidokor,false
AN-224051,AN-224,1703224,1703224051,203003114,Bozorboshi,Бозорбоши,Бозорбоши,Bozorboshi,false
AN-224052,AN-224,1703224,1703224052,203002923,Nematobod,Нематобод,Нeъматобод,Nematobod,false
AN-224053,AN-224,1703224,1703224053,203003146,Chek,Чек,Чек,Chek,false
AN-224054,AN-224,1703224,0,,G‘anchayuz,Ғанчаюз,Ғанчаюз,Ǵanchayuz,true
AN-224055,AN-224,1703224,1703224055,203003430,Niyozbotir,Ниёзботир,Ниязботир,Niyozbotir,false
AN-224056,AN-224,1703224,0,,Saydobod,Сайдобод,Сайдобод,Saydobod,true
AN-224057,AN-224,1703224,1703224057,203003201,Navoiy nomli,Навоий номли,Навоий,Navoiy nomli,false
AN-224058,AN-224,1703224,1703224058,203002979,Ergashobod,Ергашобод,Ергашобод,Ergashobod,false
AN-224059,AN-224,1703224,1703224059,203003447,Mexnatobod,Мехнатобод,Мехнатобод,Mexnatobod,false
AN-224060,AN-224,1703224,1703224060,203003161,Qayrag‘och,Қайрағоч,Кайрагоч,Qayraǵoch,false
AN-224061,AN-224,1703224,1703224061,203003375,Tuvadoq,Тувадоқ,Тувадок,Tuvadoq,false
AN-224062,AN-224,1703224,1703224062,203003383,Fayz,Файз,Файз,Fayz,false
AN-224063,AN-224,1703224,1703224063,203003225,Ungut,Унгут,Унгут,Ungut,false
AN-224064,AN-224,1703224,1703224064,203028731,Arg‘in,Арғин,Аргин,Arǵin,false
AN-224065,AN-224,1703224,0,,Honaqa,Ҳонақа,Ҳонақа,Honaqa,true
AN-224066,AN-224,1703224,1703224066,203003390,Toshtepa,Тоштепа,Тоштепа,Toshtepa,false
AN-224067,AN-224,1703224,0,,Do‘rmon,Дўрмон,Дўрмон,Dórmon,true
AN-224068,AN-224,1703224,1703224068,203003415,Navkan,Навкан,Навкан,Navkan,false
AN-224069,AN-224,1703224,1703224069,203003139,Qo‘ng‘irot,Қўнғирот,Конгирот,Qónǵirot,false
AN-224070,AN-224,1703224,1703224070,203003336,Mirzaobod,Мирзаобод,Мирзаобод,Mirzaobod,false
AN-224071,AN-224,1703224,1703224071,203003344,Oqbo‘yra,Оқбўйра,Окбойра,Oqbóyra,false
AN-224072,AN-224,1703224,1703224072,203003368,Elash qipchoq,Елаш қипчоқ,Елашкипчок,Elash qipchoq,false
AN-224073,AN-224,1703224,1703224073,203003351,Namuna bo‘ston,Намуна бўстон,Намуна-бустон,Namuna bóston,false
AN-224074,AN-224,1703224,1703224074,203003329,Farovon,Фаровон,Фаровон,Farovon,false
AN-17020050,AN-224,1703224,1703224056,203002962,Saidobod,Саидобод,Саидобод,Saidobod,false
AN-17020039,AN-224,1703224,1703224011,202694451,Muqimiy,Муқимий,Мукими,Muqimiy,false
AN-17020077,AN-224,1703224,1703224076,309300269,Navbahor,Навбаҳор,Навбахор,Navbahor,false
AN-17020021,AN-224,1703224,1703224010,202718640,Abu ali ibn sino,Абу али ибн сино,Абу Али Ибн Сино,Abu ali ibn sino,false
AN-17020029,AN-224,1703224,1703224022,203003233,Beklar,Беклар,Беклар,Beklar,false
AN-17020075,AN-224,1703224,1703224077,309181133,Yuqori kujgan,Юқори кужган,Юкори кужган,Yuqori kujgan,false
AN-17020076,AN-224,1703224,1703224075,309300094,Mustahkam,Мустаҳкам,Мустахкам,Mustahkam,false
AN-17020018,AN-224,1703224,1703224067,203003408,Do‘rman,Дўрман,Дурман,Dórman,false
AN-17020014,AN-224,1703224,1703224054,203003074,G‘anchiyuz,Ғанчиюз,Ганчиюз,Ǵanchiyuz,false
AN-17020064,AN-224,1703224,1703224065,203003312,Xonaqa,Хонақа,Хонака,Xonaqa,false
AN-17020060,AN-224,1703224,1703224027,203002930,Fayziobod,Файзиобод,Файзиобод,Fayziobod,false
AN-17020063,AN-224,1703224,1703224007,202718689,Hamdo‘stlik,Ҳамдўстлик,Хамдустлик,Hamdóstlik,false
AN-17020068,AN-224,1703224,1703224023,203003272,Sho‘rqishloq,Шўрқишлоқ,Шоркишлок,Shórqishloq,false
AN-227001,AN-227,1703227,1703227001,203055232,O‘zbekiston,Ўзбекистон,Узбекистон,Ózbekiston,false
AN-227002,AN-227,1703227,1703227040,202987767,Turon,Турон,Турон,Turon,false
AN-227003,AN-227,1703227,1703227039,202974522,Navro‘z,Наврўз,Навроз,Navróz,false
AN-227004,AN-227,1703227,1703227016,202980666,Dukchi eshon nomli,Дукчи ешон номли,Дукчи Эшон,Dukchi eshon nomli,false
AN-227005,AN-227,1703227,1703227002,203055264,Mingtepa,Мингтепа,Мингтепа,Mingtepa,false
AN-227006,AN-227,1703227,1703227027,202974499,Guliston,Гулистон,Гулистон,Guliston,false
AN-227007,AN-227,1703227,1703227014,202981356,Konchilar,Кончилар,Кончилар,Konchilar,false
AN-227008,AN-227,1703227,1703227015,202981349,Markaziy,Марказий,Марказий,Markaziy,false
AN-227009,AN-227,1703227,1703227004,202980659,Paxtakor,Пахтакор,Пахтакор,Paxtakor,false
AN-227010,AN-227,1703227,1703227011,203055493,Rovot,Ровот,Ровот,Rovot,false
AN-227011,AN-227,1703227,0,,Xasanmergan,Хасанмерган,Хасанмерган,Xasanmergan,true
AN-227012,AN-227,1703227,1703227007,202987799,Sho‘rqaqir,Шўрқақир,Шоркакир,Shórqaqir,false
AN-227013,AN-227,1703227,1703227006,202995568,Sho‘rqishloq,Шўрқишлоқ,Шоркишлок,Shórqishloq,false
AN-227014,AN-227,1703227,1703227005,202977218,Qushchi,Қушчи,Кушчи,Qushchi,false
AN-227015,AN-227,1703227,1703227024,203024745,Gar-gar,Гар-гар,Гар-гар,Gar-gar,false
AN-227016,AN-227,1703227,1703227023,202974546,Tosh yo‘li,Тош йўли,Тош йули,Tosh yóli,false
AN-227017,AN-227,1703227,1703227020,205642735,Uvaysiy nomli,Увайсий номли,Увайсий,Uvaysiy nomli,false
AN-227018,AN-227,1703227,1703227036,202987244,Bozorboshi,Бозорбоши,Бозорбоши,Bozorboshi,false
AN-227019,AN-227,1703227,0,,G‘.g‘ulom nomli,Ғ.ғулом номли,Ғ.ғулом номли,Ǵ.ǵulom nomli,true
AN-227020,AN-227,1703227,1703227031,203055288,Oybek nomli,Ойбек номли,Ойбек,Oybek nomli,false
AN-227021,AN-227,1703227,1703227028,202980627,Ershi,Ерши,Ерши,Ershi,false
AN-227022,AN-227,1703227,1703227044,202987774,Alitepa,Алитепа,Алитепа,Alitepa,false
AN-227023,AN-227,1703227,1703227048,202977233,Chilon,Чилон,Чилон,Chilon,false
AN-227024,AN-227,1703227,1703227017,202980634,Ko‘tarma,Кўтарма,Кутарма,Kótarma,false
AN-227025,AN-227,1703227,1703227021,205642743,Mirishkor,Миришкор,Миришкор,Mirishkor,false
AN-227026,AN-227,1703227,1703227043,202990883,Shaxriston,Шахристон,Шахристон,Shaxriston,false
AN-227027,AN-227,1703227,1703227030,202995551,Barxayot,Бархаёт,Бархаёт,Barxayot,false
AN-227028,AN-227,1703227,1703227035,202974514,Qoraqo‘rg‘on,Қорақўрғон,Коракоргон,Qoraqórǵon,false
AN-227029,AN-227,1703227,1703227026,202974450,Oqbosh,Оқбош,Окбош,Oqbosh,false
AN-227030,AN-227,1703227,0,,Xo‘jaariq,Хўжаариқ,Хўжаариқ,Xójaariq,true
AN-227031,AN-227,1703227,1703227003,202990890,Shomat,Шомат,Шомат,Shomat,false
AN-227032,AN-227,1703227,1703227008,202988464,To‘lg‘a,Тўлға,Тулга,Tólǵa,false
AN-227033,AN-227,1703227,1703227025,202977257,Uzumzor,Узумзор,Узумзор,Uzumzor,false
AN-227034,AN-227,1703227,1703227009,203055249,Durafshon,Дурафшон,Дурафшон,Durafshon,false
AN-227035,AN-227,1703227,1703227013,202982362,Polvontosh,Полвонтош,Полвонтош,Polvontosh,false
AN-227036,AN-227,1703227,1703227010,202980642,Yuqori rovot,Юқори ровот,Юкори ровот,Yuqori rovot,false
AN-227037,AN-227,1703227,1703227018,202977225,O‘qchi,Ўқчи,Укчи,Óqchi,false
AN-227038,AN-227,1703227,0,,Bo‘riboshi,Бўрибоши,Бўрибоши,Bóriboshi,true
AN-227039,AN-227,1703227,1703227032,202974482,Nayman,Найман,Найман,Nayman,false
AN-227040,AN-227,1703227,1703227033,202977240,Yangi xayot,Янги хаёт,Янгихаёт,Yangi xayot,false
AN-227041,AN-227,1703227,1703227047,202974561,Boboxuroson,Бобохуросон,Бобохуросон,Boboxuroson,false
AN-227042,AN-227,1703227,1703227046,202974578,Qo‘rg‘oncha,Қўрғонча,Когонча,Qórǵoncha,false
AN-227043,AN-227,1703227,1703227045,202990875,Toshloq,Тошлоқ,Тошлок,Toshloq,false
AN-227044,AN-227,1703227,1703227041,202974507,Qorabog‘ich,Қорабоғич,Корабогич,Qoraboǵich,false
AN-227045,AN-227,1703227,1703227042,202987782,Roxat,Рохат,Рохат,Roxat,false
AN-227046,AN-227,1703227,1703227034,202974554,Qovunchi,Қовунчи,Ковунчи,Qovunchi,false
AN-227047,AN-227,1703227,1703227019,202982354,Do‘stlik,Дўстлик,Дустлик,Dóstlik,false
AN-227048,AN-227,1703227,1703227037,202995544,Yo‘lamatol,Йўламатол,Йуламатол,Yólamatol,false
AN-17080040,AN-227,1703227,1703227022,202974467,Ho‘jaariq,Ҳўжаариқ,Хужаарик,Hójaariq,false
AN-17080039,AN-227,1703227,1703227012,203055518,Hasanmergan,Ҳасанмeрган,Хасанмeрган,Hasanmergan,false
AN-17080007,AN-227,1703227,1703227029,202974474,G‘ofur g‘ulom,Ғофур ғулом,Гофур Гулом,Ǵofur ǵulom,false
AN-17080003,AN-227,1703227,1703227038,202974539,Birlik,Бирлик,Бирлик,Birlik,false
AN-230001,AN-230,1703230,0,,So‘zok,Сўзок,Сўзок,Sózok,true
AN-230002,AN-230,1703230,1703230041,203110385,Abdubiy,Абдубий,Абдубий,Abdubiy,false
AN-230003,AN-230,1703230,0,,Qumkayrok,Қумкайрок,Қумкайрок,Qumkayrok,true
AN-230004,AN-230,1703230,1703230053,203099264,Sherqo‘rgon,Шерқўргон,Шеркоргон,Sherqórgon,false
AN-230005,AN-230,1703230,1703230042,205619209,Birlashgan,Бирлашган,Бирлашган,Birlashgan,false
AN-230006,AN-230,1703230,1703230047,203089973,Ok oltin,Ок олтин,Ок олтин,Ok oltin,false
AN-230007,AN-230,1703230,1703230060,203090128,Vaxim,Вахим,Вахим,Vaxim,false
AN-230008,AN-230,1703230,1703230074,206130304,Yangi vaxim,Янги вахим,Янги вахим,Yangi vaxim,false
AN-230009,AN-230,1703230,1703230061,203117146,Karnaychi,Карнайчи,Карнайчи,Karnaychi,false
AN-230010,AN-230,1703230,1703230058,204130756,Beshmaxalla,Бешмахалла,Бешмахалла,Beshmaxalla,false
AN-230011,AN-230,1703230,1703230040,204525065,Qo‘rg‘oncha,Қўрғонча,Коргонча,Qórǵoncha,false
AN-230012,AN-230,1703230,1703230028,203090071,Qum tepa,Қум тепа,кумтепа,Qum tepa,false
AN-230013,AN-230,1703230,1703230034,203090064,Nazarmaxram,Назармахрам,Назармахрам,Nazarmaxram,false
AN-230014,AN-230,1703230,1703230039,203090024,Yangi naynavo,Янги найнаво,Янги Найнаво,Yangi naynavo,false
AN-230015,AN-230,1703230,1703230027,203090017,Qorabo‘yin,Қорабўйин,Корабуйин,Qorabóyin,false
AN-230016,AN-230,1703230,1703230038,205947196,Yangi zamon,Янги замон,Янги замон,Yangi zamon,false
AN-230017,AN-230,1703230,0,,Qushqo‘nok,Қушқўнок,Қушқўнок,Qushqónok,true
AN-230018,AN-230,1703230,0,,Qumarik,Қумарик,Қумарик,Qumarik,true
AN-230019,AN-230,1703230,0,,To‘lkin,Тўлкин,Тўлкин,Tólkin,true
AN-230020,AN-230,1703230,1703230004,203269567,Do‘rman,Дўрман,Дормон,Dórman,false
AN-230021,AN-230,1703230,1703230005,205349458,Yonbosh do‘rman,Ёнбош дўрман,Ёнбош дурман,Yonbosh dórman,false
AN-230022,AN-230,1703230,1703230013,204552208,Ortish,Ортиш,Ортиш,Ortish,false
AN-230023,AN-230,1703230,1703230009,203103551,Qum,Қум,Кум,Qum,false
AN-230024,AN-230,1703230,1703230015,203103544,Segaza,Сегаза,Сегаза,Segaza,false
AN-230025,AN-230,1703230,1703230003,203099257,Begbachcha,Бегбачча,Бегбачча,Begbachcha,false
AN-230026,AN-230,1703230,1703230017,203103536,Xo‘jaobod,Хўжаобод,Хожаобод,Xójaobod,false
AN-230027,AN-230,1703230,1703230014,203099296,Poloson,Полосон,Полосон,Poloson,false
AN-230028,AN-230,1703230,1703230006,203090182,Qalacha,Қалача,Калача,Qalacha,false
AN-230029,AN-230,1703230,1703230002,203129376,Barkamol avlod,Баркамол авлод,Баркамол авлод,Barkamol avlod,false
AN-230030,AN-230,1703230,1703230018,205950369,Shaydo,Шайдо,Шайдо,Shaydo,false
AN-230031,AN-230,1703230,1703230012,203103512,Oq to‘nlik,Оқ тўнлик,Ок тонлик,Oq tónlik,false
AN-230032,AN-230,1703230,1703230025,203090049,Bo‘ston,Бўстон,Бустон (чужа),Bóston,false
AN-230033,AN-230,1703230,1703230036,203090095,Cho‘ja,Чўжа,Чожа,Chója,false
AN-230034,AN-230,1703230,1703230026,205953862,Do‘stlik,Дўстлик,Дустлик,Dóstlik,false
AN-230035,AN-230,1703230,0,,Eshonqishlok,Ешонқишлок,Ешонқишлок,Eshonqishlok,true
AN-230036,AN-230,1703230,1703230031,205417791,Quruqsoy,Қуруқсой,Куруксой,Quruqsoy,false
AN-230037,AN-230,1703230,1703230045,203103489,Qashqar,Қашқар,Кашкар,Qashqar,false
AN-230038,AN-230,1703230,1703230049,203258098,Saroy,Сарой,Сарой,Saroy,false
AN-230039,AN-230,1703230,1703230048,203099304,Paxtako‘l,Пахтакўл,Пахтакол,Paxtakól,false
AN-230040,AN-230,1703230,1703230043,203103472,Dorilomon,Дориломон,Дориломон,Dorilomon,false
AN-230041,AN-230,1703230,1703230008,203090214,Qoziqo‘rgon,Қозиқўргон,Козикургон,Qoziqórgon,false
AN-230042,AN-230,1703230,1703230019,206112333,Shokirboy,Шокирбой,Шокирбой,Shokirboy,false
AN-230043,AN-230,1703230,1703230001,203103504,Andajon,Андажон,Андажон,Andajon,false
AN-230044,AN-230,1703230,1703230016,203089919,Tegirmonboshi,Тегирмонбоши,Тегирмонбоши,Tegirmonboshi,false
AN-230045,AN-230,1703230,1703230021,203090222,Yangi turmush,Янги турмуш,Янги турмуш,Yangi turmush,false
AN-230046,AN-230,1703230,1703230022,203090032,Nayman,Найман,Найман,Nayman,false
AN-230047,AN-230,1703230,0,,Qo‘rgoncha,Қўргонча,Қўргонча,Qórgoncha,true
AN-230048,AN-230,1703230,1703230023,203129369,Bayroq,Байроқ,Байрок,Bayroq,false
AN-230049,AN-230,1703230,1703230033,205545634,Maslaxattepa,Маслахаттепа,Маслахаттепа,Maslaxattepa,false
AN-230050,AN-230,1703230,1703230024,203135773,Bobochek,Бобочек,Бобочек,Bobochek,false
AN-230051,AN-230,1703230,1703230050,203089886,Soxiobod,Сохиобод,Сохиобод,Soxiobod,false
AN-230052,AN-230,1703230,1703230052,203089902,Tumor,Тумор,Тумор,Tumor,false
AN-230053,AN-230,1703230,1703230044,203089926,Do‘lan,Дўлан,Долон,Dólan,false
AN-230054,AN-230,1703230,1703230054,204550914,Yangi maxalla,Янги махалла,Янги махалла,Yangi maxalla,false
AN-230055,AN-230,1703230,0,,Qipchaqurgon,Қипчақургон,Қипчақургон,Qipchaqurgon,true
AN-230056,AN-230,1703230,1703230010,204787373,Markaz,Марказ,Марказ,Markaz,false
AN-230057,AN-230,1703230,0,,Nayman,Найман,Найман,Nayman,true
AN-230058,AN-230,1703230,1703230020,203089941,Yuzlar,Юзлар,Юзлар,Yuzlar,false
AN-230059,AN-230,1703230,0,,Abdusamad,Абдусамад,Абдусамад,Abdusamad,true
AN-230060,AN-230,1703230,1703230056,203090199,Andijonlik,Андижонлик,Андижонлик,Andijonlik,false
AN-230061,AN-230,1703230,1703230057,203089894,Beshariq,Бешариқ,Бешарик,Beshariq,false
AN-230062,AN-230,1703230,0,,Buvaydo,Бувайдо,Бувайдо,Buvaydo,true
AN-230063,AN-230,1703230,0,,Bo‘ston,Бўстон,Бўстон,Bóston,true
AN-230064,AN-230,1703230,1703230065,206992767,Mustaqillik,Мустақиллик,Мустакиллик,Mustaqillik,false
AN-230065,AN-230,1703230,1703230064,203089965,Mullaboy,Муллабой,Муллабой,Mullaboy,false
AN-230066,AN-230,1703230,1703230067,205435478,Navro‘z,Наврўз,Навроз,Navróz,false
AN-230067,AN-230,1703230,0,,Namozgox,Намозгох,Намозгох,Namozgox,true
AN-230068,AN-230,1703230,1703230066,205537263,Navbaxor,Навбахор,Навбахор,Navbaxor,false
AN-230069,AN-230,1703230,1703230069,207110708,Taraqqiyot,Тараққиёт,Тараккиёт,Taraqqiyot,false
AN-230070,AN-230,1703230,1703230070,203080170,Teraktagi,Терактаги,Терактаги,Teraktagi,false
AN-230071,AN-230,1703230,1703230072,203090143,Shaxrixon,Шахрихон,Шахрихон,Shaxrixon,false
AN-230072,AN-230,1703230,1703230073,203090104,Yakka tut,Якка тут,Якка тут,Yakka tut,false
AN-230073,AN-230,1703230,1703230075,203080194,Yangi xayot,Янги хаёт,Янги хаёт,Yangi xayot,false
AN-230074,AN-230,1703230,1703230071,203099312,O‘zbekiston,Ўзбекистон,Узбекистон,Ózbekiston,false
AN-230075,AN-230,1703230,0,,Qayragochguzar,Қайрагочгузар,Қайрагочгузар,Qayragochguzar,true
AN-230076,AN-230,1703230,1703230062,203089980,Qora ko‘rpa,Қора кўрпа,Кора курпа,Qora kórpa,false
AN-17130079,AN-230,1703230,1703230078,309426214,Yoshlar,Ёшлар,Ёшлар,Yoshlar,false
AN-17130068,AN-230,1703230,1703230037,203090088,Eshon qishloq,Эшон қишлоқ,Эшон Кишлок,Eshon qishloq,false
AN-17130046,AN-230,1703230,1703230068,203090174,Nomozgox,Номозгох,Номозгох,Nomozgox,false
AN-17130034,AN-230,1703230,1703230032,203090000,Qushqo‘noq,Қушқўноқ,Кушкунок,Qushqónoq,false
AN-17130002,AN-230,1703230,1703230055,203119364,Abdusamat,Абдусамат,Абдусамат,Abdusamat,false
AN-17130055,AN-230,1703230,1703230051,203089997,Suzoq,Сўзоқ,Созок,Suzoq,false
AN-17130080,AN-230,1703230,1703230077,309420809,Ipak yo‘li,Ипак йўли,Ипакёли,Ipak yóli,false
AN-17130031,AN-230,1703230,1703230046,205897932,Qumqayroq,Қумқайроқ,Кумкайрок,Qumqayroq,false
AN-17130021,AN-230,1703230,1703230063,203089879,Qayrog‘ochguzar,Қайроғочгузар,Кайрогочгузар,Qayroǵochguzar,false
AN-17130014,AN-230,1703230,1703230076,203080203,Bahor,Баҳор,Бахор,Bahor,false
AN-17130078,AN-230,1703230,1703230011,203135765,Turkiston,Туркистон,Туркистон,Turkiston,false
AN-17130030,AN-230,1703230,1703230029,203090207,Qumariq,Қумариқ,Кумарик,Qumariq,false
AN-17130060,AN-230,1703230,1703230035,205957176,To‘lqin,Тўлқин,Толкин,Tólqin,false
AN-17130081,AN-230,1703230,1703230079,309694824,Yangiobod,Янгиобод,Янгиобод,Yangiobod,false
AN-17130035,AN-230,1703230,1703230030,203090111,Xoldevonbek,Холдевонбек,Холдевонбек,Xoldevonbek,false
AN-17130012,AN-230,1703230,1703230059,203080155,Buvado,Бувадо,Бувадо,Buvado,false
AN-17130025,AN-230,1703230,1703230007,203099336,Qipchoqqo‘rg‘on,Қипчаққўрғон,Кипчаккургон,Qipchoqqórǵon,false
AN-232001,AN-232,1703232,1703232001,202910704,Navro‘z,Наврўз,Навроз,Navróz,false
AN-232002,AN-232,1703232,1703232002,202910696,Yuqori,Юқори,Юкори,Yuqori,false
AN-232003,AN-232,1703232,1703232003,202910783,Shomat,Шомат,Шомат,Shomat,false
AN-232004,AN-232,1703232,1703232004,202910736,Z.Xabibiy nomli,З.хабибий номли,З.Хабиби,Z.Xabibiy nomli,false
AN-232005,AN-232,1703232,1703232005,202910768,Qo‘qonqishloq,Қўқонқишлоқ,Коконкишлок,Qóqonqishloq,false
AN-232006,AN-232,1703232,1703232006,202910729,Nodirabegim nomli,Нодирабегим номли,Нодирабегим,Nodirabegim nomli,false
AN-232007,AN-232,1703232,1703232007,202910744,Qashqar,Қашқар,Кашкар,Qashqar,false
AN-232008,AN-232,1703232,0,,Muazzinboy nomli,Муаззинбой номли,Муаззинбой номли,Muazzinboy nomli,true
AN-232009,AN-232,1703232,0,,Qorashoh,Қорашоҳ,Қорашоҳ,Qorashoh,true
AN-232010,AN-232,1703232,1703232010,202910775,Mustaqillik,Мустақиллик,Мустакиллик,Mustaqillik,false
AN-232011,AN-232,1703232,1703232011,205514861,Bobur nomli,Бобур номли,Бобур,Bobur nomli,false
AN-232012,AN-232,1703232,1703232052,202910815,Sangraobod,Санграобод,Санграобод,Sangraobod,false
AN-232013,AN-232,1703232,1703232053,206566117,Mash‘al,Машъал,Машал,Mash‘al,false
AN-232014,AN-232,1703232,0,,To‘pajuvoz,Тўпажувоз,Тўпажувоз,Tópajuvoz,true
AN-232015,AN-232,1703232,1703232055,302870143,Gulobod,Гулобод,Гулобод,Gulobod,false
AN-232016,AN-232,1703232,1703232056,202910847,Xayraobod,Хайраобод,Хайраобод,Xayraobod,false
AN-232017,AN-232,1703232,1703232057,202910854,Obod,Обод,Обод,Obod,false
AN-232018,AN-232,1703232,1703232058,203117185,Guliston-pastqishloq,Гулистон-пастқишлоқ,Гулистон-пасткишлок,Guliston-pastqishloq,false
AN-232019,AN-232,1703232,1703232059,202910862,Shuvoqzor-boykechik,Шувоқзор-бойкечик,Шувокзор-Бойкечик,Shuvoqzor-boykechik,false
AN-232020,AN-232,1703232,1703232036,202911196,Paynob,Пайноб,Пайноб,Paynob,false
AN-232021,AN-232,1703232,1703232037,202911275,Iltifot,Илтифот,Илтифот,Iltifot,false
AN-232022,AN-232,1703232,1703232038,202911283,Lolazor,Лолазор,Лолазор,Lolazor,false
AN-232023,AN-232,1703232,1703232039,202911268,Do‘ngqishloq,Дўнгқишлоқ,Донгкишлок,Dóngqishloq,false
AN-232024,AN-232,1703232,1703232040,202911290,Soxil,Сохил,Сохил,Soxil,false
AN-232025,AN-232,1703232,1703232041,202911204,Guzar,Гузар,Гузар,Guzar,false
AN-232026,AN-232,1703232,1703232042,202911236,To‘qqizbog‘,Тўққизбоғ,Токкизбог,Tóqqizboǵ,false
AN-232027,AN-232,1703232,1703232043,202911251,Shovruq,Шовруқ,Шоврук,Shovruq,false
AN-232028,AN-232,1703232,1703232044,202911229,Pushmon,Пушмон,Пушмон,Pushmon,false
AN-232029,AN-232,1703232,1703232045,202911244,Ziyoli,Зиёли,Зиёли,Ziyoli,false
AN-232030,AN-232,1703232,1703232046,202911212,Soy,Сой,Сой,Soy,false
AN-232031,AN-232,1703232,1703232047,205487951,Uchqo‘rg‘on,Учқўрғон,Учкоргон,Uchqórǵon,false
AN-232032,AN-232,1703232,0,,Yangi chek,Янги чек,Янги чек,Yangi chek,true
AN-232033,AN-232,1703232,1703232013,202911078,Ovushka,Овушка,Овушка,Ovushka,false
AN-232034,AN-232,1703232,1703232014,202923782,Boyto‘pi,Бойтўпи,Бой Тупи,Boytópi,false
AN-232035,AN-232,1703232,1703232015,202911085,Teraktagi,Терактаги,Терактаги,Teraktagi,false
AN-232036,AN-232,1703232,1703232016,202911093,Qumshaydon,Қумшайдон,Кумшайдон,Qumshaydon,false
AN-232037,AN-232,1703232,1703232017,202911101,Ko‘kto‘nlik,Кўктўнлик,Коктонлик,Kóktónlik,false
AN-232038,AN-232,1703232,1703232025,202911118,Eskiqo‘rg‘on,Ескиқўрғон,Ескикоргон,Eskiqórǵon,false
AN-232039,AN-232,1703232,1703232026,202911125,Uchko‘za,Учкўза,Учкоза,Uchkóza,false
AN-232040,AN-232,1703232,1703232027,202911133,Fayziobod,Файзиобод,Файзиобод,Fayziobod,false
AN-232041,AN-232,1703232,1703232028,202911140,To‘raobod,Тўраобод,Тораобод,Tóraobod,false
AN-232042,AN-232,1703232,1703232029,202911157,Yolg‘izbog‘,Ёлғизбоғ,Ёлгизбог,Yolǵizboǵ,false
AN-232043,AN-232,1703232,1703232030,202911164,Nurdiyor,Нурдиёр,Нурдиёр,Nurdiyor,false
AN-232044,AN-232,1703232,1703232031,202911172,Qoraqo‘rg‘on,Қорақўрғон,Коракоргон,Qoraqórǵon,false
AN-232045,AN-232,1703232,1703232032,202911189,Qayir,Қайир,Кайир,Qayir,false
AN-232046,AN-232,1703232,0,,Gulzor,Гулзор,Гулзор,Gulzor,true
AN-232047,AN-232,1703232,1703232049,202910886,Olmazor,Олмазор,Олмазор,Olmazor,false
AN-232048,AN-232,1703232,1703232051,202910919,Bodrog‘obod,Бодроғобод,Бодрогобод,Bodroǵobod,false
AN-232049,AN-232,1703232,1703232050,202910902,Bog‘iguliston,Боғигулистон,Богигулистон,Boǵiguliston,false
AN-232050,AN-232,1703232,1703232018,202910934,Qo‘rg‘oncha,Қўрғонча,Коргонча,Qórǵoncha,false
AN-232051,AN-232,1703232,0,,Do‘stlik,Дўстлик,Дўстлик,Dóstlik,true
AN-232052,AN-232,1703232,1703232060,202911014,Chorbog‘,Чорбоғ,Чорбог,Chorboǵ,false
AN-232053,AN-232,1703232,1703232061,202911046,Mustaxkam,Мустахкам,Мустахкам,Mustaxkam,false
AN-232054,AN-232,1703232,1703232062,202911007,Ma‘rifat,Маърифат,Марифат,Ma‘rifat,false
AN-232055,AN-232,1703232,0,,Guldiyor,Гулдиёр,Гулдиёр,Guldiyor,true
AN-232056,AN-232,1703232,1703232064,202911039,Sanoat,Саноат,Саноат,Sanoat,false
AN-232057,AN-232,1703232,1703232020,202910980,Tinchlik,Тинчлик,Тинчлик,Tinchlik,false
AN-232058,AN-232,1703232,1703232065,202911054,Yangi obod,Янги обод,Янги обод,Yangi obod,false
AN-232059,AN-232,1703232,1703232066,202910997,Toshqo‘rg‘on,Тошқўрғон,Тошкоргон,Toshqórǵon,false
AN-232060,AN-232,1703232,0,,Soybo‘yi,Сойбўйи,Сойбўйи,Soybóyi,true
AN-232061,AN-232,1703232,1703232022,202910965,Andijon,Андижон,Андижан,Andijon,false
AN-232062,AN-232,1703232,1703232023,202910958,Axillik,Ахиллик,Ахиллик,Axillik,false
AN-232063,AN-232,1703232,1703232024,202910941,Chorsu,Чорсу,Чорсу,Chorsu,false
AN-232064,AN-232,1703232,1703232033,205640224,Bo‘stonobod,Бўстонобод,Бостонобод,Bóstonobod,false
AN-232065,AN-232,1703232,1703232034,202910790,Navbaxor,Навбахор,Навбахор,Navbaxor,false
AN-232066,AN-232,1703232,1703232035,202910808,Xayotbaxsh,Хаётбахш,Хаётбахш,Xayotbaxsh,false
AN-232067,AN-232,1703232,1703232067,202910926,Durdiyor,Дурдиёр,Дурдиёр,Durdiyor,false
AN-17100051,AN-232,1703232,1703232054,202910823,Tupobjuvoz,Тупобжувоз,Тупобжувоз,Tupobjuvoz,false
AN-17100023,AN-232,1703232,1703232009,202910751,Qorashox,Қорашох,Корашох,Qorashox,false
AN-17100031,AN-232,1703232,1703232008,202910712,Muazzimboy,Муаззимбой,Муаззимбой,Muazzimboy,false
AN-236001,AN-236,1703236,1703236002,203055446,Baxrin,Бахрин,Бахрин,Baxrin,false
AN-236002,AN-236,1703236,1703236005,203135844,Beshkaram,Бешкарам,Бешкарам,Beshkaram,false
AN-236003,AN-236,1703236,0,,Z.M.bobur nomli,З.м.бобур номли,З.м.бобур номли,Z.M.bobur nomli,true
AN-236004,AN-236,1703236,1703236010,203057997,Karnaychi,Карнайчи,Карнайчи,Karnaychi,false
AN-236005,AN-236,1703236,1703236003,203058125,Navbaxor,Навбахор,Навбахор,Navbaxor,false
AN-236006,AN-236,1703236,0,,A.Navoiy nomli,А.навоий номли,А.навоий номли,A.Navoiy nomli,true
AN-236007,AN-236,1703236,0,,So‘qaloq,Сўқалоқ,Сўқалоқ,Sóqaloq,true
AN-236008,AN-236,1703236,1703236009,203055422,Tosh-ota,Тош-ота,Тош ота,Tosh-ota,false
AN-236009,AN-236,1703236,1703236004,203055461,Uzun ko‘cha,Узун кўча,Узун куча,Uzun kócha,false
AN-236010,AN-236,1703236,1703236007,203055382,Shaxrixonsoy,Шахрихонсой,Шахрихонсой,Shaxrixonsoy,false
AN-236011,AN-236,1703236,0,,Beshqovoq,Бешқовоқ,Бешқовоқ,Beshqovoq,true
AN-236012,AN-236,1703236,1703236013,203110401,Garaguri,Гарагури,Гарагури,Garaguri,false
AN-236013,AN-236,1703236,1703236012,203058039,Yetmish mergan,Етмиш мерган,Етмишмерган,Yetmish mergan,false
AN-236014,AN-236,1703236,1703236018,203055367,Ipakchi,Ипакчи,Ипакчи,Ipakchi,false
AN-236015,AN-236,1703236,1703236014,203058061,Ko‘prikboshi,Кўприкбоши,Коприкбоши,Kóprikboshi,false
AN-236016,AN-236,1703236,1703236015,203058022,Qorabuloq,Қорабулоқ,Корабулок,Qorabuloq,false
AN-236017,AN-236,1703236,1703236017,203055414,Sanoatchilar,Саноатчилар,Саноатчилар,Sanoatchilar,false
AN-236018,AN-236,1703236,1703236019,203150416,Solpi,Солпи,Солпи,Solpi,false
AN-236019,AN-236,1703236,1703236016,203058046,Uch ko‘cha,Уч кўча,Уч куча,Uch kócha,false
AN-236020,AN-236,1703236,1703236011,203058007,Chimbuloq,Чимбулоқ,Чимбулок,Chimbuloq,false
AN-236021,AN-236,1703236,1703236022,203057965,Guliston,Гулистон,Гулистон,Guliston,false
AN-236022,AN-236,1703236,1703236024,203055407,Dilkushod,Дилкушод,Дилкушод,Dilkushod,false
AN-236023,AN-236,1703236,1703236026,203055399,Quvvatmurod,Қувватмурод,Кувватмурод,Quvvatmurod,false
AN-236024,AN-236,1703236,1703236021,203057973,Manak,Манак,Манак,Manak,false
AN-236025,AN-236,1703236,1703236023,203057980,Nishobbo‘yi,Нишоббўйи,Нишоббойи,Nishobbóyi,false
AN-236026,AN-236,1703236,1703236025,203058014,Orday,Ордай,Ордай,Orday,false
AN-236027,AN-236,1703236,1703236028,203057941,To‘raobod,Тўраобод,Тораобод,Tóraobod,false
AN-236028,AN-236,1703236,0,,Faqirqishloq,Фақирқишлоқ,Фақирқишлоқ,Faqirqishloq,true
AN-236029,AN-236,1703236,0,,Chiroqchi,Чироқчи,Чироқчи,Chiroqchi,true
AN-236030,AN-236,1703236,1703236038,207301500,Mustaqillikning 27 yilligi,Мустақилликнинг 27 йиллиги,Мустакилликнинг 27йиллиги,Mustaqillikning 27 yilligi,false
AN-236031,AN-236,1703236,1703236029,203055374,Yangi farg‘ona,Янги фарғона,Янги фаргона,Yangi farǵona,false
AN-236032,AN-236,1703236,1703236031,203055439,Andijon,Андижон,Андижон,Andijon,false
AN-236033,AN-236,1703236,1703236032,203058078,Jo‘me,Жўме,Жомe,Jóme,false
AN-236034,AN-236,1703236,1703236034,203123693,Qurama,Қурама,Курама,Qurama,false
AN-236035,AN-236,1703236,1703236033,203055454,Mustaxkam,Мустахкам,Мустахкам,Mustaxkam,false
AN-236036,AN-236,1703236,1703236036,203110393,Sarqamish,Сарқамиш,Саркамиш,Sarqamish,false
AN-236037,AN-236,1703236,1703236037,203058054,Xidirsha,Хидирша,Хидирша,Xidirsha,false
AN-236038,AN-236,1703236,1703236035,203055350,Yangi xayot,Янги хаёт,Янги хаёт,Yangi xayot,false
AN-17120039,AN-236,1703236,1703236039,309161094,Mustaqillikning 30 yilligi,Мустақилликнинг 30 йиллиги,Мустакилликнинг30йиллиги,Mustaqillikning 30 yilligi,false
AN-17120032,AN-236,1703236,1703236027,203057958,Ipak yo‘li,Ипак йўли,Ипкал Йоли,Ipak yóli,false
AN-17120004,AN-236,1703236,1703236020,203070587,Beshqavoq,Бeшқавоқ,Бeшкавок,Beshqavoq,false
AN-17120021,AN-236,1703236,1703236001,203058118,Navoiy,Навоий,Навоий,Navoiy,false
AN-17120035,AN-236,1703236,1703236030,203058133,Fayzobod,Файзобод,Файзобод,Fayzobod,false
AN-17120005,AN-236,1703236,1703236006,203055478,Bobur,Бобур,Бобур,Bobur,false
AN-17120027,AN-236,1703236,1703236008,203058093,Yuksalish,Юксалиш,Юксалиш,Yuksalish,false
AN-237999,AN-237,0,0,,Mahalla aniqlanmagan,Маҳалла аниқланмаган,Махалля не определена,Máhálle anıqlanbaǵan,true
AN-401001,AN-401,1703401,1703401001,202766163,Barkamol,Баркамол,Баркамол,Barkamol,false
AN-401002,AN-401,1703401,1703401002,203089482,Bog‘i eram,Боғи ерам,Боги ерам,Boǵi eram,false
AN-401003,AN-401,1703401,1703401003,202756033,Bog‘ishamol,Боғишамол,Богишамол,Boǵishamol,false
AN-401004,AN-401,1703401,1703401004,206847415,Buyuk ipak yo‘li,Буюк ипак йўли,Буюк ипак йули,Buyuk ipak yóli,false
AN-401005,AN-401,1703401,1703401005,202720269,Do‘stlik,Дўстлик,Дустлик,Dóstlik,false
AN-401006,AN-401,1703401,1703401006,202311040,Navbaxor,Навбахор,Навбахор,Navbaxor,false
AN-401007,AN-401,1703401,1703401007,202727069,Iqbol,Иқбол,Икбол,Iqbol,false
AN-401008,AN-401,1703401,1703401008,202691314,Qoratut,Қоратут,Коратут,Qoratut,false
AN-401009,AN-401,1703401,1703401009,202910514,Mustaqillik,Мустақиллик,Мустакиллик,Mustaqillik,false
AN-401010,AN-401,1703401,1703401010,205293213,Pistamozor,Пистамозор,Пистамозор,Pistamozor,false
AN-401011,AN-401,1703401,1703401011,202638052,Sanoat,Саноат,Саноат,Sanoat,false
AN-401012,AN-401,1703401,1703401012,202831423,Sog‘lom avlod,Соғлом авлод,Соглом Авлод,Soǵlom avlod,false
AN-401013,AN-401,1703401,1703401013,202345308,O‘zbegim,Ўзбегим,Узбегим,Ózbegim,false
AN-401014,AN-401,1703401,1703401014,202721820,O‘zbekiston,Ўзбекистон,Узбекистон,Ózbekiston,false
AN-401015,AN-401,1703401,0,,O‘zbekiston 20 yil,Ўзбекистон 20 йил,Ўзбекистон 20 йил,Ózbekiston 20 yil,true
AN-401016,AN-401,1703401,1703401016,305186445,O‘rikzor,Ўрикзор,Урикзор,Órikzor,false
AN-401017,AN-401,1703401,1703401017,202589201,Yangi hayot,Янги ҳаёт,Янги хаят,Yangi hayot,false
AN-401018,AN-401,1703401,1703401018,202822995,Yoyilma,Ёйилма,Яйилма,Yoyilma,false
AN-401019,AN-401,1703401,1703401019,202671931,Mash‘al,Машъал,Машал,Mash‘al,false
AN-401020,AN-401,1703401,1703401020,202270061,Taraqqiyot,Тараққиёт,Тараккиёт,Taraqqiyot,false
AN-401021,AN-401,1703401,0,,Al-buxoriy,Ал-бухорий,Ал-бухорий,Al-buxoriy,true
AN-401022,AN-401,1703401,0,,Axmad-yassaviy,Ахмад-яссавий,Ахмад-яссавий,Axmad-yassaviy,true
AN-401023,AN-401,1703401,1703401023,202721773,Andijon,Андижон,Андижон,Andijon,false
AN-401024,AN-401,1703401,1703401024,202737389,Birlashgan,Бирлашган,Бирлашган,Birlashgan,false
AN-401025,AN-401,1703401,1703401025,202716779,Bobosadin,Бобосадин,Бобосадин,Bobosadin,false
AN-401026,AN-401,1703401,1703401026,202742408,Bo‘ston,Бўстон,Бустон,Bóston,false
AN-401027,AN-401,1703401,1703401027,206579979,Sho‘rbuloq,Шўрбулоқ,Шорбулок,Shórbuloq,false
AN-401028,AN-401,1703401,1703401028,202742289,Guliston,Гулистон,Гулистон,Guliston,false
AN-401029,AN-401,1703401,1703401029,202834711,Islomobod,Исломобод,Исломобод,Islomobod,false
AN-401030,AN-401,1703401,1703401030,202727829,Ishchilar,Ишчилар,Ишчилар,Ishchilar,false
AN-401031,AN-401,1703401,1703401031,202671955,Kengash,Кенгаш,Кенгаш,Kengash,false
AN-401032,AN-401,1703401,1703401032,202766155,Maorif,Маориф,Маориф,Maorif,false
AN-401033,AN-401,1703401,0,,Mirpustin,Мирпустин,Мирпустин,Mirpustin,true
AN-401034,AN-401,1703401,1703401034,202716224,Hamkorlik,Ҳамкорлик,Хамкорлик,Hamkorlik,false
AN-401035,AN-401,1703401,1703401035,202775643,Taxtako‘prik,Тахтакўприк,Тахтакоприк,Taxtakóprik,false
AN-401036,AN-401,1703401,1703401036,202672993,To‘qqizariq,Тўққизариқ,Туккизарик,Tóqqizariq,false
AN-401037,AN-401,1703401,1703401037,204947134,Sadoqat,Садоқат,Садокат,Sadoqat,false
AN-401038,AN-401,1703401,1703401038,202766187,Yangi turmush,Янги турмуш,Янги турмуш,Yangi turmush,false
AN-401039,AN-401,1703401,1703401039,202737396,Istiqlol,Истиқлол,Истиклол,Istiqlol,false
AN-401040,AN-401,1703401,1703401040,202752316,Bunyodkor,Бунёдкор,Бунёдкор,Bunyodkor,false
AN-401041,AN-401,1703401,1703401041,302928392,Qo‘shariq,Қўшариқ,Кушарик,Qóshariq,false
AN-401042,AN-401,1703401,1703401042,202681437,G‘ayrat,Ғайрат,Гайрат,Ǵayrat,false
AN-401043,AN-401,1703401,1703401043,202673003,Gumbaz,Гумбаз,Гумбаз,Gumbaz,false
AN-401044,AN-401,1703401,1703401044,202589185,Yorboshi,Ёрбоши,Ербоши,Yorboshi,false
AN-401045,AN-401,1703401,1703401045,200241960,Jumabozor,Жумабозор,Жумабозор,Jumabozor,false
AN-401046,AN-401,1703401,1703401046,204854124,Qayrag‘ochtagi,Қайрағочтаги,Кайрагочтаги,Qayraǵochtagi,false
AN-401047,AN-401,1703401,1703401047,202291297,Qalandarxona,Қаландархона,Каландархона,Qalandarxona,false
AN-401048,AN-401,1703401,1703401048,202729643,Maydonbozor,Майдонбозор,Майдонбозор,Maydonbozor,false
AN-401049,AN-401,1703401,1703401049,203665050,Ma‘rifat,Маърифат,Марифат,Ma‘rifat,false
AN-401050,AN-401,1703401,1703401050,202694444,Hunarmand,Ҳунарманд,Хунарманд,Hunarmand,false
AN-401051,AN-401,1703401,1703401051,202681405,Obod,Обод,Обод,Obod,false
AN-401052,AN-401,1703401,1703401052,202589178,Soy,Сой,Сой,Soy,false
AN-401053,AN-401,1703401,1703401053,202742415,Saxovat,Саховат,Саховат,Saxovat,false
AN-401054,AN-401,1703401,1703401054,202671844,O‘zgarish,Ўзгариш,Узгариш,Ózgarish,false
AN-401055,AN-401,1703401,1703401055,205684730,Sog‘lom turmush,Соғлом турмуш,Соглом турмуш,Soǵlom turmush,false
AN-401056,AN-401,1703401,1703401056,204904923,Shifokor,Шифокор,Шифокор,Shifokor,false
AN-401057,AN-401,1703401,1703401057,202589479,Yaxshi,Яхши,Яхши,Yaxshi,false
AN-401058,AN-401,1703401,1703401058,204836636,Buyuk turon,Буюк турон,Буюк Турон,Buyuk turon,false
AN-401059,AN-401,1703401,1703401059,305177005,Oq rovot,Оқ ровот,Бекгузар,Oq rovot,false
AN-401060,AN-401,1703401,1703401060,202727076,Sholdirama,Шолдирама,Шолдирама,Sholdirama,false
AN-401061,AN-401,1703401,1703401061,202679398,Birlik,Бирлик,Бирлик,Birlik,false
AN-401062,AN-401,1703401,1703401062,202847394,Bobur,Бобур,Бобур,Bobur,false
AN-401063,AN-401,1703401,1703401063,202973319,Dalvarzin,Далварзин,Далварзин,Dalvarzin,false
AN-401064,AN-401,1703401,0,,Dexqonobod,Дехқонобод,Дехқонобод,Dexqonobod,true
AN-401065,AN-401,1703401,1703401065,202589161,Xamdo‘stlik,Хамдўстлик,Хамдустлик,Xamdóstlik,false
AN-401066,AN-401,1703401,1703401066,202673010,Madaniyat,Маданият,Маданият,Madaniyat,false
AN-401067,AN-401,1703401,1703401067,202638582,Mexnat,Мехнат,Мeхнат,Mexnat,false
AN-401068,AN-401,1703401,1703401068,201170574,Navro‘z,Наврўз,Навроз,Navróz,false
AN-401069,AN-401,1703401,0,,Namuna,Намуна,Намуна,Namuna,true
AN-401070,AN-401,1703401,1703401070,202589193,Ozodlik,Озодлик,Озодлик,Ozodlik,false
AN-401071,AN-401,1703401,1703401071,202752331,Paxtakor,Пахтакор,Пахтакор,Paxtakor,false
AN-401072,AN-401,1703401,1703401072,202589486,Uyg‘urobod,Уйғуробод,Уйгуробод,Uyǵurobod,false
AN-401073,AN-401,1703401,1703401073,202671852,Farobiy,Фаробий,Фаробий,Farobiy,false
AN-401074,AN-401,1703401,1703401074,202682704,Xursandlik,Хурсандлик,Хурсандлик,Xursandlik,false
AN-401075,AN-401,1703401,0,,Xutanariq,Хутанариқ,Хутанариқ,Xutanariq,true
AN-401076,AN-401,1703401,0,,Chulpon 100 yiligi,Чулпон 100 йилиги,Чулпон 100 йилиги,Chulpon 100 yiligi,true
AN-401077,AN-401,1703401,1703401077,202737412,Shodlik,Шодлик,Шодлик,Shodlik,false
AN-401078,AN-401,1703401,1703401078,202737404,Erkin,Еркин,Еркин,Erkin,false
AN-401079,AN-401,1703401,1703401079,305003008,Sarvontepa,Сарвонтепа,Сарвонтепа,Sarvontepa,false
AN-401080,AN-401,1703401,1703401080,303965814,Safoiy,Сафоий,Сафоий,Safoiy,false
AN-401081,AN-401,1703401,0,,Mustaqillikning 21 yilligi,Мустақилликнинг 21 йиллиги,Мустақилликнинг 21 йиллиги,Mustaqillikning 21 yilligi,true
AN-401082,AN-401,1703401,1703401082,305018050,Sadda,Садда,Садда,Sadda,false
AN-401083,AN-401,1703401,1703401083,304980377,Nayzaqayrag‘och,Найзақайрағоч,Найзакайрагоч,Nayzaqayraǵoch,false
AN-17150040,AN-401,1703401,1703401033,202671948,Mirpo‘stin,Мирпўстин,Мирпостин,Mirpóstin,false
AN-17150001,AN-401,1703401,1703401021,204810068,Al-buhoriy,Ал-буҳорий,Аль-Бухори,Al-buhoriy,false
AN-17150019,AN-401,1703401,1703401064,203077538,Dehqonobod,Дeҳқонобод,Дeхконобод,Dehqonobod,false
AN-17150087,AN-401,1703401,1703401092,309965612,Obod andijon,Обод андижон,Обод Андижон,Obod andijon,false
AN-17150093,AN-401,1703401,1703401088,310119350,Temur malik,Тeмур малик,Тeмур Малик,Temur malik,false
AN-17150067,AN-401,1703401,1703401015,202691321,O‘zbekiston 20 yilligi,Ўзбекистон 20 йиллиги,Озбекистон 20 йиллиги,Ózbekiston 20 yilligi,false
AN-17150075,AN-401,1703401,1703401075,202733458,Ho‘tan-ariq,Ҳўтан-ариқ,Хутан-Арик,Hótan-ariq,false
AN-17150091,AN-401,1703401,1703401085,310119367,Ilg‘or,Илғор,Илгор,Ilǵor,false
AN-17150086,AN-401,1703401,1703401089,309973674,Tinchlik,Тинчлик,Тинчлик,Tinchlik,false
AN-17150085,AN-401,1703401,1703401090,309204102,Uzumzor,Узумзор,Узумзор,Uzumzor,false
AN-17150094,AN-401,1703401,1703401086,310119374,Qoraqorgon,Қорақўрғон,Коракоргон,Qoraqorgon,false
AN-17150076,AN-401,1703401,1703401076,202638044,Cho‘lpon 100 yilligi,Чўлпон 100 йиллиги,Чулпон 100 йиллиги,Chólpon 100 yilligi,false
AN-17150090,AN-401,1703401,1703401091,309184896,Yuksalish,Юксалиш,Юксалиш,Yuksalish,false
AN-17150089,AN-401,1703401,1703401087,309191936,Nodirabegim,Нодирабегим,Нодирабегим,Nodirabegim,false
AN-17150088,AN-401,1703401,1703401093,310018359,Yangi bo‘ston,Янги бўстон,Янги бустон,Yangi bóston,false
AN-17150041,AN-401,1703401,1703401081,207233578,Mustaqillkning 21 yilligi,Мустақиллкнинг 21 йиллиги,Мустакиллкнинг 21 йиллиги,Mustaqillkning 21 yilligi,false
AN-17150003,AN-401,1703401,1703401022,304954369,Ahmad-yassaviy,Аҳмад-яссавий,Ахмад-Яссави,Ahmad-yassaviy,false
AN-408001,AN-408,1703408,1703408001,207079974,Mehmonobod,Меҳмонобод,Мехмонобод,Mehmonobod,false
AN-408002,AN-408,1703408,1703408004,202579775,Xidirsha,Хидирша,Хидирша,Xidirsha,false
AN-408003,AN-408,1703408,1703408002,202579783,Mustaqillik,Мустақиллик,Мустакиллик,Mustaqillik,false
AN-408004,AN-408,1703408,1703408003,202836993,Fozilmon,Фозилмон,Фозилмон,Fozilmon,false
AN-408005,AN-408,1703408,1703408008,207167708,Yangi xayot,Янги хаёт,Янгихаёт,Yangi xayot,false
AN-408006,AN-408,1703408,1703408005,202284455,A.Fitrat nomli,А.фитрат номли,А.Фитрат,A.Fitrat nomli,false
AN-408007,AN-408,1703408,1703408006,202575654,Xonobod,Хонобод,Хонобод,Xonobod,false
AN-408008,AN-408,1703408,1703408007,202575647,Yuksalish,Юксалиш,Юксалиш,Yuksalish,false
AN-408009,AN-408,1703408,1703408010,202511195,Istiqlol,Истиқлол,Истиклол,Istiqlol,false
AN-408010,AN-408,1703408,1703408011,202575590,Teyit,Тейит,Тейит,Teyit,false
AN-408011,AN-408,1703408,1703408009,202575630,Bunyodkor,Бунёдкор,Бунёдкор,Bunyodkor,false
AN-408012,AN-408,1703408,1703408014,202575615,Anhor,Анҳор,Анхор,Anhor,false
AN-408013,AN-408,1703408,0,,A.Navoiy nomli,А.навоий номли,А.навоий номли,A.Navoiy nomli,true
AN-408014,AN-408,1703408,0,,Kampirovvot,Кампироввот,Кампироввот,Kampirovvot,true
AN-17170008,AN-408,1703408,1703408013,202575623,Navoiy,Навоий,Навоий,Navoiy,false
AN-17170005,AN-408,1703408,1703408015,202575608,Kampirrovot,Кампирровот,Кампирровот,Kampirrovot,false
AN-17170017,AN-408,1703408,1703408012,309074724,Xontoq,Хонтоқ,Хонток,Xontoq,false
AN-409999,AN-409,0,0,,Mahalla aniqlanmagan,Маҳалла аниқланмаган,Махалля не определена,Máhálle anıqlanbaǵan,true
AN-410999,AN-410,0,0,,Mahalla aniqlanmagan,Маҳалла аниқланмаган,Махалля не определена,Máhálle anıqlanbaǵan,true
AN-411999,AN-411,0,0,,Mahalla aniqlanmagan,Маҳалла аниқланмаган,Махалля не определена,Máhálle anıqlanbaǵan,true
BU-204001,BU-204,1706204,1706204001,204322532,Chovdur,Човдур,Човдур,Chovdur,false
BU-204002,BU-204,1706204,1706204002,203822393,Muxtor,Мухтор,Мухтор,Muxtor,false
BU-204003,BU-204,1706204,0,,Paxtakor,Пахтакор,Пахтакор,Paxtakor,true
BU-204004,BU-204,1706204,1706204003,203822378,Bayot,Баёт,Баёт,Bayot,false
BU-204005,BU-204,1706204,0,,Kumkashon,Кумкашон,Кумкашон,Kumkashon,true
BU-204006,BU-204,1706204,0,,Kirtay,Киртай,Киртай,Kirtay,true
BU-204007,BU-204,1706204,1706204007,204764759,O‘zbekiston,Ўзбекистон,Ўзбекистон,Ózbekiston,false
BU-204008,BU-204,1706204,1706204008,203822401,Ko‘l chovdur,Кўл човдур,Кул-Човдур,Kól chovdur,false
BU-204009,BU-204,1706204,0,,Kirlishon,Кирлишон,Кирлишон,Kirlishon,true
BU-204010,BU-204,1706204,0,,Xalqobod,Халқобод,Халқобод,Xalqobod,true
BU-204011,BU-204,1706204,1706204011,203822339,Asajam,Асажам,Асажам,Asajam,false
BU-204012,BU-204,1706204,1706204012,206833204,Usmonshayx,Усмоншайх,Усмоншайх,Usmonshayx,false
BU-204013,BU-204,1706204,1706204013,206833211,Yoshbotir,Ёшботир,Ёш ботир,Yoshbotir,false
BU-204014,BU-204,1706204,1706204014,202922412,Denov,Денов,Денов,Denov,false
BU-204015,BU-204,1706204,1706204015,203822346,Nurobod,Нуробод,Нуробод,Nurobod,false
BU-204016,BU-204,1706204,0,,Pichokchi,Пичокчи,Пичокчи,Pichokchi,true
BU-204017,BU-204,1706204,1706204017,205403407,Davlatboy,Давлатбой,Давлатбой,Davlatboy,false
BU-204018,BU-204,1706204,0,,Balandmachit,Баландмачит,Баландмачит,Balandmachit,true
BU-204019,BU-204,1706204,1706204019,302862327,Navro‘z,Наврўз,Наврўз,Navróz,false
BU-204020,BU-204,1706204,1706204020,203243663,Eski olot,Ески олот,Эски Олот,Eski olot,false
BU-204021,BU-204,1706204,1706204021,204378977,Bo‘ribek chandir,Бўрибек чандир,Бўрибек чандир,Bóribek chandir,false
BU-204022,BU-204,1706204,1706204022,204378984,G‘anchi chandir,Ғанчи чандир,Ғанчи чандир,Ǵanchi chandir,false
BU-204023,BU-204,1706204,1706204023,203822354,Xidreyli,Хидрейли,Хидрейли,Xidreyli,false
BU-204024,BU-204,1706204,1706204024,205573054,Bo‘ston,Бўстон,Бўстон,Bóston,false
BU-204025,BU-204,1706204,0,,Soinkorovul,Соинкоровул,Соинкоровул,Soinkorovul,true
BU-204026,BU-204,1706204,1706204026,204967591,Arabxona,Арабхона,Арабхона,Arabxona,false
BU-204027,BU-204,1706204,1706204027,301658058,Ok oltin,Ок олтин,Ок-Олтин,Ok oltin,false
BU-204028,BU-204,1706204,0,,Ma‘rifat,Маърифат,Маърифат,Ma‘rifat,true
BU-204029,BU-204,1706204,1706204029,203822361,Jayxunobod,Жайхунобод,Жайхунобод,Jayxunobod,false
BU-204030,BU-204,1706204,0,,Burjok,Буржок,Буржок,Burjok,true
BU-204031,BU-204,1706204,1706204031,204514245,Solokorovul,Солокоровул,Солокоровул,Solokorovul,false
BU-204032,BU-204,1706204,1706204032,203822385,Opshoq,Опшоқ,Опшоқ,Opshoq,false
BU-204033,BU-204,1706204,1706204033,204306757,Dilkor,Дилкор,Дилкор,Dilkor,false
BU-204034,BU-204,1706204,1706204034,204306740,Xosabo‘yi,Хосабўйи,Хосабўйи,Xosabóyi,false
BU-204035,BU-204,1706204,1706204035,204429517,Shayxlar,Шайхлар,Шайхлар,Shayxlar,false
BU-204036,BU-204,1706204,1706204036,204322549,Kesakli,Кесакли,Кесакли,Kesakli,false
BU-204037,BU-204,1706204,1706204037,203967807,Bunyodkor,Бунёдкор,Бунёдкор,Bunyodkor,false
BU-204038,BU-204,1706204,1706204038,202566530,Xalifa,Халифа,Халифа,Xalifa,false
BU-20050026,BU-204,1706204,1706204004,202922436,Kattabayot,Каттабаёт,Каттабаёт,Kattabayot,false
BU-20050006,BU-204,1706204,1706204030,204325876,Burjoq,Буржоқ,Буржоқ,Burjoq,false
BU-20050017,BU-204,1706204,1706204006,204424183,Qirtay,Қиртай,Қиртай,Qirtay,false
BU-20050027,BU-204,1706204,1706204016,205403399,Pichoqchi,Пичоқчи,Пичоқчи,Pichoqchi,false
BU-20050028,BU-204,1706204,1706204025,202922483,Soyinqorovul,Сойинқоровул,Сойинқоровул,Soyinqorovul,false
BU-20050016,BU-204,1706204,1706204009,202922475,Qirlishon,Қирлишон,Қирлишон,Qirlishon,false
BU-20050018,BU-204,1706204,1706204005,206834961,Qumkashon,Қумкашон,Қумкашон,Qumkashon,false
BU-207001,BU-207,1706207,1706207004,204067991,Bog‘ikalon,Боғикалон,Боғикалон,Boǵikalon,false
BU-207002,BU-207,1706207,1706207008,204068033,Galaosiyo,Галаосиё,Галаосиё,Galaosiyo,false
BU-207003,BU-207,1706207,1706207009,204068025,Do‘stlik,Дўстлик,Дўстлик,Dóstlik,false
BU-207004,BU-207,1706207,1706207001,204068112,Ko‘chko‘mar,Кўчкўмар,Кўчкўмар,Kóchkómar,false
BU-207005,BU-207,1706207,1706207006,203988091,Rabotak,Работак,Работак,Rabotak,false
BU-207006,BU-207,1706207,1706207002,204068040,Qavola maxmud,Қавола махмуд,Қавола Махмуд,Qavola maxmud,false
BU-207007,BU-207,1706207,1706207005,205028524,Qo‘shxodim,Қўшходим,Кушходим,Qóshxodim,false
BU-207008,BU-207,1706207,1706207007,204068001,Mustaqillik,Мустақиллик,Мустакиллик,Mustaqillik,false
BU-207009,BU-207,1706207,1706207010,205003682,Navro‘z,Наврўз,Наврўз,Navróz,false
BU-207010,BU-207,1706207,1706207011,205682038,Oybek,Ойбек,Ойбек,Oybek,false
BU-207011,BU-207,1706207,1706207003,203639533,So‘fikorgar,Сўфикоргар,Сўфикоргар,Sófikorgar,false
BU-207012,BU-207,1706207,1706207015,302916645,Amirobod-guliston,Амиробод-гулистон,Амиробод-Гулистон,Amirobod-guliston,false
BU-207013,BU-207,1706207,1706207018,203988163,Arabxona,Арабхона,Арабхона,Arabxona,false
BU-207014,BU-207,1706207,1706207017,203988155,Dexcha,Дехча,Дехча,Dexcha,false
BU-207015,BU-207,1706207,1706207020,302916692,Madaniyat rabot,Маданият работ,Маданият работ,Madaniyat rabot,false
BU-207016,BU-207,1706207,1706207019,205659436,Podshoxi,Подшохи,Подшохи,Podshoxi,false
BU-207017,BU-207,1706207,0,,Rabotiqalmoq,Работиқалмоқ,Работиқалмоқ,Rabotiqalmoq,true
BU-207018,BU-207,1706207,1706207013,203988116,Rabotipoyon,Работипоён,Работипоён,Rabotipoyon,false
BU-207019,BU-207,1706207,1706207012,203988124,Xonabod,Хонабод,Хонабод,Xonabod,false
BU-207020,BU-207,1706207,1706207014,204067976,Shergiron,Шергирон,Шергирон,Shergiron,false
BU-207021,BU-207,1706207,1706207021,204068096,Shexoncha,Шехонча,Шехонча,Shexoncha,false
BU-207022,BU-207,1706207,1706207030,205682021,Bog‘dasht,Боғдашт,Боғдашт,Boǵdasht,false
BU-207023,BU-207,1706207,1706207031,204068057,Gulshanobod,Гулшанобод,Гулшанобод,Gulshanobod,false
BU-207024,BU-207,1706207,1706207028,302923487,Dilobod-zafarobod,Дилобод-зафаробод,Дилобод-Зафаробод,Dilobod-zafarobod,false
BU-207025,BU-207,1706207,1706207025,206944611,Zarmanoq,Зарманоқ,Зарманоқ,Zarmanoq,false
BU-207026,BU-207,1706207,1706207022,204068018,Kunji-kal‘a,Кунжи-калъа,Кунжи-калъа,Kunji-kal‘a,false
BU-207027,BU-207,1706207,1706207027,205682045,Kulonxona,Кулонхона,Кулонхона,Kulonxona,false
BU-207028,BU-207,1706207,1706207023,205026678,Novmetan,Новметан,Новметан,Novmetan,false
BU-207029,BU-207,1706207,1706207026,203988109,Talaliyon,Талалиён,Талалиён,Talaliyon,false
BU-207030,BU-207,1706207,1706207029,203988131,Xumin,Хумин,Хумин,Xumin,false
BU-207031,BU-207,1706207,1706207024,204068089,Yangiobod,Янгиобод,Янгиобод,Yangiobod,false
BU-207032,BU-207,1706207,1706207034,204068104,Istiqbol,Истиқбол,Истиқбол,Istiqbol,false
BU-207033,BU-207,1706207,1706207035,204067969,Saxovat,Саховат,Саховат,Saxovat,false
BU-207034,BU-207,1706207,1706207036,204067984,Soxibkor,Сохибкор,Сохибкор,Soxibkor,false
BU-207035,BU-207,1706207,1706207033,203988148,Turkon,Туркон,Туркон,Turkon,false
BU-207036,BU-207,1706207,1706207032,204068072,Yangiturmush,Янгитурмуш,Янги турмуш,Yangiturmush,false
BU-20010025,BU-207,1706207,1706207016,204068064,Rabot qalmoq,Работ қалмоқ,Работ калмок,Rabot qalmoq,false
BU-212001,BU-212,1706212,1706212001,204065228,Rozmoz,Розмоз,Розмоз,Rozmoz,false
BU-212002,BU-212,1706212,0,,Halvogaron,Ҳалвогарон,Ҳалвогарон,Halvogaron,true
BU-212003,BU-212,1706212,0,,Xo‘jarabod,Хўжарабод,Хўжарабод,Xójarabod,true
BU-212004,BU-212,1706212,1706212004,205664028,Sariosiyo,Сариосиё,Сариосиё,Sariosiyo,false
BU-212005,BU-212,1706212,1706212005,204065188,Teraklik,Тераклик,Тераклик,Teraklik,false
BU-212006,BU-212,1706212,0,,G‘aribshox,Ғарибшох,Ғарибшох,Ǵaribshox,true
BU-212007,BU-212,1706212,1706212007,204165894,Ko‘lxatib,Кўлхатиб,Кўлхатиб,Kólxatib,false
BU-212008,BU-212,1706212,0,,So‘fidehqon,Сўфидеҳқон,Сўфидеҳқон,Sófidehqon,true
BU-212009,BU-212,1706212,1706212009,204233951,Cho‘rikalon,Чўрикалон,Чўрикалон,Chórikalon,false
BU-212010,BU-212,1706212,1706212010,205666364,Mirvoshi,Мирвоши,Мирвоши,Mirvoshi,false
BU-212011,BU-212,1706212,1706212011,204276012,Changaron,Чангарон,Чангарон,Changaron,false
BU-212012,BU-212,1706212,1706212012,204065243,Xajuvon,Хажувон,Хажувон,Xajuvon,false
BU-212013,BU-212,1706212,1706212013,204170288,Kosari,Косари,Косари,Kosari,false
BU-212014,BU-212,1706212,0,,Beshrabod,Бешрабод,Бешрабод,Beshrabod,true
BU-212015,BU-212,1706212,1706212015,204208941,Mo‘minobod,Мўминобод,Мўминобод,Móminobod,false
BU-212016,BU-212,1706212,1706212016,204065211,Qo‘qin,Қўқин,Қўқин,Qóqin,false
BU-212017,BU-212,1706212,0,,Arabxona,Арабхона,Арабхона,Arabxona,true
BU-212018,BU-212,1706212,1706212018,204167488,Guliston,Гулистон,Гулистон,Guliston,false
BU-212019,BU-212,1706212,1706212019,204065204,Bozorjoyi,Бозоржойи,Бозоржойи,Bozorjoyi,false
BU-212020,BU-212,1706212,0,,Ko‘lodina,Кўлодина,Кўлодина,Kólodina,true
BU-212021,BU-212,1706212,1706212021,206847161,Anjirbog‘,Анжирбоғ,Анжирбоғ,Anjirboǵ,false
BU-212022,BU-212,1706212,1706212022,204065267,Latifsobungar,Латифсобунгар,Латифсобунгар,Latifsobungar,false
BU-212023,BU-212,1706212,1706212023,205702572,Niyozxo‘ja,Ниёзхўжа,Ниёзхўжа,Niyozxója,false
BU-212024,BU-212,1706212,1706212024,204247958,Shakarkent,Шакаркент,Шакаркент,Shakarkent,false
BU-212025,BU-212,1706212,1706212025,204065235,Nayman,Найман,Найман,Nayman,false
BU-212026,BU-212,1706212,1706212026,205663962,Qatag‘an,Қатаған,Қатаған,Qataǵan,false
BU-212027,BU-212,1706212,1706212027,204097092,Ponob,Поноб,Поноб,Ponob,false
BU-212028,BU-212,1706212,0,,Paxtakor,Пахтакор,Пахтакор,Paxtakor,true
BU-212029,BU-212,1706212,0,,Pushmon,Пушмон,Пушмон,Pushmon,true
BU-212030,BU-212,1706212,1706212030,205663954,O‘zbakon,Ўзбакон,Ўзбакон,Ózbakon,false
BU-212031,BU-212,1706212,1706212031,204165919,Shanba,Шанба,Шанба,Shanba,false
BU-212032,BU-212,1706212,1706212032,204065171,Xalach,Халач,Халач,Xalach,false
BU-212033,BU-212,1706212,1706212033,204194424,Diyor,Диёр,Диёр,Diyor,false
BU-212034,BU-212,1706212,1706212034,204065274,Shirin,Ширин,Ширин,Shirin,false
BU-212035,BU-212,1706212,0,,Chorbog‘kent,Чорбоғкент,Чорбоғкент,Chorboǵkent,true
BU-212036,BU-212,1706212,1706212036,204165902,Shohnigor,Шоҳнигор,Шоҳнигор,Shohnigor,false
BU-212037,BU-212,1706212,1706212037,202907840,Vobkent,Вобкент,Вобкент,Vobkent,false
BU-212038,BU-212,1706212,1706212038,202907864,Charmgaron,Чармгарон,Чармгарон,Charmgaron,false
BU-212039,BU-212,1706212,0,,Shifokor,Шифокор,Шифокор,Shifokor,true
BU-212040,BU-212,1706212,1706212040,202907833,Do‘stlik,Дўстлик,Дўстлик,Dóstlik,false
BU-212041,BU-212,1706212,1706212041,202907872,Quruvchi,Қурувчи,Қурувчи,Quruvchi,false
BU-212042,BU-212,1706212,1706212042,202907857,Istiqlol,Истиқлол,Истиқлол,Istiqlol,false
BU-212043,BU-212,1706212,1706212043,202907896,Kulolchi,Кулолчи,Кулолчи,Kulolchi,false
BU-212044,BU-212,1706212,0,,Rabotoxun,Работохун,Работохун,Rabotoxun,true
BU-20020044,BU-212,1706212,1706212028,204160370,Xayrxush,Хайрхуш,Хайрхуш,Xayrxush,false
BU-20020032,BU-212,1706212,1706212029,204065250,Xayrobod,Хайробод,Хайробод,Xayrobod,false
BU-20020028,BU-212,1706212,1706212008,204065195,Sofidexqon,Софидехқон,Софидехкон,Sofidexqon,false
BU-20020017,BU-212,1706212,1706212002,204302027,Kumushkent,Кумушкент,Кумушкент,Kumushkent,false
BU-20020014,BU-212,1706212,1706212020,204310856,Koliodina,Колиодина,Колиодина,Koliodina,false
BU-20020003,BU-212,1706212,1706212014,205701448,Beshrabot,Бешработ,Бешработ,Beshrabot,false
BU-20020034,BU-212,1706212,1706212003,204173663,Xo‘jarabot,Хўжаработ,Хужаработ,Xójarabot,false
BU-215001,BU-215,1706215,1706215001,204498338,Buktaroy,Буктарой,Буктарой,Buktaroy,false
BU-215002,BU-215,1706215,1706215002,204495524,Vazirshox,Вазиршох,Вазиршох,Vazirshox,false
BU-215003,BU-215,1706215,1706215003,205759920,Gajdumak,Гаждумак,Гаждумак,Gajdumak,false
BU-215004,BU-215,1706215,1706215004,202950892,Gulistonobod,Гулистонобод,Гулистонобод,Gulistonobod,false
BU-215005,BU-215,1706215,1706215005,205459653,Jovgari,Жовгари,Жовгари,Jovgari,false
BU-215006,BU-215,1706215,1706215006,202950814,Zarafshon,Зарафшон,Зарафшон,Zarafshon,false
BU-215007,BU-215,1706215,1706215007,204490278,Zargaron,Заргарон,Заргарон,Zargaron,false
BU-215008,BU-215,1706215,1706215008,204490214,Ko‘lijabbor,Кўлижаббор,Кулижаббор,Kólijabbor,false
BU-215009,BU-215,1706215,1706215009,206832237,Ko‘shk,Кўшк,Кушк,Kóshk,false
BU-215010,BU-215,1706215,0,,Qassabon,Қассабон,Қассабон,Qassabon,true
BU-215011,BU-215,1706215,1706215011,204490207,Labiro‘t,Лабирўт,Лабирўт,Labirót,false
BU-215012,BU-215,1706215,1706215012,207208457,Obod,Обод,Обод,Obod,false
BU-215013,BU-215,1706215,1706215013,202950821,Oqgul,Оқгул,Оқгул,Oqgul,false
BU-215014,BU-215,1706215,1706215014,202950971,Sarmijon,Сармижон,Сармижон,Sarmijon,false
BU-215015,BU-215,1706215,0,,Sohibiyon,Соҳибиён,Соҳибиён,Sohibiyon,true
BU-215016,BU-215,1706215,1706215016,206955749,Taxtaxon,Тахтахон,Тахтахон,Taxtaxon,false
BU-215017,BU-215,1706215,0,,Havzak,Ҳавзак,Ҳавзак,Havzak,true
BU-215018,BU-215,1706215,1706215018,204495531,Chag‘dari,Чағдари,Чағдари,Chaǵdari,false
BU-215019,BU-215,1706215,1706215019,205788316,Sho‘rcha,Шўрча,Шўрча,Shórcha,false
BU-215020,BU-215,1706215,1706215020,207208512,Yangi obod,Янги обод,Янгиобод,Yangi obod,false
BU-215021,BU-215,1706215,1706215021,202951013,Armechan,Армечан,Армечан,Armechan,false
BU-215022,BU-215,1706215,1706215022,206963865,Biyosin,Биёсин,Биёсин,Biyosin,false
BU-215023,BU-215,1706215,0,,G‘ovshun,Ғовшун,Ғовшун,Ǵovshun,true
BU-215024,BU-215,1706215,0,,Denov,Денов,Денов,Denov,true
BU-215025,BU-215,1706215,1706215025,205690162,Dodarak,Додарак,Додарак,Dodarak,false
BU-215026,BU-215,1706215,0,,Karna,Карна,Карна,Karna,true
BU-215027,BU-215,1706215,1706215027,204490222,Qumoq,Қумоқ,Қумоқ,Qumoq,false
BU-215028,BU-215,1706215,1706215028,204495509,Mazragan,Мазраган,Мазраган,Mazragan,false
BU-215029,BU-215,1706215,0,,Mahallai mirzayon,Маҳаллаи мирзаён,Маҳаллаи мирзаён,Mahallai mirzayon,true
BU-215030,BU-215,1706215,1706215030,204495444,Mirakon,Миракон,Миракон,Mirakon,false
BU-215031,BU-215,1706215,1706215031,202950860,Pozagari,Позагари,Позагари,Pozagari,false
BU-215032,BU-215,1706215,1706215032,204495437,Saidkent,Саидкент,Саидкент,Saidkent,false
BU-215033,BU-215,1706215,1706215033,202950988,Soktari,Соктари,Соктари,Soktari,false
BU-215034,BU-215,1706215,1706215034,204495484,Tarxanon,Тарханон,Тарханон,Tarxanon,false
BU-215035,BU-215,1706215,1706215035,204498345,Todon,Тодон,Тодон,Todon,false
BU-215036,BU-215,1706215,1706215036,204495516,O‘zanon,Ўзанон,Ўзанон,Ózanon,false
BU-215037,BU-215,1706215,1706215037,205652897,Xatcha,Хатча,Хатча,Xatcha,false
BU-215038,BU-215,1706215,1706215038,205808645,Cho‘g‘alon,Чўғалон,Чўғалон,Chóǵalon,false
BU-215039,BU-215,1706215,1706215039,205770901,Ayirtom,Айиртом,Айиртом,Ayirtom,false
BU-215040,BU-215,1706215,0,,Baqqollar,Баққоллар,Баққоллар,Baqqollar,true
BU-215041,BU-215,1706215,1706215041,204503117,Baraka,Барака,Барака,Baraka,false
BU-215042,BU-215,1706215,1706215042,205435461,Beshtuvo,Бештуво,Бештуво,Beshtuvo,false
BU-215043,BU-215,1706215,1706215043,204495469,G‘ishti,Ғишти,Ғишти,Ǵishti,false
BU-215044,BU-215,1706215,1706215044,204520911,Ko‘kcha,Кўкча,Кукча,Kókcha,false
BU-215045,BU-215,1706215,0,,Qarabog‘,Қарабоғ,Қарабоғ,Qaraboǵ,true
BU-215046,BU-215,1706215,0,,Qoraxoni,Қорахони,Қорахони,Qoraxoni,true
BU-215047,BU-215,1706215,1706215047,204498353,Oqrabot,Оқработ,Оқработ,Oqrabot,false
BU-215048,BU-215,1706215,0,,Olmazor,Олмазор,Олмазор,Olmazor,true
BU-215049,BU-215,1706215,1706215049,202952605,Paxtaobod,Пахтаобод,Пахтаобод,Paxtaobod,false
BU-215050,BU-215,1706215,1706215050,207294542,Amirobod,Амиробод,Амиробод,Amirobod,false
BU-215051,BU-215,1706215,1706215051,205784227,Rostgo‘y,Ростгўй,Ростгуй,Rostgóy,false
BU-215052,BU-215,1706215,1706215052,204507324,Toshloq,Тошлоқ,Тошлоқ,Toshloq,false
BU-215053,BU-215,1706215,1706215053,202950995,Ulfatbibi,Улфатбиби,Улфатбиби,Ulfatbibi,false
BU-215054,BU-215,1706215,1706215054,202950964,Xalqobod,Халқобод,Халқобод,Xalqobod,false
BU-215055,BU-215,1706215,0,,A.G‘ijduvoniy,А.ғиждувоний,А.ғиждувоний,A.Ǵijduvoniy,true
BU-215056,BU-215,1706215,0,,A.Qahhor,А.қаҳҳор,А.қаҳҳор,A.Qahhor,true
BU-215057,BU-215,1706215,1706215057,202950924,Bobur,Бобур,Бобур,Bobur,false
BU-215058,BU-215,1706215,1706215058,205789844,Bo‘lakiyon,Бўлакиён,Бўлакиён,Bólakiyon,false
BU-215059,BU-215,1706215,1706215059,202951020,Guliston,Гулистон,Гулистон,Guliston,false
BU-215060,BU-215,1706215,1706215060,203637948,Degrezon,Дегрезон,Дегрезон,Degrezon,false
BU-215061,BU-215,1706215,0,,Dilkusho,Дилкушо,Дилкушо,Dilkusho,true
BU-215062,BU-215,1706215,1706215062,202951037,Zarangari,Зарангари,Зарангари,Zarangari,false
BU-215063,BU-215,1706215,0,,Kalon,Калон,Калон,Kalon,true
BU-215064,BU-215,1706215,1706215064,202950845,Qo‘rg‘on,Қўрғон,Қўрғон,Qórǵon,false
BU-215065,BU-215,1706215,0,,Mahalla,Маҳалла,Маҳалла,Mahalla,true
BU-215066,BU-215,1706215,1706215066,206825126,Mustaqillik,Мустақиллик,Мустақиллик,Mustaqillik,false
BU-215067,BU-215,1706215,1706215067,202950917,Nodirabegim,Нодирабегим,Нодирабегим,Nodirabegim,false
BU-215068,BU-215,1706215,1706215068,202972572,Pomo‘za,Помўза,Помўза,Pomóza,false
BU-215069,BU-215,1706215,1706215069,202950949,Sarvari,Сарвари,Сарвари,Sarvari,false
BU-215070,BU-215,1706215,0,,Sardor,Сардор,Сардор,Sardor,true
BU-215071,BU-215,1706215,0,,Tavariyon,Тавариён,Тавариён,Tavariyon,true
BU-215072,BU-215,1706215,0,,F.Xo‘jaev,Ф.хўжаев,Ф.хўжаев,F.Xójaev,true
BU-215073,BU-215,1706215,1706215073,202954049,G‘alaba,Ғалаба,Ғалаба,Ǵalaba,false
BU-215074,BU-215,1706215,1706215074,202950877,Chorsu,Чорсу,Чорсу,Chorsu,false
BU-215075,BU-215,1706215,1706215075,202950838,Sharq,Шарқ,Шарқ,Sharq,false
BU-20110031,BU-215,1706215,1706215046,204490246,Qaraxoni,Қарахони,Қарахони,Qaraxoni,false
BU-20110058,BU-215,1706215,1706215015,204495548,Soxibiyon,Сохибиён,Сохибиён,Soxibiyon,false
BU-20110059,BU-215,1706215,1706215071,204490261,Tavarriyon,Таварриён,Таварриён,Tavarriyon,false
BU-20110067,BU-215,1706215,1706215017,204495476,Xavzak,Хавзак,Хавзак,Xavzak,false
BU-20110019,BU-215,1706215,1706215023,202950900,Gavshun,Гавшун,Гавшун,Gavshun,false
BU-20110008,BU-215,1706215,1706215040,204495452,Baqollar,Бақоллар,Баколлар,Baqollar,false
BU-20110043,BU-215,1706215,1706215029,204495491,Mahallamirzayon,Маҳалламирзаён,Маҳалламирзаён,Mahallamirzayon,false
BU-20110023,BU-215,1706215,1706215024,204490239,Denav,Денав,Денав,Denav,false
BU-20110002,BU-215,1706215,1706215056,202950884,Abdulla qaxxor,Абдулла қаххор,Абдулла Қаххор,Abdulla qaxxor,false
BU-20110066,BU-215,1706215,1706215072,202950806,Fayzulla xo‘jayev,Файзулла хўжаев,Файзулла Хўжаев,Fayzulla xójayev,false
BU-20110033,BU-215,1706215,1706215010,204490254,Qassobon,Қассобон,Кассобон,Qassobon,false
BU-20110034,BU-215,1706215,1706215045,205745005,Qorabog‘,Қорабоғ,Корабог,Qoraboǵ,false
BU-20110003,BU-215,1706215,1706215055,202950956,Abduxoliq g‘ijduvoniy,Абдухолиқ ғиждувоний,Абдухолиқ Ғиждувоний,Abduxoliq ǵijduvoniy,false
BU-20110030,BU-215,1706215,1706215063,205683130,Kallon,Каллон,Каллон,Kallon,false
BU-219001,BU-219,1706219,0,,Niez xoji,Ниез хожи,Ниез хожи,Niez xoji,true
BU-219002,BU-219,1706219,1706219003,203329547,Suxor,Сухор,Сухор,Suxor,false
BU-219003,BU-219,1706219,1706219006,205785866,Mustaqillik,Мустақиллик,Мустақиллик,Mustaqillik,false
BU-219004,BU-219,1706219,0,,Yangi-xayot,Янги-хаёт,Янги-хаёт,Yangi-xayot,true
BU-219005,BU-219,1706219,1706219005,206923621,Choloki,Чолоки,Чолоки,Choloki,false
BU-219006,BU-219,1706219,1706219004,202994957,B.Naqshband,Б.нақшбанд,Б.Накшбанд,B.Naqshband,false
BU-219007,BU-219,1706219,1706219010,206670843,O‘rtacho‘l,Ўртачўл,Урта чул,Órtachól,false
BU-219008,BU-219,1706219,1706219007,202994989,Beklar,Беклар,Беклар,Beklar,false
BU-219009,BU-219,1706219,0,,Istikbol,Истикбол,Истикбол,Istikbol,true
BU-219010,BU-219,1706219,1706219012,306325714,Taraqqiyot,Тараққиёт,Тараққиёт,Taraqqiyot,false
BU-219011,BU-219,1706219,1706219011,202990170,Nurafshon,Нурафшон,Нурафшон,Nurafshon,false
BU-219012,BU-219,1706219,1706219009,203317633,Tutkunda,Туткунда,Туткунда,Tutkunda,false
BU-219013,BU-219,1706219,1706219014,204782254,Tuniroq,Тунироқ,Тун-Ирок,Tuniroq,false
BU-219014,BU-219,1706219,1706219013,203006474,Xo‘ja-yakshaba,Хўжа-якшаба,Хўжа якшаба,Xója-yakshaba,false
BU-219015,BU-219,1706219,0,,Navruz,Навруз,Навруз,Navruz,true
BU-219016,BU-219,1706219,1706219015,203006466,Kogon,Когон,Когон,Kogon,false
BU-219017,BU-219,1706219,0,,Siyozi poyon,Сиёзи поён,Сиёзи поён,Siyozi poyon,true
BU-219018,BU-219,1706219,1706219016,204790728,Sorgun,Соргун,Сорғун,Sorgun,false
BU-219019,BU-219,1706219,1706219022,203007188,Geofizika,Геофизика,Геофизика,Geofizika,false
BU-219020,BU-219,1706219,0,,Xukumatobod,Хукуматобод,Хукуматобод,Xukumatobod,true
BU-219021,BU-219,1706219,1706219021,202994972,Sarayon,Сараён,Сараён,Sarayon,false
BU-219022,BU-219,1706219,1706219023,306326260,O‘zbekiston,Ўзбекистон,Ўзбекистон,Ózbekiston,false
BU-219023,BU-219,1706219,1706219019,203313623,O‘bacho‘li,Ўбачўли,Ўба чўли,Óbachóli,false
BU-20040021,BU-219,1706219,1706219020,205785874,Hukumatobod,Ҳукуматобод,Ҳукуматобод,Hukumatobod,false
BU-20040004,BU-219,1706219,1706219008,205785881,Istiqbol,Истиқбол,Истиқбол,Istiqbol,false
BU-20040023,BU-219,1706219,1706219002,202989186,Yangi hayot,Янги ҳаёт,Янги ҳаёт,Yangi hayot,false
BU-20040011,BU-219,1706219,1706219017,203008431,Siyoz poyon,Сиёз поён,Сиёз поён,Siyoz poyon,false
BU-20040008,BU-219,1706219,1706219001,202994964,Niyoz hoji,Ниёз ҳожи,Ниёз ҳожи,Niyoz hoji,false
BU-20040007,BU-219,1706219,1706219018,204782261,Navro‘z,Наврўз,Наврўз,Navróz,false
BU-230001,BU-230,1706230,1706230006,202878546,Mallaishayx,Маллаишайх,Маллаишайх,Mallaishayx,false
BU-230002,BU-230,1706230,1706230012,203702724,Xo‘jakon,Хўжакон,Хўжакон,Xójakon,false
BU-230003,BU-230,1706230,1706230011,203260359,Polvonlar,Полвонлар,Полвонлар,Polvonlar,false
BU-230004,BU-230,1706230,1706230007,203697146,Mirzakal‘a,Мирзакалъа,Мирзакалъа,Mirzakal‘a,false
BU-230005,BU-230,1706230,1706230015,203702749,Yangizamon,Янгизамон,Янги-замон,Yangizamon,false
BU-230006,BU-230,1706230,0,,Kamolot,Камолот,Камолот,Kamolot,true
BU-230007,BU-230,1706230,1706230013,203260342,Chovli,Човли,Човли,Chovli,false
BU-230008,BU-230,1706230,0,,Mustakillik,Мустакиллик,Мустакиллик,Mustakillik,true
BU-230009,BU-230,1706230,1706230010,203702717,Oq oltin,Оқ олтин,Оқ олтин,Oq oltin,false
BU-230010,BU-230,1706230,1706230008,206938680,Mirob,Мироб,Мироб,Mirob,false
BU-230011,BU-230,1706230,1706230005,202995014,Qoraxoji,Қорахожи,Қорахожи,Qoraxoji,false
BU-230012,BU-230,1706230,0,,Dehkonobod,Деҳконобод,Деҳконобод,Dehkonobod,true
BU-230013,BU-230,1706230,1706230001,204043096,Arabxona,Арабхона,Арабхона,Arabxona,false
BU-230014,BU-230,1706230,1706230014,202957914,Eski kal‘a,Ески калъа,Ески Калъа,Eski kal‘a,false
BU-230015,BU-230,1706230,1706230003,202959760,Zarafshon,Зарафшон,Зарафшон,Zarafshon,false
BU-230016,BU-230,1706230,1706230025,203223861,Sayyod,Сайёд,Сайёд,Sayyod,false
BU-230017,BU-230,1706230,1706230026,203715201,Solur,Солур,Солур,Solur,false
BU-230018,BU-230,1706230,0,,Paykend,Пайкенд,Пайкенд,Paykend,true
BU-230019,BU-230,1706230,0,,Alika xo‘ja,Алика хўжа,Алика хўжа,Alika xója,true
BU-230020,BU-230,1706230,0,,Sho‘robod,Шўробод,Шўробод,Shórobod,true
BU-230021,BU-230,1706230,1706230021,203249702,Qulonchi,Қулончи,Қулончи,Qulonchi,false
BU-230022,BU-230,1706230,1706230020,203020807,Qorako‘l,Қоракўл,Қоракўл,Qorakól,false
BU-230023,BU-230,1706230,1706230018,203707582,Do‘rman,Дўрман,Дўрман,Dórman,false
BU-230024,BU-230,1706230,1706230027,205221752,Tojikent,Тожикент,Тожикент,Tojikent,false
BU-230025,BU-230,1706230,1706230017,203264029,Bandboshi,Бандбоши,Бандбоши,Bandboshi,false
BU-230026,BU-230,1706230,1706230019,203264012,Ziyorat,Зиёрат,Зиёрат,Ziyorat,false
BU-230027,BU-230,1706230,1706230024,203699791,Regixaydar,Регихайдар,Реги-хайдар,Regixaydar,false
BU-230028,BU-230,1706230,1706230028,202957939,Chekirchi,Чекирчи,Чекирчи,Chekirchi,false
BU-230029,BU-230,1706230,1706230023,205293957,Paxtakor,Пахтакор,Пахтакор,Paxtakor,false
BU-230030,BU-230,1706230,1706230032,202957946,Jigachi,Жигачи,Жиғачи,Jigachi,false
BU-230031,BU-230,1706230,1706230034,203702732,Qoraqulonchi,Қорақулончи,Қорақулончи,Qoraqulonchi,false
BU-230032,BU-230,1706230,0,,Vaxim,Вахим,Вахим,Vaxim,true
BU-230033,BU-230,1706230,1706230037,205325796,Osiyo,Осиё,Осиё,Osiyo,false
BU-230034,BU-230,1706230,0,,Ketmondug‘di,Кетмондуғди,Кетмондуғди,Ketmonduǵdi,true
BU-230035,BU-230,1706230,1706230036,203243781,Quyi yangibozor,Қуйи янгибозор,Куйи-Янгибозор,Quyi yangibozor,false
BU-230036,BU-230,1706230,1706230030,203697154,Arna,Арна,Арна,Arna,false
BU-230037,BU-230,1706230,1706230035,203261887,Quvvacha,Қуввача,Қуввача,Quvvacha,false
BU-230038,BU-230,1706230,0,,Yangi qal‘a,Янги қалъа,Янги қалъа,Yangi qal‘a,true
BU-230039,BU-230,1706230,1706230040,202972651,Chandirobod,Чандиробод,Чандиробод,Chandirobod,false
BU-230040,BU-230,1706230,1706230039,202995654,Tinchlik,Тинчлик,Тинчлик,Tinchlik,false
BU-230041,BU-230,1706230,0,,Taykir,Тайкир,Тайкир,Taykir,true
BU-230042,BU-230,1706230,1706230046,202957907,Qozon,Қозон,Қозон,Qozon,false
BU-230043,BU-230,1706230,1706230047,205217867,Tashabbus,Ташаббус,Ташаббус,Tashabbus,false
BU-230044,BU-230,1706230,1706230050,203695884,Yangiturmush,Янгитурмуш,Янги турмуш,Yangiturmush,false
BU-230045,BU-230,1706230,0,,Istiklol,Истиклол,Истиклол,Istiklol,true
BU-230046,BU-230,1706230,1706230043,202985492,Darg‘ali,Дарғали,Дарғали,Darǵali,false
BU-230047,BU-230,1706230,1706230042,203739947,Darg‘abog‘i,Дарғабоғи,Дарғабоғи,Darǵaboǵi,false
BU-230048,BU-230,1706230,1706230049,205250488,Shakarbek,Шакарбек,Шакарбек,Shakarbek,false
BU-230049,BU-230,1706230,1706230044,202972675,Do‘stlik,Дўстлик,Дўстлик,Dóstlik,false
BU-230050,BU-230,1706230,1706230048,202957922,Xo‘jalar,Хўжалар,Хўжалар,Xójalar,false
BU-20100036,BU-230,1706230,1706230038,202980753,Tayqir,Тайқир,Тайқир,Tayqir,false
BU-20100029,BU-230,1706230,1706230009,203701204,Mustaqillik,Мустақиллик,Мустақиллик,Mustaqillik,false
BU-20100016,BU-230,1706230,1706230045,203730041,Istiqlol,Истиқлол,Истиқлол,Istiqlol,false
BU-20100030,BU-230,1706230,1706230022,206945530,Paykent,Пайкент,Пайкент,Paykent,false
BU-20100019,BU-230,1706230,1706230033,207218967,Ketmondo‘gdi,Кетмондўгди,Кетмондугди,Ketmondógdi,false
BU-20100046,BU-230,1706230,1706230029,203223885,Shorrabot,Шорработ,Шорработ,Shorrabot,false
BU-232001,BU-232,1706232,1706232001,203025601,Tinchlik,Тинчлик,Тинчлик,Tinchlik,false
BU-232002,BU-232,1706232,1706232002,203025618,Navbahor,Навбаҳор,Навбаҳор,Navbahor,false
BU-232003,BU-232,1706232,1706232003,203050421,Bo‘zachi,Бўзачи,Бўзачи,Bózachi,false
BU-232004,BU-232,1706232,1706232004,205933508,Bo‘ston,Бўстон,Бўстон,Bóston,false
BU-232005,BU-232,1706232,1706232005,203044523,Imom buxoriy,Имом бухорий,Имом бухорий,Imom buxoriy,false
BU-232006,BU-232,1706232,1706232006,203025593,Jarqoq,Жарқоқ,Жарқоқ,Jarqoq,false
BU-232007,BU-232,1706232,1706232007,203025585,Cho‘lquvar,Чўлқувар,Чўлқувар,Chólquvar,false
BU-240001,BU-240,1706240,1706240028,203475042,Varaxsho,Варахшо,Варахшо,Varaxsho,false
BU-240002,BU-240,1706240,1706240030,207164584,Kuyovxo‘ja,Куёвхўжа,Куёвхўжа,Kuyovxója,false
BU-240003,BU-240,1706240,1706240036,205572561,Quchoq,Қучоқ,Қучоқ,Quchoq,false
BU-240004,BU-240,1706240,0,,Navgaxon,Навгахон,Навгахон,Navgaxon,true
BU-240005,BU-240,1706240,1706240025,204731926,Navoiy,Навоий,Навоий,Navoiy,false
BU-240006,BU-240,1706240,1706240031,205015762,Obidxo‘ja,Обидхўжа,Обидхўжа,Obidxója,false
BU-240007,BU-240,1706240,1706240029,205007297,Turkiston,Туркистон,Туркистон,Turkiston,false
BU-240008,BU-240,1706240,1706240035,203771324,O‘g‘lon,Ўғлон,Ўғлон,Óǵlon,false
BU-240009,BU-240,1706240,1706240027,205376719,O‘zbek,Ўзбек,Ўзбек,Ózbek,false
BU-240010,BU-240,1706240,1706240037,205856286,Xurram,Хуррам,Хуррам,Xurram,false
BU-240011,BU-240,1706240,1706240034,203171801,Chibog‘oni,Чибоғони,Чибоғони,Chiboǵoni,false
BU-240012,BU-240,1706240,1706240033,205007305,Shavgon,Шавгон,Шавгон,Shavgon,false
BU-240013,BU-240,1706240,1706240007,204516947,Valfajir,Валфажир,Валфажир,Valfajir,false
BU-240014,BU-240,1706240,1706240012,203781572,Guliston,Гулистон,Гулистон,Guliston,false
BU-240015,BU-240,1706240,1706240010,205030509,Deycha,Дейча,Дейча,Deycha,false
BU-240016,BU-240,1706240,0,,Ibn sino,Ибн сино,Ибн сино,Ibn sino,true
BU-240017,BU-240,1706240,1706240026,305733817,Qal‘a,Қалъа,Калъа,Qal‘a,false
BU-240018,BU-240,1706240,0,,Kamolot,Камолот,Камолот,Kamolot,true
BU-240019,BU-240,1706240,1706240004,203850375,Malishoyak,Малишояк,Малишояк,Malishoyak,false
BU-240020,BU-240,1706240,1706240006,203698643,Navbahor,Навбаҳор,Навбаҳор,Navbahor,false
BU-240021,BU-240,1706240,1706240011,203235253,Peshko‘,Пешкў,Пешкў,Peshkó,false
BU-240022,BU-240,1706240,1706240009,203708859,Sadir,Садир,Садир,Sadir,false
BU-240023,BU-240,1706240,1706240015,205594946,Bobohoji,Бобоҳожи,Бобоҳожи,Bobohoji,false
BU-240024,BU-240,1706240,1706240020,203781589,Do‘stlik,Дўстлик,Дўстлик,Dóstlik,false
BU-240025,BU-240,1706240,1706240024,200883660,Jongel‘di,Жонгелъди,Жонгелди,Jongel‘di,false
BU-240026,BU-240,1706240,1706240014,202940027,Zandani,Зандани,Зандани,Zandani,false
BU-240027,BU-240,1706240,1706240017,203064886,Qoraqalpoq,Қорақалпоқ,Қорақалпоқ,Qoraqalpoq,false
BU-240028,BU-240,1706240,0,,Mahalayi-mirishkor,Маҳалайи-миришкор,Маҳалайи-миришкор,Mahalayi-mirishkor,true
BU-240029,BU-240,1706240,1706240022,205323879,Susana,Сусана,Сусана,Susana,false
BU-240030,BU-240,1706240,1706240023,206216796,Talisobun,Талисобун,Талисобун,Talisobun,false
BU-240031,BU-240,1706240,1706240016,205607168,Xorkash,Хоркаш,Хоркаш,Xorkash,false
BU-240032,BU-240,1706240,1706240019,205732924,Xo‘lbor,Хўлбор,Хулбор,Xólbor,false
BU-240033,BU-240,1706240,1706240018,205731015,Yangiobod,Янгиобод,Янгиобод,Yangiobod,false
BU-240034,BU-240,1706240,1706240005,202952637,Bog‘imuso,Боғимусо,Богимусо,Boǵimuso,false
BU-240035,BU-240,1706240,1706240002,203857405,Mustaqillik,Мустақиллик,Мустақиллик,Mustaqillik,false
BU-240036,BU-240,1706240,1706240003,203865292,Chig‘irchi,Чиғирчи,Чигирчи,Chiǵirchi,false
BU-240037,BU-240,1706240,1706240001,200883653,Yangibozor,Янгибозор,Янгибозор,Yangibozor,false
BU-20060017,BU-240,1706240,1706240021,203171818,Mahallai mirishkor,Маҳаллаи миришкор,Махаллаи Миришкор,Mahallai mirishkor,false
BU-20060010,BU-240,1706240,1706240008,202942886,Abu ali ibn sino,Абу али ибн сино,Абу Али Ибн Сино,Abu ali ibn sino,false
BU-20060020,BU-240,1706240,1706240032,206821052,Navgahon,Навгаҳон,Навгаҳон,Navgahon,false
BU-242001,BU-242,1706242,1706242001,204810273,Samosiy,Самосий,Самосий,Samosiy,false
BU-242002,BU-242,1706242,1706242002,204804944,Azizon,Азизон,Азизон,Azizon,false
BU-242003,BU-242,1706242,0,,Baxtiyorchi,Бахтиёрчи,Бахтиёрчи,Baxtiyorchi,true
BU-242004,BU-242,1706242,1706242004,204125294,O‘zbekiston,Ўзбекистон,Ўзбекистон,Ózbekiston,false
BU-242005,BU-242,1706242,1706242005,200978479,Qo‘rg‘on,Қўрғон,Кургон,Qórǵon,false
BU-242006,BU-242,1706242,0,,Qizilrabot,Қизилработ,Қизилработ,Qizilrabot,true
BU-242007,BU-242,1706242,1706242007,204103037,Qalaychorbog‘,Қалайчорбоғ,Қалайчорбоғ,Qalaychorboǵ,false
BU-242008,BU-242,1706242,1706242008,204124256,Mug‘oncha,Муғонча,Муғонча,Muǵoncha,false
BU-242009,BU-242,1706242,0,,Chandir,Чандир,Чандир,Chandir,true
BU-242010,BU-242,1706242,1706242010,204782318,Toshrabot,Тошработ,Тошработ,Toshrabot,false
BU-242011,BU-242,1706242,1706242011,204135701,G‘azberon,Ғазберон,Газберон,Ǵazberon,false
BU-242012,BU-242,1706242,1706242012,204598030,Urganjiyon,Урганжиён,Урганжиён,Urganjiyon,false
BU-242013,BU-242,1706242,1706242013,204135718,Xosa,Хоса,Хоса,Xosa,false
BU-242014,BU-242,1706242,1706242014,204782278,Decha,Деча,Деча,Decha,false
BU-242015,BU-242,1706242,0,,Chilong‘u,Чилонғу,Чилонғу,Chilonǵu,true
BU-242016,BU-242,1706242,1706242016,203214113,Gazli,Газли,Газли,Gazli,false
BU-242017,BU-242,1706242,1706242017,203334225,Baynalminal,Байналминал,Байналминал,Baynalminal,false
BU-242018,BU-242,1706242,1706242018,204577319,Qahramon,Қаҳрамон,Кахрамон,Qahramon,false
BU-242019,BU-242,1706242,1706242019,200978519,Romitan,Ромитан,Ромитан,Romitan,false
BU-242020,BU-242,1706242,1706242020,204119689,Tarnaut,Тарнаут,Тарнаут,Tarnaut,false
BU-242021,BU-242,1706242,1706242021,204581924,Bog‘cha,Боғча,Богча,Boǵcha,false
BU-242022,BU-242,1706242,1706242022,204587109,Attaron,Аттарон,Аттарон,Attaron,false
BU-242023,BU-242,1706242,1706242023,204105549,Mirishkor,Миришкор,Миришкор,Mirishkor,false
BU-242024,BU-242,1706242,1706242024,204628507,O‘ba,Ўба,Ўба,Óba,false
BU-242025,BU-242,1706242,0,,A.Navoiy,А.навоий,А.навоий,A.Navoiy,true
BU-242026,BU-242,1706242,0,,Afrosiyob,Афросиёб,Афросиёб,Afrosiyob,true
BU-242027,BU-242,1706242,1706242027,203334193,Zarafshon,Зарафшон,Зарафшон,Zarafshon,false
BU-242028,BU-242,1706242,1706242028,203334185,Ibn-sino,Ибн-сино,Ибн Сино,Ibn-sino,false
BU-242029,BU-242,1706242,1706242029,204133094,Bobur,Бобур,Бобур,Bobur,false
BU-242030,BU-242,1706242,1706242030,204129479,Guliston,Гулистон,Гулистон,Guliston,false
BU-242031,BU-242,1706242,1706242031,204578507,Bog‘isaydon,Боғисайдон,Богисайдон,Boǵisaydon,false
BU-242032,BU-242,1706242,1706242032,200978462,Bog‘iturkon,Боғитуркон,Боғитуркон,Boǵiturkon,false
BU-242033,BU-242,1706242,1706242033,204136770,Marziya,Марзия,Марзия,Marziya,false
BU-242034,BU-242,1706242,1706242034,204796394,Qumrabot,Қумработ,Қумработ,Qumrabot,false
BU-242035,BU-242,1706242,1706242035,204599077,Xo‘jaubbon,Хўжауббон,Хўжауббон,Xójaubbon,false
BU-242036,BU-242,1706242,1706242036,204599060,Hazortut,Ҳазортут,Ҳазортут,Hazortut,false
BU-242037,BU-242,1706242,1706242037,204790735,Hofizrabot,Ҳофизработ,Хофизработ,Hofizrabot,false
BU-242038,BU-242,1706242,1706242038,200978502,Istiqlol,Истиқлол,Истиқлол,Istiqlol,false
BU-242039,BU-242,1706242,1706242039,204846347,Iftixor,Ифтихор,Ифтихор,Iftixor,false
BU-242040,BU-242,1706242,0,,Sho‘rabot,Шўработ,Шўработ,Shórabot,true
BU-242041,BU-242,1706242,1706242041,204145752,Sho‘rcha,Шўрча,Шўрча,Shórcha,false
BU-242042,BU-242,1706242,1706242042,204968851,O‘tabek,Ўтабек,Ўтабек,Ótabek,false
BU-242043,BU-242,1706242,1706242043,204790743,Navbahor,Навбаҳор,Навбахор,Navbahor,false
BU-242044,BU-242,1706242,1706242044,204131786,Poyjo‘y,Пойжўй,Пойжуй,Poyjóy,false
BU-242045,BU-242,1706242,1706242045,204587091,Qoqishtuvon,Қоқиштувон,Кокиштувон,Qoqishtuvon,false
BU-20070043,BU-242,1706242,1706242015,200978486,Chelong‘u,Челонғу,Челонғу,Chelonǵu,false
BU-20070002,BU-242,1706242,1706242025,203334201,Alisher navoiy,Алишер навоий,Алишер Навоий,Alisher navoiy,false
BU-20070021,BU-242,1706242,1706242006,200978526,Qizil ravot,Қизил равот,Кизил равот,Qizil ravot,false
BU-20070044,BU-242,1706242,1706242040,204601715,Sho‘robod,Шўробод,Шўробод,Shórobod,false
BU-246001,BU-246,1706246,1706246052,207158734,Tinchlik,Тинчлик,Тинчлик,Tinchlik,false
BU-246002,BU-246,1706246,0,,Paxtakor,Пахтакор,Пахтакор,Paxtakor,true
BU-246003,BU-246,1706246,1706246048,203875842,Zarafshon,Зарафшон,Зарафшон,Zarafshon,false
BU-246004,BU-246,1706246,1706246044,204529186,Navgadi,Навгади,Навгади,Navgadi,false
BU-246005,BU-246,1706246,1706246011,202975520,Denov,Денов,Денов,Denov,false
BU-246006,BU-246,1706246,1706246012,205588612,Samonchuq,Самончуқ,Самончуқ,Samonchuq,false
BU-246007,BU-246,1706246,1706246013,203870177,Murg‘ak,Мурғак,Мурғак,Murǵak,false
BU-246008,BU-246,1706246,1706246025,202975480,Xumdonak,Хумдонак,Хумдонак,Xumdonak,false
BU-246009,BU-246,1706246,1706246024,203875834,Ko‘liyon,Кўлиён,Кулиён,Kóliyon,false
BU-246010,BU-246,1706246,1706246016,204836249,Ushot,Ушот,Ушот,Ushot,false
BU-246011,BU-246,1706246,1706246014,205588604,Istiqlol,Истиқлол,Истиқлол,Istiqlol,false
BU-246012,BU-246,1706246,1706246020,202975497,Po‘loti,Пўлоти,Пўлоти,Póloti,false
BU-246013,BU-246,1706246,1706246026,204529258,Zangi,Занги,Занги,Zangi,false
BU-246014,BU-246,1706246,1706246023,203875906,Hazorman,Ҳазорман,Ҳазорман,Hazorman,false
BU-246015,BU-246,1706246,1706246019,204836256,Sho‘robod,Шўробод,Шўробод,Shórobod,false
BU-246016,BU-246,1706246,0,,Demun,Демун,Демун,Demun,true
BU-246017,BU-246,1706246,1706246021,201807697,Xumin,Хумин,Хумин,Xumin,false
BU-246018,BU-246,1706246,1706246018,202972636,Qalmoq,Қалмоқ,Қалмоқ,Qalmoq,false
BU-246019,BU-246,1706246,1706246017,204529241,Qozikenti,Қозикенти,Қозикенти,Qozikenti,false
BU-246020,BU-246,1706246,1706246015,205588596,Boliob,Болиоб,Болиоб,Boliob,false
BU-246021,BU-246,1706246,1706246031,202991233,Qaroli,Қароли,Қароли,Qaroli,false
BU-246022,BU-246,1706246,1706246032,207210013,Pahlavon,Паҳлавон,Паҳлавон,Pahlavon,false
BU-246023,BU-246,1706246,1706246035,203875859,Dovud,Довуд,Довуд,Dovud,false
BU-246024,BU-246,1706246,1706246027,205588572,Xo‘jaxayron,Хўжахайрон,Хўжахайрон,Xójaxayron,false
BU-246025,BU-246,1706246,1706246028,204836264,Eronshoh,Ероншоҳ,Эроншох,Eronshoh,false
BU-246026,BU-246,1706246,1706246040,204529234,Yangiobod,Янгиобод,Янгиобод,Yangiobod,false
BU-246027,BU-246,1706246,1706246041,202982426,Nurafshon,Нурафшон,Нурафшон,Nurafshon,false
BU-246028,BU-246,1706246,1706246039,203875810,Tobagar,Тобагар,Тобагар,Tobagar,false
BU-246029,BU-246,1706246,1706246030,204529226,Chorzona,Чорзона,Чорзона,Chorzona,false
BU-246030,BU-246,1706246,1706246033,205588564,Darveshi,Дарвеши,Дарвеши,Darveshi,false
BU-246031,BU-246,1706246,1706246038,202975884,Mustaqillik,Мустақиллик,Мустақиллик,Mustaqillik,false
BU-246032,BU-246,1706246,0,,Qaravul,Қаравул,Қаравул,Qaravul,true
BU-246033,BU-246,1706246,0,,Oyto‘g‘di,Ойтўғди,Ойтўғди,Oytóǵdi,true
BU-246034,BU-246,1706246,1706246036,204836271,Pochchoyi,Поччойи,Поччойи,Pochchoyi,false
BU-246035,BU-246,1706246,1706246029,205588557,Bahoriston,Баҳористон,Баҳористон,Bahoriston,false
BU-246036,BU-246,1706246,1706246043,202975917,Aleli,Алели,Алели,Aleli,false
BU-246037,BU-246,1706246,1706246051,203875874,Obod,Обод,Обод,Obod,false
BU-246038,BU-246,1706246,1706246047,204529202,Jondor,Жондор,Жондор,Jondor,false
BU-246039,BU-246,1706246,1706246045,205588629,Rabot,Работ,Работ,Rabot,false
BU-246040,BU-246,1706246,1706246046,202975892,Oxshix,Охших,Охших,Oxshix,false
BU-246041,BU-246,1706246,1706246050,203870160,Qovchin,Қовчин,Қовчин,Qovchin,false
BU-246042,BU-246,1706246,1706246049,204836288,Namgoni,Намгони,Намгони,Namgoni,false
BU-246043,BU-246,1706246,1706246001,202952620,Romish,Ромиш,Ромиш,Romish,false
BU-246044,BU-246,1706246,1706246003,203870184,Qazoqon,Қазоқон,Қазоқон,Qazoqon,false
BU-246045,BU-246,1706246,1706246007,204529194,Oqtepa,Оқтепа,Оқтепа,Oqtepa,false
BU-246046,BU-246,1706246,1706246004,202975513,Ibn-sino,Ибн-сино,Ибн Сино,Ibn-sino,false
BU-246047,BU-246,1706246,1706246002,203870153,Luqmon,Луқмон,Луқмон,Luqmon,false
BU-246048,BU-246,1706246,1706246010,203046457,Oydin,Ойдин,Ойдин,Oydin,false
BU-246049,BU-246,1706246,1706246008,203875866,Dalmunobod,Далмунобод,Далмунобод,Dalmunobod,false
BU-246050,BU-246,1706246,1706246005,205588304,Jamiyat,Жамият,Жамият,Jamiyat,false
BU-246051,BU-246,1706246,1706246006,202987822,Mirzayon,Мирзаён,Мирзаён,Mirzayon,false
BU-246052,BU-246,1706246,1706246009,203870145,Yosh kuch,Ёш куч,Ёш куч,Yosh kuch,false
BU-20030032,BU-246,1706246,1706246037,204529219,Oytugdi,Ойтугди,Ойтугди,Oytugdi,false
BU-20030021,BU-246,1706246,1706246034,203875827,Qorovul,Қоровул,Коровул,Qorovul,false
BU-258001,BU-258,1706258,1706258001,205876903,G‘ulomte,Ғуломте,Ғуломте,Ǵulomte,false
BU-258002,BU-258,1706258,1706258002,202593815,Juynav,Жуйнав,Жуйнав,Juynav,false
BU-258003,BU-258,1706258,1706258003,203974972,Iskogare,Искогаре,Искогаре,Iskogare,false
BU-258004,BU-258,1706258,1706258004,202848306,Qalmaqon,Қалмақон,Қалмақон,Qalmaqon,false
BU-258005,BU-258,1706258,1706258005,206952111,Quyi chuqurak,Қуйи чуқурак,Қуйи чуқурак,Quyi chuqurak,false
BU-258006,BU-258,1706258,1706258006,206240927,Qo‘rg‘oni vardonze,Қўрғони вардонзе,Қўрғони вардонзе,Qórǵoni vardonze,false
BU-258007,BU-258,1706258,1706258007,203974964,Talisafed,Талисафед,Талисафед,Talisafed,false
BU-258008,BU-258,1706258,0,,Sh.rashidov,Ш.рашидов,Ш.рашидов,Sh.rashidov,true
BU-258009,BU-258,1706258,1706258009,205712465,Chuqurak,Чуқурак,Чуқурак,Chuqurak,false
BU-258010,BU-258,1706258,1706258010,205963430,Yangiqishloq,Янгиқишлоқ,Янгикишлок,Yangiqishloq,false
BU-258011,BU-258,1706258,1706258011,206944628,Arabxona,Арабхона,Арабхона,Arabxona,false
BU-258012,BU-258,1706258,1706258012,205842984,Boboato,Бобоато,Бобоато,Boboato,false
BU-258013,BU-258,1706258,1706258013,202593847,Bobur,Бобур,Бобур,Bobur,false
BU-258014,BU-258,1706258,1706258014,203974878,Bog‘iafzal,Боғиафзал,Боғиафзал,Boǵiafzal,false
BU-258015,BU-258,1706258,1706258015,203974957,Jilvon,Жилвон,Жилвон,Jilvon,false
BU-258016,BU-258,1706258,0,,Jo‘sho‘ra,Жўшўра,Жўшўра,Jóshóra,true
BU-258017,BU-258,1706258,1706258017,203974918,Mirzoqul,Мирзоқул,Мирзоқул,Mirzoqul,false
BU-258018,BU-258,1706258,1706258018,205806584,Pashmon,Пашмон,Пашмон,Pashmon,false
BU-258019,BU-258,1706258,1706258019,202593862,Mazlaxon chandir,Мазлахон чандир,Мазлахон чандир,Mazlaxon chandir,false
BU-258020,BU-258,1706258,0,,Chitgaron,Читгарон,Читгарон,Chitgaron,true
BU-258021,BU-258,1706258,1706258021,202848345,Shodlik,Шодлик,Шодлик,Shodlik,false
BU-258022,BU-258,1706258,1706258022,202848353,Denov,Денов,Денов,Denov,false
BU-258023,BU-258,1706258,1706258023,206932509,Dorigar,Доригар,Доригар,Dorigar,false
BU-258024,BU-258,1706258,1706258024,202593854,Do‘rmon,Дўрмон,Дўрмон,Dórmon,false
BU-258025,BU-258,1706258,0,,Jo‘yrabot,Жўйработ,Жўйработ,Jóyrabot,true
BU-258026,BU-258,1706258,1706258026,202848321,Zarchabek,Зарчабек,Зарчабек,Zarchabek,false
BU-258027,BU-258,1706258,1706258027,206695660,Kalon,Калон,Калон,Kalon,false
BU-258028,BU-258,1706258,1706258028,206794070,Ko‘rishkent,Кўришкент,Кўришкент,Kórishkent,false
BU-258029,BU-258,1706258,1706258029,203974885,Qayrag‘och,Қайрағоч,Кайрагоч,Qayraǵoch,false
BU-258030,BU-258,1706258,0,,Mahallakozi,Маҳаллакози,Маҳаллакози,Mahallakozi,true
BU-258031,BU-258,1706258,1706258031,206932516,Mingchinor,Мингчинор,Мингчинор,Mingchinor,false
BU-258032,BU-258,1706258,0,,Navbaxor,Навбахор,Навбахор,Navbaxor,true
BU-258033,BU-258,1706258,1706258033,207037679,Nekkishi,Неккиши,Неккиши,Nekkishi,false
BU-258034,BU-258,1706258,1706258034,205567203,Pattaxon,Паттахон,Паттахон,Pattaxon,false
BU-258035,BU-258,1706258,1706258035,206450974,Sultonobod,Султонобод,Султонобод,Sultonobod,false
BU-258036,BU-258,1706258,1706258036,205140079,Temirchi,Темирчи,Темирчи,Temirchi,false
BU-258037,BU-258,1706258,1706258037,205318979,Xorin,Хорин,Хорин,Xorin,false
BU-258038,BU-258,1706258,1706258038,203974893,Shibirg‘on,Шибирғон,Шибирғон,Shibirǵon,false
BU-258039,BU-258,1706258,1706258039,202593790,Alisher navoiy,Алишер навоий,Алишер Навоий,Alisher navoiy,false
BU-258040,BU-258,1706258,0,,Boboxaydar,Бобохайдар,Бобохайдар,Boboxaydar,true
BU-258041,BU-258,1706258,1706258041,206667229,Guliston,Гулистон,Гулистон,Guliston,false
BU-258042,BU-258,1706258,1706258042,203974933,Kotiyon,Котиён,Котиён,Kotiyon,false
BU-258043,BU-258,1706258,1706258043,206923036,Nurafshon,Нурафшон,Нурафшон,Nurafshon,false
BU-258044,BU-258,1706258,1706258044,202848314,Savrak,Саврак,Саврак,Savrak,false
BU-258045,BU-258,1706258,1706258045,205736744,Talisangobod,Талисангобод,Талисангобод,Talisangobod,false
BU-258046,BU-258,1706258,1706258046,202593808,Tezguzar,Тезгузар,Тезгузар,Tezguzar,false
BU-258047,BU-258,1706258,1706258047,202593823,Tinchlik,Тинчлик,Тинчлик,Tinchlik,false
BU-258048,BU-258,1706258,0,,Xorkash,Хоркаш,Хоркаш,Xorkash,true
BU-258049,BU-258,1706258,1706258049,202848298,Xo‘ja orif,Хўжа ориф,Хожа Ориф,Xója orif,false
BU-258050,BU-258,1706258,1706258050,205763141,Paxtaobod,Пахтаобод,Пахтаобод,Paxtaobod,false
BU-20080047,BU-258,1706258,1706258008,202593783,Sharof rashidov,Шароф рашидов,Шароф Рашидов,Sharof rashidov,false
BU-20080026,BU-258,1706258,1706258030,203974861,Mahallaqozi,Маҳаллақози,Махаллакози,Mahallaqozi,false
BU-20080014,BU-258,1706258,1706258025,202593830,Joyrabod,Жойрабод,Жойрабод,Joyrabod,false
BU-20080015,BU-258,1706258,1706258016,205723981,Jo‘shura,Жўшура,Жушура,Jóshura,false
BU-20080004,BU-258,1706258,1706258040,203974925,Bobohaydar,Бобоҳайдар,Бобоҳайдар,Bobohaydar,false
BU-20080045,BU-258,1706258,1706258020,203974901,Chitkaron,Читкарон,Читкарон,Chitkaron,false
BU-20080029,BU-258,1706258,1706258032,205859528,Navbahor,Навбаҳор,Навбаҳор,Navbahor,false
BU-259999,BU-259,0,0,,Mahalla aniqlanmagan,Маҳалла аниқланмаган,Махалля не определена,Máhálle anıqlanbaǵan,true
BU-260999,BU-260,0,0,,Mahalla aniqlanmagan,Маҳалла аниқланмаган,Махалля не определена,Máhálle anıqlanbaǵan,true
BU-401001,BU-401,1706401,0,,M.Narshaxiy,М.наршахий,М.наршахий,M.Narshaxiy,true
BU-401002,BU-401,1706401,0,,S.Boxarziy,С.бохарзий,С.бохарзий,S.Boxarziy,true
BU-401003,BU-401,1706401,1706401003,203284272,Furkat,Фуркат,Фуркат,Furkat,false
BU-401004,BU-401,1706401,0,,A.Navoiy,А.навоий,А.навоий,A.Navoiy,true
BU-401005,BU-401,1706401,0,,G‘.g‘ulom,Ғ.ғулом,Ғ.ғулом,Ǵ.ǵulom,true
BU-401006,BU-401,1706401,1706401006,202301339,Ko‘kaldosh,Кўкалдош,Кўкалдош,Kókaldosh,false
BU-401007,BU-401,1706401,0,,I.Buxoriy,И.бухорий,И.бухорий,I.Buxoriy,true
BU-401008,BU-401,1706401,0,,Xamid olimjon,Хамид олимжон,Хамид олимжон,Xamid olimjon,true
BU-401009,BU-401,1706401,0,,J.Ikromiy,Ж.икромий,Ж.икромий,J.Ikromiy,true
BU-401010,BU-401,1706401,0,,A. fitrat,А. фитрат,А. фитрат,A. fitrat,true
BU-401011,BU-401,1706401,0,,S.Sheroziy,С.шерозий,С.шерозий,S.Sheroziy,true
BU-401012,BU-401,1706401,1706401012,202325846,Xo‘ja g‘unjoriy,Хўжа ғунжорий,Хужа Гунжорий,Xója ǵunjoriy,false
BU-401013,BU-401,1706401,1706401013,202301314,Jo‘bor,Жўбор,Жўбор,Jóbor,false
BU-401014,BU-401,1706401,1706401014,202459379,Abu ali ibn sino,Абу али ибн сино,Абу Али Ибн Сино,Abu ali ibn sino,false
BU-401015,BU-401,1706401,1706401015,202900108,Nizomiy ganjaviy,Низомий ганжавий,Низомий Ганжавий,Nizomiy ganjaviy,false
BU-401016,BU-401,1706401,1706401016,202320212,Muxtor ashrafiy,Мухтор ашрафий,Мухтор Ашрафий,Muxtor ashrafiy,false
BU-401017,BU-401,1706401,0,,S. rahimov,С. раҳимов,С. раҳимов,S. rahimov,true
BU-401018,BU-401,1706401,1706401018,202301457,Dilkusho,Дилкушо,Дилкушо,Dilkusho,false
BU-401019,BU-401,1706401,0,,F.Xujaev,Ф.хужаев,Ф.хужаев,F.Xujaev,true
BU-401020,BU-401,1706401,0,,Mirzo ulug‘bek,Мирзо улуғбек,Мирзо улуғбек,Mirzo uluǵbek,true
BU-401021,BU-401,1706401,1706401021,202903934,Shergiron,Шергирон,Шергирон,Shergiron,false
BU-401022,BU-401,1706401,1706401022,202889754,Chorbaxossa,Чорбахосса,Чорбахосса,Chorbaxossa,false
BU-401023,BU-401,1706401,1706401023,203284233,Ko‘ksaroy,Кўксарой,Кўксарой,Kóksaroy,false
BU-401024,BU-401,1706401,1706401024,202889761,Shayx-ul olam,Шайх-ул олам,Шайхул Олам,Shayx-ul olam,false
BU-401025,BU-401,1706401,1706401025,202301433,Sitorai moxi-xossa,Ситораи мохи-хосса,Ситораи мохи хосса,Sitorai moxi-xossa,false
BU-401026,BU-401,1706401,1706401026,202354011,Turki jandi,Турки жанди,Турки жанди,Turki jandi,false
BU-401027,BU-401,1706401,1706401027,202393082,Sharq yulduzi,Шарқ юлдузи,Шарқ юлдузи,Sharq yulduzi,false
BU-401028,BU-401,1706401,0,,M.Burxonov,М.бурхонов,М.бурхонов,M.Burxonov,true
BU-401029,BU-401,1706401,1706401029,202408963,Gulchorbog‘,Гулчорбоғ,Гулчорбоғ,Gulchorboǵ,false
BU-401030,BU-401,1706401,1706401030,202301361,Xavzi-nav,Хавзи-нав,Хавзи-нав,Xavzi-nav,false
BU-401031,BU-401,1706401,1706401031,202301378,Yangiobod,Янгиобод,Янгиобод,Yangiobod,false
BU-401032,BU-401,1706401,1706401032,202407695,Guliston,Гулистон,Гулистон,Guliston,false
BU-401033,BU-401,1706401,0,,A .g‘ijduvoniy,А .ғиждувоний,А .ғиждувоний,A .ǵijduvoniy,true
BU-401034,BU-401,1706401,1706401034,203380383,Navro‘z,Наврўз,Наврўз,Navróz,false
BU-401035,BU-401,1706401,1706401035,203666990,Bunyodkor,Бунёдкор,Бунёдкор,Bunyodkor,false
BU-401036,BU-401,1706401,1706401036,203631900,Zarafshon,Зарафшон,Зарафшон,Zarafshon,false
BU-401037,BU-401,1706401,0,,A. temur,А. темур,А. темур,A. temur,true
BU-401038,BU-401,1706401,1706401038,203641643,Piridastgir,Пиридастгир,Пиридастгир,Piridastgir,false
BU-401039,BU-401,1706401,1706401039,203044547,Shodlik,Шодлик,Шодлик,Shodlik,false
BU-401040,BU-401,1706401,0,,R.Xamroev,Р.хамроев,Р.хамроев,R.Xamroev,true
BU-401041,BU-401,1706401,1706401041,204103091,Gulshan,Гулшан,Гулшан,Gulshan,false
BU-401042,BU-401,1706401,1706401042,203702867,Varaxsha,Варахша,Варахша,Varaxsha,false
BU-401043,BU-401,1706401,0,,O.Xo‘jaev,О.хўжаев,О.хўжаев,O.Xójaev,true
BU-401044,BU-401,1706401,1706401044,204101142,To‘qimachi,Тўқимачи,Тўқимачи,Tóqimachi,false
BU-401045,BU-401,1706401,1706401045,204960809,Foshun,Фошун,Фошун,Foshun,false
BU-401046,BU-401,1706401,1706401046,203894559,Do‘stlik,Дўстлик,Дўстлик,Dóstlik,false
BU-401047,BU-401,1706401,1706401047,204099557,Istiqlol,Истиқлол,Истиқлол,Istiqlol,false
BU-401048,BU-401,1706401,1706401048,204099540,Yoshlik,Ёшлик,Ёшлик,Yoshlik,false
BU-401049,BU-401,1706401,1706401049,203359960,Navbaxor,Навбахор,Навбахор,Navbaxor,false
BU-401050,BU-401,1706401,1706401050,203269836,Namozgoh,Намозгоҳ,Намозгоҳ,Namozgoh,false
BU-401051,BU-401,1706401,0,,B.Nakshband,Б.накшбанд,Б.накшбанд,B.Nakshband,true
BU-401052,BU-401,1706401,1706401052,203035050,Avshormaxalla,Авшормахалла,Авшор махалла,Avshormaxalla,false
BU-401053,BU-401,1706401,0,,M.Tarobiy,М.таробий,М.таробий,M.Tarobiy,true
BU-401054,BU-401,1706401,1706401054,204099572,Losha,Лоша,Лоша,Losha,false
BU-401055,BU-401,1706401,0,,S.Ayniy,С.айний,С.айний,S.Ayniy,true
BU-401056,BU-401,1706401,1706401056,204858767,Axmad donish,Ахмад дониш,Ахмад Дониш,Axmad donish,false
BU-401057,BU-401,1706401,0,,Bihishtiyon,Биҳиштиён,Биҳиштиён,Bihishtiyon,true
BU-401058,BU-401,1706401,1706401058,205748515,Toshmachit,Тошмачит,Тошмачит,Toshmachit,false
BU-401059,BU-401,1706401,1706401059,205819133,Oybek,Ойбек,Ойбек,Oybek,false
BU-401060,BU-401,1706401,1706401060,205757274,Xo‘jamushkin,Хўжамушкин,Хўжамушкин,Xójamushkin,false
BU-401061,BU-401,1706401,0,,Bog‘dash,Боғдаш,Боғдаш,Boǵdash,true
BU-401062,BU-401,1706401,0,,A.Sifatmuniy,А.сифатмуний,А.сифатмуний,A.Sifatmuniy,true
BU-401063,BU-401,1706401,0,,Sheyxon,Шейхон,Шейхон,Sheyxon,true
BU-401064,BU-401,1706401,1706401064,202320275,Otbozor,Отбозор,Отбозор,Otbozor,false
BU-401065,BU-401,1706401,1706401065,202889785,Shirbudin,Ширбудин,Ширбудин,Shirbudin,false
BU-20120011,BU-401,1706401,1706401061,205748508,Bog‘idasht,Боғидашт,Боғидашт,Boǵidasht,false
BU-20120006,BU-401,1706401,1706401037,202325839,Amir temur,Амир темур,Амир Темур,Amir temur,false
BU-20120029,BU-401,1706401,1706401053,203032277,Maxmud tarobiy,Махмуд таробий,Махмуд Тароби,Maxmud tarobiy,false
BU-20120005,BU-401,1706401,1706401004,203402156,Alisher navoiy,Алишер навоий,Алишер Навоий,Alisher navoiy,false
BU-20120002,BU-401,1706401,1706401010,203310990,Abdurauf fitrat,Абдурауф фитрат,Абдурауф Фитрат,Abdurauf fitrat,false
BU-20120030,BU-401,1706401,1706401020,202909878,Ulug‘bek,Улуғбек,Улуғбек,Uluǵbek,false
BU-20120051,BU-401,1706401,1706401019,202338133,Fayzullo xo‘jayev,Файзулло хўжаев,Файзулло Хўжаев,Fayzullo xójayev,false
BU-20120021,BU-401,1706401,1706401009,202301346,Jalol ikromiy,Жалол икромий,Жалол Икромий,Jalol ikromiy,false
BU-20120046,BU-401,1706401,1706401055,203579964,Sadriddin ayniy,Садриддин айний,Садриддин Айний,Sadriddin ayniy,false
BU-20120045,BU-401,1706401,1706401011,202301440,Sa‘di sheroziy,Саъди шерозий,Саъди Шерозий,Sa‘di sheroziy,false
BU-20120010,BU-401,1706401,1706401057,205781706,Bixishtiyon,Бихиштиён,Бихиштиён,Bixishtiyon,false
BU-20120047,BU-401,1706401,1706401017,202313133,Sobir raximov,Собир рахимов,Собир Рахимов,Sobir raximov,false
BU-20120059,BU-401,1706401,1706401063,205805665,Shayxon,Шайхон,Шайхон,Shayxon,false
BU-20120001,BU-401,1706401,1706401062,205835336,Abduloyi sifatmuniy,Абдулойи сифатмуний,Абдулойи Сифатмуний,Abduloyi sifatmuniy,false
BU-20120033,BU-401,1706401,1706401001,202301385,Muxammad narshaxiy,Мухаммад наршахий,Мухаммад Наршахий,Muxammad narshaxiy,false
BU-20120040,BU-401,1706401,1706401043,202588504,Olim xo‘jayev,Олим хўжаев,Олим Хўжаев,Olim xójayev,false
BU-20120024,BU-401,1706401,1706401007,202301425,Imom al-buxoriy,Имом ал-бухорий,Имом Аль-Бухори,Imom al-buxoriy,false
BU-20120032,BU-401,1706401,1706401028,202408955,Mutavakkil burxonov,Мутаваккил бурхонов,Мутаваккил Бурхонов,Mutavakkil burxonov,false
BU-20120003,BU-401,1706401,1706401033,204842463,Abdulholiq g‘ijduvoniy,Абдулҳолиқ ғиждувоний,Абдулҳолиқ Ғиждувоний,Abdulholiq ǵijduvoniy,false
BU-20120055,BU-401,1706401,1706401008,203284240,Hamid olimjon,Ҳамид олимжон,Ҳамид Олимжон,Hamid olimjon,false
BU-20120009,BU-401,1706401,1706401051,203663552,Bahouddin naqshband,Баҳоуддин нақшбанд,Баҳоуддин Нақшбанд,Bahouddin naqshband,false
BU-20120044,BU-401,1706401,1706401002,203337799,Sayfiddin baxorziy,Сайфиддин бахорзий,Сайфиддин Бахорзий,Sayfiddin baxorziy,false
BU-20120014,BU-401,1706401,1706401005,202301322,G‘afur g‘ulom,Ғафур ғулом,Ғафур Ғулом,Ǵafur ǵulom,false
BU-20120043,BU-401,1706401,1706401040,203369119,Razzoq xamraev,Раззоқ хамраев,Раззок Хамраев,Razzoq xamraev,false
BU-403001,BU-403,1706403,1706403001,202914667,Arabxona,Арабхона,Арабхона,Arabxona,false
BU-403002,BU-403,1706403,1706403002,202914674,Bunyodkor,Бунёдкор,Бунёдкор,Bunyodkor,false
BU-403003,BU-403,1706403,1706403003,202914682,Maxtumquli,Махтумқули,Махтумқули,Maxtumquli,false
BU-403004,BU-403,1706403,0,,Zirobod,Зиробод,Зиробод,Zirobod,true
BU-403005,BU-403,1706403,0,,Furqat,Фурқат,Фурқат,Furqat,true
BU-403006,BU-403,1706403,0,,A.Qodiriy,А.қодирий,А.қодирий,A.Qodiriy,true
BU-403007,BU-403,1706403,0,,A.Navoiy,А.навоий,А.навоий,A.Navoiy,true
BU-403008,BU-403,1706403,1706403008,202685454,Ziyokor,Зиёкор,Зиёкор,Ziyokor,false
BU-403009,BU-403,1706403,1706403009,202914722,Xo‘jabargi,Хўжабарги,Хўжабарги,Xójabargi,false
BU-403010,BU-403,1706403,1706403010,202685423,Bobur,Бобур,Бобур,Bobur,false
BU-403011,BU-403,1706403,1706403011,202914739,Adolat,Адолат,Адолат,Adolat,false
BU-403012,BU-403,1706403,1706403012,202914746,Temiryo‘lchi,Темирйўлчи,Темирйўлчи,Temiryólchi,false
BU-403013,BU-403,1706403,0,,A.Temur,А.темур,А.темур,A.Temur,true
BU-403014,BU-403,1706403,1706403014,202914754,Istiqlol,Истиқлол,Истиқлол,Istiqlol,false
BU-403015,BU-403,1706403,0,,Navzirobod,Навзиробод,Навзиробод,Navzirobod,true
BU-403016,BU-403,1706403,0,,B.Sharif,Б.шариф,Б.шариф,B.Sharif,true
BU-403017,BU-403,1706403,0,,Do‘stlik,Дўстлик,Дўстлик,Dóstlik,true
BU-403018,BU-403,1706403,1706403018,204986901,Beruniy,Беруний,Беруний,Beruniy,false
BU-403019,BU-403,1706403,1706403019,204986893,Turkiston,Туркистон,Туркистон,Turkiston,false
BU-403020,BU-403,1706403,0,,M.Ulug‘bek,М.улуғбек,М.улуғбек,M.Uluǵbek,true
BU-403021,BU-403,1706403,1706403021,204957098,Mustaqillik,Мустақиллик,Мустақиллик,Mustaqillik,false
BU-403022,BU-403,1706403,1706403022,306432960,Vatanparvar,Ватанпарвар,Ватанпарвар,Vatanparvar,false
BU-20140004,BU-403,1706403,1706403013,202014268,Amir temur,Амир темур,Амир Темур,Amir temur,false
BU-20140001,BU-403,1706403,1706403006,202914714,Abdulla qodiriy,Абдулла қодирий,Абдулла Қодирий,Abdulla qodiriy,false
BU-20140016,BU-403,1706403,1706403020,204960903,Mirzo ulug‘bek,Мирзо улуғбек,Мирзо Улугбек,Mirzo uluǵbek,false
BU-20140013,BU-403,1706403,1706403004,202914707,Zirabod,Зирабод,Зирабод,Zirabod,false
BU-20140003,BU-403,1706403,1706403007,202663688,Alisher navoiy,Алишер навоий,Алишер Навоий,Alisher navoiy,false
BU-20140009,BU-403,1706403,1706403016,202271930,Buxoroyi sharif,Бухоройи шариф,Бухоройи Шариф,Buxoroyi sharif,false
BU-404999,BU-404,0,0,,Mahalla aniqlanmagan,Маҳалла аниқланмаган,Махалля не определена,Máhálle anıqlanbaǵan,true
BU-405999,BU-405,0,0,,Mahalla aniqlanmagan,Маҳалла аниқланмаган,Махалля не определена,Máhálle anıqlanbaǵan,true
FA-203001,FA-203,1730203,0,,Oltiariq,Олтиариқ,Олтиариқ,Oltiariq,true
FA-203002,FA-203,1730203,1730203024,203248878,Toshkent,Тошкент,Тошкент,Toshkent,false
FA-203003,FA-203,1730203,1730203025,203268609,Shodlik,Шодлик,Шодлик,Shodlik,false
FA-203004,FA-203,1730203,1730203026,203248861,Bug‘doychi,Буғдойчи,Бугдойчи,Buǵdoychi,false
FA-203005,FA-203,1730203,1730203027,203248885,Bozorboshi,Бозорбоши,Бозорбоши,Bozorboshi,false
FA-203006,FA-203,1730203,0,,Guliston,Гулистон,Гулистон,Guliston,true
FA-203007,FA-203,1730203,1730203002,203268569,Yangixayot,Янгихаёт,Янги хаёт,Yangixayot,false
FA-203008,FA-203,1730203,1730203003,203268584,Obod,Обод,Обод,Obod,false
FA-203009,FA-203,1730203,1730203004,203268591,Tinchlik,Тинчлик,Тинчлик,Tinchlik,false
FA-203010,FA-203,1730203,0,,X.Olimjon,Х.олимжон,Х.олимжон,X.Olimjon,true
FA-203011,FA-203,1730203,1730203006,203248846,Navoiy,Навоий,Навоий,Navoiy,false
FA-203012,FA-203,1730203,0,,O‘zbekiston,Ўзбекистон,Ўзбекистон,Ózbekiston,true
FA-203013,FA-203,1730203,1730203063,202486385,Fayziobod,Файзиобод,Файзиобод,Fayziobod,false
FA-203014,FA-203,1730203,1730203064,203253366,Yangiturmush,Янгитурмуш,Янгитурмуш,Yangiturmush,false
FA-203015,FA-203,1730203,1730203065,203543804,Shodiyona,Шодиёна,Шодиёна,Shodiyona,false
FA-203016,FA-203,1730203,1730203066,203253381,Jarariq,Жарариқ,Жарарик,Jarariq,false
FA-203017,FA-203,1730203,1730203067,203253374,Ustoz,Устоз,Устоз,Ustoz,false
FA-203018,FA-203,1730203,1730203068,203290875,Zilxa,Зилха,Зилха,Zilxa,false
FA-203019,FA-203,1730203,1730203069,203245035,Tegirmonboshi,Тегирмонбоши,Тегирмонбоши,Tegirmonboshi,false
FA-203020,FA-203,1730203,1730203070,203248807,Navqiron,Навқирон,Навкирон,Navqiron,false
FA-203021,FA-203,1730203,1730203071,203248767,Oqbo‘yra,Оқбўйра,Окбуйра,Oqbóyra,false
FA-203022,FA-203,1730203,1730203072,203248750,Qaxramon,Қахрамон,Кахрамон,Qaxramon,false
FA-203023,FA-203,1730203,1730203008,203247254,Povulg‘on,Повулғон,Повулгон,Povulǵon,false
FA-203024,FA-203,1730203,1730203009,203247261,Yangichek,Янгичек,Янгичек,Yangichek,false
FA-203025,FA-203,1730203,1730203010,203247278,Toshobod,Тошобод,Тошобод,Toshobod,false
FA-203026,FA-203,1730203,1730203011,203247222,Qapchug‘ay,Қапчуғай,Капчугай,Qapchuǵay,false
FA-203027,FA-203,1730203,0,,Quvirboshi,Қувирбоши,Қувирбоши,Quvirboshi,true
FA-203028,FA-203,1730203,1730203013,203247239,Sharq,Шарқ,Шарк,Sharq,false
FA-203029,FA-203,1730203,1730203014,202486393,Poloson,Полосон,Полосон,Poloson,false
FA-203030,FA-203,1730203,1730203015,203274070,Ibn sino,Ибн сино,Ибн Сино,Ibn sino,false
FA-203031,FA-203,1730203,1730203016,203274031,Muqimiy,Муқимий,Мукимий,Muqimiy,false
FA-203032,FA-203,1730203,1730203017,203274048,Beruniy,Беруний,Беруний,Beruniy,false
FA-203033,FA-203,1730203,1730203018,203296503,Do‘stlik,Дўстлик,Дустлик,Dóstlik,false
FA-203034,FA-203,1730203,1730203019,203274063,Yoshlik,Ёшлик,Ёшлик,Yoshlik,false
FA-203035,FA-203,1730203,1730203020,203274016,Olmazor,Олмазор,Олмазор,Olmazor,false
FA-203036,FA-203,1730203,1730203021,203274055,Jonibek,Жонибек,Жонибек,Jonibek,false
FA-203037,FA-203,1730203,0,,Ko‘lbuyi,Кўлбуйи,Кўлбуйи,Kólbuyi,true
FA-203038,FA-203,1730203,1730203029,203248854,Oq oltin,Оқ олтин,Ок олтин,Oq oltin,false
FA-203039,FA-203,1730203,1730203030,203257297,Xo‘jaqo‘rg‘on,Хўжақўрғон,Хужакургон,Xójaqórǵon,false
FA-203040,FA-203,1730203,1730203031,203257320,Bo‘ston,Бўстон,Бустон,Bóston,false
FA-203041,FA-203,1730203,1730203032,203257337,Ko‘mirchi,Кўмирчи,Кумирчи,Kómirchi,false
FA-203042,FA-203,1730203,1730203033,203257305,Zarxal,Зархал,Зархал,Zarxal,false
FA-203043,FA-203,1730203,1730203034,203257273,Mirfozil,Мирфозил,Мирфозил,Mirfozil,false
FA-203044,FA-203,1730203,1730203035,203257344,Chinortagi,Чинортаги,Чинортаги,Chinortagi,false
FA-203045,FA-203,1730203,1730203036,203257265,Uzumchi,Узумчи,Узумчи,Uzumchi,false
FA-203046,FA-203,1730203,1730203037,203272675,Yangiqo‘rg‘on,Янгиқўрғон,Янгикургон,Yangiqórǵon,false
FA-203047,FA-203,1730203,1730203038,203272715,Yuksalish,Юксалиш,Юксалиш,Yuksalish,false
FA-203048,FA-203,1730203,1730203039,203272683,Usmonobod,Усмонобод,Усмонобод,Usmonobod,false
FA-203049,FA-203,1730203,1730203040,203272690,Maorif,Маориф,Маориф,Maorif,false
FA-203050,FA-203,1730203,1730203041,203272730,Beglar,Беглар,Беглар,Beglar,false
FA-203051,FA-203,1730203,1730203042,203272708,Navbaxor,Навбахор,Навбахор,Navbaxor,false
FA-203052,FA-203,1730203,1730203044,203268710,Jo‘rak,Жўрак,Журак,Jórak,false
FA-203053,FA-203,1730203,1730203045,203268742,Mustaqillik,Мустақиллик,Мустакиллик,Mustaqillik,false
FA-203054,FA-203,1730203,1730203046,203268734,Sertut,Сертут,Сертут,Sertut,false
FA-203055,FA-203,1730203,1730203047,203268759,Farovon,Фаровон,Фаровон,Farovon,false
FA-203056,FA-203,1730203,1730203048,203245028,G‘ayrat,Ғайрат,Гайрат,Ǵayrat,false
FA-203057,FA-203,1730203,1730203049,203245074,Birlashgan,Бирлашган,Бирлашган,Birlashgan,false
FA-203058,FA-203,1730203,1730203050,203245067,Jarqo‘rg‘on,Жарқўрғон,Жаркургон,Jarqórǵon,false
FA-203059,FA-203,1730203,1730203051,203290890,Qo‘rg‘oncha,Қўрғонча,Кургонча,Qórǵoncha,false
FA-203060,FA-203,1730203,1730203052,203245082,Istiqlol,Истиқлол,Истиклол,Istiqlol,false
FA-203061,FA-203,1730203,1730203053,203245043,Eskiarab,Ескиараб,Эскиараб,Eskiarab,false
FA-203062,FA-203,1730203,1730203054,203259563,Yangiarab,Янгиараб,Янгиараб,Yangiarab,false
FA-203063,FA-203,1730203,1730203055,203259570,Chordara,Чордара,Чордара,Chordara,false
FA-203064,FA-203,1730203,1730203056,203259594,Bunyodkor,Бунёдкор,Бунёдкор,Bunyodkor,false
FA-203065,FA-203,1730203,1730203057,203248782,Shalola,Шалола,Шалола,Shalola,false
FA-203066,FA-203,1730203,1730203058,203248799,Gulobod,Гулобод,Гулобод,Gulobod,false
FA-203067,FA-203,1730203,1730203059,203296510,Zilol,Зилол,Зилол,Zilol,false
FA-203068,FA-203,1730203,1730203060,203259524,Yangiariq,Янгиариқ,Янгиарик,Yangiariq,false
FA-203069,FA-203,1730203,1730203061,203259531,Katput,Катпут,Катпут,Katput,false
FA-203070,FA-203,1730203,1730203062,203259548,Tolko‘cha,Толкўча,Толкуча,Tolkócha,false
FA-203071,FA-203,1730203,1730203043,203268694,Azimobod,Азимобод,Азимобод,Azimobod,false
FA-203072,FA-203,1730203,1730203022,203268631,Qiziltepa,Қизилтепа,Кизилтепа,Qiziltepa,false
FA-15070028,FA-203,1730203,1730203028,203257313,Ko‘lbo‘yi,Кўлбўйи,Кулбуйи,Kólbóyi,false
FA-15070027,FA-203,1730203,1730203012,203247246,Quvurboshi,Қувурбоши,Кувурбоши,Quvurboshi,false
FA-15070057,FA-203,1730203,1730203005,203268576,Xamid olimjon,Хамид олимжон,Хамид Олимжон,Xamid olimjon,false
FA-206001,FA-206,1730206,1730206002,204006900,Qiyqi,Қийқи,Кийки,Qiyqi,false
FA-206002,FA-206,1730206,1730206005,204006924,Soybo‘yi,Сойбўйи,Сой буйи,Soybóyi,false
FA-206003,FA-206,1730206,1730206003,204006917,Karnaychi,Карнайчи,Карнайчи,Karnaychi,false
FA-206004,FA-206,1730206,1730206004,204755469,Yangido‘kon,Янгидўкон,Янги дукон,Yangidókon,false
FA-206005,FA-206,1730206,1730206001,204006884,Soxibkor,Сохибкор,Сохибкор,Soxibkor,false
FA-206006,FA-206,1730206,1730206006,206961529,Istiqbol,Истиқбол,Истикбол,Istiqbol,false
FA-206007,FA-206,1730206,1730206013,204009263,Nurafshon,Нурафшон,Нурафшон,Nurafshon,false
FA-206008,FA-206,1730206,1730206012,204011753,Oqtepa,Оқтепа,Октепа,Oqtepa,false
FA-206009,FA-206,1730206,1730206011,204011745,Yo‘ldoshobod,Йўлдошобод,Йулдошобод,Yóldoshobod,false
FA-206010,FA-206,1730206,1730206015,305452225,Qayrag‘och,Қайрағоч,Кайрагоч,Qayraǵoch,false
FA-206011,FA-206,1730206,1730206007,204005031,Namuna,Намуна,Намуна,Namuna,false
FA-206012,FA-206,1730206,1730206009,305464305,Qamishtepa,Қамиштепа,Камиштепа,Qamishtepa,false
FA-206013,FA-206,1730206,1730206008,204006845,Qumtepa,Қумтепа,Кумтепа,Qumtepa,false
FA-206014,FA-206,1730206,1730206014,204005048,Qizilariq,Қизилариқ,Кизиларик,Qizilariq,false
FA-206015,FA-206,1730206,1730206010,204006892,G‘ishtmon,Ғиштмон,Гиштмон,Ǵishtmon,false
FA-206016,FA-206,1730206,0,,Sarmazor,Сармазор,Сармазор,Sarmazor,true
FA-206017,FA-206,1730206,1730206021,204022154,Eshonguzar,Ешонгузар,Эшонгузар,Eshonguzar,false
FA-206018,FA-206,1730206,1730206022,204022161,Balandmasjid,Баландмасжид,Баланд масжид,Balandmasjid,false
FA-206019,FA-206,1730206,1730206028,204022139,Quvurboshi,Қувурбоши,Кувурбоши,Quvurboshi,false
FA-206020,FA-206,1730206,1730206023,207196506,Xumdon,Хумдон,Хумдон,Xumdon,false
FA-206021,FA-206,1730206,1730206024,204028952,O‘qchi,Ўқчи,Укчи,Óqchi,false
FA-206022,FA-206,1730206,1730206016,204028944,O‘rta-o‘qchi,Ўрта-ўқчи,Урта Укчи,Órta-óqchi,false
FA-206023,FA-206,1730206,1730206017,204011760,Kattaboltako‘l,Каттаболтакўл,Каттаболтакул,Kattaboltakól,false
FA-206024,FA-206,1730206,1730206018,204006932,Vatan,Ватан,Ватан,Vatan,false
FA-206025,FA-206,1730206,0,,Bo‘ston,Бўстон,Бўстон,Bóston,true
FA-206026,FA-206,1730206,1730206025,204013924,Qoraqushchi,Қорақушчи,Коракушчи,Qoraqushchi,false
FA-206027,FA-206,1730206,1730206026,204013917,Kattabeshkapa,Каттабешкапа,Катта Бешкапа,Kattabeshkapa,false
FA-206028,FA-206,1730206,1730206027,204006853,Kichikbeshkapa,Кичикбешкапа,Кичик Бешкапа,Kichikbeshkapa,false
FA-206029,FA-206,1730206,1730206030,204028937,Shodlik,Шодлик,Шодлик,Shodlik,false
FA-206030,FA-206,1730206,1730206032,202871484,Qorakaltak,Қоракалтак,Коракалтак,Qorakaltak,false
FA-206031,FA-206,1730206,1730206031,202871477,Langar,Лангар,Лангар,Langar,false
FA-206032,FA-206,1730206,1730206035,204025964,Loyson,Лойсон,Лойсон,Loyson,false
FA-206033,FA-206,1730206,1730206036,204011777,Dehqonobod,Деҳқонобод,Дехконобод,Dehqonobod,false
FA-206034,FA-206,1730206,1730206033,204009287,Shaxartepa,Шахартепа,Шахартепа,Shaxartepa,false
FA-206035,FA-206,1730206,1730206034,204009255,Shomirza,Шомирза,Шомирза,Shomirza,false
FA-206036,FA-206,1730206,1730206037,204024626,Paxtakor,Пахтакор,Пахтакор,Paxtakor,false
FA-206037,FA-206,1730206,0,,Barot,Барот,Барот,Barot,true
FA-206038,FA-206,1730206,1730206038,204024634,Garmdon,Гармдон,Гармдон,Garmdon,false
FA-206039,FA-206,1730206,1730206045,204013892,Istiqlol,Истиқлол,Истиклол,Istiqlol,false
FA-206040,FA-206,1730206,0,,Mumtoz,Мумтоз,Мумтоз,Mumtoz,true
FA-206041,FA-206,1730206,1730206043,204013884,Shakar,Шакар,Шакар,Shakar,false
FA-206042,FA-206,1730206,1730206040,204470279,Ko‘prikboshi,Кўприкбоши,Куприкбоши,Kóprikboshi,false
FA-206043,FA-206,1730206,1730206041,204013877,Qo‘rg‘oncha,Қўрғонча,Кургонча,Qórǵoncha,false
FA-206044,FA-206,1730206,1730206044,204013860,Yangiariq,Янгиариқ,Янги арик,Yangiariq,false
FA-206045,FA-206,1730206,1730206042,204013900,Fayz,Файз,Файз,Fayz,false
FA-206046,FA-206,1730206,1730206039,204011824,Solijonobod,Солижонобод,Солижонобод,Solijonobod,false
FA-206047,FA-206,1730206,0,,Xalqabod,Халқабод,Халқабод,Xalqabod,true
FA-206048,FA-206,1730206,1730206049,204006877,Qorajiyda,Қоражийда,Коражийда,Qorajiyda,false
FA-206049,FA-206,1730206,1730206050,206995454,Xo‘jaqishloq,Хўжақишлоқ,Хужакишлок,Xójaqishloq,false
FA-206050,FA-206,1730206,1730206046,204013932,Do‘stlik,Дўстлик,Дустлик,Dóstlik,false
FA-206051,FA-206,1730206,1730206047,204013949,Do‘rmon,Дўрмон,Дурмон,Dórmon,false
FA-15080042,FA-206,1730206,1730206048,204006860,Xalqobod,Халқобод,Халкобод,Xalqobod,false
FA-15080002,FA-206,1730206,1730206029,204024641,Borot,Борот,Борот,Borot,false
FA-15080035,FA-206,1730206,1730206020,204022146,Sarmozor,Сармозор,Сармозор,Sarmozor,false
FA-209001,FA-209,1730209,1730209001,304950105,Obod yurt,Обод юрт,Обод Юрт,Obod yurt,false
FA-209002,FA-209,1730209,1730209002,203552912,Xo‘jaqishloq,Хўжақишлоқ,Хужакишлок,Xójaqishloq,false
FA-209003,FA-209,1730209,0,,Mirishkor,Миришкор,Миришкор,Mirishkor,true
FA-209004,FA-209,1730209,1730209004,203552929,Qaroqchitol,Қароқчитол,Карокчитол,Qaroqchitol,false
FA-209005,FA-209,1730209,1730209005,203561370,Qorovultepa,Қоровултепа,Коровултепа,Qorovultepa,false
FA-209006,FA-209,1730209,1730209006,304951000,Namuna,Намуна,Намуна,Namuna,false
FA-209007,FA-209,1730209,1730209007,203561284,Qirqvolida,Қирқволида,Киркволида,Qirqvolida,false
FA-209008,FA-209,1730209,1730209008,203561355,Amirobod,Амиробод,Амиробод,Amirobod,false
FA-209009,FA-209,1730209,1730209009,203561291,Chekmirzaobod,Чекмирзаобод,Чекмирзаобод,Chekmirzaobod,false
FA-209010,FA-209,1730209,1730209010,203564540,Bog‘ishamol,Боғишамол,Богишамол,Boǵishamol,false
FA-209011,FA-209,1730209,1730209011,203574932,Qorako‘l,Қоракўл,Коракул,Qorakól,false
FA-209012,FA-209,1730209,1730209012,200158952,Matqulobod,Матқулобод,Маткулобод,Matqulobod,false
FA-209013,FA-209,1730209,1730209013,203574964,Cheksaroy,Чексарой,Чексарой,Cheksaroy,false
FA-209014,FA-209,1730209,1730209015,203561309,Maylaboy,Майлабой,Майлабой,Maylaboy,false
FA-209015,FA-209,1730209,1730209016,203561316,Sho‘roqer,Шўроқер,Шурокер,Shóroqer,false
FA-209016,FA-209,1730209,1730209017,203561324,Konizar,Конизар,Конизар,Konizar,false
FA-209017,FA-209,1730209,1730209018,203561331,Mirzaobod,Мирзаобод,Мирзаобод,Mirzaobod,false
FA-209018,FA-209,1730209,1730209019,207156468,Yuqori mirzaobod,Юқори мирзаобод,Юкори Мирзаобод,Yuqori mirzaobod,false
FA-209019,FA-209,1730209,0,,Sayidobod,Сайидобод,Сайидобод,Sayidobod,true
FA-209020,FA-209,1730209,1730209021,203579316,Samarqand,Самарқанд,Самарканд,Samarqand,false
FA-209021,FA-209,1730209,1730209022,203579291,Mexnatobod,Мехнатобод,Мехнатобод,Mexnatobod,false
FA-209022,FA-209,1730209,1730209023,200158991,Bag‘dod,Бағдод,Багдод,Baǵdod,false
FA-209023,FA-209,1730209,0,,Paxtaobod,Пахтаобод,Пахтаобод,Paxtaobod,true
FA-209024,FA-209,1730209,1730209025,203564382,Qo‘shchinor,Қўшчинор,Кушчинор,Qóshchinor,false
FA-209025,FA-209,1730209,0,,Saxovat,Саховат,Саховат,Saxovat,true
FA-209026,FA-209,1730209,0,,Qashqarmakey,Қашқармакей,Қашқармакей,Qashqarmakey,true
FA-209027,FA-209,1730209,1730209028,203564533,Samandarak,Самандарак,Самандарак,Samandarak,false
FA-209028,FA-209,1730209,1730209029,203564399,Muruvvat,Мурувват,Мурувват,Muruvvat,false
FA-209029,FA-209,1730209,1730209031,304950643,Navro‘z,Наврўз,Навруз,Navróz,false
FA-209030,FA-209,1730209,1730209032,203574988,Qo‘g‘oli,Қўғоли,Куголи,Qóǵoli,false
FA-209031,FA-209,1730209,1730209033,203574924,Irg‘oli,Ирғоли,Ирголи,Irǵoli,false
FA-209032,FA-209,1730209,1730209034,203564335,Qaxat,Қахат,Кахат,Qaxat,false
FA-209033,FA-209,1730209,1730209035,203564343,Xitoy,Хитой,Хитой,Xitoy,false
FA-209034,FA-209,1730209,1730209036,203564350,Chuvalanchi,Чуваланчи,Чуваланчи,Chuvalanchi,false
FA-209035,FA-209,1730209,0,,Tuvodoq,Туводоқ,Туводоқ,Tuvodoq,true
FA-209036,FA-209,1730209,1730209038,304948217,Nurafshon,Нурафшон,Нурафшон,Nurafshon,false
FA-209037,FA-209,1730209,1730209039,203564422,Dasht,Дашт,Дашт,Dasht,false
FA-209038,FA-209,1730209,1730209040,203564407,Ultarma,Ултарма,Ултарма,Ultarma,false
FA-209039,FA-209,1730209,1730209041,203564454,Qo‘shtegirmon-1,Қўштегирмон-1,Куштегирмон-1,Qóshtegirmon-1,false
FA-209040,FA-209,1730209,1730209042,203564461,Qo‘shtegirmon-2,Қўштегирмон-2,Куштегирмон-2,Qóshtegirmon-2,false
FA-209041,FA-209,1730209,1730209043,203564414,Olchin,Олчин,Олчин,Olchin,false
FA-209042,FA-209,1730209,1730209044,203564439,Cho‘l-yunus,Чўл-юнус,Чулюнус,Chól-yunus,false
FA-209043,FA-209,1730209,1730209045,304960006,Yuksalish,Юксалиш,Юксалиш,Yuksalish,false
FA-209044,FA-209,1730209,1730209046,203574971,Bordon,Бордон,Бордон,Bordon,false
FA-209045,FA-209,1730209,1730209047,203579324,Ittifoq,Иттифоқ,Иттифок,Ittifoq,false
FA-209046,FA-209,1730209,0,,Muqimiy,Муқимий,Муқимий,Muqimiy,true
FA-209047,FA-209,1730209,1730209049,203564367,O‘zbekiston,Ўзбекистон,Узбекистан,Ózbekiston,false
FA-209048,FA-209,1730209,1730209050,203564493,Do‘stlik,Дўстлик,Дустлик,Dóstlik,false
FA-209049,FA-209,1730209,1730209051,203564485,Cho‘rindi,Чўринди,Чуринди,Chórindi,false
FA-209050,FA-209,1730209,1730209052,304952704,Bekobod,Бекобод,Бекобод,Bekobod,false
FA-209051,FA-209,1730209,1730209053,304970531,Istiqlol,Истиқлол,Истиклол,Istiqlol,false
FA-209052,FA-209,1730209,1730209054,203564518,Do‘rmancha,Дўрманча,Дурманча,Dórmancha,false
FA-209053,FA-209,1730209,1730209055,203564501,Bedarak,Бедарак,Бедарак,Bedarak,false
FA-209054,FA-209,1730209,1730209056,203574949,Karimbobo,Каримбобо,Каримбобо,Karimbobo,false
FA-209055,FA-209,1730209,1730209057,206941140,Oydinbuloq,Ойдинбулоқ,Ойдинбулок,Oydinbuloq,false
FA-209056,FA-209,1730209,1730209058,200158944,Zafarobod,Зафаробод,Зафаробод,Zafarobod,false
FA-15010058,FA-209,1730209,1730209030,309079757,Guliston,Гулистон,Гулистон,Guliston,false
FA-15010031,FA-209,1730209,1730209048,203564328,Muqumiy,Муқумий,Мукуми,Muqumiy,false
FA-15010057,FA-209,1730209,1730209059,309026782,Chekxitoy,Чекхитой,Чекхитой,Chekxitoy,false
FA-15010017,FA-209,1730209,1730209027,203564374,Qashqarmakay,Қашқармакай,Кашкармакай,Qashqarmakay,false
FA-15010059,FA-209,1730209,1730209014,309075991,Yangiobod,Янгиобод,Янгиобод,Yangiobod,false
FA-15010040,FA-209,1730209,1730209020,304956112,Saidobod,Саидобод,Саидобод,Saidobod,false
FA-15010044,FA-209,1730209,1730209037,206940198,Tuvadaq,Тувадақ,Тувадак,Tuvadaq,false
FA-212001,FA-212,1730212,1730212044,202720514,Jiydali,Жийдали,Жийдали,Jiydali,false
FA-212002,FA-212,1730212,1730212045,202778378,Qo‘rg‘oncha,Қўрғонча,Кургонча,Qórǵoncha,false
FA-212003,FA-212,1730212,1730212055,202778346,Yangiqishloq,Янгиқишлоқ,Янгикишлок,Yangiqishloq,false
FA-212004,FA-212,1730212,1730212054,202778361,Jaloer,Жалоер,Жалоер,Jaloer,false
FA-212005,FA-212,1730212,1730212030,202720506,Yangiqo‘rg‘on,Янгиқўрғон,Янги Кургон,Yangiqórǵon,false
FA-212006,FA-212,1730212,1730212029,202786416,Dodxo,Додхо,Додхо,Dodxo,false
FA-212007,FA-212,1730212,1730212053,202786391,Ing‘irchoq,Инғирчоқ,Ингирчок,Inǵirchoq,false
FA-212008,FA-212,1730212,1730212052,202862345,Beglar,Беглар,Беглар,Beglar,false
FA-212009,FA-212,1730212,1730212046,202786409,Maslaxat,Маслахат,Маслахат,Maslaxat,false
FA-212010,FA-212,1730212,1730212032,202862392,Yashnarobod,Яшнаробод,Яшнаробод,Yashnarobod,false
FA-212011,FA-212,1730212,1730212014,202720498,Qo‘ng‘irot,Қўнғирот,Кунгирот,Qónǵirot,false
FA-212012,FA-212,1730212,1730212004,202778425,Tuman,Туман,Туман,Tuman,false
FA-212013,FA-212,1730212,1730212017,202778354,O‘rta qo‘ng‘irot,Ўрта қўнғирот,Урта Кунгирот,Órta qónǵirot,false
FA-212014,FA-212,1730212,0,,Chumbog‘ish,Чумбоғиш,Чумбоғиш,Chumboǵish,true
FA-212015,FA-212,1730212,0,,Dehqonobod,Деҳқонобод,Деҳқонобод,Dehqonobod,true
FA-212016,FA-212,1730212,1730212005,207125538,Tarrachi,Таррачи,Таррачи,Tarrachi,false
FA-212017,FA-212,1730212,1730212006,207246704,Sho‘r,Шўр,Шур,Shór,false
FA-212018,FA-212,1730212,0,,Oyim qishloq,Ойим қишлоқ,Ойим қишлоқ,Oyim qishloq,true
FA-212019,FA-212,1730212,1730212007,304079475,Qoratepa,Қоратепа,Коратепа,Qoratepa,false
FA-212020,FA-212,1730212,1730212034,202720521,Bachqir,Бачқир,Бачкир,Bachqir,false
FA-212021,FA-212,1730212,1730212035,202778489,Begobod,Бегобод,Бегобод,Begobod,false
FA-212022,FA-212,1730212,1730212036,202778235,Pishag‘ar,Пишағар,Пишагар,Pishaǵar,false
FA-212023,FA-212,1730212,1730212037,202862424,Poshshopirim,Пошшопирим,Пошшопирим,Poshshopirim,false
FA-212024,FA-212,1730212,1730212038,202778211,Xasanqo‘rg‘oncha,Хасанқўрғонча,Хасан Кургонча,Xasanqórǵoncha,false
FA-212025,FA-212,1730212,1730212039,203516504,Oltinqo‘rg‘on,Олтинқўрғон,Олтинкургон,Oltinqórǵon,false
FA-212026,FA-212,1730212,1730212040,202778228,Qoraqum,Қорақум,Коракум,Qoraqum,false
FA-212027,FA-212,1730212,1730212051,202720481,Oqqo‘rg‘on,Оққўрғон,Оккургон,Oqqórǵon,false
FA-212028,FA-212,1730212,1730212047,202781218,Yuqori-mang‘it,Юқори-манғит,Юкоримангит,Yuqori-manǵit,false
FA-212029,FA-212,1730212,1730212050,202778267,Jov,Жов,Жов,Jov,false
FA-212030,FA-212,1730212,1730212043,202778393,Cho‘taka,Чўтака,Чутака,Chótaka,false
FA-212031,FA-212,1730212,1730212049,202778385,Nayman,Найман,Найман,Nayman,false
FA-212032,FA-212,1730212,1730212048,202778401,Tepalik,Тепалик,Тепалик,Tepalik,false
FA-212033,FA-212,1730212,1730212009,202720560,Buvayda,Бувайда,Бувайда,Buvayda,false
FA-212034,FA-212,1730212,1730212010,202778274,Elobod,Елобод,Элобод,Elobod,false
FA-212035,FA-212,1730212,1730212003,202778282,Bumozor,Бумозор,Бумозор,Bumozor,false
FA-212036,FA-212,1730212,0,,Tog‘lik,Тоғлик,Тоғлик,Toǵlik,true
FA-212037,FA-212,1730212,1730212011,202778307,Ozod,Озод,Озод,Ozod,false
FA-212038,FA-212,1730212,0,,Qilovtepa,Қиловтепа,Қиловтепа,Qilovtepa,true
FA-212039,FA-212,1730212,0,,Jilva,Жилва,Жилва,Jilva,true
FA-212040,FA-212,1730212,1730212018,202778299,Xo‘jaobod,Хўжаобод,Хожаобод,Xójaobod,false
FA-212041,FA-212,1730212,1730212019,207149372,Xakimto‘ra,Хакимтўра,Хакимтура,Xakimtóra,false
FA-212042,FA-212,1730212,1730212020,202778339,Urganji,Урганжи,Урганжи,Urganji,false
FA-212043,FA-212,1730212,1730212021,206394624,Qum,Қум,Кум,Qum,false
FA-212044,FA-212,1730212,1730212022,202778433,Beshterak,Бештерак,Бештерак,Beshterak,false
FA-212045,FA-212,1730212,1730212023,304078019,Shodlik,Шодлик,Шодлик,Shodlik,false
FA-212046,FA-212,1730212,1730212024,202720466,Arab,Араб,Араб,Arab,false
FA-212047,FA-212,1730212,1730212025,202778322,Turk,Турк,Турк,Turk,false
FA-212048,FA-212,1730212,1730212026,202778314,Sho‘r qishloq,Шўр қишлоқ,Шур Кишлок,Shór qishloq,false
FA-212049,FA-212,1730212,1730212027,206849333,Yangi xayot,Янги хаёт,Янги Хаёт,Yangi xayot,false
FA-212050,FA-212,1730212,1730212041,202720538,Qo‘rg‘onobod,Қўрғонобод,Кургонобод,Qórǵonobod,false
FA-212051,FA-212,1730212,0,,Xonobod,Хонобод,Хонобод,Xonobod,true
FA-212052,FA-212,1730212,1730212033,206396369,Ponsod,Понсод,Понсод,Ponsod,false
FA-212053,FA-212,1730212,1730212031,202778243,Oqtepa,Оқтепа,Октепа,Oqtepa,false
FA-212054,FA-212,1730212,1730212002,202720553,Yangiqadam,Янгиқадам,Янгикадам,Yangiqadam,false
FA-212055,FA-212,1730212,1730212013,202720545,Uzumzor,Узумзор,Узумзор,Uzumzor,false
FA-15030034,FA-212,1730212,1730212001,202778418,Tog‘liq,Тоғлиқ,Тоглик,Toǵliq,false
FA-15030008,FA-212,1730212,1730212015,202778472,Dexqonobod,Дехқонобод,Дехконобод,Dexqonobod,false
FA-15030015,FA-212,1730212,1730212008,205417293,Buyuk ipak yo‘li,Буюк ипак йўли,Буюк Ипак Йули,Buyuk ipak yóli,false
FA-15030044,FA-212,1730212,1730212016,202778464,Cho‘mbog‘ish,Чўмбоғиш,Чумбогиш,Chómboǵish,false
FA-15030025,FA-212,1730212,1730212012,202778457,Oyim,Ойим,Ойим,Oyim,false
FA-215001,FA-215,1730215,1730215001,304966234,Yangiqo‘rg‘on,Янгиқўрғон,Янгикургон,Yangiqórǵon,false
FA-215002,FA-215,1730215,1730215002,203236157,Quyi tovul,Қуйи товул,Куйи Товул,Quyi tovul,false
FA-215003,FA-215,1730215,1730215003,304964696,Do‘stlik,Дўстлик,Дустлик,Dóstlik,false
FA-215004,FA-215,1730215,1730215004,203270741,Sobirtepa,Собиртепа,Собиртепа,Sobirtepa,false
FA-215005,FA-215,1730215,1730215005,203270734,Qiyali,Қияли,Кияли,Qiyali,false
FA-215006,FA-215,1730215,1730215006,203240374,Bo‘ston,Бўстон,Бустон,Bóston,false
FA-215007,FA-215,1730215,0,,Pastki yakkatut,Пастки яккатут,Пастки яккатут,Pastki yakkatut,true
FA-215008,FA-215,1730215,0,,Qorabuyin,Қорабуйин,Қорабуйин,Qorabuyin,true
FA-215009,FA-215,1730215,1730215009,203236133,Beshkapa,Бешкапа,Бешкапа,Beshkapa,false
FA-215010,FA-215,1730215,1730215010,203236140,Eshon,Ешон,Эшон,Eshon,false
FA-215011,FA-215,1730215,1730215011,206476030,Ariqboshi,Ариқбоши,Арикбоши,Ariqboshi,false
FA-215012,FA-215,1730215,0,,Tovul,Товул,Товул,Tovul,true
FA-215013,FA-215,1730215,0,,Koraqo‘yli,Корақўйли,Корақўйли,Koraqóyli,true
FA-215014,FA-215,1730215,1730215014,202968101,Yuqori tovul,Юқори товул,Юкори Товул,Yuqori tovul,false
FA-215015,FA-215,1730215,1730215015,203236172,Uzun,Узун,Узун,Uzun,false
FA-215016,FA-215,1730215,1730215016,203236164,Iftixor,Ифтихор,Ифтихор,Iftixor,false
FA-215017,FA-215,1730215,0,,Yangi qashkar,Янги қашкар,Янги қашкар,Yangi qashkar,true
FA-215018,FA-215,1730215,1730215018,204031586,Abdurazzoq ota,Абдураззоқ ота,Абдураззок Ота,Abdurazzoq ota,false
FA-215019,FA-215,1730215,1730215019,203264828,Abduvay,Абдувай,Абдувай,Abduvay,false
FA-215020,FA-215,1730215,1730215020,203264835,Vorux-dasht,Ворух-дашт,Ворух-дашт,Vorux-dasht,false
FA-215021,FA-215,1730215,1730215021,202854860,Toshariq,Тошариқ,Тошарик,Toshariq,false
FA-215022,FA-215,1730215,1730215022,203270758,Kapayangi,Капаянги,Капаянги,Kapayangi,false
FA-215023,FA-215,1730215,0,,Chinobod,Чинобод,Чинобод,Chinobod,true
FA-215024,FA-215,1730215,1730215024,202857739,Qo‘rg‘oncha,Қўрғонча,Кургонча,Qórǵoncha,false
FA-215025,FA-215,1730215,0,,Navbahor,Навбаҳор,Навбаҳор,Navbahor,true
FA-215026,FA-215,1730215,1730215026,304974336,Namuna,Намуна,Намуна,Namuna,false
FA-215027,FA-215,1730215,1730215027,203264756,Soylabi,Сойлаби,Сойлаби,Soylabi,false
FA-215028,FA-215,1730215,1730215028,203264788,Qum,Қум,Кум,Qum,false
FA-215029,FA-215,1730215,1730215029,203264749,Pastki yangiqo‘rg‘on,Пастки янгиқўрғон,Пастки Янгикургон,Pastki yangiqórǵon,false
FA-215030,FA-215,1730215,0,,Nabi,Наби,Наби,Nabi,true
FA-215031,FA-215,1730215,0,,Qorayantoq,Қораянтоқ,Қораянтоқ,Qorayantoq,true
FA-215032,FA-215,1730215,1730215032,304975564,Rapqon,Рапқон,Рапкон,Rapqon,false
FA-215033,FA-215,1730215,1730215033,202854892,Yangi rapqon,Янги рапқон,Янги Рапкон,Yangi rapqon,false
FA-215034,FA-215,1730215,0,,Dehqonobod,Деҳқонобод,Деҳқонобод,Dehqonobod,true
FA-215035,FA-215,1730215,0,,Shaytonko‘l,Шайтонкўл,Шайтонкўл,Shaytonkól,true
FA-215036,FA-215,1730215,1730215036,202842813,Telov,Телов,Телов,Telov,false
FA-215037,FA-215,1730215,1730215037,202854884,Yangi xayot,Янги хаёт,Янги Хаёт,Yangi xayot,false
FA-215038,FA-215,1730215,0,,Fayziobod,Файзиобод,Файзиобод,Fayziobod,true
FA-215039,FA-215,1730215,0,,Kulalobod,Кулалобод,Кулалобод,Kulalobod,true
FA-215040,FA-215,1730215,1730215040,203253248,Baxmal,Бахмал,Бахмал,Baxmal,false
FA-215041,FA-215,1730215,1730215041,203299862,Shodlikobod,Шодликобод,Шодликобод,Shodlikobod,false
FA-215042,FA-215,1730215,1730215042,201976171,Vatan,Ватан,Ватан,Vatan,false
FA-215043,FA-215,1730215,1730215043,203264724,Gambay,Гамбай,Гамбай,Gambay,false
FA-215044,FA-215,1730215,1730215044,203264804,Yangi,Янги,Янги,Yangi,false
FA-215045,FA-215,1730215,1730215045,203288401,Shoberdi,Шоберди,Шоберди,Shoberdi,false
FA-215046,FA-215,1730215,1730215046,206982011,Qiyat-sartol,Қият-сартол,Кият-Сартол,Qiyat-sartol,false
FA-215047,FA-215,1730215,0,,Beshariq,Бешариқ,Бешариқ,Beshariq,true
FA-215048,FA-215,1730215,1730215048,203302178,Dehqonto‘da,Деҳқонтўда,Дехконтуда,Dehqontóda,false
FA-215049,FA-215,1730215,0,,Chorbog‘to‘rang‘i,Чорбоғтўранғи,Чорбоғтўранғи,Chorboǵtóranǵi,true
FA-215050,FA-215,1730215,1730215050,202842837,Xalqlar do‘stligi,Халқлар дўстлиги,Халклар Дустлиги,Xalqlar dóstligi,false
FA-215051,FA-215,1730215,1730215051,202968085,Obod,Обод,Обод,Obod,false
FA-215052,FA-215,1730215,0,,Boy,Бой,Бой,Boy,true
FA-215053,FA-215,1730215,1730215053,203253303,Quyi zarqaynar,Қуйи зарқайнар,Куйи Заркайнар,Quyi zarqaynar,false
FA-215054,FA-215,1730215,1730215054,201636199,Buloqboshi,Булоқбоши,Булокбоши,Buloqboshi,false
FA-215055,FA-215,1730215,1730215055,202866807,Dala-x.olimjon,Дала-х.олимжон,Дала-Х.Олимжон,Dala-x.olimjon,false
FA-215056,FA-215,1730215,0,,Chorbog‘,Чорбоғ,Чорбоғ,Chorboǵ,true
FA-215057,FA-215,1730215,1730215057,203078884,Yuqori zarqaynar,Юқори зарқайнар,Юкори Заркайнар,Yuqori zarqaynar,false
FA-215058,FA-215,1730215,1730215058,203253287,Chimboy,Чимбой,Чимбой,Chimboy,false
FA-215059,FA-215,1730215,1730215059,203253294,Beshsari,Бешсари,Бешсари,Beshsari,false
FA-215060,FA-215,1730215,1730215060,203253270,Navkat,Навкат,Навкат,Navkat,false
FA-215061,FA-215,1730215,1730215061,203253231,Nurafshon,Нурафшон,Нурафшон,Nurafshon,false
FA-215062,FA-215,1730215,0,,O‘ttizzombor,Ўттиззомбор,Ўттиззомбор,Óttizzombor,true
FA-15020029,FA-215,1730215,1730215031,203264764,Ma‘rifat,Маърифат,Маърифат,Ma‘rifat,false
FA-15020049,FA-215,1730215,1730215023,203270765,Аndarxon,Андархон,Андархон,Аndarxon,false
FA-15020022,FA-215,1730215,1730215008,203240382,Korkam,Кўркам,Кoркам,Korkam,false
FA-15020057,FA-215,1730215,1730215007,203240367,Yakkatut,Яккатут,Яккатут,Yakkatut,false
FA-15020046,FA-215,1730215,1730215038,202845437,Fayzobod,Файзобод,Файзобод,Fayzobod,false
FA-15020045,FA-215,1730215,1730215062,203296470,O‘ttizzambar,Ўттизомбор,Уттиззамбар,Óttizzambar,false
FA-15020015,FA-215,1730215,1730215034,202854900,Dexqonobod,Дехқонобод,Дехконобод,Dexqonobod,false
FA-15020036,FA-215,1730215,1730215035,202857746,Oltin ko‘l,Олтинкўл,Олтин Кул,Oltin kól,false
FA-15020026,FA-215,1730215,1730215039,203264795,Kulol-obod,Кулол-обод,Кулол-обод,Kulol-obod,false
FA-15020031,FA-215,1730215,1730215025,202842820,Navbaxor,Навбахор,Навбахор,Navbaxor,false
FA-15020023,FA-215,1730215,1730215013,203293634,Qoraqo‘yli,Қорақўйли,Коракуйли,Qoraqóyli,false
FA-15020058,FA-215,1730215,1730215017,203253263,Qashqar,Қашқар,Кашкар,Qashqar,false
FA-15020051,FA-215,1730215,1730215049,203304680,Chorbog‘to‘rong‘i,Чорбоғтўронғи,Чорбогтуронги,Chorboǵtóronǵi,false
FA-218001,FA-218,1730218,1730218001,200171494,Akbarobod,Акбаробод,Акбаробод,Akbarobod,false
FA-218002,FA-218,1730218,1730218003,202824494,Guliston,Гулистон,Гулистон,Guliston,false
FA-218003,FA-218,1730218,1730218005,202824430,Oltinariq,Олтинариқ,Олтинарик,Oltinariq,false
FA-218004,FA-218,1730218,1730218006,202824423,Damariq,Дамариқ,Дамарик,Damariq,false
FA-218005,FA-218,1730218,1730218007,200171503,Baynalminal,Байналминал,Байналминал,Baynalminal,false
FA-218006,FA-218,1730218,1730218010,202824368,Chilon,Чилон,Чилон,Chilon,false
FA-218007,FA-218,1730218,1730218011,200171566,Namuna,Намуна,Намуна,Namuna,false
FA-218008,FA-218,1730218,1730218013,202827688,Turk,Турк,Турк,Turk,false
FA-218009,FA-218,1730218,0,,Qaqir,Қақир,Қақир,Qaqir,true
FA-218010,FA-218,1730218,1730218016,207001408,Boyiston,Бойистон,Бойистон,Boyiston,false
FA-218011,FA-218,1730218,0,,Yangihayot,Янгиҳаёт,Янгиҳаёт,Yangihayot,true
FA-218012,FA-218,1730218,1730218018,205503543,Qoraqum,Қорақум,Коракум,Qoraqum,false
FA-218013,FA-218,1730218,1730218019,303131071,O‘zbek,Ўзбек,Узбек,Ózbek,false
FA-218014,FA-218,1730218,1730218014,202824344,Yangichek,Янгичек,Янги Чек,Yangichek,false
FA-218015,FA-218,1730218,1730218012,202827656,Tolmozor,Толмозор,Толмозор,Tolmozor,false
FA-218016,FA-218,1730218,1730218008,202824454,Paxtakor,Пахтакор,Пахтакор,Paxtakor,false
FA-218017,FA-218,1730218,1730218009,202824375,Qalinpo‘stin,Қалинпўстин,Калинпустин,Qalinpóstin,false
FA-218018,FA-218,1730218,1730218004,202824447,Kandabuloq,Кандабулоқ,Кандабулок,Kandabuloq,false
FA-218019,FA-218,1730218,1730218002,202824502,Yuziya,Юзия,Юзия,Yuziya,false
FA-218020,FA-218,1730218,1730218021,202824479,Kattaqishloq,Каттақишлоқ,Катта Кишлок,Kattaqishloq,false
FA-218021,FA-218,1730218,1730218025,207083149,Pandigon,Пандигон,Пандигон,Pandigon,false
FA-218022,FA-218,1730218,0,,Katta dexqonobod,Катта дехқонобод,Катта дехқонобод,Katta dexqonobod,true
FA-218023,FA-218,1730218,1730218022,202824486,Jalaer,Жалаер,Жалаер,Jalaer,false
FA-218024,FA-218,1730218,1730218023,202824462,Qashqar,Қашқар,Кашкар,Qashqar,false
FA-218025,FA-218,1730218,0,,Past x-xasan,Паст х-хасан,Паст х-хасан,Past x-xasan,true
FA-218026,FA-218,1730218,1730218028,202827711,Kattaqashqar,Каттақашқар,Катта Кашкар,Kattaqashqar,false
FA-218027,FA-218,1730218,1730218029,202827728,Novkent,Новкент,Новкент,Novkent,false
FA-218028,FA-218,1730218,1730218030,202827704,Qorashox,Қорашох,Корашох,Qorashox,false
FA-218029,FA-218,1730218,1730218031,200171470,Soyguzar,Сойгузар,Сойгузар,Soyguzar,false
FA-218030,FA-218,1730218,0,,Tojik,Тожик,Тожик,Tojik,true
FA-218031,FA-218,1730218,1730218035,202824534,Oqqo‘rg‘on,Оққўрғон,Оккургон,Oqqórǵon,false
FA-218032,FA-218,1730218,0,,Gumxona,Гумхона,Гумхона,Gumxona,true
FA-218033,FA-218,1730218,1730218033,203303484,Yuqori qo‘rg‘oncha,Юқори қўрғонча,Юкори Кургонча,Yuqori qórǵoncha,false
FA-218034,FA-218,1730218,1730218024,205971801,Bolalik,Болалик,Болалик,Bolalik,false
FA-218035,FA-218,1730218,0,,Turkravot,Туркравот,Туркравот,Turkravot,true
FA-218036,FA-218,1730218,1730218032,202827735,Yangiqishloq,Янгиқишлоқ,Янгикишлок,Yangiqishloq,false
FA-218037,FA-218,1730218,1730218042,202827649,Sanoatchilar,Саноатчилар,Саноатчилар,Sanoatchilar,false
FA-218038,FA-218,1730218,1730218043,202824519,Sultonobod,Султонобод,Султонобод,Sultonobod,false
FA-218039,FA-218,1730218,1730218044,200171510,Bo‘ston,Бўстон,Бустон,Bóston,false
FA-218040,FA-218,1730218,0,,Dexqonobod,Дехқонобод,Дехқонобод,Dexqonobod,true
FA-218041,FA-218,1730218,1730218048,202824541,So‘fi,Сўфи,Суфи,Sófi,false
FA-218042,FA-218,1730218,1730218049,202824565,Qayirma,Қайирма,Кайирма,Qayirma,false
FA-218043,FA-218,1730218,1730218050,202824558,Nayman,Найман,Найман,Nayman,false
FA-218044,FA-218,1730218,1730218037,200171534,Bahor,Баҳор,Бахор,Bahor,false
FA-218045,FA-218,1730218,1730218039,202975212,O‘raboshi,Ўрабоши,Урабоши,Óraboshi,false
FA-218046,FA-218,1730218,1730218038,202824351,Mustaqillik,Мустақиллик,Мустакиллик,Mustaqillik,false
FA-218047,FA-218,1730218,1730218040,202824415,Soykeldi,Сойкелди,Сойкелди,Soykeldi,false
FA-218048,FA-218,1730218,1730218041,200171455,Ittifoq,Иттифоқ,Иттифок,Ittifoq,false
FA-218049,FA-218,1730218,1730218045,202824408,Yangiobod,Янгиобод,Янгиобод,Yangiobod,false
FA-218050,FA-218,1730218,1730218047,200171559,Iftixor,Ифтихор,Ифтихор,Iftixor,false
FA-218051,FA-218,1730218,1730218060,202741868,G‘alaba,Ғалаба,Галаба,Ǵalaba,false
FA-218052,FA-218,1730218,1730218054,202741844,Quva,Қува,Кува,Quva,false
FA-218053,FA-218,1730218,1730218056,202741812,Tinchlik,Тинчлик,Тинчлик,Tinchlik,false
FA-218054,FA-218,1730218,1730218059,202741829,Rasta,Раста,Раста,Rasta,false
FA-218055,FA-218,1730218,1730218051,200171527,Madaniyat,Маданият,Маданият,Madaniyat,false
FA-218056,FA-218,1730218,1730218052,202827743,Xonobod,Хонобод,Хонобод,Xonobod,false
FA-218057,FA-218,1730218,1730218055,202849984,Toshkent,Тошкент,Тошкент,Toshkent,false
FA-218058,FA-218,1730218,1730218057,202741908,Toshhovuz,Тошҳовуз,Тошховуз,Toshhovuz,false
FA-218059,FA-218,1730218,1730218061,202741836,Go‘zal,Гўзал,Гузал,Gózal,false
FA-218060,FA-218,1730218,0,,M.Xasanov,М.хасанов,М.хасанов,M.Xasanov,true
FA-218061,FA-218,1730218,0,,Do‘stlik,Дўстлик,Дўстлик,Dóstlik,true
FA-218062,FA-218,1730218,1730218058,202741883,Taxtako‘prik,Тахтакўприк,Тахтакуприк,Taxtakóprik,false
FA-218063,FA-218,1730218,1730218064,202741923,Gulobod,Гулобод,Гулобод,Gulobod,false
FA-218064,FA-218,1730218,1730218062,202741915,O‘zbekiston,Ўзбекистон,Узбекистан,Ózbekiston,false
FA-218065,FA-218,1730218,1730218053,303131143,Pastki xonobod,Пастки хонобод,Пастки Хонобод,Pastki xonobod,false
FA-15060013,FA-218,1730218,1730218046,202824390,Dehqonobod,Деҳқонобод,Дехконобод,Dehqonobod,false
FA-15060054,FA-218,1730218,1730218026,200171542,Turkrovot,Туркровот,Туркровот,Turkrovot,false
FA-15060049,FA-218,1730218,1730218034,202824383,Tojikqishloq,Тожикқишлоқ,Тожиккишлок,Tojikqishloq,false
FA-15060022,FA-218,1730218,1730218020,200171487,Katta dehqonobod,Катта деҳқонобод,Катта Дехконобод,Katta dehqonobod,false
FA-15060019,FA-218,1730218,1730218015,202827671,Yangi quva,Янги қува,Янги Қува,Yangi quva,false
FA-15060062,FA-218,1730218,1730218017,202827664,Yangi xayot,Янги хаёт,Янги хаёт,Yangi xayot,false
FA-15060039,FA-218,1730218,1730218027,202827695,Pastki xo‘ja xasan,Пастки хўжа хасан,Пастки Хужа Хасан,Pastki xója xasan,false
FA-15060029,FA-218,1730218,1730218063,202751468,Mo‘ydin xasanov,Мўйдин хасанов,Муйдин Хасанов,Móydin xasanov,false
FA-221001,FA-221,1730221,1730221014,203118983,Sulton,Султон,Султон,Sulton,false
FA-221002,FA-221,1730221,0,,Toshkentliguzar,Тошкентлигузар,Тошкентлигузар,Toshkentliguzar,true
FA-221003,FA-221,1730221,1730221002,203119174,Yangiqishloq,Янгиқишлоқ,Янгикишлок,Yangiqishloq,false
FA-221004,FA-221,1730221,1730221011,203118975,Begmurod,Бегмурод,Бегмурод,Begmurod,false
FA-221005,FA-221,1730221,0,,Hasanqora,Ҳасанқора,Ҳасанқора,Hasanqora,true
FA-221006,FA-221,1730221,1730221001,202689654,Farovon,Фаровон,Фаровон,Farovon,false
FA-221007,FA-221,1730221,0,,Mashad,Машад,Машад,Mashad,true
FA-221008,FA-221,1730221,1730221015,203119128,Puchug‘oy,Пучуғой,Пучугой,Puchuǵoy,false
FA-221009,FA-221,1730221,1730221013,203119135,Tepaqo‘rg‘on,Тепақўрғон,Тепакургон,Tepaqórǵon,false
FA-221010,FA-221,1730221,1730221009,300421615,Yangiobod,Янгиобод,Янгиобод,Yangiobod,false
FA-221011,FA-221,1730221,1730221003,203110077,Turg‘oq,Турғоқ,Тургок,Turǵoq,false
FA-221012,FA-221,1730221,0,,Mehnatobod,Меҳнатобод,Меҳнатобод,Mehnatobod,true
FA-221013,FA-221,1730221,1730221016,300495548,Boboshbek,Бобошбек,Бобошбек,Boboshbek,false
FA-221014,FA-221,1730221,1730221005,203119214,Yakkamulla,Яккамулла,Яккамулла,Yakkamulla,false
FA-221015,FA-221,1730221,1730221010,202689623,Chorbog‘,Чорбоғ,Чорбог,Chorboǵ,false
FA-221016,FA-221,1730221,1730221019,203119254,G‘ijdon,Ғиждон,Гиждон,Ǵijdon,false
FA-221017,FA-221,1730221,1730221022,203119278,Qumariq,Қумариқ,Кумарик,Qumariq,false
FA-221018,FA-221,1730221,1730221021,203119285,Beshkapa,Бешкапа,Бешкапа,Beshkapa,false
FA-221019,FA-221,1730221,1730221020,203119261,Mirzaxo‘ja,Мирзахўжа,Мирзахужа,Mirzaxója,false
FA-221020,FA-221,1730221,1730221018,202689608,G‘ozi-g‘ijdon,Ғози-ғиждон,Гози-гиждон,Ǵozi-ǵijdon,false
FA-221021,FA-221,1730221,1730221024,203119071,Poloxon,Полохон,Полохон,Poloxon,false
FA-221022,FA-221,1730221,1730221026,304916834,Yangiyo‘l,Янгийўл,Янги Йул,Yangiyól,false
FA-221023,FA-221,1730221,1730221023,202689615,Istiqbol,Истиқбол,Истикбол,Istiqbol,false
FA-221024,FA-221,1730221,1730221025,203119293,Yulg‘unzor,Юлғунзор,Юлгунзор,Yulǵunzor,false
FA-221025,FA-221,1730221,1730221038,203119150,Sariqo‘rg‘on,Сариқўрғон,Сарикургон,Sariqórǵon,false
FA-221026,FA-221,1730221,1730221039,203119167,Tojik,Тожик,Тожик,Tojik,false
FA-221027,FA-221,1730221,1730221035,203119064,To‘qsonqovun,Тўқсонқовун,Туксонковун,Tóqsonqovun,false
FA-221028,FA-221,1730221,1730221033,203119049,Katta qorako‘l,Катта қоракўл,Катта Коракул,Katta qorakól,false
FA-221029,FA-221,1730221,1730221031,203119032,Kichik kenagas,Кичик кенагас,Кичик Кенагас,Kichik kenagas,false
FA-221030,FA-221,1730221,1730221037,202689583,Oqsuv,Оқсув,Оксув,Oqsuv,false
FA-221031,FA-221,1730221,1730221027,202689630,Oltin vodiy,Олтин водий,Олтин Водий,Oltin vodiy,false
FA-221032,FA-221,1730221,1730221028,203119000,Begobod,Бегобод,Бегобод,Begobod,false
FA-221033,FA-221,1730221,1730221032,203119017,Katta qashqar,Катта қашқар,Катта Кашкар,Katta qashqar,false
FA-221034,FA-221,1730221,1730221029,203118990,Katta kenagas,Катта кенагас,Катта Кенагас,Katta kenagas,false
FA-221035,FA-221,1730221,1730221034,203119056,Olmurod,Олмурод,Олмурод,Olmurod,false
FA-221036,FA-221,1730221,1730221036,203119024,Katta qo‘shtepa,Катта қўштепа,Катта Куштепа,Katta qóshtepa,false
FA-221037,FA-221,1730221,1730221042,207098144,Yangier,Янгиер,Янгиер,Yangier,false
FA-221038,FA-221,1730221,1730221041,203119143,Qurbonqashqar,Қурбонқашқар,Курбонкашкар,Qurbonqashqar,false
FA-221039,FA-221,1730221,1730221044,203119088,Uchko‘prik,Учкўприк,Учкуприк,Uchkóprik,false
FA-221040,FA-221,1730221,1730221049,202689590,Navro‘z,Наврўз,Навруз,Navróz,false
FA-221041,FA-221,1730221,1730221008,203119199,Baxrin,Бахрин,Бахрин,Baxrin,false
FA-221042,FA-221,1730221,1730221053,203119239,Chang,Чанг,Чанг,Chang,false
FA-221043,FA-221,1730221,1730221051,203119222,Sobirjon,Собиржон,Собиржон,Sobirjon,false
FA-221044,FA-221,1730221,1730221050,203119246,Qorayantoq,Қораянтоқ,Кораянток,Qorayantoq,false
FA-221045,FA-221,1730221,1730221048,207108272,Mergan,Мерган,Мерган,Mergan,false
FA-221046,FA-221,1730221,1730221047,203119095,Zig‘ir,Зиғир,Зигир,Ziǵir,false
FA-221047,FA-221,1730221,1730221046,203119111,Yakkatut,Яккатут,Яккатут,Yakkatut,false
FA-221048,FA-221,1730221,1730221045,203119104,Buyrak,Буйрак,Буйрак,Buyrak,false
FA-221049,FA-221,1730221,1730221043,202689647,Tinchlik,Тинчлик,Тинчлик,Tinchlik,false
FA-15120007,FA-221,1730221,1730221040,207336797,Bog‘ibo‘ston,Боғибўстон,Богибустон,Boǵibóston,false
FA-15120043,FA-221,1730221,1730221007,203119207,Xasanqora,Хасанқора,Хасанкора,Xasanqora,false
FA-15120033,FA-221,1730221,1730221030,207336758,Soy bo‘yi,Сой бўйи,Сой Буйи,Soy bóyi,false
FA-15120022,FA-221,1730221,1730221017,202797569,Mexnatobod,Мехнатобод,Мехнатобод,Mexnatobod,false
FA-15120020,FA-221,1730221,1730221012,203118968,Mashat,Машат,Машат,Mashat,false
FA-15120025,FA-221,1730221,1730221052,207336780,Nihol,Ниҳол,Нихол,Nihol,false
FA-224001,FA-224,1730224,1730224038,202871857,Bog‘iston,Боғистон,Богистон,Boǵiston,false
FA-224002,FA-224,1730224,0,,Dorulomon,Доруломон,Доруломон,Dorulomon,true
FA-224003,FA-224,1730224,1730224013,202871564,Daxbed,Дахбед,Дахбед,Daxbed,false
FA-224004,FA-224,1730224,1730224056,202871588,Minor,Минор,Минор,Minor,false
FA-224005,FA-224,1730224,1730224027,206855113,Markaz,Марказ,Марказ,Markaz,false
FA-224006,FA-224,1730224,1730224035,202871595,Miskin,Мискин,Мискин,Miskin,false
FA-224007,FA-224,1730224,0,,A.Navoiy,А.навоий,А.навоий,A.Navoiy,true
FA-224008,FA-224,1730224,1730224015,202872049,Nosgar,Носгар,Носгар,Nosgar,false
FA-224009,FA-224,1730224,0,,Anxor bo‘yi,Анхор бўйи,Анхор бўйи,Anxor bóyi,true
FA-224010,FA-224,1730224,0,,M.Topvoldiev,М.топволдиев,М.топволдиев,M.Topvoldiev,true
FA-224011,FA-224,1730224,0,,Farovonlik,Фаровонлик,Фаровонлик,Farovonlik,true
FA-224012,FA-224,1730224,0,,Toshog‘olik,Тошоғолик,Тошоғолик,Toshoǵolik,true
FA-224013,FA-224,1730224,1730224012,202872024,Chinigaron,Чинигарон,Чинигарон,Chinigaron,false
FA-224014,FA-224,1730224,1730224069,202871968,Zar-ariq,Зар-ариқ,Зарарик,Zar-ariq,false
FA-224015,FA-224,1730224,1730224068,207004165,Xo‘ja-ilg‘or,Хўжа-илғор,Хужа Илгор,Xója-ilǵor,false
FA-224016,FA-224,1730224,1730224021,202871990,Ar-roshidoniy,Ар-рошидоний,Ар-Рошидоний,Ar-roshidoniy,false
FA-224017,FA-224,1730224,0,,Qozi-axror,Қози-ахрор,Қози-ахрор,Qozi-axror,true
FA-224018,FA-224,1730224,0,,Qoshkayron,Қошкайрон,Қошкайрон,Qoshkayron,true
FA-224019,FA-224,1730224,1730224025,202872056,Istiqbol,Истиқбол,Истикбол,Istiqbol,false
FA-224020,FA-224,1730224,0,,Dexqonobod,Дехқонобод,Дехқонобод,Dexqonobod,true
FA-224021,FA-224,1730224,0,,Gumbaz,Гумбаз,Гумбаз,Gumbaz,true
FA-224022,FA-224,1730224,1730224005,202871699,Qalaynav,Қалайнав,Калайнав,Qalaynav,false
FA-224023,FA-224,1730224,1730224018,205650014,Cho‘ng‘ara,Чўнғара,Чунгара,Chónǵara,false
FA-224024,FA-224,1730224,0,,T.Axmedov,Т.ахмедов,Т.ахмедов,T.Axmedov,true
FA-224025,FA-224,1730224,1730224004,206855105,Dutir,Дутир,Дутир,Dutir,false
FA-224026,FA-224,1730224,1730224011,202871674,Xurramobod,Хуррамобод,Хуррамобод,Xurramobod,false
FA-224027,FA-224,1730224,1730224022,207002303,Birlashgan,Бирлашган,Бирлашган,Birlashgan,false
FA-224028,FA-224,1730224,1730224033,202871896,Xoji-qishloq,Хожи-қишлоқ,Хожи Кишлок,Xoji-qishloq,false
FA-224029,FA-224,1730224,1730224030,202871872,Oq-tomir,Оқ-томир,Октомир,Oq-tomir,false
FA-224030,FA-224,1730224,1730224029,202871889,Oq-er,Оқ-ер,Ок Ер,Oq-er,false
FA-224031,FA-224,1730224,1730224031,202871912,Uchariq,Учариқ,Уч Арик,Uchariq,false
FA-224032,FA-224,1730224,1730224024,202871864,Zoxidon,Зохидон,Зохидон,Zoxidon,false
FA-224033,FA-224,1730224,1730224023,202871825,Yoshlik,Ёшлик,Ёшлик,Yoshlik,false
FA-224034,FA-224,1730224,1730224036,202871840,Amirobod,Амиробод,Амиробод,Amirobod,false
FA-224035,FA-224,1730224,1730224028,202871818,Mevazor,Мевазор,Мевазор,Mevazor,false
FA-224036,FA-224,1730224,1730224034,202871833,Guliston,Гулистон,Гулистон,Guliston,false
FA-224037,FA-224,1730224,1730224037,207192789,Polvonobod,Полвонобод,Полвонобод,Polvonobod,false
FA-224038,FA-224,1730224,1730224058,202872150,Qayrag‘och,Қайрағоч,Кайрагоч,Qayraǵoch,false
FA-224039,FA-224,1730224,1730224070,202871650,Soxibkor,Сохибкор,Сохибкор,Soxibkor,false
FA-224040,FA-224,1730224,1730224016,202871761,Jaxonobod,Жахонобод,Жахонобод,Jaxonobod,false
FA-224041,FA-224,1730224,1730224001,202871785,Yuqori avazboy,Юқори авазбой,Юкори Авазбой,Yuqori avazboy,false
FA-224042,FA-224,1730224,1730224017,202871754,To‘da,Тўда,Туда,Tóda,false
FA-224043,FA-224,1730224,1730224009,207127828,To‘raobod,Тўраобод,Тураобод,Tóraobod,false
FA-224044,FA-224,1730224,1730224006,202871778,Quyi avazboy,Қуйи авазбой,Куйи Авазбой,Quyi avazboy,false
FA-224045,FA-224,1730224,1730224044,202871944,Yoyilma,Ёйилма,Ёйилма,Yoyilma,false
FA-224046,FA-224,1730224,1730224048,202871532,Navbahor,Навбаҳор,Навбахор,Navbahor,false
FA-224047,FA-224,1730224,1730224007,202872143,Oq-oltin,Оқ-олтин,Ок олтин,Oq-oltin,false
FA-224048,FA-224,1730224,1730224010,202871936,Yangi yo‘l,Янги йўл,Янги Йул,Yangi yól,false
FA-224049,FA-224,1730224,1730224053,202872104,Uyrat,Уйрат,Уйрат,Uyrat,false
FA-224050,FA-224,1730224,1730224055,202871549,Chuburg‘on,Чубурғон,Чубургон,Chuburǵon,false
FA-224051,FA-224,1730224,1730224041,202871556,Dasht pandigon,Дашт пандигон,Дашт Пандигон,Dasht pandigon,false
FA-224052,FA-224,1730224,1730224042,202872088,Dasht tegirmon,Дашт тегирмон,Дашт Тегирмон,Dasht tegirmon,false
FA-224053,FA-224,1730224,1730224046,202872095,Qo‘rg‘oncha,Қўрғонча,Кургонча,Qórǵoncha,false
FA-224054,FA-224,1730224,1730224049,202872071,Pandigon,Пандигон,Пандигон,Pandigon,false
FA-224055,FA-224,1730224,1730224067,202872111,Voxim,Вохим,Вохим,Voxim,false
FA-224056,FA-224,1730224,1730224065,202871707,Chek jalaer,Чек жалаер,Чек Жалаер,Chek jalaer,false
FA-224057,FA-224,1730224,1730224059,202871667,Chek nasriddin,Чек насриддин,Чек Насриддин,Chek nasriddin,false
FA-224058,FA-224,1730224,1730224057,202871793,Bo‘ston,Бўстон,Бустон,Bóston,false
FA-224059,FA-224,1730224,1730224071,202871682,Bo‘jay,Бўжай,Бужай,Bójay,false
FA-224060,FA-224,1730224,1730224061,202978549,Yangi bo‘jay,Янги бўжай,Янги Бужай,Yangi bójay,false
FA-224061,FA-224,1730224,1730224052,202871714,Saroy,Сарой,Сарой,Saroy,false
FA-224062,FA-224,1730224,1730224045,202871611,Jalaer,Жалаер,Жалаер,Jalaer,false
FA-224063,FA-224,1730224,1730224040,202871643,Guzar,Гузар,Гузар,Guzar,false
FA-224064,FA-224,1730224,1730224054,202871635,Yuqori beshkapa,Юқори бешкапа,Юкори Бешкапа,Yuqori beshkapa,false
FA-224065,FA-224,1730224,1730224050,202871628,Pastki beshkapa,Пастки бешкапа,Пастки Бешкапа,Pastki beshkapa,false
FA-224066,FA-224,1730224,1730224039,202871975,Buloqboshi,Булоқбоши,Булокбоши,Buloqboshi,false
FA-224067,FA-224,1730224,1730224051,206975462,Pastki bulokboshi,Пастки булокбоши,Пастки Булокбоши,Pastki bulokboshi,false
FA-224068,FA-224,1730224,1730224060,202871951,Mehnatobod,Меҳнатобод,Мехнатобод,Mehnatobod,false
FA-224069,FA-224,1730224,1730224063,207105450,Suxobod,Сухобод,Сухобод,Suxobod,false
FA-15090069,FA-224,1730224,1730224064,207332289,Yangi avlod,Янги авлод,Янги Авлод,Yangi avlod,false
FA-15090029,FA-224,1730224,1730224066,202871983,Qozi аhror,Қози аҳрор,Кози Ахрор,Qozi аhror,false
FA-15090040,FA-224,1730224,1730224014,202872000,Аlisher navoiy,Алишер навоий,Алишер Навоий,Аlisher navoiy,false
FA-15090001,FA-224,1730224,1730224019,207332272,Аbdulloboyon,Абдуллобоён,Абдуллобоён,Аbdulloboyon,false
FA-15090053,FA-224,1730224,1730224062,202872017,Toshog‘oliq,Тошоғолиқ,Тошоголик,Toshoǵoliq,false
FA-15090017,FA-224,1730224,1730224043,206957437,Dehqonobod,Деҳқонобод,Дехконобод,Dehqonobod,false
FA-15090030,FA-224,1730224,1730224047,202871604,Qoshqayron,Қошқайрон,Кошкайрон,Qoshqayron,false
FA-15090003,FA-224,1730224,1730224020,202871571,Аnhor bo‘yi,Анҳор бўйи,Анхор Буйи,Аnhor bóyi,false
FA-15090033,FA-224,1730224,1730224026,202872064,Mamadali topvoldiev,Мамадали топволдиев,Мамадали Топволдиев,Mamadali topvoldiev,false
FA-15090052,FA-224,1730224,1730224008,202872128,To‘xtasin аhmedov,Тўхтасин аҳмедов,Тухтасин Ахмедов,Tóxtasin аhmedov,false
FA-226001,FA-226,1730226,1730226004,203457894,Qal‘acha,Қалъача,Калача,Qal‘acha,false
FA-226002,FA-226,1730226,1730226003,203457903,G‘aznov,Ғазнов,Газнов,Ǵaznov,false
FA-226003,FA-226,1730226,1730226006,203389956,Devayron,Девайрон,Девайрон,Devayron,false
FA-226004,FA-226,1730226,1730226002,207114535,Tul,Тул,Тул,Tul,false
FA-226005,FA-226,1730226,1730226005,203392162,Lenbur,Ленбур,Ленбур,Lenbur,false
FA-226006,FA-226,1730226,0,,Sohibkor,Соҳибкор,Соҳибкор,Sohibkor,true
FA-226007,FA-226,1730226,1730226007,201528110,Rovon,Ровон,Ровон,Rovon,false
FA-226008,FA-226,1730226,1730226010,206856444,Oftobru,Офтобру,Офтобру,Oftobru,false
FA-226009,FA-226,1730226,1730226013,203496658,Sarikanda,Сариканда,Сариканда,Sarikanda,false
FA-226010,FA-226,1730226,1730226015,203496665,Saribozorcha,Сарибозорча,Сарибозорча,Saribozorcha,false
FA-226011,FA-226,1730226,1730226014,302905065,Hazrati ali,Ҳазрати али,Хазрати Али,Hazrati ali,false
FA-226012,FA-226,1730226,1730226012,203634184,Qal‘a,Қалъа,Калъа,Qal‘a,false
FA-226013,FA-226,1730226,1730226011,203394950,Yangiariq,Янгиариқ,Янгиарик,Yangiariq,false
FA-226014,FA-226,1730226,1730226009,203340124,Navobod,Навобод,Навобод,Navobod,false
FA-226015,FA-226,1730226,0,,Istiqlol,Истиқлол,Истиқлол,Istiqlol,true
FA-226016,FA-226,1730226,1730226017,203499771,Qaqir,Қақир,Какир,Qaqir,false
FA-226017,FA-226,1730226,1730226020,203381421,Sharqobod,Шарқобод,Шаркобод,Sharqobod,false
FA-226018,FA-226,1730226,1730226018,302933371,Sebzor,Себзор,Себзор,Sebzor,false
FA-226019,FA-226,1730226,1730226016,203415037,Hushyor,Ҳушёр,Хушёр,Hushyor,false
FA-226020,FA-226,1730226,1730226019,203381438,Qizilqiyoq,Қизилқиёқ,Кизилкиёк,Qizilqiyoq,false
FA-226021,FA-226,1730226,1730226026,203160245,Chashma,Чашма,Чашма,Chashma,false
FA-226022,FA-226,1730226,1730226022,203490136,Mulgon,Мулгон,Мулгон,Mulgon,false
FA-226023,FA-226,1730226,1730226025,303360096,Zangat,Зангат,Зангат,Zangat,false
FA-226024,FA-226,1730226,1730226023,203378614,Chumoqcha,Чумоқча,Чумокча,Chumoqcha,false
FA-226025,FA-226,1730226,1730226024,203394967,Guliston,Гулистон,Гулистон,Guliston,false
FA-226026,FA-226,1730226,1730226021,201528127,So‘x,Сўх,Сух,Sóx,false
FA-226027,FA-226,1730226,1730226027,203366447,Demursad,Демурсад,Демурсад,Demursad,false
FA-227001,FA-227,1730227,1730227039,304918349,Toshloq,Тошлоқ,Тошлок,Toshloq,false
FA-227002,FA-227,1730227,1730227040,202850280,Shodlik,Шодлик,Шодлик,Shodlik,false
FA-227003,FA-227,1730227,1730227041,202850510,Furkat,Фуркат,Фуркат,Furkat,false
FA-227004,FA-227,1730227,1730227042,202834284,Do‘stlik,Дўстлик,Дустлик,Dóstlik,false
FA-227005,FA-227,1730227,1730227043,202850376,Suvboshi,Сувбоши,Сувбоши,Suvboshi,false
FA-227006,FA-227,1730227,1730227022,304921630,Sadda,Садда,Садда,Sadda,false
FA-227007,FA-227,1730227,1730227023,202850313,Teraktagi,Терактаги,Терактаги,Teraktagi,false
FA-227008,FA-227,1730227,1730227024,201238449,Konizar,Конизар,Конизар,Konizar,false
FA-227009,FA-227,1730227,1730227025,202850202,Kattako‘cha,Каттакўча,Катта-куча,Kattakócha,false
FA-227010,FA-227,1730227,1730227026,202850409,So‘filar,Сўфилар,Суфилар,Sófilar,false
FA-227011,FA-227,1730227,1730227027,201238456,So‘kchilik,Сўкчилик,Сукчилик,Sókchilik,false
FA-227012,FA-227,1730227,1730227044,304924888,Qamchipurush,Қамчипуруш,Камчипуруш,Qamchipurush,false
FA-227013,FA-227,1730227,0,,Ko‘rg‘oncha,Кўрғонча,Кўрғонча,Kórǵoncha,true
FA-227014,FA-227,1730227,1730227046,202850234,Piyozchilik,Пиёзчилик,Пиёзчилик,Piyozchilik,false
FA-227015,FA-227,1730227,1730227047,201238417,Xamrak,Хамрак,хамрак,Xamrak,false
FA-227016,FA-227,1730227,1730227028,304921378,Axshak,Ахшак,Ахшак,Axshak,false
FA-227017,FA-227,1730227,0,,Xotinqumi,Хотинқуми,Хотинқуми,Xotinqumi,true
FA-227018,FA-227,1730227,1730227030,201238274,Yakkovut,Якковут,Якковут,Yakkovut,false
FA-227019,FA-227,1730227,1730227031,202850542,Axshakguzar,Ахшакгузар,Ахшакгузар,Axshakguzar,false
FA-227020,FA-227,1730227,1730227032,202850559,Qanjirg‘a,Қанжирға,Канжирга,Qanjirǵa,false
FA-227021,FA-227,1730227,0,,Tog‘lik,Тоғлик,Тоғлик,Toǵlik,true
FA-227022,FA-227,1730227,1730227012,202850384,Zarkent,Заркент,Заркент,Zarkent,false
FA-227023,FA-227,1730227,0,,Yangiyul,Янгиюл,Янгиюл,Yangiyul,true
FA-227024,FA-227,1730227,1730227014,202850470,Turvat,Турват,Турват,Turvat,false
FA-227025,FA-227,1730227,1730227015,202850416,Yuqoriqishloq,Юқориқишлоқ,Юкорикишлок,Yuqoriqishloq,false
FA-227026,FA-227,1730227,0,,Chuqurkishloq,Чуқуркишлоқ,Чуқуркишлоқ,Chuqurkishloq,true
FA-227027,FA-227,1730227,0,,Jorqishloq,Жорқишлоқ,Жорқишлоқ,Jorqishloq,true
FA-227028,FA-227,1730227,1730227001,304926932,Quyi yakkatut,Қуйи яккатут,Куйи Яккатут,Quyi yakkatut,false
FA-227029,FA-227,1730227,1730227002,202850337,Soybo‘yi,Сойбўйи,Сойбуйи,Soybóyi,false
FA-227030,FA-227,1730227,1730227003,202850344,Ucholish,Учолиш,Уч Олиш,Ucholish,false
FA-227031,FA-227,1730227,1730227004,202850305,Guzarboshi,Гузарбоши,Гузарбоши,Guzarboshi,false
FA-227032,FA-227,1730227,0,,Xo‘jariq,Хўжариқ,Хўжариқ,Xójariq,true
FA-227033,FA-227,1730227,1730227018,304927908,Qumariq,Қумариқ,Кумарик,Qumariq,false
FA-227034,FA-227,1730227,1730227019,202850219,Obisiyo,Обисиё,Обисиё,Obisiyo,false
FA-227035,FA-227,1730227,1730227020,202850320,Farog‘at,Фароғат,Фарогат,Faroǵat,false
FA-227036,FA-227,1730227,1730227021,202850503,Qumqishloq,Қумқишлоқ,Кумкишлок,Qumqishloq,false
FA-227037,FA-227,1730227,1730227006,304924760,Nayman,Найман,Найман,Nayman,false
FA-227038,FA-227,1730227,1730227007,202850455,Chek,Чек,Чек,Chek,false
FA-227039,FA-227,1730227,1730227008,202850463,Istiqlol,Истиқлол,Истиклол,Istiqlol,false
FA-227040,FA-227,1730227,1730227009,304916572,Xonarik,Хонарик,хонарик,Xonarik,false
FA-227041,FA-227,1730227,1730227010,202850487,Mexnatobod,Мехнатобод,Мехнатобод,Mexnatobod,false
FA-227042,FA-227,1730227,1730227011,206627206,Naymanbo‘ston,Найманбўстон,Найманбустон,Naymanbóston,false
FA-227043,FA-227,1730227,1730227034,202850194,Arabmozor,Арабмозор,Арабмозор,Arabmozor,false
FA-227044,FA-227,1730227,0,,Ko‘larik,Кўларик,Кўларик,Kólarik,true
FA-227045,FA-227,1730227,1730227036,202850258,Xonaqa,Хонақа,Хонака,Xonaqa,false
FA-227046,FA-227,1730227,1730227037,202850527,Besarang,Бесаранг,Бесаранг,Besarang,false
FA-227047,FA-227,1730227,1730227038,206937857,Aylanmajar,Айланмажар,Айланмажар,Aylanmajar,false
FA-227048,FA-227,1730227,1730227048,202850090,Varzak,Варзак,Варзак,Varzak,false
FA-227049,FA-227,1730227,1730227049,202850598,Qipchoqariq,Қипчоқариқ,Кипчокарик,Qipchoqariq,false
FA-227050,FA-227,1730227,1730227050,202850574,O‘zbekiston,Ўзбекистон,Узбекистан,Ózbekiston,false
FA-227051,FA-227,1730227,1730227051,202850581,Bo‘ston,Бўстон,Бустон,Bóston,false
FA-15110047,FA-227,1730227,1730227016,202850424,Chuqurqishloq,Чуқурқишлоқ,Чукуркишлок,Chuqurqishloq,false
FA-15110034,FA-227,1730227,1730227033,202850638,Tog‘liq,Тоғлиқ,Тоглик,Toǵliq,false
FA-15110022,FA-227,1730227,1730227045,202850130,Qo‘rg‘oncha,Қўрғонча,Кургонча,Qórǵoncha,false
FA-15110051,FA-227,1730227,1730227013,202850297,Yangiyo‘l,Янгийўл,Янгийул,Yangiyól,false
FA-15110021,FA-227,1730227,1730227035,202850534,Ko‘lariq,Кўлариқ,Куларик,Kólariq,false
FA-15110045,FA-227,1730227,1730227005,202850614,Ho‘jaariq,Ҳўжаариқ,хужаарик,Hójaariq,false
FA-15110010,FA-227,1730227,1730227017,202850391,Jarqishloq,Жарқишлоқ,Жаркишлок,Jarqishloq,false
FA-15110044,FA-227,1730227,1730227029,202850566,Hotinqumi,Ҳотинқуми,Хотинкуми,Hotinqumi,false
FA-230001,FA-230,1730230,1730230012,304917570,Namuna,Намуна,Намуна,Namuna,false
FA-230002,FA-230,1730230,1730230018,203041868,Islom,Ислом,Ислом,Islom,false
FA-230003,FA-230,1730230,1730230013,203042043,Oyimchaqaqir,Ойимчақақир,Ойимчакакир,Oyimchaqaqir,false
FA-230004,FA-230,1730230,1730230015,203041829,Daxanaqaqir,Даханақақир,Дахана Какир,Daxanaqaqir,false
FA-230005,FA-230,1730230,1730230017,203674586,Tuyul,Туюл,Туюл,Tuyul,false
FA-230006,FA-230,1730230,0,,Karimdevona,Каримдевона,Каримдевона,Karimdevona,true
FA-230007,FA-230,1730230,1730230016,203041875,Qayquobod,Қайқуобод,Кайкуобод,Qayquobod,false
FA-230008,FA-230,1730230,1730230019,204530654,Kichik oqmachit,Кичик оқмачит,Кичик Окмачит,Kichik oqmachit,false
FA-230009,FA-230,1730230,1730230020,203042050,Oqmachit,Оқмачит,Окмачит,Oqmachit,false
FA-230010,FA-230,1730230,1730230007,304942684,Nursux,Нурсух,Нурсух,Nursux,false
FA-230011,FA-230,1730230,1730230022,306170964,Ziyo nursux,Зиё нурсух,Зиё Нурсух,Ziyo nursux,false
FA-230012,FA-230,1730230,1730230021,204852625,Uchbulak,Учбулак,Учбулак,Uchbulak,false
FA-230013,FA-230,1730230,0,,Buzuqqo‘rg‘on,Бузуққўрғон,Бузуққўрғон,Buzuqqórǵon,true
FA-230014,FA-230,1730230,1730230009,203673342,Qo‘rg‘oncha,Қўрғонча,Кургонча,Qórǵoncha,false
FA-230015,FA-230,1730230,1730230010,203041851,Zinasha,Зинаша,Зинаша,Zinasha,false
FA-230016,FA-230,1730230,1730230011,203042161,Sho‘rqishloq,Шўрқишлоқ,Шур Кишлок,Shórqishloq,false
FA-230017,FA-230,1730230,1730230003,304973076,Kichik tagob,Кичик тагоб,Кичик Тагоб,Kichik tagob,false
FA-230018,FA-230,1730230,1730230004,203041883,Katta tagob,Катта тагоб,Катта Тагоб,Katta tagob,false
FA-230019,FA-230,1730230,1730230005,304011609,Oxta tagob,Охта тагоб,Охта Тагоб,Oxta tagob,false
FA-230020,FA-230,1730230,1730230006,203041764,Begobod,Бегобод,Бегобод,Begobod,false
FA-230021,FA-230,1730230,1730230001,200189510,Pastkiqo‘riq,Пасткиқўриқ,Пастки Курик,Pastkiqóriq,false
FA-230022,FA-230,1730230,1730230002,203041772,Beruniy,Беруний,Беруний,Beruniy,false
FA-230023,FA-230,1730230,1730230033,304984846,Qaynar,Қайнар,Кайнар,Qaynar,false
FA-230024,FA-230,1730230,0,,Naymansoy,Наймансой,Наймансой,Naymansoy,true
FA-230025,FA-230,1730230,1730230036,203041954,Ko‘l elash,Кўл елаш,Кул Элаш,Kól elash,false
FA-230026,FA-230,1730230,1730230037,203041979,Qumbosti,Қумбости,Кумбости,Qumbosti,false
FA-230027,FA-230,1730230,1730230025,203674594,Avg‘on,Авғон,Авгон,Avǵon,false
FA-230028,FA-230,1730230,1730230026,303376051,Katta qaynar,Катта қайнар,Катта Кайнар,Katta qaynar,false
FA-230029,FA-230,1730230,0,,Tovush,Товуш,Товуш,Tovush,true
FA-230030,FA-230,1730230,1730230039,304991592,Farovon kelajak,Фаровон келажак,Фаровон Келажак,Farovon kelajak,false
FA-230031,FA-230,1730230,0,,Ovchi,Овчи,Овчи,Ovchi,true
FA-230032,FA-230,1730230,1730230029,203041890,Do‘stlik,Дўстлик,Дустлик,Dóstlik,false
FA-230033,FA-230,1730230,0,,Qatag‘on,Қатағон,Қатағон,Qataǵon,true
FA-230034,FA-230,1730230,0,,O‘rta qishloq,Ўрта қишлоқ,Ўрта қишлоқ,Órta qishloq,true
FA-230035,FA-230,1730230,1730230032,303369219,Qoratepa,Қоратепа,Коратепа,Qoratepa,false
FA-230036,FA-230,1730230,0,,Mingtut,Мингтут,Мингтут,Mingtut,true
FA-230037,FA-230,1730230,0,,Qum,Қум,Қум,Qum,true
FA-230038,FA-230,1730230,0,,Navbaxor,Навбахор,Навбахор,Navbaxor,true
FA-230039,FA-230,1730230,1730230023,203042146,Turkiston,Туркистон,Туркистон,Turkiston,false
FA-230040,FA-230,1730230,1730230027,203042185,Eski yaypan,Ески яйпан,Эски Яйпан,Eski yaypan,false
FA-230041,FA-230,1730230,1730230055,304933244,Shodlik,Шодлик,Шодлик,Shodlik,false
FA-230042,FA-230,1730230,1730230054,200189645,Qulibek,Қулибек,Кулибек,Qulibek,false
FA-230043,FA-230,1730230,1730230053,203041986,Qushqo‘noq,Қушқўноқ,Кушкунок,Qushqónoq,false
FA-230044,FA-230,1730230,1730230059,204530661,Xaydarobod,Хайдаробод,хайдаробод,Xaydarobod,false
FA-230045,FA-230,1730230,1730230052,203041836,Dashtcho‘lpon,Даштчўлпон,Дашт Чулпон,Dashtchólpon,false
FA-230046,FA-230,1730230,1730230060,200189487,Elchi,Елчи,Элчи,Elchi,false
FA-230047,FA-230,1730230,0,,Qoriyozbobo,Қориёзбобо,Қориёзбобо,Qoriyozbobo,true
FA-230048,FA-230,1730230,1730230062,306056811,Nurli kelajak,Нурли келажак,Нурли Келажак,Nurli kelajak,false
FA-230049,FA-230,1730230,1730230047,203042193,Yakkatut,Яккатут,Яккатут,Yakkatut,false
FA-230050,FA-230,1730230,1730230046,203041844,Dexqonobod,Дехқонобод,Дехконобод,Dexqonobod,false
FA-230051,FA-230,1730230,1730230044,203041947,Qudash,Қудаш,Кудаш,Qudash,false
FA-230052,FA-230,1730230,1730230043,203041923,Qirqketmon,Қирқкетмон,Кирккетмон,Qirqketmon,false
FA-230053,FA-230,1730230,1730230042,203041757,Davlatbotir,Давлатботир,Давлатботир,Davlatbotir,false
FA-230054,FA-230,1730230,1730230061,204184887,Do‘ngsaroy,Дўнгсарой,Дунгсарой,Dóngsaroy,false
FA-230055,FA-230,1730230,1730230058,203042107,Sochtepa,Сочтепа,Сочтепа,Sochtepa,false
FA-230056,FA-230,1730230,0,,Olmazor,Олмазор,Олмазор,Olmazor,true
FA-230057,FA-230,1730230,1730230050,200189638,Oqtepa,Оқтепа,Октепа,Oqtepa,false
FA-230058,FA-230,1730230,1730230049,200189574,Yaypan guzar,Яйпан гузар,Яйпан Гузар,Yaypan guzar,false
FA-230059,FA-230,1730230,0,,A.Jomiy,А.жомий,А.жомий,A.Jomiy,true
FA-230060,FA-230,1730230,1730230064,304916841,Yangi xayot,Янги хаёт,Янги хаёт,Yangi xayot,false
FA-230061,FA-230,1730230,1730230065,203041908,Shakarobod,Шакаробод,Шакар обод,Shakarobod,false
FA-230062,FA-230,1730230,1730230072,203041812,Obod qishloq,Обод қишлоқ,Обод Кишлок,Obod qishloq,false
FA-230063,FA-230,1730230,1730230066,203751087,Bo‘ston,Бўстон,Бустон,Bóston,false
FA-230064,FA-230,1730230,1730230067,302817658,Jonobod,Жонобод,Жонобод,Jonobod,false
FA-230065,FA-230,1730230,1730230068,304932640,O‘qchi,Ўқчи,Укчи,Óqchi,false
FA-230066,FA-230,1730230,1730230075,207295304,O‘qchi tuman,Ўқчи туман,Укчи-туман,Óqchi tuman,false
FA-230067,FA-230,1730230,1730230069,203042099,Rajabgardi,Ражабгарди,Ражабгарди,Rajabgardi,false
FA-230068,FA-230,1730230,1730230070,203042154,O‘qchi dasht,Ўқчи дашт,Укчи-Дашт,Óqchi dasht,false
FA-230069,FA-230,1730230,1730230071,207084717,Xotamtoy,Хотамтой,Хотамтой,Xotamtoy,false
FA-230070,FA-230,1730230,1730230074,304973829,Sho‘rsuv,Шўрсув,Шурсув,Shórsuv,false
FA-230071,FA-230,1730230,1730230073,203042139,Bog‘i eram,Боғи ерам,Боги Эрам,Boǵi eram,false
FA-230072,FA-230,1730230,1730230063,200189527,Bozor yaypan,Бозор яйпан,Бозор Яйпан,Bozor yaypan,false
FA-15150078,FA-230,1730230,1730230078,309212084,Beshkapa,Бешкапа,Бешкапа,Beshkapa,false
FA-15150022,FA-230,1730230,1730230035,308134340,Qaynarbuloq,Қайнарбулоқ,Кайнарбулок,Qaynarbuloq,false
FA-15150077,FA-230,1730230,1730230077,309127174,Dasht xasan,Дашт хасан,Дашт Хасан,Dasht xasan,false
FA-15150007,FA-230,1730230,1730230008,203041789,Buzuqo‘rg‘on,Бузуқўрғон,Бузукургон,Buzuqórǵon,false
FA-15150043,FA-230,1730230,1730230045,307998723,Qudashobod,Қудашобод,Кудашобод,Qudashobod,false
FA-15150079,FA-230,1730230,1730230079,309195914,Sulaymon,Сулаймон,Сулаймон,Sulaymon,false
FA-15150030,FA-230,1730230,1730230048,304933172,Qorayozbobo,Қораёзбобо,Кораёзбобо,Qorayozbobo,false
FA-15150076,FA-230,1730230,1730230076,309235530,Taraqqiyot,Тараққиёт,Тараккиёт,Taraqqiyot,false
FA-15150001,FA-230,1730230,1730230051,203041740,Аbduraxmon jomiy,Абдурахмон жомий,Абдурахмон Жомий,Аbduraxmon jomiy,false
FA-15150010,FA-230,1730230,1730230056,308126682,Bunyodkor,Бунёдкор,Бунёдкор,Bunyodkor,false
FA-15150056,FA-230,1730230,1730230034,304932181,Tinchlik,Тинчлик,Тинчлик,Tinchlik,false
FA-15150023,FA-230,1730230,1730230014,206947963,Karimobod,Каримобод,Каримобод,Karimobod,false
FA-233001,FA-233,1730233,1730233001,203620186,Shoximardon,Шохимардон,Шохимардон,Shoximardon,false
FA-233002,FA-233,1730233,1730233002,203629054,Yordon,Ёрдон,Ёрдон,Yordon,false
FA-233003,FA-233,1730233,1730233027,203633067,Yuqori vodil,Юқори водил,Юкори Водил,Yuqori vodil,false
FA-233004,FA-233,1730233,1730233028,203638510,Navruz,Навруз,Навруз,Navruz,false
FA-233005,FA-233,1730233,1730233029,204452617,Obod,Обод,Обод,Obod,false
FA-233006,FA-233,1730233,0,,Qorayantok,Қораянток,Қораянток,Qorayantok,true
FA-233007,FA-233,1730233,1730233003,203638638,Vodil,Водил,Водил,Vodil,false
FA-233008,FA-233,1730233,0,,Xo‘ja axmad vale,Хўжа ахмад вале,Хўжа ахмад вале,Xója axmad vale,true
FA-233009,FA-233,1730233,1730233005,203634327,Sanoat,Саноат,Саноат,Sanoat,false
FA-233010,FA-233,1730233,1730233006,203629079,Xosilot,Хосилот,хосилот,Xosilot,false
FA-233011,FA-233,1730233,1730233007,203634209,Tinchlik,Тинчлик,Тинчлик,Tinchlik,false
FA-233012,FA-233,1730233,1730233008,203620147,Beruniy,Беруний,Беруний,Beruniy,false
FA-233013,FA-233,1730233,1730233009,203638645,Bo‘ston,Бўстон,Бустон,Bóston,false
FA-233014,FA-233,1730233,1730233010,203629062,Marg‘ilon,Марғилон,Маргилон,Marǵilon,false
FA-233015,FA-233,1730233,1730233011,203638614,Dilkusho,Дилкушо,Дилкушо,Dilkusho,false
FA-233016,FA-233,1730233,1730233012,206949564,Yambaroq,Ямбароқ,Ямбарок,Yambaroq,false
FA-233017,FA-233,1730233,1730233013,203652226,Novkent,Новкент,Новкент,Novkent,false
FA-233018,FA-233,1730233,0,,Toshkurg‘oni aziz,Тошкурғони азиз,Тошкурғони азиз,Toshkurǵoni aziz,true
FA-233019,FA-233,1730233,1730233015,203633011,Shoximardonobod,Шохимардонобод,Шохимардонобод,Shoximardonobod,false
FA-233020,FA-233,1730233,1730233016,203634342,Kaptarxona,Каптархона,Каптархона,Kaptarxona,false
FA-233021,FA-233,1730233,1730233017,203634310,Yoyilma,Ёйилма,Ёйилма,Yoyilma,false
FA-233022,FA-233,1730233,1730233018,203634255,Mexnatobod,Мехнатобод,Мехнатобод,Mexnatobod,false
FA-233023,FA-233,1730233,0,,Barqaror xamjixatlik,Барқарор хамжихатлик,Барқарор хамжихатлик,Barqaror xamjixatlik,true
FA-233024,FA-233,1730233,1730233031,203652258,Logon,Логон,Логон,Logon,false
FA-233025,FA-233,1730233,1730233032,203634231,Vaziyo,Вазиё,Вазиё,Vaziyo,false
FA-233026,FA-233,1730233,1730233033,203634248,Gulpiyon,Гулпиён,Гулпиён,Gulpiyon,false
FA-233027,FA-233,1730233,1730233034,207181690,Xurshidi tobon,Хуршиди тобон,Хуршиди Тобон,Xurshidi tobon,false
FA-233028,FA-233,1730233,1730233035,203634224,Mash‘al,Машъал,Машъал,Mash‘al,false
FA-233029,FA-233,1730233,1730233036,203654792,Avval,Аввал,Аввал,Avval,false
FA-233030,FA-233,1730233,1730233037,203654760,Birdamlik,Бирдамлик,Бирдамлик,Birdamlik,false
FA-233031,FA-233,1730233,1730233038,203638581,Mozortagi,Мозортаги,Мозор таги,Mozortagi,false
FA-233032,FA-233,1730233,1730233039,203638598,Korasuv,Корасув,Корасув,Korasuv,false
FA-233033,FA-233,1730233,1730233040,203638574,O‘rta qishloq,Ўрта қишлоқ,Урта Кишлок,Órta qishloq,false
FA-233034,FA-233,1730233,1730233041,203638606,Oktepa,Октепа,Октепа,Oktepa,false
FA-233035,FA-233,1730233,1730233020,203653762,Damko‘l,Дамкўл,Дамкул,Damkól,false
FA-233036,FA-233,1730233,1730233021,206838949,Bo‘stonobod,Бўстонобод,Бустонобод,Bóstonobod,false
FA-233037,FA-233,1730233,1730233022,203652241,Guliston,Гулистон,Гулистон,Guliston,false
FA-233038,FA-233,1730233,1730233023,203652280,Oktom,Октом,Октом,Oktom,false
FA-233039,FA-233,1730233,0,,O‘rta sho‘ra,Ўрта шўра,Ўрта шўра,Órta shóra,true
FA-233040,FA-233,1730233,0,,Ilg‘or,Илғор,Илғор,Ilǵor,true
FA-233041,FA-233,1730233,1730233065,203632994,Satkak,Саткак,Саткак,Satkak,false
FA-233042,FA-233,1730233,1730233066,203652273,Okbilol,Окбилол,Окбилол,Okbilol,false
FA-233043,FA-233,1730233,0,,Yangiobod,Янгиобод,Янгиобод,Yangiobod,true
FA-233044,FA-233,1730233,1730233042,203634263,Soy bo‘yi,Сой бўйи,Сой Буйи,Soy bóyi,false
FA-233045,FA-233,1730233,0,,Qo‘rik,Қўрик,Қўрик,Qórik,true
FA-233046,FA-233,1730233,1730233044,203634287,Pastki archa,Пастки арча,Пастки Арча,Pastki archa,false
FA-233047,FA-233,1730233,1730233045,203634294,Yukori archa,Юкори арча,Юкори арча,Yukori archa,false
FA-233048,FA-233,1730233,1730233046,203638527,Chimyon,Чимён,Чимён,Chimyon,false
FA-233049,FA-233,1730233,1730233047,203632962,Bahor,Баҳор,Бахор,Bahor,false
FA-233050,FA-233,1730233,1730233048,203633099,Ulugbek,Улугбек,Улугбек,Ulugbek,false
FA-233051,FA-233,1730233,1730233049,203638503,Langar,Лангар,Лангар,Langar,false
FA-233052,FA-233,1730233,1730233050,203633074,Qurilish,Қурилиш,Курилиш,Qurilish,false
FA-233053,FA-233,1730233,1730233051,203633050,Zilol,Зилол,Зилол,Zilol,false
FA-233054,FA-233,1730233,1730233052,203634334,Shifokor,Шифокор,Шифокор,Shifokor,false
FA-233055,FA-233,1730233,1730233053,205527734,Do‘stlik,Дўстлик,Дустлик,Dóstlik,false
FA-233056,FA-233,1730233,1730233054,203634216,Gulshan,Гулшан,Гулшан,Gulshan,false
FA-233057,FA-233,1730233,0,,Dehqonobod,Деҳқонобод,Деҳқонобод,Dehqonobod,true
FA-233058,FA-233,1730233,1730233056,203634270,Boy maxalla,Бой махалла,Бой махалла,Boy maxalla,false
FA-233059,FA-233,1730233,1730233057,205414829,Yukori gulshan,Юкори гулшан,Юкори Гулшан,Yukori gulshan,false
FA-233060,FA-233,1730233,1730233058,203629094,Mindon,Миндон,Миндон,Mindon,false
FA-233061,FA-233,1730233,1730233059,203632954,Markaz,Марказ,Марказ,Markaz,false
FA-233062,FA-233,1730233,1730233060,203629102,Guzar,Гузар,Гузар,Guzar,false
FA-233063,FA-233,1730233,1730233061,203633107,Xo‘roba,Хўроба,Хуроба,Xóroba,false
FA-233064,FA-233,1730233,0,,Sharq hakikati,Шарқ ҳакикати,Шарқ ҳакикати,Sharq hakikati,true
FA-233065,FA-233,1730233,1730233024,203652297,Mindonobod,Миндонобод,Миндонобод,Mindonobod,false
FA-233066,FA-233,1730233,1730233068,203633028,Xonkiz,Хонкиз,Хонкиз,Xonkiz,false
FA-233067,FA-233,1730233,1730233069,203633043,Ok oltin,Ок олтин,Околтин,Ok oltin,false
FA-233068,FA-233,1730233,1730233070,203633035,O‘zbekiston,Ўзбекистон,Узбекистан,Ózbekiston,false
FA-233069,FA-233,1730233,1730233071,203633082,Farg‘ona,Фарғона,Фаргона,Farǵona,false
FA-233070,FA-233,1730233,1730233072,203638559,Qo‘rg‘ontepa,Қўрғонтепа,Кургонтепа,Qórǵontepa,false
FA-233071,FA-233,1730233,1730233073,203638542,Maydon,Майдон,Майдон,Maydon,false
FA-233072,FA-233,1730233,0,,Yangi yul,Янги юл,Янги юл,Yangi yul,true
FA-233073,FA-233,1730233,1730233075,203652234,Konchilar,Кончилар,Кончилар,Konchilar,false
FA-233074,FA-233,1730233,1730233025,207310664,Yangi asr,Янги аср,Янги Аср,Yangi asr,false
FA-233075,FA-233,1730233,0,,Chek-sho‘ra,Чек-шўра,Чек-шўра,Chek-shóra,true
FA-233076,FA-233,1730233,1730233026,207310023,Yuksalish,Юксалиш,Юксалиш,Yuksalish,false
FA-15130029,FA-233,1730233,1730233043,203634303,Qo‘riq,Қўриқ,Курик,Qóriq,false
FA-15130075,FA-233,1730233,1730233074,203638534,Yangi yo‘l,Янги йўл,Янги йул,Yangi yól,false
FA-15130052,FA-233,1730233,1730233014,207177465,Toshqo‘rg‘on aziz,Тошқўрғон азиз,Тошкургон Азиз,Toshqórǵon aziz,false
FA-15130016,FA-233,1730233,1730233055,203632979,Dexqonobod,Дехқонобод,Дехконобод,Dexqonobod,false
FA-15130065,FA-233,1730233,1730233062,203632947,Sharq haqiqati,Шарқ ҳақиқати,Шарк хакикати,Sharq haqiqati,false
FA-15130061,FA-233,1730233,1730233004,203620154,Xo‘ja аhmad vale,Хўжа аҳмад вале,Хужа Ахмад Вале,Xója аhmad vale,false
FA-15130002,FA-233,1730233,1730233019,206961536,Barqaror hamjihatlik,Барқарор ҳамжиҳатлик,Баркарор хамжихатлик,Barqaror hamjihatlik,false
FA-236001,FA-236,1730236,1730236001,203149035,Qiyali,Қияли,Кияли,Qiyali,false
FA-236002,FA-236,1730236,1730236002,203149011,Tumor,Тумор,Тумор,Tumor,false
FA-236003,FA-236,1730236,1730236003,203158855,Qum qiyali,Қум қияли,Кум Кияли,Qum qiyali,false
FA-236004,FA-236,1730236,1730236004,203054954,Navbaxor,Навбахор,Навбахор,Navbaxor,false
FA-236005,FA-236,1730236,1730236005,200165114,Oqjar,Оқжар,Окжар,Oqjar,false
FA-236006,FA-236,1730236,1730236006,203015391,Taptiqsaroy,Таптиқсарой,Таптиксарой,Taptiqsaroy,false
FA-236007,FA-236,1730236,1730236007,203026204,Kapasaroy,Капасарой,Капасарой,Kapasaroy,false
FA-236008,FA-236,1730236,1730236008,203022202,Abdusamad,Абдусамад,Абдусамад,Abdusamad,false
FA-236009,FA-236,1730236,1730236009,203041678,Doimobod,Доимобод,Доимобод,Doimobod,false
FA-236010,FA-236,1730236,1730236010,202261570,Bog‘ish,Боғиш,Богиш,Boǵish,false
FA-236011,FA-236,1730236,1730236011,203022186,Katta turk,Катта турк,Катта Турк,Katta turk,false
FA-236012,FA-236,1730236,1730236012,203017208,Kichik turk,Кичик турк,Кичик Турк,Kichik turk,false
FA-236013,FA-236,1730236,0,,Chodaklik,Чодаклик,Чодаклик,Chodaklik,true
FA-236014,FA-236,1730236,1730236014,203040465,Chinobod,Чинобод,Чинобод,Chinobod,false
FA-236015,FA-236,1730236,0,,Oltiqo‘sh,Олтиқўш,Олтиқўш,Oltiqósh,true
FA-236016,FA-236,1730236,0,,Qora ko‘rpa,Қора кўрпа,Қора кўрпа,Qora kórpa,true
FA-236017,FA-236,1730236,1730236017,203017230,Teliming,Телиминг,Телиминг,Teliming,false
FA-236018,FA-236,1730236,1730236018,203147196,Sanam,Санам,Санам,Sanam,false
FA-236019,FA-236,1730236,0,,To‘laboy,Тўлабой,Тўлабой,Tólaboy,true
FA-236020,FA-236,1730236,0,,Katta ganjiravon,Катта ганжиравон,Катта ганжиравон,Katta ganjiravon,true
FA-236021,FA-236,1730236,1730236021,203040473,Mang‘it,Манғит,Мангит,Manǵit,false
FA-236022,FA-236,1730236,1730236022,203022241,Soy shildir,Сой шилдир,Сойшилдир,Soy shildir,false
FA-236023,FA-236,1730236,1730236023,203209807,Oqtepa,Оқтепа,Октепа,Oqtepa,false
FA-236024,FA-236,1730236,1730236024,203126554,Shopo‘lat,Шопўлат,Шопулат,Shopólat,false
FA-236025,FA-236,1730236,0,,G‘umoyli,Ғумойли,Ғумойли,Ǵumoyli,true
FA-236026,FA-236,1730236,1730236026,203153174,Naymancha,Найманча,Найманча,Naymancha,false
FA-236027,FA-236,1730236,0,,Tangriqul,Тангриқул,Тангриқул,Tangriqul,true
FA-236028,FA-236,1730236,1730236028,202280793,Katta minglar,Катта минглар,Катта Минглар,Katta minglar,false
FA-236029,FA-236,1730236,1730236029,203022258,Katta aravon,Катта аравон,Катта Аравон,Katta aravon,false
FA-236030,FA-236,1730236,1730236030,203022194,Qashqar,Қашқар,Кашкар,Qashqar,false
FA-236031,FA-236,1730236,1730236031,203026133,Targ‘ova,Тарғова,Таргова,Tarǵova,false
FA-236032,FA-236,1730236,1730236032,203134394,Raxmatillo,Рахматилло,Рахматилло,Raxmatillo,false
FA-236033,FA-236,1730236,1730236033,203141015,Boy-bo‘ta,Бой-бўта,Бой Бута,Boy-bóta,false
FA-236034,FA-236,1730236,0,,G‘alaba,Ғалаба,Ғалаба,Ǵalaba,true
FA-236035,FA-236,1730236,1730236035,202735770,Arziktepa,Арзиктепа,Арзиктепа,Arziktepa,false
FA-236036,FA-236,1730236,1730236036,203026172,Yangi zamon,Янги замон,Янги Замон,Yangi zamon,false
FA-236037,FA-236,1730236,1730236037,203017223,Katta amirobod,Катта амиробод,Катта Амиробод,Katta amirobod,false
FA-236038,FA-236,1730236,1730236038,203040480,Qizilmusht,Қизилмушт,Кизилмушт,Qizilmusht,false
FA-236039,FA-236,1730236,1730236039,203026229,Uvaysiy,Увайсий,Увайсий,Uvaysiy,false
FA-236040,FA-236,1730236,1730236040,203126602,Istiqlol,Истиқлол,Истиклол,Istiqlol,false
FA-236041,FA-236,1730236,1730236041,203054939,Taypoq,Тайпоқ,Тайпок,Taypoq,false
FA-236042,FA-236,1730236,1730236042,203054946,Uymovut,Уймовут,Уймовут,Uymovut,false
FA-236043,FA-236,1730236,1730236043,204927514,Katta boybucha,Катта бойбуча,Катта Бойбуча,Katta boybucha,false
FA-236044,FA-236,1730236,1730236044,203300877,Qiyali qo‘rg‘oncha,Қияли қўрғонча,Кияли Кургонча,Qiyali qórǵoncha,false
FA-236045,FA-236,1730236,1730236045,203002804,Yashik,Яшик,Яшик,Yashik,false
FA-236046,FA-236,1730236,1730236046,203026189,Bo‘riqum,Бўриқум,Бурикум,Bóriqum,false
FA-236047,FA-236,1730236,1730236047,203022219,Qora mulla,Қора мулла,Корамулла,Qora mulla,false
FA-236048,FA-236,1730236,1730236048,203022226,Urganji,Урганжи,Урганжи,Urganji,false
FA-236049,FA-236,1730236,1730236049,203058734,Pishqaron,Пишқарон,Пишкарон,Pishqaron,false
FA-15040006,FA-236,1730236,1730236034,203040441,Shodlik,Шодлик,Шодлик,Shodlik,false
FA-15040007,FA-236,1730236,1730236025,202991067,G‘umayli,Ғумайли,Гумайли,Ǵumayli,false
FA-15040030,FA-236,1730236,1730236015,202993167,Oltiqush,Олтиқуш,Олтикуш,Oltiqush,false
FA-238001,FA-238,1730238,1730238012,203075342,Navbaxor,Навбахор,Навбахор,Navbaxor,false
FA-238002,FA-238,1730238,1730238025,203075310,Qo‘qonboy,Қўқонбой,Куконбой,Qóqonboy,false
FA-238003,FA-238,1730238,1730238007,203075294,Jangketmon,Жангкетмон,Жангкетмон,Jangketmon,false
FA-238004,FA-238,1730238,1730238018,203076056,Eski,Ески,Эски,Eski,false
FA-238005,FA-238,1730238,1730238032,203081336,Sho‘r,Шўр,Шур,Shór,false
FA-238006,FA-238,1730238,1730238005,304949190,G‘allakor,Ғаллакор,Галлакор,Ǵallakor,false
FA-238007,FA-238,1730238,0,,Mustaqillik,Мустақиллик,Мустақиллик,Mustaqillik,true
FA-238008,FA-238,1730238,1730238014,203075287,Chirkay,Чиркай,Чиркай,Chirkay,false
FA-238009,FA-238,1730238,1730238013,304948200,Istiqlol,Истиқлол,Истиклол,Istiqlol,false
FA-238010,FA-238,1730238,1730238015,203075270,Ardaxshon,Ардахшон,Ардахшон,Ardaxshon,false
FA-238011,FA-238,1730238,1730238029,203067233,Chilgi jiyda,Чилги жийда,Чилгижийда,Chilgi jiyda,false
FA-238012,FA-238,1730238,1730238021,203075303,Boltako‘l,Болтакўл,Болтакул,Boltakól,false
FA-238013,FA-238,1730238,1730238016,304949294,To‘rg‘ay,Тўрғай,Тургай,Tórǵay,false
FA-238014,FA-238,1730238,1730238017,203067289,Qizil-qiyoq,Қизил-қиёқ,Кизил-Киёк,Qizil-qiyoq,false
FA-238015,FA-238,1730238,1730238008,203075327,Xayit,Хайит,Хайит,Xayit,false
FA-238016,FA-238,1730238,1730238009,203075334,Eshon,Ешон,Эшон,Eshon,false
FA-238017,FA-238,1730238,1730238020,203203198,Shunqor,Шунқор,Шункор,Shunqor,false
FA-238018,FA-238,1730238,1730238010,203067218,Kichik yangi,Кичик янги,Кичик-янги,Kichik yangi,false
FA-238019,FA-238,1730238,1730238011,203067296,Katta yangi,Катта янги,Катта-янги,Katta yangi,false
FA-238020,FA-238,1730238,1730238001,304949279,Chek-ko‘prik,Чек-кўприк,Чек-Куприк,Chek-kóprik,false
FA-238021,FA-238,1730238,1730238002,202845484,Tomosha,Томоша,Томоша,Tomosha,false
FA-238022,FA-238,1730238,1730238006,203067240,Ko‘k-do‘ppi,Кўк-дўппи,Кук-Дуппи,Kók-dóppi,false
FA-238023,FA-238,1730238,1730238003,203067272,Yangi,Янги,Янги,Yangi,false
FA-238024,FA-238,1730238,1730238004,203067257,Qushchi,Қушчи,Кушчи,Qushchi,false
FA-238025,FA-238,1730238,1730238022,203065838,Shoyimbek,Шойимбек,Шойимбек,Shoyimbek,false
FA-238026,FA-238,1730238,1730238027,203065806,Bekobod,Бекобод,Бекобод,Bekobod,false
FA-238027,FA-238,1730238,1730238026,203065814,Ingichka,Ингичка,Ингичка,Ingichka,false
FA-238028,FA-238,1730238,1730238024,203065821,Karmak,Кармак,Кармак,Karmak,false
FA-238029,FA-238,1730238,1730238028,203065853,O‘rtaqo‘rg‘on,Ўртақўрғон,Урта-кургон,Órtaqórǵon,false
FA-238030,FA-238,1730238,1730238023,203065845,Kaldushon,Калдушон,Калдушон,Kaldushon,false
FA-238031,FA-238,1730238,1730238030,304949373,G‘uncha,Ғунча,Гунча,Ǵuncha,false
FA-238032,FA-238,1730238,1730238031,203081344,Chekchuvaldoq,Чекчувалдоқ,Чек-Чувалдок,Chekchuvaldoq,false
FA-238033,FA-238,1730238,1730238033,203075263,Beshog‘a,Бешоға,Беш-ога,Beshoǵa,false
FA-238034,FA-238,1730238,1730238034,203075255,Polvontosh,Полвонтош,Полвонтош,Polvontosh,false
FA-15140035,FA-238,1730238,1730238550,310157606,Jaloyir,Жалойир,Жалойир,Jaloyir,false
FA-242001,FA-242,1730242,1730242026,203278026,Yozyovon,Ёзёвон,Ёзёвон,Yozyovon,false
FA-242002,FA-242,1730242,1730242027,203278097,Baxor,Бахор,Бахор,Baxor,false
FA-242003,FA-242,1730242,1730242028,203278120,Navro‘z,Наврўз,Навруз,Navróz,false
FA-242004,FA-242,1730242,0,,Tegirmonboshi,Тегирмонбоши,Тегирмонбоши,Tegirmonboshi,true
FA-242005,FA-242,1730242,1730242001,304942613,Markaziy farg‘ona,Марказий фарғона,Марказий Фаргона,Markaziy farǵona,false
FA-242006,FA-242,1730242,1730242002,203268513,Qo‘rg‘oncha,Қўрғонча,Кургонча,Qórǵoncha,false
FA-242007,FA-242,1730242,1730242004,203272644,Ittifoq,Иттифоқ,Иттифок,Ittifoq,false
FA-242008,FA-242,1730242,1730242003,203268505,Beruniy,Беруний,Беруний,Beruniy,false
FA-242009,FA-242,1730242,1730242005,203276377,Toshxovuz,Тошховуз,Тошховуз,Toshxovuz,false
FA-242010,FA-242,1730242,1730242010,304925768,Guliston,Гулистон,Гулистон,Guliston,false
FA-242011,FA-242,1730242,1730242011,203285571,Yuqori soybo‘yi,Юқори сойбўйи,Юкори Сойбуйи,Yuqori soybóyi,false
FA-242012,FA-242,1730242,1730242012,203285588,Soybo‘yi,Сойбўйи,Сойбуйи,Soybóyi,false
FA-242013,FA-242,1730242,0,,Takalik,Такалик,Такалик,Takalik,true
FA-242014,FA-242,1730242,1730242030,304969554,Xonobod,Хонобод,Хонобод,Xonobod,false
FA-242015,FA-242,1730242,1730242031,203276345,Yoshlik,Ёшлик,Ёшлик,Yoshlik,false
FA-242016,FA-242,1730242,1730242032,203276360,Soy yoni,Сой ёни,Сой ёни,Soy yoni,false
FA-242017,FA-242,1730242,1730242033,305516018,Suvliariq,Сувлиариқ,Сувлиарик,Suvliariq,false
FA-242018,FA-242,1730242,1730242014,305460137,Qorasoqol,Қорасоқол,Корасокол,Qorasoqol,false
FA-242019,FA-242,1730242,1730242015,203276338,Yuqori,Юқори,Юкори,Yuqori,false
FA-242020,FA-242,1730242,1730242006,305399575,Qotortol,Қотортол,Котортол,Qotortol,false
FA-242021,FA-242,1730242,1730242007,203304697,Ijodkor,Ижодкор,Ижодкор,Ijodkor,false
FA-242022,FA-242,1730242,1730242017,304924413,Istiqlol,Истиқлол,Истиклол,Istiqlol,false
FA-242023,FA-242,1730242,1730242019,203280230,Taraqqiyot,Тараққиёт,Тараккиёт,Taraqqiyot,false
FA-242024,FA-242,1730242,1730242018,204418768,Qorasoy,Қорасой,Корасой,Qorasoy,false
FA-242025,FA-242,1730242,1730242016,203280223,Cho‘liguliston,Чўлигулистон,Чулигулистон,Chóliguliston,false
FA-242026,FA-242,1730242,1730242020,203278019,Qoratepa,Қоратепа,Коратепа,Qoratepa,false
FA-242027,FA-242,1730242,1730242021,203278065,Do‘stlik,Дўстлик,Дустлик,Dóstlik,false
FA-242028,FA-242,1730242,1730242023,203278034,Guzarboshi,Гузарбоши,Гузарбоши,Guzarboshi,false
FA-242029,FA-242,1730242,1730242022,203278041,Porloq,Порлоқ,Порлок,Porloq,false
FA-242030,FA-242,1730242,1730242024,305230256,Ishtirxon,Иштирхон,Иштирхон,Ishtirxon,false
FA-242031,FA-242,1730242,1730242025,203292287,Gaston,Гастон,Гастон,Gaston,false
FA-242032,FA-242,1730242,1730242008,305355069,Yangiobod,Янгиобод,Янгиобод,Yangiobod,false
FA-242033,FA-242,1730242,1730242009,305699828,Yangibo‘ston,Янгибўстон,Янгибустон,Yangibóston,false
FA-15050019,FA-242,1730242,1730242013,203288464,Mustahkam do‘stlik,Мустаҳкам дўстлик,Мустахкам Дустлик,Mustahkam dóstlik,false
FA-243999,FA-243,0,0,,Mahalla aniqlanmagan,Маҳалла аниқланмаган,Махалля не определена,Máhálle anıqlanbaǵan,true
FA-244999,FA-244,0,0,,Mahalla aniqlanmagan,Маҳалла аниқланмаган,Махалля не определена,Máhálle anıqlanbaǵan,true
FA-401001,FA-401,1730401,0,,Iftihor,Ифтиҳор,Ифтиҳор,Iftihor,true
FA-401002,FA-401,1730401,1730401064,202505202,O‘rmonchilar,Ўрмончилар,Урмончилар,Órmonchilar,false
FA-401003,FA-401,1730401,1730401063,200151377,Sharof rashidov,Шароф рашидов,Шароф Рашидов,Sharof rashidov,false
FA-401004,FA-401,1730401,1730401006,202534436,Tinchlik,Тинчлик,Тинчлик,Tinchlik,false
FA-401005,FA-401,1730401,0,,Axmad al farg‘oniy,Ахмад ал фарғоний,Ахмад ал фарғоний,Axmad al farǵoniy,true
FA-401006,FA-401,1730401,1730401050,203234610,Soy bo‘yi,Сой бўйи,Сой Буйи,Soy bóyi,false
FA-401007,FA-401,1730401,1730401043,200151069,Ibrat,Ибрат,Ибрат,Ibrat,false
FA-401008,FA-401,1730401,1730401042,202405414,Yoshlar,Ёшлар,Ёшлар,Yoshlar,false
FA-401009,FA-401,1730401,1730401056,200151772,Farg‘ona,Фарғона,Фаргона,Farǵona,false
FA-401010,FA-401,1730401,1730401062,202466434,Shodiyona,Шодиёна,Шодиёна,Shodiyona,false
FA-401011,FA-401,1730401,1730401014,200151471,Yangi soy,Янги сой,Янги сой,Yangi soy,false
FA-401012,FA-401,1730401,1730401055,200151812,Ma‘rifat,Маърифат,Марифат,Ma‘rifat,false
FA-401013,FA-401,1730401,1730401053,202405421,Simtepa,Симтепа,Симтепа,Simtepa,false
FA-401014,FA-401,1730401,1730401044,202539904,Baxor,Бахор,Бахор,Baxor,false
FA-401015,FA-401,1730401,1730401039,203440506,Furqat,Фурқат,Фуркат,Furqat,false
FA-401016,FA-401,1730401,1730401040,202446799,Oybek,Ойбек,Ойбек,Oybek,false
FA-401017,FA-401,1730401,1730401019,202565287,Yangi yo‘l,Янги йўл,Янги Йул,Yangi yól,false
FA-401018,FA-401,1730401,1730401015,202947174,Istiqlol,Истиқлол,Истиклол,Istiqlol,false
FA-401019,FA-401,1730401,1730401001,202821546,Zarbdor,Зарбдор,Зарбдор,Zarbdor,false
FA-401020,FA-401,1730401,1730401003,200151464,Guliston,Гулистон,Гулистон,Guliston,false
FA-401021,FA-401,1730401,1730401004,202505219,Bo‘ston,Бўстон,Бустон,Bóston,false
FA-401022,FA-401,1730401,1730401013,200151488,Mustaqillik,Мустақиллик,Мустакиллик,Mustaqillik,false
FA-401023,FA-401,1730401,0,,1-Beshbola,1-Бешбола,1-Бешбола,1-Beshbola,true
FA-401024,FA-401,1730401,1730401005,202429669,Shakarqishloq,Шакарқишлоқ,Шакар кишлок,Shakarqishloq,false
FA-401025,FA-401,1730401,1730401029,202579055,Jo‘ydam,Жўйдам,Жуйдам,Jóydam,false
FA-401026,FA-401,1730401,1730401020,202646502,To‘qimachilar,Тўқимачилар,Тукимачилар,Tóqimachilar,false
FA-401027,FA-401,1730401,1730401045,202572722,Soxibqiron temur,Сохибқирон темур,Сохибкирон Темур,Soxibqiron temur,false
FA-401028,FA-401,1730401,1730401046,202565294,Navro‘z,Наврўз,Навруз,Navróz,false
FA-401029,FA-401,1730401,1730401047,200151495,Mash‘al,Машъал,Машъал,Mash‘al,false
FA-401030,FA-401,1730401,1730401061,202624094,Alisher navoiy,Алишер навоий,Алишер Навоий,Alisher navoiy,false
FA-401031,FA-401,1730401,1730401068,202669766,Oqariqobod,Оқариқобод,Окарикобод,Oqariqobod,false
FA-401032,FA-401,1730401,1730401009,202821593,Al xorazmiy,Ал хоразмий,Ал-Хоразмий,Al xorazmiy,false
FA-401033,FA-401,1730401,0,,Abduraxmon jomiy,Абдурахмон жомий,Абдурахмон жомий,Abduraxmon jomiy,true
FA-401034,FA-401,1730401,1730401060,202816037,Do‘stlik,Дўстлик,Дустлик,Dóstlik,false
FA-401035,FA-401,1730401,1730401008,204412150,Zaxiriddin muxammad bobur,Захириддин мухаммад бобур,Захириддин Мухаммад Бобур,Zaxiriddin muxammad bobur,false
FA-401036,FA-401,1730401,1730401011,202623285,Lolazor,Лолазор,Лолазор,Lolazor,false
FA-401037,FA-401,1730401,1730401016,200151187,Abdulla qodiriy,Абдулла қодирий,Абдулла Кодирий,Abdulla qodiriy,false
FA-401038,FA-401,1730401,1730401028,202821578,Sovurbuloq,Совурбулоқ,Совурбулок,Sovurbuloq,false
FA-401039,FA-401,1730401,1730401059,203424896,Afrosiyob,Афросиёб,Афросиёб,Afrosiyob,false
FA-401040,FA-401,1730401,1730401017,200151599,Madadkor,Мададкор,Мададкор,Madadkor,false
FA-401041,FA-401,1730401,1730401048,202520374,Mirzo ulug‘bek,Мирзо улуғбек,Мирзо Улугбек,Mirzo uluǵbek,false
FA-401042,FA-401,1730401,1730401070,204081533,Parvoz,Парвоз,Парвоз,Parvoz,false
FA-401043,FA-401,1730401,1730401058,203630879,Nodirabegim,Нодирабегим,Нодирабегим,Nodirabegim,false
FA-401044,FA-401,1730401,1730401010,202424485,Beshbola,Бешбола,Бешбола,Beshbola,false
FA-401045,FA-401,1730401,1730401049,202397171,Yormozor,Ёрмозор,Ёрмозор,Yormozor,false
FA-401046,FA-401,1730401,1730401067,202405381,Oqariq,Оқариқ,Окарик,Oqariq,false
FA-401047,FA-401,1730401,1730401052,202839965,Ipak yo‘li,Ипак йўли,Ипак Йули,Ipak yóli,false
FA-401048,FA-401,1730401,1730401054,202833658,Sharshara,Шаршара,Шаршара,Sharshara,false
FA-401049,FA-401,1730401,1730401051,202833641,Shodlik,Шодлик,Шодлик,Shodlik,false
FA-401050,FA-401,1730401,1730401066,202678953,Nafosat,Нафосат,Нафосат,Nafosat,false
FA-401051,FA-401,1730401,1730401069,203424176,Soxibkor,Сохибкор,Сохибкор,Soxibkor,false
FA-401052,FA-401,1730401,1730401057,203429192,Gulzor,Гулзор,Гулзор,Gulzor,false
FA-401053,FA-401,1730401,1730401012,202925907,Beglar,Беглар,Беглар,Beglar,false
FA-401054,FA-401,1730401,0,,O‘zbekiton,Ўзбекитон,Ўзбекитон,Ózbekiton,true
FA-401055,FA-401,1730401,1730401032,202578904,Tabassum,Табассум,Табассум,Tabassum,false
FA-401056,FA-401,1730401,1730401031,202578928,Beruniy,Беруний,Беруний,Beruniy,false
FA-401057,FA-401,1730401,1730401030,202579031,Xamkorlik,Хамкорлик,Хамкорлик,Xamkorlik,false
FA-401058,FA-401,1730401,1730401033,202579024,Madaniyat,Маданият,Маданият,Madaniyat,false
FA-401059,FA-401,1730401,1730401021,202579016,Istiqbol,Истиқбол,Истикбол,Istiqbol,false
FA-401060,FA-401,1730401,1730401023,202578999,Mexribonlik,Мехрибонлик,Мехрибонлик,Mexribonlik,false
FA-401061,FA-401,1730401,1730401022,202579009,Navbaxor,Навбахор,Навбахор,Navbaxor,false
FA-401062,FA-401,1730401,1730401037,202578982,Yulduz,Юлдуз,Юлдуз,Yulduz,false
FA-401063,FA-401,1730401,1730401036,202578974,Ibn sino,Ибн сино,Ибн Сино,Ibn sino,false
FA-401064,FA-401,1730401,1730401027,202578943,Barkamol,Баркамол,Баркамол,Barkamol,false
FA-401065,FA-401,1730401,1730401026,202578935,Kimyogar,Кимёгар,Кимёгар,Kimyogar,false
FA-401066,FA-401,1730401,1730401025,202578967,Muruvvat,Мурувват,Мурувват,Muruvvat,false
FA-401067,FA-401,1730401,1730401024,202578950,Xuvaydo,Хувайдо,Хувайдо,Xuvaydo,false
FA-401068,FA-401,1730401,1730401035,202578911,Qirguli,Қиргули,Киргули,Qirguli,false
FA-401069,FA-401,1730401,1730401038,202982078,Surxtepa,Сурхтепа,Сурхтепа,Surxtepa,false
FA-401070,FA-401,1730401,1730401034,202878450,Xo‘jamag‘iz,Хўжамағиз,Хужамагиз,Xójamaǵiz,false
FA-15200001,FA-401,1730401,1730401018,203447804,Birinchi besh bola,Биринчи беш бола,Биринчи беш бола,Birinchi besh bola,false
FA-15200007,FA-401,1730401,1730401041,201039165,Ahmad al-farg‘oniy,Аҳмад ал-фарғоний,Ахмад Аль-Фаргони,Ahmad al-farǵoniy,false
FA-15200073,FA-401,1730401,1730401073,207310205,Chek sho‘ra,Чек-шўра,Чек Шура,Chek shóra,false
FA-15200071,FA-401,1730401,1730401071,203638621,Ilg‘or,Илғор,Илгор,Ilǵor,false
FA-15200056,FA-401,1730401,1730401002,202824296,O‘zbekiston,Ўзбекистон,Узбекистан,Ózbekiston,false
FA-15200003,FA-401,1730401,1730401007,202572699,Abdurahmon jomiy,Абдураҳмон жомий,Абдурахмон Жоми,Abdurahmon jomiy,false
FA-15200072,FA-401,1730401,1730401072,203632986,O‘rta sho‘ra,Ўрта шўра,Урта Шура,Órta shóra,false
FA-15200027,FA-401,1730401,1730401065,202631442,Iftixor,Ифтихор,Ифтихор,Iftixor,false
FA-311818644,FA-401,1730401,0,,Nurafshon,Нурафшон,Нурафшон,Nurafshon,true
FA-405001,FA-405,1730405,1730405001,203511535,Davronbek,Давронбек,Давронбек,Davronbek,false
FA-405002,FA-405,1730405,1730405002,203471071,Shaldiramoq,Шалдирамоқ,Шалдирамок,Shaldiramoq,false
FA-405003,FA-405,1730405,1730405003,203556614,Tolzor,Толзор,Толзор,Tolzor,false
FA-405004,FA-405,1730405,1730405004,203556621,G‘ishtli masjid,Ғиштли масжид,Гиштли Масжид,Ǵishtli masjid,false
FA-405005,FA-405,1730405,1730405005,203510362,Vakf chorsu,Вакф чорсу,Вакф Чорсу,Vakf chorsu,false
FA-405006,FA-405,1730405,1730405051,203549788,To‘g‘onboshi,Тўғонбоши,Тугонбоши,Tóǵonboshi,false
FA-405007,FA-405,1730405,0,,Yalang‘och ota,Яланғоч ота,Яланғоч ота,Yalanǵoch ota,true
FA-405008,FA-405,1730405,1730405034,203452790,Yangi chorsu,Янги чорсу,Янги Чорсу,Yangi chorsu,false
FA-405009,FA-405,1730405,1730405053,203552801,Qalandarxona,Қаландархона,Каландархона,Qalandarxona,false
FA-405010,FA-405,1730405,1730405035,203539372,Yog‘ bozori,Ёғ бозори,Ёг Бозори,Yoǵ bozori,false
FA-405011,FA-405,1730405,1730405036,203479084,Charxini ko‘prigi,Чархини кўприги,Чархиникуприги,Charxini kóprigi,false
FA-405012,FA-405,1730405,1730405037,203490072,Noib ko‘prigi,Ноиб кўприги,Ноиб Куприги,Noib kóprigi,false
FA-405013,FA-405,1730405,1730405018,203593165,Isfara guzari,Исфара гузари,Исфарагузари,Isfara guzari,false
FA-405014,FA-405,1730405,1730405019,203421290,Qaymoqli guzar,Қаймоқли гузар,Каймокли гузар,Qaymoqli guzar,false
FA-405015,FA-405,1730405,1730405020,203384299,Misgarlik,Мисгарлик,Мисгарлик,Misgarlik,false
FA-405016,FA-405,1730405,1730405038,203588202,Degrezlik,Дегрезлик,Дегрезлик,Degrezlik,false
FA-405017,FA-405,1730405,1730405021,203559729,Kalvak guzari,Калвак гузари,Калвак гузари,Kalvak guzari,false
FA-405018,FA-405,1730405,0,,Nonvoylik guzari,Нонвойлик гузари,Нонвойлик гузари,Nonvoylik guzari,true
FA-405019,FA-405,1730405,1730405022,203603515,Shayxon,Шайхон,Шайхон,Shayxon,false
FA-405020,FA-405,1730405,0,,G‘ishtkuprik,Ғишткуприк,Ғишткуприк,Ǵishtkuprik,true
FA-405021,FA-405,1730405,1730405023,203454432,G‘alchasoy,Ғалчасой,Галчасой,Ǵalchasoy,false
FA-405022,FA-405,1730405,1730405055,203523314,Parpashabof,Парпашабоф,Парпашабоф,Parpashabof,false
FA-405023,FA-405,1730405,1730405024,203490064,Artizon bo‘yi,Артизон бўйи,Артизон Буйи,Artizon bóyi,false
FA-405024,FA-405,1730405,0,,Temiryo‘lchi,Темирйўлчи,Темирйўлчи,Temiryólchi,true
FA-405025,FA-405,1730405,1730405010,203611577,Qipchoq-ariq,Қипчоқ-ариқ,Кипчокарик,Qipchoq-ariq,false
FA-405026,FA-405,1730405,0,,Buloq boshi,Булоқ боши,Булоқ боши,Buloq boshi,true
FA-405027,FA-405,1730405,0,,G‘ozieglik,Ғозиеглик,Ғозиеглик,Ǵozieglik,true
FA-405028,FA-405,1730405,1730405008,203452808,Achchiq-ko‘l,Аччиқ-кўл,Аччиккул,Achchiq-kól,false
FA-405029,FA-405,1730405,1730405009,203520754,Chorchinor,Чорчинор,Чорчинор,Chorchinor,false
FA-405030,FA-405,1730405,0,,Sadokat,Садокат,Садокат,Sadokat,true
FA-405031,FA-405,1730405,1730405057,203541815,Islomobod,Исломобод,Исломобод,Islomobod,false
FA-405032,FA-405,1730405,1730405026,203381342,Qo‘shchinor,Қўшчинор,Кушчинор,Qóshchinor,false
FA-405033,FA-405,1730405,1730405040,203505960,Sobir abdulla,Собир абдулла,Собир Абдулла,Sobir abdulla,false
FA-405034,FA-405,1730405,1730405027,203493622,Marg‘ilon darvozasi,Марғилон дарвозаси,Маргилон Дарвозаси,Marǵilon darvozasi,false
FA-405035,FA-405,1730405,1730405058,203477522,Aziz tepa,Азиз тепа,Азизтепа,Aziz tepa,false
FA-405036,FA-405,1730405,0,,A.Navoiy,А.навоий,А.навоий,A.Navoiy,true
FA-405037,FA-405,1730405,1730405011,203628998,Galabaqqollik,Галабаққоллик,Галабакколлик,Galabaqqollik,false
FA-405038,FA-405,1730405,1730405028,203521981,To‘xlimergan,Тўхлимерган,Тухлимерган,Tóxlimergan,false
FA-405039,FA-405,1730405,1730405059,203545398,Oq oltin,Оқ олтин,Околтин,Oq oltin,false
FA-405040,FA-405,1730405,1730405060,203442186,Nurafshon,Нурафшон,Нурафшон,Nurafshon,false
FA-405041,FA-405,1730405,1730405042,203449406,Urganjibog‘,Урганжибоғ,Урганжибог,Urganjiboǵ,false
FA-405042,FA-405,1730405,1730405029,203504424,At-termiziy,Ат-термизий,Ат-Термизий,At-termiziy,false
FA-405043,FA-405,1730405,0,,Navbaxor,Навбахор,Навбахор,Navbaxor,true
FA-405044,FA-405,1730405,1730405012,203477539,Avg‘onbog‘,Авғонбоғ,Авгонбог,Avǵonboǵ,false
FA-405045,FA-405,1730405,0,,A.Zoxiriy,А.зохирий,А.зохирий,A.Zoxiriy,true
FA-405046,FA-405,1730405,1730405030,203609997,O‘rmonbog‘,Ўрмонбоғ,Урмонбог,Órmonboǵ,false
FA-405047,FA-405,1730405,1730405061,203464475,Rayxon,Райхон,Райхон,Rayxon,false
FA-405048,FA-405,1730405,0,,Istiklol,Истиклол,Истиклол,Istiklol,true
FA-405049,FA-405,1730405,0,,Obod,Обод,Обод,Obod,true
FA-405050,FA-405,1730405,1730405062,203545421,Mustaqillik,Мустақиллик,Мустакиллик,Mustaqillik,false
FA-405051,FA-405,1730405,1730405063,203521998,Zilol,Зилол,Зилол,Zilol,false
FA-405052,FA-405,1730405,1730405064,203535544,Yangi obod,Янги обод,Янгиобод,Yangi obod,false
FA-405053,FA-405,1730405,1730405044,203454449,Bo‘ston,Бўстон,Бустон,Bóston,false
FA-405054,FA-405,1730405,1730405045,203611584,Shirin,Ширин,Ширин,Shirin,false
FA-405055,FA-405,1730405,1730405046,203510379,Istiqbol,Истиқбол,Истикбол,Istiqbol,false
FA-405056,FA-405,1730405,1730405047,203573181,Navro‘z,Наврўз,Навруз,Navróz,false
FA-405057,FA-405,1730405,1730405016,203513406,Do‘stlik,Дўстлик,Дустлик,Dóstlik,false
FA-405058,FA-405,1730405,0,,Bunyodkor,Бунёдкор,Бунёдкор,Bunyodkor,true
FA-405059,FA-405,1730405,1730405065,203383403,Oltin vodiy,Олтин водий,Олтин Водий,Oltin vodiy,false
FA-405060,FA-405,1730405,0,,Usta bozor,Уста бозор,Уста бозор,Usta bozor,true
FA-405061,FA-405,1730405,1730405031,203404540,Muqimiy,Муқимий,Мукимий,Muqimiy,false
FA-405062,FA-405,1730405,1730405032,205780984,Shikorbegi,Шикорбеги,Шикорбеги,Shikorbegi,false
FA-405063,FA-405,1730405,1730405067,205747026,Quduqlik,Қудуқлик,Кудуклик,Quduqlik,false
FA-405064,FA-405,1730405,1730405049,205763197,Saodat,Саодат,Саодат,Saodat,false
FA-405065,FA-405,1730405,1730405050,205775886,Sunbula,Сунбула,Сунбула,Sunbula,false
FA-405066,FA-405,1730405,0,,Amir temur,Амир темур,Амир темур,Amir temur,true
FA-15160067,FA-405,1730405,1730405017,308485332,Uzumzor,Узумзор,Узумзор,Uzumzor,false
FA-15160068,FA-405,1730405,1730405068,308486648,Turkiston,Туркистон,Туркистон,Turkiston,false
FA-15160070,FA-405,1730405,1730405079,306278384,Chodaklik,Чодаклик,Чодаклик,Chodaklik,false
FA-15160069,FA-405,1730405,1730405073,203094629,To‘laboy,Тўлабой,Тулабой,Tólaboy,false
FA-15160017,FA-405,1730405,1730405056,203456144,G‘oziyog‘liq,Ғозиёғлиқ,Гозиёглик,Ǵoziyoǵliq,false
FA-15160008,FA-405,1730405,1730405013,203418665,Аshurali zoxiriy,Ашурали зохирий,Ашурали Зохирий,Аshurali zoxiriy,false
FA-15160040,FA-405,1730405,1730405039,203582890,Nonvoylik guzar,Нонвойлик гузар,Нонвойлик Гузар,Nonvoylik guzar,false
FA-15160072,FA-405,1730405,1730405076,203042035,Mo‘yi-muborak,Мўйи-муборак,Муйи-муборак,Móyi-muborak,false
FA-15160071,FA-405,1730405,1730405074,304917524,Mingtut,Мингтут,Мингтут,Mingtut,false
FA-15160079,FA-405,1730405,1730405069,202985929,Katta ganjiravon,Катта ганжиравон,Катта Ганжиравон,Katta ganjiravon,false
FA-15160064,FA-405,1730405,1730405052,203513414,Yalong‘och ota,Ялонғоч ота,Ялонгоч ота,Yalonǵoch ota,false
FA-15160003,FA-405,1730405,1730405041,203543733,Аlisher navoiy,Алишер навоий,Алишер Навоий,Аlisher navoiy,false
FA-15160078,FA-405,1730405,1730405071,306091438,Ashirqulmergan,Аширқулмерган,Аширкулмерган,Ashirqulmergan,false
FA-15160074,FA-405,1730405,1730405070,206644938,Baqachorsu,Бақачорсу,Бакачорсу,Baqachorsu,false
FA-15160073,FA-405,1730405,1730405075,203119182,Toshkentguzar,Тошкентгузар,Тошкентгузар,Toshkentguzar,false
FA-15160015,FA-405,1730405,1730405054,203392985,G‘ishtko‘prik,Ғишткўприк,Гишткуприк,Ǵishtkóprik,false
FA-15160077,FA-405,1730405,1730405072,203882755,Oydin buloq,Ойдин булоқ,Ойдин булок,Oydin buloq,false
FA-408001,FA-408,1730408,0,,Hamid olimjon,Ҳамид олимжон,Ҳамид олимжон,Hamid olimjon,true
FA-408002,FA-408,1730408,1730408004,202951338,Bog‘bon,Боғбон,Богбон,Boǵbon,false
FA-408003,FA-408,1730408,1730408008,202505075,Do‘stlik,Дўстлик,Дустлик,Dóstlik,false
FA-408004,FA-408,1730408,1730408002,202951281,Ziynat,Зийнат,Зийнат,Ziynat,false
FA-408005,FA-408,1730408,1730408006,202951345,Polmon,Полмон,Полмон,Polmon,false
FA-408006,FA-408,1730408,1730408005,202951360,Lashkar,Лашкар,Лашкар,Lashkar,false
FA-408007,FA-408,1730408,1730408003,304948399,Mo‘yan,Мўян,Муян,Móyan,false
FA-408008,FA-408,1730408,1730408007,202951298,Yuqori mo‘yan,Юқори мўян,Юкори Муян,Yuqori móyan,false
FA-408009,FA-408,1730408,0,,Isfayram,Исфайрам,Исфайрам,Isfayram,true
FA-408010,FA-408,1730408,1730408014,202951314,Kokilon,Кокилон,Кокилон,Kokilon,false
FA-408011,FA-408,1730408,1730408013,202951306,Pakana,Пакана,Пакана,Pakana,false
FA-408012,FA-408,1730408,1730408011,202955324,Namuna,Намуна,Намуна,Namuna,false
FA-408013,FA-408,1730408,1730408010,202963440,Soy bo‘yi,Сой бўйи,Сой буйи,Soy bóyi,false
FA-408014,FA-408,1730408,0,,Huvaydo,Ҳувайдо,Ҳувайдо,Huvaydo,true
FA-408015,FA-408,1730408,1730408019,203023288,Yangi obod,Янги обод,Янги обод,Yangi obod,false
FA-408016,FA-408,1730408,1730408017,202947135,Yoshlik,Ёшлик,Ёшлик,Yoshlik,false
FA-408017,FA-408,1730408,1730408020,202947128,Qalacha,Қалача,Калача,Qalacha,false
FA-408018,FA-408,1730408,1730408021,202505029,Sufon,Суфон,Суфон,Sufon,false
FA-408019,FA-408,1730408,1730408016,202505044,Hamdo‘stlik,Ҳамдўстлик,хамдустлик,Hamdóstlik,false
FA-408020,FA-408,1730408,1730408015,202505083,Guliston,Гулистон,Гулистон,Guliston,false
FA-408021,FA-408,1730408,1730408018,202505130,Arsif,Арсиф,Арсиф,Arsif,false
FA-408022,FA-408,1730408,1730408026,202947143,Mirzo ulug‘bek,Мирзо улуғбек,Мирзо Улугбек,Mirzo uluǵbek,false
FA-408023,FA-408,1730408,1730408023,202505051,Amir temur,Амир темур,Амир Темур,Amir temur,false
FA-408024,FA-408,1730408,1730408027,304952617,Qo‘chqorchi,Қўчқорчи,Кучкорчи,Qóchqorchi,false
FA-408025,FA-408,1730408,1730408030,202951353,Nayman,Найман,Найман,Nayman,false
FA-408026,FA-408,1730408,1730408028,202947150,Bo‘ston,Бўстон,Бустон,Bóston,false
FA-408027,FA-408,1730408,0,,Zubuniso,Зубунисо,Зубунисо,Zubuniso,true
FA-408028,FA-408,1730408,1730408029,202505115,Valik,Валик,Валик,Valik,false
FA-408029,FA-408,1730408,1730408022,202505012,Alisher navoiy,Алишер навоий,Алишер Навоий,Alisher navoiy,false
FA-408030,FA-408,1730408,1730408025,202505036,Cho‘lpon,Чўлпон,Чулпон,Chólpon,false
FA-15180012,FA-408,1730408,1730408012,304954882,Isfayramsoy,Исфайрамсой,Исфайрамсой,Isfayramsoy,false
FA-15180027,FA-408,1730408,1730408024,202505068,Xuvaydo,Хувайдо,Хувайдо,Xuvaydo,false
FA-15180031,FA-408,1730408,1730408031,309277684,Pastki valik,Пастки валик,Пастки Валик,Pastki valik,false
FA-15180010,FA-408,1730408,1730408009,202505004,Zebuniso,Зебунисо,Зебунисо,Zebuniso,false
FA-15180026,FA-408,1730408,1730408001,202951321,Xamid olimjon,Хамид олимжон,Хамид Олимжон,Xamid olimjon,false
FA-412001,FA-412,1730412,0,,A.Navoiy,А.навоий,А.навоий,A.Navoiy,true
FA-412002,FA-412,1730412,0,,A.Yassaviy,А.яссавий,А.яссавий,A.Yassaviy,true
FA-412003,FA-412,1730412,1730412039,202678938,Ariq bo‘yi,Ариқ бўйи,Арик Буйи,Ariq bóyi,false
FA-412004,FA-412,1730412,0,,B.Marg‘iloniy,Б.марғилоний,Б.марғилоний,B.Marǵiloniy,true
FA-412005,FA-412,1730412,0,,Baynalminal,Байналминал,Байналминал,Baynalminal,true
FA-412006,FA-412,1730412,1730412011,202676315,Baxrin,Бахрин,Бахрин,Baxrin,false
FA-412007,FA-412,1730412,0,,Z.M.bobur,З.м.бобур,З.м.бобур,Z.M.bobur,true
FA-412008,FA-412,1730412,1730412010,202682300,Vatan,Ватан,Ватан,Vatan,false
FA-412009,FA-412,1730412,1730412035,202414434,Galatoy,Галатой,Галатой,Galatoy,false
FA-412010,FA-412,1730412,1730412026,202833619,Guliston,Гулистон,Гулистон,Guliston,false
FA-412011,FA-412,1730412,0,,Go‘ravval,Гўраввал,Гўраввал,Góravval,true
FA-412012,FA-412,1730412,1730412015,202681064,Do‘stlik,Дўстлик,Дустлик,Dóstlik,false
FA-412013,FA-412,1730412,1730412025,202656799,Yovqochar,Ёвқочар,Ёвкочар,Yovqochar,false
FA-412014,FA-412,1730412,1730412051,202674223,Yorqin,Ёрқин,Ёркин,Yorqin,false
FA-412015,FA-412,1730412,1730412024,202676347,Zuxro,Зухро,Зухро,Zuxro,false
FA-412016,FA-412,1730412,0,,Iqbol,Иқбол,Иқбол,Iqbol,true
FA-412017,FA-412,1730412,1730412017,202609697,Ipak yo‘li,Ипак йўли,Ипакйули,Ipak yóli,false
FA-412018,FA-412,1730412,1730412006,202676323,Ipakchi,Ипакчи,Ипакчи,Ipakchi,false
FA-412019,FA-412,1730412,1730412037,202681040,Istiqlol,Истиқлол,Истиклол,Istiqlol,false
FA-412020,FA-412,1730412,0,,Yo‘rmado‘z,Йўрмадўз,Йўрмадўз,Yórmadóz,true
FA-412021,FA-412,1730412,0,,Kashqar,Кашқар,Кашқар,Kashqar,true
FA-412022,FA-412,1730412,1730412021,202676330,Qirguli,Қиргули,Киргули,Qirguli,false
FA-412023,FA-412,1730412,1730412004,202406278,Kosibchilik,Косибчилик,Косибчилик,Kosibchilik,false
FA-412024,FA-412,1730412,1730412001,202416108,Maorif,Маориф,Маориф,Maorif,false
FA-412025,FA-412,1730412,1730412052,202779978,Mashad,Машад,Машад,Mashad,false
FA-412026,FA-412,1730412,1730412003,202678921,Miltiqsoz,Милтиқсоз,Милтиксоз,Miltiqsoz,false
FA-412027,FA-412,1730412,1730412034,202697914,Mustaqillik,Мустақиллик,Мустакиллик,Mustaqillik,false
FA-412028,FA-412,1730412,1730412041,202609673,Navro‘z,Наврўз,Навруз,Navróz,false
FA-412029,FA-412,1730412,1730412019,202674215,Nadirmat,Надирмат,Надирмат,Nadirmat,false
FA-412030,FA-412,1730412,1730412038,202609776,Navbaxor,Навбахор,Навбахор,Navbaxor,false
FA-412031,FA-412,1730412,0,,Xo‘ja forso,Хўжа форсо,Хўжа форсо,Xója forso,true
FA-412032,FA-412,1730412,1730412043,202511734,Orol bo‘yi,Орол бўйи,Оролбуйи,Orol bóyi,false
FA-412033,FA-412,1730412,1730412032,202609680,Pichoqchi,Пичоқчи,Пичокчи,Pichoqchi,false
FA-412034,FA-412,1730412,1730412031,202427687,Roxat,Рохат,Рохат,Roxat,false
FA-412035,FA-412,1730412,1730412005,202681025,Saxovat,Саховат,Саховат,Saxovat,false
FA-412036,FA-412,1730412,1730412030,202609720,Terak tagi,Терак таги,Терактаги,Terak tagi,false
FA-412037,FA-412,1730412,1730412022,202683061,Tog‘lik,Тоғлик,Тоглик,Toǵlik,false
FA-412038,FA-412,1730412,1730412027,202609744,Toshkesar,Тошкесар,Тошкесар,Toshkesar,false
FA-412039,FA-412,1730412,1730412053,202520328,Toshloq tepa,Тошлоқ тепа,Тошлоктепа,Toshloq tepa,false
FA-412040,FA-412,1730412,1730412036,202539864,Turon,Турон,Турон,Turon,false
FA-412041,FA-412,1730412,1730412023,202609737,Tut tagi,Тут таги,Тут таги,Tut tagi,false
FA-412042,FA-412,1730412,1730412018,202683085,Tuyagum,Туягум,Туягум,Tuyagum,false
FA-412043,FA-412,1730412,1730412045,202609713,Charog‘on,Чароғон,Чарогон,Charoǵon,false
FA-412044,FA-412,1730412,1730412002,202609641,Uvaysiy,Увайсий,Увайсий,Uvaysiy,false
FA-412045,FA-412,1730412,0,,Uzumzor,Узумзор,Узумзор,Uzumzor,true
FA-412046,FA-412,1730412,0,,Uzun xovuz,Узун ховуз,Узун ховуз,Uzun xovuz,true
FA-412047,FA-412,1730412,1730412046,202586428,O‘rda tagi,Ўрда таги,Урдатаги,Órda tagi,false
FA-412048,FA-412,1730412,1730412047,202681001,Chilonzor,Чилонзор,Чилонзор,Chilonzor,false
FA-412049,FA-412,1730412,1730412050,202567846,Chor chinor,Чор чинор,Чор Чинор,Chor chinor,false
FA-412050,FA-412,1730412,0,,Sholdirama,Шолдирама,Шолдирама,Sholdirama,true
FA-412051,FA-412,1730412,0,,Yangi xayot,Янги хаёт,Янги хаёт,Yangi xayot,true
FA-412052,FA-412,1730412,1730412020,202651505,Yoyilma,Ёйилма,Ёйилма,Yoyilma,false
FA-412053,FA-412,1730412,1730412049,202437438,Yangi bog‘,Янги боғ,Янги бог,Yangi boǵ,false
FA-412054,FA-412,1730412,1730412033,202609665,Yangi obod,Янги обод,Янги обод,Yangi obod,false
FA-15190056,FA-412,1730412,1730412055,309193134,Yuksalish,Юксалиш,Юксалиш,Yuksalish,false
FA-15190022,FA-412,1730412,1730412014,202677306,Qashqar,Қашқар,Кашкар,Qashqar,false
FA-15190055,FA-412,1730412,1730412056,309192619,Nurafshon,Нурафшон,Нурафшон,Nurafshon,false
FA-15190003,FA-412,1730412,1730412016,202526303,Аxmad yassaviy,Ахмад яссавий,Ахмад Яссавий,Аxmad yassaviy,false
FA-15190001,FA-412,1730412,1730412048,202656807,Аlisher navoiy,Алишер навоий,Алишер Навоий,Аlisher navoiy,false
FA-15190047,FA-412,1730412,1730412009,202759377,Xo‘japorso,Хўжа порсо,Хужапорсо,Xójaporso,false
FA-15190015,FA-412,1730412,1730412028,202765125,Zahiriddin muhammad bobur,Заҳириддин муҳаммад бобур,Захириддин Мухаммад Бобур,Zahiriddin muhammad bobur,false
FA-15190010,FA-412,1730412,1730412044,202681018,Go‘ravvol,Гўриаввал,Гураввол,Góravvol,false
FA-15190021,FA-412,1730412,1730412012,202547284,Yo‘rmaduz,Йўрмадуз,Йурмадуз,Yórmaduz,false
FA-15190006,FA-412,1730412,1730412054,202559451,Burhoniddin marg‘iloniy,Бурҳониддин марғилоний,Бурхониддин Маргилоний,Burhoniddin marǵiloniy,false
FA-413999,FA-413,0,0,,Mahalla aniqlanmagan,Маҳалла аниқланмаган,Махалля не определена,Máhálle anıqlanbaǵan,true
FA-414999,FA-414,0,0,,Mahalla aniqlanmagan,Маҳалла аниқланмаган,Махалля не определена,Máhálle anıqlanbaǵan,true
JI-201001,JI-201,1708201,1708201001,204154282,Tinchlik,Тинчлик,Тинчлик,Tinchlik,false
JI-201002,JI-201,1708201,1708201002,202782231,Cho‘lquvar,Чўлқувар,Чулкувар,Chólquvar,false
JI-201003,JI-201,1708201,1708201003,202782224,Do‘stlik,Дўстлик,Дустлик,Dóstlik,false
JI-201004,JI-201,1708201,0,,Gulbaxor,Гулбахор,Гулбахор,Gulbaxor,true
JI-201005,JI-201,1708201,1708201005,202782209,Yangibo‘ston,Янгибўстон,Янгибустон,Yangibóston,false
JI-201006,JI-201,1708201,1708201006,204968915,Chinobod,Чинобод,Чинобод,Chinobod,false
JI-201007,JI-201,1708201,0,,Zarafshon,Зарафшон,Зарафшон,Zarafshon,true
JI-201008,JI-201,1708201,1708201008,203689456,Bobur,Бобур,Бобур,Bobur,false
JI-201009,JI-201,1708201,0,,G‘.g‘ulom,Ғ.ғулом,Ғ.ғулом,Ǵ.ǵulom,true
JI-201010,JI-201,1708201,1708201010,202782191,Oltin vodiy,Олтин водий,Олтин водий,Oltin vodiy,false
JI-201011,JI-201,1708201,1708201011,202878736,G‘oliblar,Ғолиблар,Голиблар,Ǵoliblar,false
JI-201012,JI-201,1708201,1708201012,203990867,Baxtli,Бахтли,Бахтли,Baxtli,false
JI-201013,JI-201,1708201,1708201013,202782248,Bo‘ston,Бўстон,Бустон,Bóston,false
JI-13010005,JI-201,1708201,1708201009,206839836,G‘ofur g‘ulom,Ғофур ғулом,Гофур Гулом,Ǵofur ǵulom,false
JI-204001,JI-204,1708204,1708204025,202711460,O‘smat,Ўсмат,Усмат,Ósmat,false
JI-204002,JI-204,1708204,1708204017,202927444,Do‘stlik,Дўстлик,Дустлик,Dóstlik,false
JI-204003,JI-204,1708204,1708204001,202927420,Oqtosh,Оқтош,Октош,Oqtosh,false
JI-204004,JI-204,1708204,1708204002,202919343,Saroy,Сарой,Сарой,Saroy,false
JI-204005,JI-204,1708204,1708204009,202711445,Qutlug‘obod,Қутлуғобод,Кутлугобод,Qutluǵobod,false
JI-204006,JI-204,1708204,1708204010,202791062,Baxmal,Бахмал,Бахмал,Baxmal,false
JI-204007,JI-204,1708204,1708204011,203553769,Muzbuloq,Музбулоқ,Музбулок,Muzbuloq,false
JI-204008,JI-204,1708204,1708204003,202924339,Sangzor,Сангзор,Сангзор,Sangzor,false
JI-204009,JI-204,1708204,1708204012,203557106,Nushkent,Нушкент,Нушкент,Nushkent,false
JI-204010,JI-204,1708204,1708204004,206839986,G‘allakon,Ғаллакон,Галлакон,Ǵallakon,false
JI-204011,JI-204,1708204,1708204005,202924307,Mo‘g‘ol,Мўғол,Мугол,Móǵol,false
JI-204012,JI-204,1708204,1708204006,202919374,Novqa,Новқа,Новка,Novqa,false
JI-204013,JI-204,1708204,1708204013,202791079,Oyqor,Ойқор,Ойкор,Oyqor,false
JI-204014,JI-204,1708204,1708204018,202956235,Bog‘ishamol,Боғишамол,Богишамол,Boǵishamol,false
JI-204015,JI-204,1708204,1708204019,203577209,Fidokor,Фидокор,Фидокор,Fidokor,false
JI-204016,JI-204,1708204,1708204020,202776451,Barlos,Барлос,Барлос,Barlos,false
JI-204017,JI-204,1708204,1708204021,202924314,Tongotar,Тонготар,Тонготар,Tongotar,false
JI-204018,JI-204,1708204,1708204022,202919328,Nurafshon,Нурафшон,Нурафшон,Nurafshon,false
JI-204019,JI-204,1708204,1708204023,203844002,Yangibog‘,Янгибоғ,Янгибог,Yangiboǵ,false
JI-204020,JI-204,1708204,1708204026,202919382,Gulbuloq,Гулбулоқ,Гулбулок,Gulbuloq,false
JI-204021,JI-204,1708204,0,,Navbaxor,Навбахор,Навбахор,Navbaxor,true
JI-204022,JI-204,1708204,1708204028,202919367,Bunyodkor,Бунёдкор,Бунёдкор,Bunyodkor,false
JI-204023,JI-204,1708204,1708204029,204459170,Shodlik,Шодлик,Шодлик,Shodlik,false
JI-204024,JI-204,1708204,1708204030,202919335,Uzunbuloq,Узунбулоқ,Узунбулок,Uzunbuloq,false
JI-204025,JI-204,1708204,1708204007,202927437,Mustaqillik,Мустақиллик,Мустакиллик,Mustaqillik,false
JI-204026,JI-204,1708204,1708204031,204370394,Madaniyat,Маданият,Маданият,Madaniyat,false
JI-204027,JI-204,1708204,1708204014,310367219,Vatanparvar,Ватанпарвар,Ватанпарвар,Vatanparvar,false
JI-204028,JI-204,1708204,1708204015,207301722,Temirqadam,Темирқадам,Темиркадам,Temirqadam,false
JI-204029,JI-204,1708204,1708204016,207301739,O‘rmonchi,Ўрмончи,Урмончи,Órmonchi,false
JI-204030,JI-204,1708204,0,,Molguzar,Молгузар,Молгузар,Molguzar,true
JI-13020009,JI-204,1708204,1708204024,207338249,Istiqlol,Истиқлол,Истиклол,Istiqlol,false
JI-13020029,JI-204,1708204,1708204032,207338256,Fayzabod,Файзабод,Файзабод,Fayzabod,false
JI-13020033,JI-204,1708204,1708204033,309568916,Nurobod,Нуробод,Нуробод,Nurobod,false
JI-13020034,JI-204,1708204,1708204034,310537211,Muzbel,Музбел,Музбел,Muzbel,false
JI-13020012,JI-204,1708204,1708204008,207301746,Davlat,Давлат,Давлат,Davlat,false
JI-13020016,JI-204,1708204,1708204027,202919350,Navbahor,Навбаҳор,Навбаxор,Navbahor,false
JI-209001,JI-209,1708209,1708209001,202685526,Alamli,Аламли,Аламли,Alamli,false
JI-209002,JI-209,1708209,1708209023,202685565,Baxt,Бахт,Бахт,Baxt,false
JI-209003,JI-209,1708209,0,,G‘.g‘ulom,Ғ.ғулом,Ғ.ғулом,Ǵ.ǵulom,true
JI-209004,JI-209,1708209,1708209003,202685534,Do‘stlik,Дўстлик,Дустлик,Dóstlik,false
JI-209005,JI-209,1708209,1708209011,207043324,Qashqabuloq,Қашқабулоқ,Кашкабулок,Qashqabuloq,false
JI-209006,JI-209,1708209,1708209021,207053288,Oqtosh,Оқтош,Октош,Oqtosh,false
JI-209007,JI-209,1708209,1708209028,202685541,Olimlar,Олимлар,Олимлар,Olimlar,false
JI-209008,JI-209,1708209,1708209029,207083171,Savruk,Саврук,Саврук,Savruk,false
JI-209009,JI-209,1708209,1708209022,202814404,Samarqand,Самарқанд,Самарканд,Samarqand,false
JI-209010,JI-209,1708209,0,,Sarbazor,Сарбазор,Сарбазор,Sarbazor,true
JI-209011,JI-209,1708209,1708209019,207148019,Lalmikor,Лалмикор,Лалмикор,Lalmikor,false
JI-209012,JI-209,1708209,1708209012,303093982,Oktom,Октом,Октом,Oktom,false
JI-209013,JI-209,1708209,1708209025,304149926,Ko‘kgumbaz,Кўкгумбаз,Кукгумбаз,Kókgumbaz,false
JI-209014,JI-209,1708209,1708209008,202814349,Buloqboshi,Булоқбоши,Булокбоши,Buloqboshi,false
JI-209015,JI-209,1708209,1708209010,202275394,Guliston,Гулистон,Гулистон,Guliston,false
JI-209016,JI-209,1708209,1708209015,203841853,Gulchambar,Гулчамбар,Гулчамбар,Gulchambar,false
JI-209017,JI-209,1708209,1708209002,202305087,G‘o‘bdin,Ғўбдин,Губдин,Ǵóbdin,false
JI-209018,JI-209,1708209,1708209016,202814395,Jiydali,Жийдали,Жийдали,Jiydali,false
JI-209019,JI-209,1708209,1708209018,207124404,Qipchoqsuv,Қипчоқсув,Кипчоксув,Qipchoqsuv,false
JI-209020,JI-209,1708209,0,,Karizquduq,Каризқудуқ,Каризқудуқ,Karizquduq,true
JI-209021,JI-209,1708209,1708209026,202814364,Qo‘ytosh,Қўйтош,Куйтош,Qóytosh,false
JI-209022,JI-209,1708209,0,,Kukbuloq,Кукбулоқ,Кукбулоқ,Kukbuloq,true
JI-209023,JI-209,1708209,1708209027,202814428,Madaniyat,Маданият,Маданият,Madaniyat,false
JI-209024,JI-209,1708209,1708209020,203168265,Marjonbuloq,Маржонбулоқ,Маржонбулок,Marjonbuloq,false
JI-209025,JI-209,1708209,1708209004,202693216,Mirzabuloq,Мирзабулоқ,Мирзабулок,Mirzabuloq,false
JI-209026,JI-209,1708209,1708209005,202814435,Moltob,Молтоб,Молтоб,Moltob,false
JI-209027,JI-209,1708209,1708209006,202814292,Mulkush,Мулкуш,Мулкуш,Mulkush,false
JI-209028,JI-209,1708209,1708209014,202814371,Tozaurug‘,Тозауруғ,Тозауруг,Tozauruǵ,false
JI-209029,JI-209,1708209,0,,Xonimqurg‘on,Хонимқурғон,Хонимқурғон,Xonimqurǵon,true
JI-13030033,JI-209,1708209,1708209033,310250602,Nurafshon,Нурафшон,Нурафшон,Nurafshon,false
JI-13030031,JI-209,1708209,1708209031,310247153,Uzunbuloq,Узунбулоқ,Узунбулок,Uzunbuloq,false
JI-13030004,JI-209,1708209,1708209009,202693191,G‘ofur g‘ulom,Ғофур ғулом,Гофур Гулом,Ǵofur ǵulom,false
JI-13030029,JI-209,1708209,1708209007,202814332,Xonimqo‘rg‘on,Хонимқўрғон,Хонимкургон,Xonimqórǵon,false
JI-13030030,JI-209,1708209,1708209030,310247328,Yashnaobod,Яшнаобод,Яшнаобод,Yashnaobod,false
JI-13030027,JI-209,1708209,1708209013,207079262,Sarbozor,Сарбозор,Сарбозор,Sarbozor,false
JI-13030035,JI-209,1708209,1708209035,310249657,Qangli,Қангли,Кангли,Qangli,false
JI-13030032,JI-209,1708209,1708209032,310248935,Naxroch,Нахроч,Нахроч,Naxroch,false
JI-13030012,JI-209,1708209,1708209017,204524842,Korizquduq,Коризқудуқ,Коризкудук,Korizquduq,false
JI-13030014,JI-209,1708209,1708209024,202814411,Ko‘kbuloq,Кўкбулоқ,Кукбулок,Kókbuloq,false
JI-212001,JI-212,1708212,1708212036,305150174,Bobur,Бобур,Бобур,Bobur,false
JI-212002,JI-212,1708212,1708212007,207193960,Bo‘ston,Бўстон,Бустон,Bóston,false
JI-212003,JI-212,1708212,1708212018,207237406,G‘ozg‘ontepa,Ғозғонтепа,Гозгонтепа,Ǵozǵontepa,false
JI-212004,JI-212,1708212,1708212022,207193874,Yoyilma,Ёйилма,Ёйилма,Yoyilma,false
JI-212005,JI-212,1708212,1708212040,305218894,Yoshlik,Ёшлик,Ёшлик,Yoshlik,false
JI-212006,JI-212,1708212,1708212029,207209954,Jizzaxlik,Жиззахлик,Жиззахлик,Jizzaxlik,false
JI-212007,JI-212,1708212,1708212027,207209946,Ziyokor,Зиёкор,Зиёкор,Ziyokor,false
JI-212008,JI-212,1708212,1708212002,207210923,Istiqlol,Истиқлол,Истиклол,Istiqlol,false
JI-212009,JI-212,1708212,1708212038,207194556,Kattaqishloq,Каттақишлоқ,Каттакишлок,Kattaqishloq,false
JI-212010,JI-212,1708212,1708212041,203841884,Ko‘rpasoy,Кўрпасой,Корпасой,Kórpasoy,false
JI-212011,JI-212,1708212,1708212020,207194524,Qang‘li,Қанғли,Кангли,Qanǵli,false
JI-212012,JI-212,1708212,1708212006,207228994,Qatortol,Қатортол,Катортол,Qatortol,false
JI-212013,JI-212,1708212,1708212001,204947735,Qaxramon,Қахрамон,Кахрамон,Qaxramon,false
JI-212014,JI-212,1708212,1708212032,207198044,Qorayantoq,Қораянтоқ,Кораянток,Qorayantoq,false
JI-212015,JI-212,1708212,1708212012,207193898,Qulpisar,Қулписар,Кулписар,Qulpisar,false
JI-212016,JI-212,1708212,0,,Qushko‘prik,Қушкўприк,Қушкўприк,Qushkóprik,true
JI-212017,JI-212,1708212,1708212031,305148602,Madaniyat,Маданият,Маданият,Madaniyat,false
JI-212018,JI-212,1708212,1708212005,207193945,Mulkanlik,Мулканлик,Мулканлик,Mulkanlik,false
JI-212019,JI-212,1708212,1708212044,207196940,Nonisangil,Нонисангил,Нонисангил,Nonisangil,false
JI-212020,JI-212,1708212,1708212021,207193921,Nurafshon,Нурафшон,Нурафшон,Nurafshon,false
JI-212021,JI-212,1708212,1708212033,207237058,Oqtoshota,Оқтошота,Октош ота,Oqtoshota,false
JI-212022,JI-212,1708212,1708212017,207237414,Olmachi,Олмачи,Олмачи,Olmachi,false
JI-212023,JI-212,1708212,0,,Pastki so‘loqli,Пастки сўлоқли,Пастки сўлоқли,Pastki sóloqli,true
JI-212024,JI-212,1708212,1708212024,204988717,Ravalliq,Раваллиқ,Раваллик,Ravalliq,false
JI-212025,JI-212,1708212,0,,Ravot,Равот,Равот,Ravot,true
JI-212026,JI-212,1708212,1708212042,201432492,Samarqandquduq,Самарқандқудуқ,Самарканд-кудук,Samarqandquduq,false
JI-212027,JI-212,1708212,0,,Saroylik,Саройлик,Саройлик,Saroylik,true
JI-212028,JI-212,1708212,1708212030,207209961,Soungarlik,Соунгарлик,Соунгарлик,Soungarlik,false
JI-212029,JI-212,1708212,0,,Sug‘duyona,Суғдуёна,Суғдуёна,Suǵduyona,true
JI-212030,JI-212,1708212,1708212009,305137924,Taraqqiyot,Тараққиёт,Тараккиёт,Taraqqiyot,false
JI-212031,JI-212,1708212,1708212046,305210827,Tinchlik,Тинчлик,Тинчлик,Tinchlik,false
JI-212032,JI-212,1708212,1708212023,204994590,Toqchilik,Тоқчилик,Токчилик,Toqchilik,false
JI-212033,JI-212,1708212,1708212004,207193938,Toshkentlik,Тошкентлик,Тошкентлик,Toshkentlik,false
JI-212034,JI-212,1708212,1708212034,207237065,Tuyoqli,Туёқли,Туёкли,Tuyoqli,false
JI-212035,JI-212,1708212,1708212043,207195285,Umar,Умар,Умар,Umar,false
JI-212036,JI-212,1708212,1708212026,207223638,Uch tepa,Уч тепа,Учтепа,Uch tepa,false
JI-212037,JI-212,1708212,0,,Fayzobod,Файзобод,Файзобод,Fayzobod,true
JI-212038,JI-212,1708212,1708212028,207209939,Xavastlik,Хавастлик,Хавастлик,Xavastlik,false
JI-212039,JI-212,1708212,0,,Xayrobod,Хайробод,Хайробод,Xayrobod,true
JI-212040,JI-212,1708212,1708212016,207212294,Xalqobod,Халқобод,Халкобод,Xalqobod,false
JI-212041,JI-212,1708212,1708212039,206992989,Sharilloq,Шариллоқ,Шариллок,Sharilloq,false
JI-212042,JI-212,1708212,1708212011,207210614,Eski toshkentlik,Ески тошкентлик,Эски тошкeнтлик,Eski toshkentlik,false
JI-212043,JI-212,1708212,0,,Yuksalish,Юксалиш,Юксалиш,Yuksalish,true
JI-212044,JI-212,1708212,1708212025,207194549,Yakkaqayrag‘och,Яккақайрағоч,Якка кайрагоч,Yakkaqayraǵoch,false
JI-212045,JI-212,1708212,1708212015,305148863,Yangi diyor,Янги диёр,Янги-Диёр,Yangi diyor,false
JI-212046,JI-212,1708212,1708212048,207193914,Yangi hayot,Янги ҳаёт,Янгиxаёт,Yangi hayot,false
JI-212047,JI-212,1708212,1708212047,207193977,Yangiobod,Янгиобод,Янгиобод,Yangiobod,false
JI-212048,JI-212,1708212,1708212010,207193984,Yaxtanlik,Яхтанлик,Яхтанлик,Yaxtanlik,false
JI-13040030,JI-212,1708212,1708212013,207194564,So‘gdiyona,Сўгдиёна,Сугдиёна,Sógdiyona,false
JI-13040017,JI-212,1708212,1708212003,207193953,Qo‘shko‘prik,Қўшкўприк,Кушкуприк,Qóshkóprik,false
JI-13040038,JI-212,1708212,1708212035,207237073,Fayziobod,Файзиобод,Файзиобод,Fayziobod,false
JI-13040024,JI-212,1708212,1708212019,207124000,Pastki suloqli,Пастки сулоқли,Пастки сулокли,Pastki suloqli,false
JI-13040040,JI-212,1708212,1708212037,207193881,Xayrabod,Хайрабод,Хайрабод,Xayrabod,false
JI-13040025,JI-212,1708212,1708212045,207223645,Rabot,Работ,Работ,Rabot,false
JI-13040014,JI-212,1708212,1708212014,207193906,Kuyovboshi,Куёвбоши,Куёвбоши,Kuyovboshi,false
JI-13040028,JI-212,1708212,1708212008,207196957,Saraylik,Сарайлик,Сарайлик,Saraylik,false
JI-215001,JI-215,1708215,0,,A.Navoiy,А.навоий,А.навоий,A.Navoiy,true
JI-215002,JI-215,1708215,1708215003,202940138,Manas,Манас,Манас,Manas,false
JI-215003,JI-215,1708215,1708215002,202940121,Navro‘z,Наврўз,Навруз,Navróz,false
JI-215004,JI-215,1708215,1708215005,202940145,Qahramon,Қаҳрамон,Каxрамон,Qahramon,false
JI-215005,JI-215,1708215,1708215012,202940184,Mevazor,Мевазор,Мевазор,Mevazor,false
JI-215006,JI-215,1708215,1708215004,202940098,Chinobod,Чинобод,Чинобод,Chinobod,false
JI-215007,JI-215,1708215,1708215009,202940177,Bunyodkor,Бунёдкор,Бунёдкор,Bunyodkor,false
JI-215008,JI-215,1708215,0,,G‘ofur g‘ulom,Ғофур ғулом,Ғофур ғулом,Ǵofur ǵulom,true
JI-215009,JI-215,1708215,1708215008,202940160,Saritepa,Саритепа,Саритепа,Saritepa,false
JI-215010,JI-215,1708215,1708215011,202940192,Bog‘zor,Боғзор,Богзор,Boǵzor,false
JI-215011,JI-215,1708215,1708215006,202940153,Oltin vodiy,Олтин водий,Олтин Водий,Oltin vodiy,false
JI-215012,JI-215,1708215,1708215010,202940114,Sanoatchilar,Саноатчилар,Саноатчилар,Sanoatchilar,false
JI-13050001,JI-215,1708215,1708215001,202940106,Alisher navoiy,Алишер навоий,Алишер Навоий,Alisher navoiy,false
JI-13050004,JI-215,1708215,1708215007,202940081,G‘afur g‘ulom,Ғафур ғулом,Гафур Гулом,Ǵafur ǵulom,false
JI-218001,JI-218,1708218,1708218001,202863296,Bog‘ishamol,Боғишамол,Богишамол,Boǵishamol,false
JI-218002,JI-218,1708218,0,,Katta bog‘,Катта боғ,Катта боғ,Katta boǵ,true
JI-218003,JI-218,1708218,1708218003,202863390,Taraqqiyot,Тараққиёт,Тараккиёт,Taraqqiyot,false
JI-218004,JI-218,1708218,1708218004,202863344,Oq tepa,Оқ тепа,Октепа,Oq tepa,false
JI-218005,JI-218,1708218,1708218005,202863312,Navbaxor,Навбахор,Навбахор,Navbaxor,false
JI-218006,JI-218,1708218,1708218006,202863336,Xalqobod,Халқобод,Халкобод,Xalqobod,false
JI-218007,JI-218,1708218,0,,Sh.rashidov,Ш.рашидов,Ш.рашидов,Sh.rashidov,true
JI-218008,JI-218,1708218,1708218008,202863304,Qo‘rg‘on,Қўрғон,Кургон,Qórǵon,false
JI-218009,JI-218,1708218,1708218009,202863351,G‘.g‘ulom,Ғ.ғулом,Г.Гулом,Ǵ.ǵulom,false
JI-218010,JI-218,1708218,1708218010,202863368,Birlik,Бирлик,Бирлик,Birlik,false
JI-218011,JI-218,1708218,1708218011,202873047,Beshkubi,Бешкуби,Бешкуби,Beshkubi,false
JI-218012,JI-218,1708218,1708218012,202886860,Gulshan,Гулшан,Гулшан,Gulshan,false
JI-218013,JI-218,1708218,1708218013,206849396,Nurlikent,Нурликент,Нурликент,Nurlikent,false
JI-218014,JI-218,1708218,1708218014,202943204,Navoiy,Навоий,Навоий,Navoiy,false
JI-218015,JI-218,1708218,1708218015,203471959,Qo‘shtol,Қўштол,Куштол,Qóshtol,false
JI-218016,JI-218,1708218,1708218016,202886838,Peshog‘or,Пешоғор,Пeшогор,Peshoǵor,false
JI-218017,JI-218,1708218,1708218017,203471966,Yuksalish,Юксалиш,Юксалиш,Yuksalish,false
JI-218018,JI-218,1708218,1708218018,207089804,Yoshlik,Ёшлик,Ёшлик,Yoshlik,false
JI-218019,JI-218,1708218,1708218019,202810045,Shirin,Ширин,Ширин,Shirin,false
JI-218020,JI-218,1708218,1708218020,202862962,Ulug‘bek,Улуғбек,Улугбек,Uluǵbek,false
JI-218021,JI-218,1708218,1708218021,202873008,Beruniy,Беруний,Беруний,Beruniy,false
JI-218022,JI-218,1708218,1708218022,202943283,O‘zbekiston,Ўзбекистон,Узбекистон,Ózbekiston,false
JI-218023,JI-218,1708218,1708218023,202862979,Baxt,Бахт,Бахт,Baxt,false
JI-218024,JI-218,1708218,0,,X.Olimjon,Х.олимжон,Х.олимжон,X.Olimjon,true
JI-218025,JI-218,1708218,1708218025,202873023,Bunyodkor,Бунёдкор,Бунёдкор,Bunyodkor,false
JI-218026,JI-218,1708218,1708218026,202862986,Nurafshon,Нурафшон,Нурафшон,Nurafshon,false
JI-218027,JI-218,1708218,1708218027,202873015,Paxtakor,Пахтакор,Пахтакор,Paxtakor,false
JI-218028,JI-218,1708218,1708218028,203509568,Guliston,Гулистон,Гулистон,Guliston,false
JI-218029,JI-218,1708218,1708218029,203509551,Chilonzor,Чилонзор,Чилонзор,Chilonzor,false
JI-218030,JI-218,1708218,1708218030,202886853,Duoba,Дуоба,Дуоба,Duoba,false
JI-218031,JI-218,1708218,1708218031,203456484,Istiqlol,Истиқлол,Истиклол,Istiqlol,false
JI-218032,JI-218,1708218,1708218032,202943244,Obi xayot,Оби хаёт,Оби-Хаёт,Obi xayot,false
JI-218033,JI-218,1708218,1708218033,207191268,Chorvador,Чорвадор,Чорвадор,Chorvador,false
JI-218034,JI-218,1708218,1708218034,202943212,G‘allakor,Ғаллакор,Галлакор,Ǵallakor,false
JI-218035,JI-218,1708218,1708218035,207015040,Mustaqillik,Мустақиллик,Мустакиллик,Mustaqillik,false
JI-218036,JI-218,1708218,1708218036,207111208,Turkman,Туркман,Туркман,Turkman,false
JI-218037,JI-218,1708218,1708218037,207130785,To‘rttom,Тўрттом,Турттом,Tórttom,false
JI-13080036,JI-218,1708218,1708218007,202863329,Sharof rashidov,Шароф рашидов,Шароф Рашидов,Sharof rashidov,false
JI-13080015,JI-218,1708218,1708218002,202876010,Qayirma,Қайирма,Кайирма,Qayirma,false
JI-13080039,JI-218,1708218,1708218038,309336594,Nihol,Ниҳол,Ниxол,Nihol,false
JI-13080033,JI-218,1708218,1708218024,202873054,Xamid olimjon,Хамид олимжон,Хамид Олимжон,Xamid olimjon,false
JI-13080040,JI-218,1708218,1708218039,309338236,Farovon,Фаровон,Фаровон,Farovon,false
JI-220001,JI-220,1708220,1708220005,202794256,Mustaqillik,Мустақиллик,Мустакиллик,Mustaqillik,false
JI-220002,JI-220,1708220,1708220013,202794249,Oybek,Ойбек,Ойбек,Oybek,false
JI-220003,JI-220,1708220,1708220020,202794264,Tinchlik,Тинчлик,Тинчлик,Tinchlik,false
JI-220004,JI-220,1708220,1708220007,202794232,Oqbuloq,Оқбулоқ,Окбулок,Oqbuloq,false
JI-220005,JI-220,1708220,1708220015,202794288,Shodlik,Шодлик,Шодлик,Shodlik,false
JI-220006,JI-220,1708220,1708220016,202794271,Do‘stlik,Дўстлик,Дустлик,Dóstlik,false
JI-220007,JI-220,1708220,1708220017,202794295,Navro‘z,Наврўз,Навруз,Navróz,false
JI-220008,JI-220,1708220,1708220008,202794304,Yangiobod,Янгиобод,Янгиобод,Yangiobod,false
JI-220009,JI-220,1708220,1708220009,201454814,Lalmikor,Лалмикор,Лалмикор,Lalmikor,false
JI-220010,JI-220,1708220,1708220010,203832302,Taraqqiyot,Тараққиёт,Тараккиёт,Taraqqiyot,false
JI-220011,JI-220,1708220,1708220006,204474866,Ravot,Равот,Равот,Ravot,false
JI-220012,JI-220,1708220,1708220021,204474859,Navoiy,Навоий,Навоий,Navoiy,false
JI-220013,JI-220,1708220,1708220011,206979529,Yangihayot,Янгиҳаёт,Янги Хаёт,Yangihayot,false
JI-220014,JI-220,1708220,1708220018,201454781,Yangikent,Янгикент,Янгикент,Yangikent,false
JI-220015,JI-220,1708220,1708220022,203832286,Nurafshon,Нурафшон,Нурафшон,Nurafshon,false
JI-220016,JI-220,1708220,1708220019,203339194,Adirobod,Адиробод,Адиробод,Adirobod,false
JI-220017,JI-220,1708220,0,,Tozaurug‘,Тозауруғ,Тозауруғ,Tozauruǵ,true
JI-220018,JI-220,1708220,1708220023,201454838,Andijon,Андижон,Андижон,Andijon,false
JI-220019,JI-220,1708220,1708220024,201454798,Sharq yulduzi,Шарқ юлдузи,Шарк Юлдузи,Sharq yulduzi,false
JI-220020,JI-220,1708220,1708220001,202886845,Oqar,Оқар,Окар,Oqar,false
JI-220021,JI-220,1708220,1708220003,202886877,Toshkesgan,Тошкесган,Тошкесган,Toshkesgan,false
JI-220022,JI-220,1708220,1708220004,202943236,Yoshlik,Ёшлик,Ёшлик,Yoshlik,false
JI-13060011,JI-220,1708220,1708220014,207337867,Nurobod,Нуробод,Нуробод,Nurobod,false
JI-13060007,JI-220,1708220,1708220002,207338232,Navbahor,Навбаҳор,Навбахор,Navbahor,false
JI-223001,JI-223,1708223,1708223002,202540864,Ipak yo‘li,Ипак йўли,Ипак Йоли,Ipak yóli,false
JI-223002,JI-223,1708223,1708223003,202540840,Mustaqillik,Мустақиллик,Мустакиллик,Mustaqillik,false
JI-223003,JI-223,1708223,1708223001,202540896,Yangidala,Янгидала,Янгидала,Yangidala,false
JI-223004,JI-223,1708223,1708223005,202540929,Bog‘bon,Боғбон,Богбон,Boǵbon,false
JI-223005,JI-223,1708223,1708223006,202540833,Yerjar,Ержар,Ержар,Yerjar,false
JI-223006,JI-223,1708223,1708223004,202540872,Mirzadala,Мирзадала,Мирзадала,Mirzadala,false
JI-223007,JI-223,1708223,1708223007,202540825,G‘alaba,Ғалаба,Галаба,Ǵalaba,false
JI-223008,JI-223,1708223,1708223008,202540912,Paxtazor,Пахтазор,Пахтазор,Paxtazor,false
JI-223009,JI-223,1708223,1708223009,202540904,O‘zbekiston,Ўзбекистон,Узбекистон,Ózbekiston,false
JI-223010,JI-223,1708223,1708223012,200340577,Gulzor,Гулзор,Гулзор,Gulzor,false
JI-223011,JI-223,1708223,1708223010,202540857,Do‘stlik,Дўстлик,Дустлик,Dóstlik,false
JI-223012,JI-223,1708223,1708223011,202540889,Toshkent,Тошкент,Тошкент,Toshkent,false
JI-225023,JI-225,1708225,1708225003,202795476,Uzun,Узун,Узун,Uzun,false
JI-225024,JI-225,1708225,1708225001,202762121,Bo‘ston,Бўстон,Бустон,Bóston,false
JI-225025,JI-225,1708225,1708225002,202779455,Samarqand,Самарқанд,Самарканд,Samarqand,false
JI-225026,JI-225,1708225,1708225004,302894216,Cho‘liguliston,Чўлигулистон,Чулигулистон,Chóliguliston,false
JI-225027,JI-225,1708225,1708225005,202795484,Birlik,Бирлик,Бирлик,Birlik,false
JI-225028,JI-225,1708225,1708225006,202795681,Yorqin,Ёрқин,Ёркин,Yorqin,false
JI-225029,JI-225,1708225,1708225007,202785425,Nurafshon,Нурафшон,Нурафшон,Nurafshon,false
JI-225030,JI-225,1708225,1708225008,202795674,Pistalikent,Писталикент,Писталикент,Pistalikent,false
JI-225031,JI-225,1708225,1708225009,202795666,Lolazor,Лолазор,Лолазор,Lolazor,false
JI-225032,JI-225,1708225,1708225010,200340545,Chimqo‘rg‘on,Чимқўрғон,Чимкургон,Chimqórǵon,false
JI-228001,JI-228,1708228,0,,Buyuk ipak yuli,Буюк ипак юли,Буюк ипак юли,Buyuk ipak yuli,true
JI-228002,JI-228,1708228,1708228004,202861687,Samarkand,Самарканд,Самарканд,Samarkand,false
JI-228003,JI-228,1708228,1708228003,202861703,Toshkent,Тошкент,Тошкент,Toshkent,false
JI-228004,JI-228,1708228,1708228002,201455464,Chamanzor,Чаманзор,Чаманзор,Chamanzor,false
JI-228005,JI-228,1708228,1708228006,201740901,Olmazor,Олмазор,Олмазор,Olmazor,false
JI-228006,JI-228,1708228,1708228005,201740878,Paxtakor,Пахтакор,Пахтакор,Paxtakor,false
JI-228007,JI-228,1708228,1708228007,202382792,Suvonobod,Сувонобод,Сувонобод,Suvonobod,false
JI-228008,JI-228,1708228,1708228008,201455488,Bogishamol,Богишамол,Богишамол,Bogishamol,false
JI-228009,JI-228,1708228,0,,Dilorm,Дилорм,Дилорм,Dilorm,true
JI-228010,JI-228,1708228,1708228009,201455471,Mingchinor,Мингчинор,Мингчинор,Mingchinor,false
JI-228011,JI-228,1708228,1708228010,307142349,Nurli pangat,Нурли пангат,Нурли-Пангат,Nurli pangat,false
JI-228012,JI-228,1708228,1708228013,202863541,Dustlik,Дустлик,Дустлик,Dustlik,false
JI-228013,JI-228,1708228,1708228012,201740885,Okbulok,Окбулок,Окбулок,Okbulok,false
JI-228014,JI-228,1708228,1708228014,202863558,Galaba,Галаба,Галаба,Galaba,false
JI-228015,JI-228,1708228,1708228015,202861694,Oltinkul,Олтинкул,Олтинкул,Oltinkul,false
JI-13100002,JI-228,1708228,1708228001,201740893,Buyuk ipak yo‘li,Буюк ипак йўли,Буюк Ипак Йули,Buyuk ipak yóli,false
JI-13100004,JI-228,1708228,1708228011,202863565,Dilorom,Дилором,Дилором,Dilorom,false
JI-235001,JI-235,1708235,1708235001,202806001,Bog‘don,Боғдон,Богдон,Boǵdon,false
JI-235002,JI-235,1708235,1708235002,205941885,Uchma,Учма,Учма,Uchma,false
JI-235003,JI-235,1708235,1708235003,205941893,Qo‘lba,Қўлба,Кулба,Qólba,false
JI-235004,JI-235,1708235,1708235004,207298022,Amir temur nomli,Амир темур номли,Амир Темур,Amir temur nomli,false
JI-235005,JI-235,1708235,0,,O‘xum,Ўхум,Ўхум,Óxum,true
JI-235006,JI-235,1708235,1708235006,207277468,Do‘stlik,Дўстлик,Дустлик,Dóstlik,false
JI-235007,JI-235,1708235,1708235007,204914207,Mustaqillik,Мустақиллик,Мустакиллик,Mustaqillik,false
JI-235008,JI-235,1708235,0,,Yassikechuv,Яссикечув,Яссикечув,Yassikechuv,true
JI-235009,JI-235,1708235,0,,Qoraabol ota,Қораабол ота,Қораабол ота,Qoraabol ota,true
JI-235010,JI-235,1708235,1708235010,204914199,Narvon,Нарвон,Нарвон,Narvon,false
JI-235011,JI-235,1708235,1708235011,202867741,Garasha,Гараша,Гараша,Garasha,false
JI-235012,JI-235,1708235,1708235012,303403817,Ilonli,Илонли,Илонли,Ilonli,false
JI-235013,JI-235,1708235,0,,E.Kamolov nomli,Е.камолов номли,Е.камолов номли,E.Kamolov nomli,true
JI-235014,JI-235,1708235,1708235014,205729024,Sayyod,Сайёд,Сайёд,Sayyod,false
JI-235015,JI-235,1708235,1708235015,205771536,Oqtepa,Оқтепа,Ок Тепа,Oqtepa,false
JI-235016,JI-235,1708235,1708235016,206817720,Oq tom,Оқ том,Октом,Oq tom,false
JI-235017,JI-235,1708235,1708235017,206817737,Egizbuloq,Егизбулоқ,Эгизбулок,Egizbuloq,false
JI-235018,JI-235,1708235,1708235018,207320153,Nurak,Нурак,Нурак,Nurak,false
JI-235019,JI-235,1708235,1708235019,202805984,O‘zbekiston,Ўзбекистон,Узбекистон,Ózbekiston,false
JI-235020,JI-235,1708235,1708235020,202875179,Xonbandi,Хонбанди,Хонбанди,Xonbandi,false
JI-235021,JI-235,1708235,1708235021,200340688,Uchquloch,Учқулоч,Учкулоч,Uchquloch,false
JI-235022,JI-235,1708235,1708235023,200340538,Qizilqum,Қизилқум,Кизилкум,Qizilqum,false
JI-235023,JI-235,1708235,1708235022,205708327,Osmonsoy,Осмонсой,Осмонсой,Osmonsoy,false
JI-235024,JI-235,1708235,1708235024,200340584,Darboza,Дарбоза,Дарбоза,Darboza,false
JI-235025,JI-235,1708235,0,,Istiqlol,Истиқлол,Истиқлол,Istiqlol,true
JI-13110009,JI-235,1708235,1708235009,202867758,Qoraobdol ota,Қораобдол ота,Кораобдол Ота,Qoraobdol ota,false
JI-13110019,JI-235,1708235,1708235005,201411012,Uxum,Ухум,Ухум,Uxum,false
JI-13110025,JI-235,1708235,1708235008,204914182,Musoqul orolov,Мусоқул оролов,Мусокул Оролов,Musoqul orolov,false
JI-13110014,JI-235,1708235,1708235013,202806018,Oybek,Ойбек,Ойбек,Oybek,false
JI-237001,JI-237,1708237,1708237001,202894338,Yangiobod,Янгиобод,Янгиобод,Yangiobod,false
JI-237002,JI-237,1708237,1708237003,202894314,Balandchaqir,Баландчақир,Баландчакир,Balandchaqir,false
JI-237003,JI-237,1708237,1708237008,204645620,Shodlik,Шодлик,Шодлик,Shodlik,false
JI-237004,JI-237,1708237,1708237005,303068102,Do‘stlik,Дўстлик,Дустлик,Dóstlik,false
JI-237005,JI-237,1708237,1708237007,202894360,Sarmich,Сармич,Сармич,Sarmich,false
JI-237006,JI-237,1708237,1708237002,207124372,Sovot,Совот,Совот,Sovot,false
JI-237007,JI-237,1708237,0,,Xavotog‘,Хавотоғ,Хавотоғ,Xavotoǵ,true
JI-237008,JI-237,1708237,1708237004,207124364,Xo‘jamushkent,Хўжамушкент,Хужамушкент,Xójamushkent,false
JI-13120005,JI-237,1708237,1708237006,207124389,Havotog‘,Ҳавотоғ,Xавотог,Havotoǵ,false
JI-238999,JI-238,0,0,,Mahalla aniqlanmagan,Маҳалла аниқланмаган,Махалля не определена,Máhálle anıqlanbaǵan,true
JI-401001,JI-401,1708401,1708401001,202639074,Ittifoq,Иттифоқ,Иттифок,Ittifoq,false
JI-401002,JI-401,1708401,1708401002,202638868,Yoshlik,Ёшлик,Ёшлик,Yoshlik,false
JI-401003,JI-401,1708401,1708401003,202638923,Nurliobod,Нурлиобод,Нурлиобод,Nurliobod,false
JI-401004,JI-401,1708401,1708401004,202638986,Qaliya,Қалия,Калия,Qaliya,false
JI-401005,JI-401,1708401,1708401005,202638947,Bobur,Бобур,Бобур,Bobur,false
JI-401006,JI-401,1708401,1708401006,202638875,Ulug‘bek,Улуғбек,Улугбeк,Uluǵbek,false
JI-401007,JI-401,1708401,1708401007,206072850,Do‘stlik,Дўстлик,Дустлик,Dóstlik,false
JI-401008,JI-401,1708401,1708401008,207015286,Bunyodkor,Бунёдкор,Бунёдкор,Bunyodkor,false
JI-401009,JI-401,1708401,0,,A.Navoiy,А.навоий,А.навоий,A.Navoiy,true
JI-401010,JI-401,1708401,0,,Hayrabod,Ҳайрабод,Ҳайрабод,Hayrabod,true
JI-401011,JI-401,1708401,1708401011,202638890,Tinchlik,Тинчлик,Тинчлик,Tinchlik,false
JI-401012,JI-401,1708401,1708401012,202639099,Obod,Обод,Обод,Obod,false
JI-401013,JI-401,1708401,1708401013,202639114,Kimyogar,Кимёгар,Кимёгар,Kimyogar,false
JI-401014,JI-401,1708401,1708401014,202639011,Madaniyat,Маданият,Маданият,Madaniyat,false
JI-401015,JI-401,1708401,0,,Sayxon,Сайхон,Сайхон,Sayxon,true
JI-401016,JI-401,1708401,0,,X.Olimjon,Х.олимжон,Х.олимжон,X.Olimjon,true
JI-401017,JI-401,1708401,1708401017,202638979,Uchariq,Учариқ,Учарик,Uchariq,false
JI-401018,JI-401,1708401,1708401018,202638962,O‘ratepalik,Ўратепалик,Уратепалик,Óratepalik,false
JI-401019,JI-401,1708401,1708401019,202638915,Ravalliq,Раваллиқ,Раваллик,Ravalliq,false
JI-401020,JI-401,1708401,0,,Xalqabod,Халқабод,Халқабод,Xalqabod,true
JI-401021,JI-401,1708401,1708401021,202638908,Olmazor,Олмазор,Олмазор,Olmazor,false
JI-401022,JI-401,1708401,1708401023,202639107,Zilol,Зилол,Зилол,Zilol,false
JI-401023,JI-401,1708401,1708401022,203125778,Oqqo‘rg‘onlik,Оққўрғонлик,Оккургонлик,Oqqórǵonlik,false
JI-401024,JI-401,1708401,1708401024,202638844,Jizzaxlik,Жиззахлик,Жиззахлик,Jizzaxlik,false
JI-401025,JI-401,1708401,1708401025,202639028,Qassoblik,Қассоблик,Кассоблик,Qassoblik,false
JI-401026,JI-401,1708401,1708401026,202639050,Toshloq,Тошлоқ,Тошлок,Toshloq,false
JI-401027,JI-401,1708401,1708401027,202638994,Turon,Турон,Турон,Turon,false
JI-401028,JI-401,1708401,1708401028,202639082,Sayiljoyi,Сайилжойи,Сайилжойи,Sayiljoyi,false
JI-401029,JI-401,1708401,1708401029,202638836,Shodlik,Шодлик,Шодлик,Shodlik,false
JI-401030,JI-401,1708401,1708401030,202638851,Navro‘z,Наврўз,Навруз,Navróz,false
JI-401031,JI-401,1708401,1708401031,202639067,Zargarlik,Заргарлик,Заргарлик,Zargarlik,false
JI-401032,JI-401,1708401,1708401032,202638954,Sangzor,Сангзор,Сангзор,Sangzor,false
JI-401033,JI-401,1708401,0,,A.Temur,А.темур,А.темур,A.Temur,true
JI-401034,JI-401,1708401,1708401034,202639122,Bog‘ishamol,Боғишамол,Богишамол,Boǵishamol,false
JI-13130031,JI-401,1708401,1708401010,202638883,Xayraobod,Хайраобод,Хайраобод,Xayraobod,false
JI-13130002,JI-401,1708401,1708401033,202639043,Amir temur,Амир темур,Амир Темур,Amir temur,false
JI-13130001,JI-401,1708401,1708401009,202638930,Alisher navoiy,Алишер навоий,Алишер Навоий,Alisher navoiy,false
JI-13130033,JI-401,1708401,1708401016,202638829,Hamid olimjon,Ҳамид олимжон,хамид Олимжон,Hamid olimjon,false
JI-13130032,JI-401,1708401,1708401020,202639004,Xalqaobod,Халқаобод,Халкаобод,Xalqaobod,false
JI-13130024,JI-401,1708401,1708401015,202639035,Sayxan,Сайхан,Сайхан,Sayxan,false
NG-204001,NG-204,1714204,0,,Kichik jumashuy,Кичик жумашуй,Кичик жумашуй,Kichik jumashuy,true
NG-204002,NG-204,1714204,1714204006,202753171,Kirkchek,Киркчек,Киркчек,Kirkchek,false
NG-204003,NG-204,1714204,1714204010,202753124,Momoxon,Момохон,Момохон,Momoxon,false
NG-204004,NG-204,1714204,1714204008,202753132,Qolgandaryo,Қолгандарё,Колгандарё,Qolgandaryo,false
NG-204005,NG-204,1714204,1714204011,202753149,Nayman,Найман,Найман,Nayman,false
NG-204006,NG-204,1714204,1714204014,202766639,Farovon,Фаровон,Фаровон,Farovon,false
NG-204007,NG-204,1714204,1714204003,202766646,Yoshlik,Ёшлик,Ёшлик,Yoshlik,false
NG-204008,NG-204,1714204,1714204013,202766796,Tollik,Толлик,Толлик,Tollik,false
NG-204009,NG-204,1714204,1714204015,202753156,Yangi gulbog‘,Янги гулбоғ,Янги Гулбог,Yangi gulboǵ,false
NG-204010,NG-204,1714204,1714204009,202753243,Korashaxar,Корашахар,Корашахар,Korashaxar,false
NG-204011,NG-204,1714204,1714204002,202769934,Beshserka,Бешсерка,Бешсерка,Beshserka,false
NG-204012,NG-204,1714204,1714204001,202766733,Alami,Алами,Алами,Alami,false
NG-204013,NG-204,1714204,0,,Qizilkum,Қизилкум,Қизилкум,Qizilkum,true
NG-204014,NG-204,1714204,1714204007,202766725,Kozokovul,Козоковул,Козоковул,Kozokovul,false
NG-204015,NG-204,1714204,1714204012,202730192,Oybek nomli,Ойбек номли,Ойбек,Oybek nomli,false
NG-204016,NG-204,1714204,1714204019,202745649,Madaniyat,Маданият,Маданият,Madaniyat,false
NG-204017,NG-204,1714204,1714204022,202745656,O‘zgarish,Ўзгариш,Узгариш,Ózgarish,false
NG-204018,NG-204,1714204,0,,O‘rtaqishlok,Ўртақишлок,Ўртақишлок,Órtaqishlok,true
NG-204019,NG-204,1714204,1714204021,202745632,Mulkobod,Мулкобод,Мулкобод,Mulkobod,false
NG-204020,NG-204,1714204,0,,Madyarovul,Мадяровул,Мадяровул,Madyarovul,true
NG-204021,NG-204,1714204,1714204016,202753195,Baland gurtepa,Баланд гуртепа,Баланд гуртeпа,Baland gurtepa,false
NG-204022,NG-204,1714204,1714204017,202753235,Damkul,Дамкул,Дамкул,Damkul,false
NG-204023,NG-204,1714204,1714204018,202730200,Qo‘riqobod,Қўриқобод,Курикобод,Qóriqobod,false
NG-204024,NG-204,1714204,1714204027,202753164,Mexnatobod,Мехнатобод,Мехнатобод,Mexnatobod,false
NG-204025,NG-204,1714204,0,,Uyirchi-damko‘l,Уйирчи-дамкўл,Уйирчи-дамкўл,Uyirchi-damkól,true
NG-204026,NG-204,1714204,1714204025,202753274,Kayrogochovul,Кайрогочовул,Кайрогочовул,Kayrogochovul,false
NG-204027,NG-204,1714204,0,,Yakkatol,Яккатол,Яккатол,Yakkatol,true
NG-204028,NG-204,1714204,0,,Ko‘g‘olikul,Кўғоликул,Кўғоликул,Kóǵolikul,true
NG-204029,NG-204,1714204,1714204024,202740995,Guliston,Гулистон,Гулистон,Guliston,false
NG-204030,NG-204,1714204,1714204028,202740971,Mustakillik,Мустакиллик,Мустакиллик,Mustakillik,false
NG-204031,NG-204,1714204,1714204040,202766678,Chordona,Чордона,Чордона,Chordona,false
NG-204032,NG-204,1714204,1714204038,202766661,To‘psada,Тўпсада,Тупсада,Tópsada,false
NG-204033,NG-204,1714204,1714204035,202766654,Paxtakor,Пахтакор,Пахтакор,Paxtakor,false
NG-204034,NG-204,1714204,0,,Xayitobod,Хайитобод,Хайитобод,Xayitobod,true
NG-204035,NG-204,1714204,1714204033,202766685,Ingichka,Ингичка,Ингичка,Ingichka,false
NG-204036,NG-204,1714204,1714204037,202753228,Tegirmonboshi,Тегирмонбоши,Тегирмонбоши,Tegirmonboshi,false
NG-204037,NG-204,1714204,1714204036,202753188,Serxarakat,Серхаракат,Серхаракат,Serxarakat,false
NG-204038,NG-204,1714204,1714204032,202753211,Bozorboshi,Бозорбоши,Бозорбоши,Bozorboshi,false
NG-204039,NG-204,1714204,0,,Qo‘shkishlok,Қўшкишлок,Қўшкишлок,Qóshkishlok,true
NG-204040,NG-204,1714204,1714204031,202730138,Birlashgan,Бирлашган,Бирлашган,Birlashgan,false
NG-16020035,NG-204,1714204,1714204023,202745671,O‘rtaqishloq,Ўртақишлоқ,Уртакишлок,Órtaqishloq,false
NG-16020011,NG-204,1714204,1714204005,202766740,Qizilqum,Қизилқум,Кизилкум,Qizilqum,false
NG-16020021,NG-204,1714204,1714204020,202745664,Madiyarovul,Мадияровул,Мадияровул,Madiyarovul,false
NG-16020013,NG-204,1714204,1714204004,202753117,Kichik jomashuy,Кичик жомашуй,Кичик жомашуй,Kichik jomashuy,false
NG-16020019,NG-204,1714204,1714204034,202753204,Qo‘shqishloq,Қўшқишлоқ,Кошкишлок,Qóshqishloq,false
NG-16020017,NG-204,1714204,1714204026,202753250,Qo‘g‘oliko‘l,Қўғоликўл,Куголикул,Qóǵolikól,false
NG-16020034,NG-204,1714204,1714204029,202766718,Uyurchi damko‘l,Уюрчи дамкўл,Уюрчи дамкул,Uyurchi damkól,false
NG-207001,NG-207,1714207,0,,Bomraxa,Бомраха,Бомраха,Bomraxa,true
NG-207002,NG-207,1714207,0,,Guliston-1,Гулистон-1,Гулистон-1,Guliston-1,true
NG-207003,NG-207,1714207,0,,Guliston-2,Гулистон-2,Гулистон-2,Guliston-2,true
NG-207004,NG-207,1714207,1714207004,202686635,Jar,Жар,Жар,Jar,false
NG-207005,NG-207,1714207,1714207005,202810529,Korasuv,Корасув,Корасув,Korasuv,false
NG-207006,NG-207,1714207,0,,Qozoqovul,Қозоқовул,Қозоқовул,Qozoqovul,true
NG-207007,NG-207,1714207,1714207007,202813659,Navbaxor-1,Навбахор-1,Навбахор-1,Navbaxor-1,false
NG-207008,NG-207,1714207,1714207008,202817676,Obod,Обод,Обод,Obod,false
NG-207009,NG-207,1714207,1714207009,202810425,O‘zbekiston,Ўзбекистон,Узбекистон,Ózbekiston,false
NG-207010,NG-207,1714207,1714207010,206973196,O‘rikzor,Ўрикзор,Орикзор,Órikzor,false
NG-207011,NG-207,1714207,0,,Xurriyat,Хуррият,Хуррият,Xurriyat,true
NG-207012,NG-207,1714207,1714207012,202689243,Xurriyat-1,Хуррият-1,Хуррият-1,Xurriyat-1,false
NG-207013,NG-207,1714207,1714207013,202810512,Chorbog‘,Чорбоғ,Чорбог,Chorboǵ,false
NG-207014,NG-207,1714207,0,,Yangi yul,Янги юл,Янги юл,Yangi yul,true
NG-207015,NG-207,1714207,1714207015,202813666,Yangi shahar,Янги шаҳар,Янги шахар,Yangi shahar,false
NG-207016,NG-207,1714207,0,,Bog‘ishamol-1,Боғишамол-1,Боғишамол-1,Boǵishamol-1,true
NG-207017,NG-207,1714207,0,,Alisher navoiy,Алишер навоий,Алишер навоий,Alisher navoiy,true
NG-207018,NG-207,1714207,1714207018,202695893,Bog‘,Боғ,Бог,Boǵ,false
NG-207019,NG-207,1714207,1714207019,202700221,Buloqboshi,Булоқбоши,Булокбоши,Buloqboshi,false
NG-207020,NG-207,1714207,1714207020,202695885,Guzar,Гузар,Гузар,Guzar,false
NG-207021,NG-207,1714207,1714207021,202829202,Gulobod,Гулобод,Гулобод,Gulobod,false
NG-207022,NG-207,1714207,1714207022,202719330,Navro‘z,Наврўз,Навруз,Navróz,false
NG-207023,NG-207,1714207,1714207023,202810504,Obodon,Ободон,Ободон,Obodon,false
NG-207024,NG-207,1714207,1714207024,202810433,Ravot,Равот,Равот,Ravot,false
NG-207025,NG-207,1714207,0,,Sa‘diy sheroziy,Саъдий шерозий,Саъдий шерозий,Sa‘diy sheroziy,true
NG-207026,NG-207,1714207,0,,Sadacha,Садача,Садача,Sadacha,true
NG-207027,NG-207,1714207,1714207027,202813594,Soy bo‘yi,Сой бўйи,Сой буйи,Soy bóyi,false
NG-207028,NG-207,1714207,1714207028,202844518,Xonqo‘rg‘on,Хонқўрғон,Хонкоргон,Xonqórǵon,false
NG-207029,NG-207,1714207,1714207029,202813714,Chak,Чак,Чак,Chak,false
NG-207030,NG-207,1714207,0,,Mavoraunnaxr,Маворауннахр,Маворауннахр,Mavoraunnaxr,true
NG-207031,NG-207,1714207,0,,Beshketmon,Бешкетмон,Бешкетмон,Beshketmon,true
NG-207032,NG-207,1714207,1714207032,202750184,Bog‘ishamol,Боғишамол,Богишамол,Boǵishamol,false
NG-207033,NG-207,1714207,1714207033,202813698,Bo‘ston,Бўстон,Бостон,Bóston,false
NG-207034,NG-207,1714207,1714207034,202813610,Gulbog‘,Гулбоғ,Гулбог,Gulboǵ,false
NG-207035,NG-207,1714207,0,,Gurmiron,Гурмирон,Гурмирон,Gurmiron,true
NG-207036,NG-207,1714207,1714207036,202695940,Yoshlik,Ёшлик,Ёшлик,Yoshlik,false
NG-207037,NG-207,1714207,1714207037,202813681,Ququmboy,Қуқумбой,Кукумбой,Ququmboy,false
NG-207038,NG-207,1714207,1714207038,202813634,Majnuntol,Мажнунтол,Мажнунтол,Majnuntol,false
NG-207039,NG-207,1714207,0,,Maxdumi a‘zam,Махдуми аъзам,Махдуми аъзам,Maxdumi a‘zam,true
NG-207040,NG-207,1714207,0,,Navbaxor,Навбахор,Навбахор,Navbaxor,true
NG-207041,NG-207,1714207,1714207041,202686650,Tagijar,Тагижар,Тагижар,Tagijar,false
NG-207042,NG-207,1714207,0,,Takarang,Такаранг,Такаранг,Takarang,true
NG-207043,NG-207,1714207,0,,Cho‘ngbosh,Чўнгбош,Чўнгбош,Chóngbosh,true
NG-207044,NG-207,1714207,1714207044,202810393,Chust ko‘cha,Чуст кўча,Чуст куча,Chust kócha,false
NG-207045,NG-207,1714207,0,,Abduraxmon jomiy,Абдурахмон жомий,Абдурахмон жомий,Abduraxmon jomiy,true
NG-207046,NG-207,1714207,1714207046,202810551,Baxoriston,Бахористон,Бахористон,Baxoriston,false
NG-207047,NG-207,1714207,1714207047,202813563,Bog‘ ko‘cha,Боғ кўча,Бог Куча,Boǵ kócha,false
NG-207048,NG-207,1714207,1714207048,202810401,Ozod,Озод,Озод,Ozod,false
NG-207049,NG-207,1714207,1714207049,202813706,Olmazor,Олмазор,Олмазор,Olmazor,false
NG-207050,NG-207,1714207,1714207050,202859506,Soycha,Сойча,Сойча,Soycha,false
NG-207051,NG-207,1714207,0,,Sohibkor,Соҳибкор,Соҳибкор,Sohibkor,true
NG-207052,NG-207,1714207,1714207052,202854172,Taxta ko‘prik,Тахта кўприк,Тахтакоприк,Taxta kóprik,false
NG-207053,NG-207,1714207,1714207053,202810457,Uzun qishloq,Узун қишлоқ,Узункишлок,Uzun qishloq,false
NG-207054,NG-207,1714207,1714207054,202810568,O‘rta ko‘cha,Ўрта кўча,Урта куча,Órta kócha,false
NG-207055,NG-207,1714207,1714207055,202810464,Uchqo‘rg‘on,Учқўрғон,Учкоргон,Uchqórǵon,false
NG-207056,NG-207,1714207,0,,Chindovul,Чиндовул,Чиндовул,Chindovul,true
NG-207057,NG-207,1714207,1714207057,202810496,Shayxon,Шайхон,Шайхон,Shayxon,false
NG-207058,NG-207,1714207,1714207058,202813570,Shirinbuloq,Ширинбулоқ,Ширинбулок,Shirinbuloq,false
NG-207059,NG-207,1714207,0,,Yumaloq shayx mozor,Юмалоқ шайх мозор,Юмалоқ шайх мозор,Yumaloq shayx mozor,true
NG-16010018,NG-207,1714207,1714207003,202719323,Do‘stlik,Дўстлик,Достлик,Dóstlik,false
NG-16010021,NG-207,1714207,1714207056,202813587,Zamondosh,Замондош,Замондош,Zamondosh,false
NG-16010004,NG-207,1714207,1714207031,202813674,Namuna,Намуна,Намуна,Namuna,false
NG-16010002,NG-207,1714207,1714207017,202813603,A.navoiy,А.навоий,А.Навои,A.navoiy,false
NG-16010007,NG-207,1714207,1714207042,202810544,Bog‘ibaland,Боғибаланд,Богибаланд,Boǵibaland,false
NG-16010040,NG-207,1714207,1714207025,202813642,S.sheroziy,С.шeрозий,С.Шeрози,S.sheroziy,false
NG-16010022,NG-207,1714207,1714207059,202868108,Istiqlol,Истиқлол,Истиклол,Istiqlol,false
NG-16010033,NG-207,1714207,1714207006,202815465,Nurafshon,Нурафшон,Нурафшон,Nurafshon,false
NG-16010023,NG-207,1714207,1714207043,202810440,Iftixor,Ифтихор,Ифтихор,Iftixor,false
NG-16010026,NG-207,1714207,1714207011,202689235,Kushon,Кушон,Кушон,Kushon,false
NG-16010010,NG-207,1714207,1714207001,202686628,Fayzobod,Файзобод,Файзобод,Fayzobod,false
NG-16010017,NG-207,1714207,1714207035,202700238,Go‘rmiron,Гўрмирон,Гормирон,Górmiron,false
NG-16010029,NG-207,1714207,1714207030,202695918,Mavorounnaxr,Мавороуннахр,Мавороуннахр,Mavorounnaxr,false
NG-16010008,NG-207,1714207,1714207016,202813721,Yuksalish,Юксалиш,Юксалиш,Yuksalish,false
NG-16010030,NG-207,1714207,1714207040,202810472,Yangi o‘zbekiston,Янги ўзбeкистон,Янги Узбeкистон,Yangi ózbekiston,false
NG-16010001,NG-207,1714207,1714207045,202810536,A.jomiy,А.жомий,А.Жоми,A.jomiy,false
NG-16010058,NG-207,1714207,1714207014,202839435,Yangi yo‘l,Янги йўл,Янги йул,Yangi yól,false
NG-16010028,NG-207,1714207,1714207039,202689267,M.a‘zam,М.аъзам,М.Аъзам,M.a‘zam,false
NG-212001,NG-212,1714212,1714212001,203832760,Anjirzor,Анжирзор,Анжирзор,Anjirzor,false
NG-212002,NG-212,1714212,1714212002,202770018,Beshkapa,Бешкапа,Бешкапа,Beshkapa,false
NG-212003,NG-212,1714212,0,,Bog‘ ko‘cha,Боғ кўча,Боғ кўча,Boǵ kócha,true
NG-212004,NG-212,1714212,1714212004,205403177,Bozorboshi,Бозорбоши,Бозорбоши,Bozorboshi,false
NG-212005,NG-212,1714212,1714212005,202823607,Bo‘ston,Бўстон,Бустон,Bóston,false
NG-212006,NG-212,1714212,1714212006,202770089,Guldirov,Гулдиров,Гулдиров,Guldirov,false
NG-212007,NG-212,1714212,1714212007,202770151,Qirg‘izqo‘rg‘on,Қирғизқўрғон,Киргизкургон,Qirǵizqórǵon,false
NG-212008,NG-212,1714212,1714212008,202770380,Qorako‘l,Қоракўл,Коракул,Qorakól,false
NG-212009,NG-212,1714212,1714212009,202770555,Oq buloq,Оқ булоқ,Окбулок,Oq buloq,false
NG-212010,NG-212,1714212,0,,Olahamak,Олаҳамак,Олаҳамак,Olahamak,true
NG-212011,NG-212,1714212,1714212011,202770183,Tepaqo‘rg‘on,Тепақўрғон,Тепакургон,Tepaqórǵon,false
NG-212012,NG-212,1714212,1714212012,202770190,To‘sar,Тўсар,Тусар,Tósar,false
NG-212013,NG-212,1714212,0,,O‘lmas,Ўлмас,Ўлмас,Ólmas,true
NG-212014,NG-212,1714212,1714212014,202770215,Urganji,Урганжи,Урганжи,Urganji,false
NG-212015,NG-212,1714212,1714212015,202770262,Chag‘ir,Чағир,Чагир,Chaǵir,false
NG-212016,NG-212,1714212,1714212016,202770302,Sho‘rqishloq,Шўрқишлоқ,Шуркишлок,Shórqishloq,false
NG-212017,NG-212,1714212,1714212051,202770254,Ibrat,Ибрат,Ибрат,Ibrat,false
NG-212018,NG-212,1714212,0,,Kurmak,Курмак,Курмак,Kurmak,true
NG-212019,NG-212,1714212,1714212018,202770397,Qoratepa,Қоратепа,Коратепа,Qoratepa,false
NG-212020,NG-212,1714212,1714212019,202770437,Qo‘qon qishloq,Қўқон қишлоқ,Кукон кишлок,Qóqon qishloq,false
NG-212021,NG-212,1714212,1714212020,202770064,Qo‘shchinor,Қўшчинор,Кушчинор,Qóshchinor,false
NG-212022,NG-212,1714212,1714212021,202823599,Mallaxovuz,Маллаховуз,Маллаховуз,Mallaxovuz,false
NG-212023,NG-212,1714212,1714212022,203214294,Navro‘z,Наврўз,Навруз,Navróz,false
NG-212024,NG-212,1714212,1714212023,202770072,Namuna,Намуна,Наъмуна,Namuna,false
NG-212025,NG-212,1714212,1714212024,202770413,No‘g‘ayqo‘rg‘on,Нўғайқўрғон,Нугайкургон,Nóǵayqórǵon,false
NG-212026,NG-212,1714212,1714212025,202770405,Nurtepa,Нуртепа,Нуртепа,Nurtepa,false
NG-212027,NG-212,1714212,1714212026,202770548,Ravnaq,Равнақ,Равнак,Ravnaq,false
NG-212028,NG-212,1714212,1714212027,202848915,Saxovat,Саховат,Саховат,Saxovat,false
NG-212029,NG-212,1714212,1714212028,202770247,Xonobod,Хонобод,Хонобод,Xonobod,false
NG-212030,NG-212,1714212,1714212029,202770365,Yangi yo‘l,Янги йўл,Янгийул,Yangi yól,false
NG-212031,NG-212,1714212,1714212030,202770484,G‘ayrat,Ғайрат,Гайрат,Ǵayrat,false
NG-212032,NG-212,1714212,1714212031,202770136,Kaykovus,Кайковус,Кайковус,Kaykovus,false
NG-212033,NG-212,1714212,1714212032,202770452,Ko‘l bo‘yi,Кўл бўйи,Кул буйи,Kól bóyi,false
NG-212034,NG-212,1714212,1714212033,202770476,Qumqo‘rg‘on,Қумқўрғон,Кумкургон,Qumqórǵon,false
NG-212035,NG-212,1714212,1714212034,202770491,Qurama,Қурама,Курама,Qurama,false
NG-212036,NG-212,1714212,1714212035,202770563,Oq yer,Оқ ер,Ок ер,Oq yer,false
NG-212037,NG-212,1714212,1714212036,202770279,Shamsiko‘l,Шамсикўл,Шамсикул,Shamsikól,false
NG-212038,NG-212,1714212,0,,Sherbuloq,Шербулоқ,Шербулоқ,Sherbuloq,true
NG-212039,NG-212,1714212,0,,Sho‘rqo‘r,Шўрқўр,Шўрқўр,Shórqór,true
NG-212040,NG-212,1714212,0,,Elatan,Елатан,Елатан,Elatan,true
NG-212041,NG-212,1714212,1714212039,202770334,Eshobod,Ешобод,Эшобод,Eshobod,false
NG-212042,NG-212,1714212,0,,Dehqonobod,Деҳқонобод,Деҳқонобод,Dehqonobod,true
NG-212043,NG-212,1714212,1714212042,202770144,Katta toshbuloq,Катта тошбулоқ,Катта Тошбулок,Katta toshbuloq,false
NG-212044,NG-212,1714212,1714212043,202769981,Kichik qurama,Кичик қурама,Кичик Курама,Kichik qurama,false
NG-212045,NG-212,1714212,1714212044,202770373,Kichik toshbuloq,Кичик тошбулоқ,Кичик Тошбулок,Kichik toshbuloq,false
NG-212046,NG-212,1714212,1714212045,202770516,Mirishkor,Миришкор,Миришкор,Mirishkor,false
NG-212047,NG-212,1714212,1714212046,202770531,Mullakuding,Муллакудинг,Муллакудинг,Mullakuding,false
NG-212048,NG-212,1714212,1714212047,202770096,Navqiron,Навқирон,Навкирон,Navqiron,false
NG-212049,NG-212,1714212,1714212048,202770168,Past qiyot,Паст қиёт,Паст киёт,Past qiyot,false
NG-212050,NG-212,1714212,1714212049,202770175,Tepa qiyot,Тепа қиёт,Тепа Киёт,Tepa qiyot,false
NG-212051,NG-212,1714212,1714212050,202770524,Farovon,Фаровон,Фаровон,Farovon,false
NG-212052,NG-212,1714212,1714212052,203613384,Xo‘jaqishloq,Хўжақишлоқ,Хужакишлок,Xójaqishloq,false
NG-212053,NG-212,1714212,1714212053,202769974,Chorbog‘,Чорбоғ,Чорбог,Chorboǵ,false
NG-212054,NG-212,1714212,1714212040,305606499,Qo‘rg‘oncha,Қўрғонча,Кургонча,Qórǵoncha,false
NG-16030034,NG-212,1714212,1714212010,202770570,Olaxamak,Олахамак,Олахамак,Olaxamak,false
NG-16030051,NG-212,1714212,1714212037,202770319,Sho‘rqo‘rg‘on,Шўрқўрғон,Шуркургон,Shórqórǵon,false
NG-16030022,NG-212,1714212,1714212017,202770509,Yashnaobod,Яшнаобод,Яшнаобод,Yashnaobod,false
NG-16030008,NG-212,1714212,1714212041,207035475,Dexqonobod,Дехқонобод,Дехконобод,Dexqonobod,false
NG-216001,NG-216,1714216,1714216012,202817827,Bo‘ston,Бўстон,Бостан,Bóston,false
NG-216002,NG-216,1714216,1714216002,202817906,Bobur,Бобур,Бобур,Bobur,false
NG-216003,NG-216,1714216,0,,Do‘stlik,Дўстлик,Дўстлик,Dóstlik,true
NG-216004,NG-216,1714216,1714216005,202817881,Zarbdor,Зарбдор,Зарбдор,Zarbdor,false
NG-216005,NG-216,1714216,1714216006,202817794,Katta yaydoq,Катта яйдоқ,Катта яйдок,Katta yaydoq,false
NG-216006,NG-216,1714216,1714216008,202817866,Katta o‘lmas,Катта ўлмас,Катта Улмас,Katta ólmas,false
NG-216007,NG-216,1714216,1714216010,202817770,Navoiy,Навоий,Навоий,Navoiy,false
NG-216008,NG-216,1714216,1714216007,202817810,Yettiqashqa,Еттиқашқа,Еттикъашка,Yettiqashqa,false
NG-216009,NG-216,1714216,1714216014,202817787,Yangi tong,Янги тонг,Янги тонг,Yangi tong,false
NG-216010,NG-216,1714216,1714216011,202817834,Furqat,Фурқат,Фуркат,Furqat,false
NG-216011,NG-216,1714216,1714216013,202817874,Yaydoq,Яйдоқ,Яйдок,Yaydoq,false
NG-216012,NG-216,1714216,0,,O‘zbekiston,Ўзбекистон,Ўзбекистон,Ózbekiston,true
NG-216013,NG-216,1714216,1714216009,202817898,Quyultepa,Қуюлтепа,Куйултепа,Quyultepa,false
NG-216014,NG-216,1714216,1714216003,202817859,Bo‘zo‘lmas,Бўзўлмас,Бозолмас,Bózólmas,false
NG-216015,NG-216,1714216,1714216017,202898656,Tegirmonboshi,Тегирмонбоши,Тегирмонбоши,Tegirmonboshi,false
NG-216016,NG-216,1714216,1714216020,202898695,Mirsultonchek,Мирсултончек,Мирсултончек,Mirsultonchek,false
NG-216017,NG-216,1714216,1714216018,202898664,Sirmoq,Сирмоқ,Сирмок,Sirmoq,false
NG-216018,NG-216,1714216,0,,Yashiq,Яшиқ,Яшиқ,Yashiq,true
NG-216019,NG-216,1714216,0,,Katta oktovliq,Катта октовлиқ,Катта октовлиқ,Katta oktovliq,true
NG-216020,NG-216,1714216,1714216015,202898649,Qurama,Қурама,Курама,Qurama,false
NG-216021,NG-216,1714216,0,,Mustaqillikning 20 yilligi,Мустақилликнинг 20 йиллиги,Мустақилликнинг 20 йиллиги,Mustaqillikning 20 yilligi,true
NG-216022,NG-216,1714216,1714216024,202879140,To‘lqin,Тўлқин,Толкин,Tólqin,false
NG-216023,NG-216,1714216,1714216023,202885522,Toshloq,Тошлоқ,Тошлок,Toshloq,false
NG-216024,NG-216,1714216,1714216022,202866220,Kiziltov,Кизилтов,Кизилтов,Kiziltov,false
NG-216025,NG-216,1714216,0,,Bo‘ritepa,Бўритепа,Бўритепа,Bóritepa,true
NG-216026,NG-216,1714216,1714216029,202885499,Boyovul,Боёвул,Боёвул,Boyovul,false
NG-216027,NG-216,1714216,1714216026,202885482,Xo‘jaobod,Хўжаобод,Ходжаобод,Xójaobod,false
NG-216028,NG-216,1714216,1714216027,202885514,Nurziyo,Нурзиё,Нурзиё,Nurziyo,false
NG-216029,NG-216,1714216,1714216028,202885507,Polvonko‘l,Полвонкўл,Полвонкол,Polvonkól,false
NG-216030,NG-216,1714216,1714216030,207168247,Rovot,Ровот,Ровот,Rovot,false
NG-216031,NG-216,1714216,0,,Qushchek,Қушчек,Қушчек,Qushchek,true
NG-216032,NG-216,1714216,1714216031,202888803,Qo‘shariq,Қўшариқ,Кошарик,Qóshariq,false
NG-216033,NG-216,1714216,1714216033,202888787,Otbozor,Отбозор,Отбозор,Otbozor,false
NG-216034,NG-216,1714216,1714216035,202888827,To‘da,Тўда,Тода,Tóda,false
NG-216035,NG-216,1714216,1714216034,202888810,Suzoqovul,Сузоқовул,Сузоковул,Suzoqovul,false
NG-216036,NG-216,1714216,1714216036,202874401,Marg‘izor,Марғизор,Маргизор,Marǵizor,false
NG-216037,NG-216,1714216,0,,Ko‘kmozor,Кўкмозор,Кўкмозор,Kókmozor,true
NG-216038,NG-216,1714216,0,,Ko‘rg‘oncha,Кўрғонча,Кўрғонча,Kórǵoncha,true
NG-216039,NG-216,1714216,1714216039,202874393,Toshqin,Тошқин,Тошкин,Toshqin,false
NG-216040,NG-216,1714216,1714216040,202874378,Kemaboshi,Кемабоши,Кемабоши,Kemaboshi,false
NG-216041,NG-216,1714216,1714216041,207067554,Shoxidon,Шохидон,Шохидон,Shoxidon,false
NG-216042,NG-216,1714216,1714216044,202817709,Yangi farg‘ona,Янги фарғона,Янги Фаргона,Yangi farǵona,false
NG-216043,NG-216,1714216,1714216045,202817731,Changitma,Чангитма,Чангитма,Changitma,false
NG-216044,NG-216,1714216,1714216042,202817748,Xo‘jaqo‘rg‘oncha,Хўжақўрғонча,Ходжакоргонча,Xójaqórǵoncha,false
NG-216045,NG-216,1714216,0,,Xajintoli,Хажинтоли,Хажинтоли,Xajintoli,true
NG-216046,NG-216,1714216,1714216047,207168294,Istiqlol,Истиқлол,Истиклол,Istiqlol,false
NG-216047,NG-216,1714216,1714216043,202817716,Soy bo‘yi,Сой бўйи,Сой буйи,Soy bóyi,false
NG-216048,NG-216,1714216,1714216048,202817724,Norinkapa,Норинкапа,Норинкапа,Norinkapa,false
NG-216049,NG-216,1714216,1714216049,202817755,Qorateri,Қоратери,Коратери,Qorateri,false
NG-216050,NG-216,1714216,1714216050,202871231,Uchtepa,Учтепа,Учтепа,Uchtepa,false
NG-216051,NG-216,1714216,1714216051,202885546,Yuqori cho‘ja,Юқори чўжа,Юкори чужа,Yuqori chója,false
NG-216052,NG-216,1714216,1714216052,202885539,Pastki cho‘ja,Пастки чўжа,Пастки Чужа,Pastki chója,false
NG-216053,NG-216,1714216,0,,Sho‘rariq,Шўрариқ,Шўрариқ,Shórariq,true
NG-216054,NG-216,1714216,1714216054,202888842,Qozoqovul,Қозоқовул,Козоковул,Qozoqovul,false
NG-216055,NG-216,1714216,1714216055,202888859,Do‘mar,Дўмар,Домар,Dómar,false
NG-216056,NG-216,1714216,0,,Shoxidmozor,Шохидмозор,Шохидмозор,Shoxidmozor,true
NG-216057,NG-216,1714216,1714216057,206945222,Naymanobod,Найманобод,Найманобод,Naymanobod,false
NG-16040022,NG-216,1714216,1714216032,202888794,Qo‘shchek,Қўшчек,Кошчек,Qóshchek,false
NG-16040020,NG-216,1714216,1714216038,202874418,Qo‘rg‘oncha,Қўрғонча,Коргонча,Qórǵoncha,false
NG-16040052,NG-216,1714216,1714216053,202888834,Yangi namangan,Янги наманган,Янги Наманган,Yangi namangan,false
NG-16040018,NG-216,1714216,1714216037,202874385,Saodat,Саодат,Саодат,Saodat,false
NG-16040050,NG-216,1714216,1714216056,202888866,Ibrat,Ибрат,Ибрат,Ibrat,false
NG-16040057,NG-216,1714216,1714216016,202898671,Yashik,Яшик,Яшик,Yashik,false
NG-16040011,NG-216,1714216,1714216021,202898688,Katta oqtovliq,Катта оқтовлиқ,Катта Октовлик,Katta oqtovliq,false
NG-16040026,NG-216,1714216,1714216019,207115834,Mustaqillikning yigirma yilligi,Мустақилликнинг йигирма йиллиги,Мустакилликнинг йигирма йиллиги,Mustaqillikning yigirma yilligi,false
NG-16040046,NG-216,1714216,1714216046,202817763,Xajintol,Хажинтол,Хажинтол,Xajintol,false
NG-219001,NG-219,1714219,1714219020,202701814,Yakkatut,Яккатут,Яккатут,Yakkatut,false
NG-219002,NG-219,1714219,1714219018,202701838,Chig‘anoq,Чиғаноқ,Чиганак,Chiǵanoq,false
NG-219003,NG-219,1714219,1714219008,203631290,Qo‘shtepa,Қўштепа,Куштепа,Qóshtepa,false
NG-219004,NG-219,1714219,1714219011,202701845,Nayman,Найман,Найман,Nayman,false
NG-219005,NG-219,1714219,1714219007,202701853,Kenagas,Кенагас,Кенагаc,Kenagas,false
NG-219006,NG-219,1714219,1714219019,202701821,Yuksalish,Юксалиш,Юксалиш,Yuksalish,false
NG-219007,NG-219,1714219,1714219010,202701924,Navbaxor,Навбахор,Навбахор,Navbaxor,false
NG-219008,NG-219,1714219,0,,A.Qaxxor,А.қаххор,А.қаххор,A.Qaxxor,true
NG-219009,NG-219,1714219,0,,X.Olimjon,Х.олимжон,Х.олимжон,X.Olimjon,true
NG-219010,NG-219,1714219,1714219005,202707813,Iftixor,Ифтихор,Ифтихор,Iftixor,false
NG-219011,NG-219,1714219,0,,Obod,Обод,Обод,Obod,true
NG-219012,NG-219,1714219,1714219016,202707805,Xazrati bob,Хазрати боб,Хазрати-Баб,Xazrati bob,false
NG-219013,NG-219,1714219,1714219015,202898750,Tinchlik,Тинчлик,Тинчлик,Tinchlik,false
NG-219014,NG-219,1714219,1714219002,202707765,A.Navoiy,А.навоий,А.Навои,A.Navoiy,false
NG-219015,NG-219,1714219,1714219014,202707773,Paxtakor,Пахтакор,Пахтакор,Paxtakor,false
NG-219016,NG-219,1714219,1714219004,202707719,Ipak yo‘li,Ипак йўли,Ипак йули,Ipak yóli,false
NG-219017,NG-219,1714219,1714219003,202707694,Bodomzor,Бодомзор,Бодомзор,Bodomzor,false
NG-219018,NG-219,1714219,1714219006,202707741,Kelachi,Келачи,Келачи,Kelachi,false
NG-219019,NG-219,1714219,1714219013,202707780,Olmazor,Олмазор,Алмазор,Olmazor,false
NG-219020,NG-219,1714219,1714219009,202707758,Mustaqillik,Мустақиллик,Мустакиллик,Mustaqillik,false
NG-219021,NG-219,1714219,1714219030,202701473,Pop,Поп,Поп,Pop,false
NG-219022,NG-219,1714219,1714219039,203595219,Chinor,Чинор,Чинор,Chinor,false
NG-219023,NG-219,1714219,1714219038,202701480,Uch uyli,Уч уйли,Уч уйли,Uch uyli,false
NG-219024,NG-219,1714219,1714219036,202701497,Ultarma,Ултарма,Ултарма,Ultarma,false
NG-219025,NG-219,1714219,1714219035,202701505,Uyg‘ur,Уйғур,Уйгур,Uyǵur,false
NG-219026,NG-219,1714219,1714219034,202701513,Tuman,Туман,Туман,Tuman,false
NG-219027,NG-219,1714219,1714219037,202701520,O‘rta marg‘izor,Ўрта марғизор,Урта Маргизор,Órta marǵizor,false
NG-219028,NG-219,1714219,1714219027,202701537,Marg‘izor,Марғизор,Маргизор,Marǵizor,false
NG-219029,NG-219,1714219,1714219040,202701544,Yangier,Янгиер,Янгиер,Yangier,false
NG-219030,NG-219,1714219,1714219024,202701552,G‘urumsaroy,Ғурумсарой,Гурумсарой,Ǵurumsaroy,false
NG-219031,NG-219,1714219,1714219033,202701569,Toshqo‘rg‘on,Тошқўрғон,Ташкурган,Toshqórǵon,false
NG-219032,NG-219,1714219,1714219022,202701576,Bog‘,Боғ,Баг,Boǵ,false
NG-219033,NG-219,1714219,1714219028,202701584,Mirishkor,Миришкор,Миришкор,Mirishkor,false
NG-219034,NG-219,1714219,1714219042,202701591,Yangichek,Янгичек,Янги чек,Yangichek,false
NG-219035,NG-219,1714219,1714219032,202701609,Tepaqo‘rg‘on,Тепақўрғон,Тeпакургон,Tepaqórǵon,false
NG-219036,NG-219,1714219,1714219025,202701616,Ittifoq,Иттифоқ,Иттифок,Ittifoq,false
NG-219037,NG-219,1714219,1714219021,202701624,Birlashgan,Бирлашган,Бирлашган,Birlashgan,false
NG-219038,NG-219,1714219,1714219023,203628720,Vodiy,Водий,Водий,Vodiy,false
NG-219039,NG-219,1714219,1714219026,202701648,Qandig‘on,Қандиғон,Кандигон,Qandiǵon,false
NG-219040,NG-219,1714219,1714219041,202701631,Yangiobod,Янгиобод,Янгиабад,Yangiobod,false
NG-219041,NG-219,1714219,0,,Navro‘z,Наврўз,Наврўз,Navróz,true
NG-219042,NG-219,1714219,1714219031,203599806,Soxibkor,Сохибкор,Сохибкор,Soxibkor,false
NG-219043,NG-219,1714219,1714219060,202701759,Yangi xo‘jaobod,Янги хўжаобод,Янги Хужаобод,Yangi xójaobod,false
NG-219044,NG-219,1714219,1714219056,203628752,Xo‘jaobod,Хўжаобод,Ходжаабад,Xójaobod,false
NG-219045,NG-219,1714219,1714219046,202701932,Iskovut,Исковут,Исковут,Iskovut,false
NG-219046,NG-219,1714219,1714219054,202701774,Pilol,Пилол,Пилол,Pilol,false
NG-219047,NG-219,1714219,1714219057,202701766,Chortoq,Чортоқ,Чартак,Chortoq,false
NG-219048,NG-219,1714219,1714219053,202701402,Pillakash,Пиллакаш,Пиллакаш,Pillakash,false
NG-219049,NG-219,1714219,1714219045,202701379,Guzar,Гузар,Гузар,Guzar,false
NG-219050,NG-219,1714219,0,,Bog‘ ko‘cha,Боғ кўча,Боғ кўча,Boǵ kócha,true
NG-219051,NG-219,1714219,1714219050,202701386,Oybek,Ойбек,Ойбек,Oybek,false
NG-219052,NG-219,1714219,1714219048,202701394,Muqimiy,Муқимий,Мукимий,Muqimiy,false
NG-219053,NG-219,1714219,0,,Temir yo‘l usti,Темир йўл усти,Темир йўл усти,Temir yól usti,true
NG-219054,NG-219,1714219,1714219061,207287598,Orom,Ором,Ором,Orom,false
NG-219055,NG-219,1714219,1714219059,202701806,Yangi to‘da,Янги тўда,Янги туда,Yangi tóda,false
NG-219056,NG-219,1714219,1714219051,202701798,Obixayot,Обихаёт,Обихаёт,Obixayot,false
NG-219057,NG-219,1714219,1714219058,202701781,Eski to‘da,Ески тўда,Эски туда,Eski tóda,false
NG-219058,NG-219,1714219,1714219049,202701441,Nurobod,Нуробод,Нурабад,Nurobod,false
NG-219059,NG-219,1714219,1714219052,202701434,Ozod,Озод,Озод,Ozod,false
NG-219060,NG-219,1714219,1714219043,202701458,Anxor,Анхор,Анхор,Anxor,false
NG-219061,NG-219,1714219,1714219047,202701465,Istiqbol,Истиқбол,Истикбол,Istiqbol,false
NG-219062,NG-219,1714219,1714219062,202701727,Bog‘ishamol,Боғишамол,Багишамол,Boǵishamol,false
NG-219063,NG-219,1714219,1714219063,202701687,Boyon,Боён,Боён,Boyon,false
NG-219064,NG-219,1714219,1714219067,202701734,Istiqlol,Истиқлол,Истиклол,Istiqlol,false
NG-219065,NG-219,1714219,1714219070,202701694,Maydon,Майдон,Майдон,Maydon,false
NG-219066,NG-219,1714219,1714219077,202701670,Shayxon,Шайхон,Шайхон,Shayxon,false
NG-219067,NG-219,1714219,0,,Yuqori xonabod,Юқори хонабод,Юқори хонабод,Yuqori xonabod,true
NG-219068,NG-219,1714219,1714219072,202701710,O‘rta xonobod,Ўрта хонобод,Урта Хонобод,Órta xonobod,false
NG-219069,NG-219,1714219,1714219065,202701663,Guliston,Гулистон,Гулистан,Guliston,false
NG-219070,NG-219,1714219,1714219068,202701742,Qo‘shminor,Қўшминор,Кушминор,Qóshminor,false
NG-219071,NG-219,1714219,1714219064,202701892,Bunyodkor,Бунёдкор,Бунёдкор,Bunyodkor,false
NG-219072,NG-219,1714219,1714219074,202701860,Chorkesar,Чоркесар,Чоркэсар,Chorkesar,false
NG-219073,NG-219,1714219,1714219066,202701884,Imon ota,Имон ота,Имон ота,Imon ota,false
NG-219074,NG-219,1714219,1714219069,202701877,Madaniyat,Маданият,Маданият,Madaniyat,false
NG-219075,NG-219,1714219,1714219073,202701900,Chodak boshi,Чодак боши,Чодак боши,Chodak boshi,false
NG-219076,NG-219,1714219,1714219076,206915758,Yuqori chodakboshi,Юқори чодакбоши,Юкори Чодак Боши,Yuqori chodakboshi,false
NG-219077,NG-219,1714219,1714219071,302825901,Uyg‘ursoy,Уйғурсой,Уйгурсой,Uyǵursoy,false
NG-16050069,NG-219,1714219,1714219075,202701703,Yuqori xonobod,Юқори хонобод,Юкори хонобод,Yuqori xonobod,false
NG-16050034,NG-219,1714219,1714219029,202701655,Navruz,Навруз,Навруз,Navruz,false
NG-16050048,NG-219,1714219,1714219055,202701426,Temir yo‘l,Темир йўл,Темир йул,Temir yól,false
NG-16050001,NG-219,1714219,1714219001,202707726,Abdulla qahhor,Абдулла қаҳҳор,Абдулла Каххор,Abdulla qahhor,false
NG-224001,NG-224,1714224,1714224001,202678146,Kalvak,Калвак,Калвак,Kalvak,false
NG-224002,NG-224,1714224,1714224002,202678122,Buramatut,Бураматут,Бураматут,Buramatut,false
NG-224003,NG-224,1714224,1714224003,202678107,Zarbdor,Зарбдор,Зарбдор,Zarbdor,false
NG-224004,NG-224,1714224,1714224004,202678154,Mozorko‘xna,Мозоркўхна,Мозоркокхна,Mozorkóxna,false
NG-224005,NG-224,1714224,1714224005,202678139,Beruniy,Беруний,Беруний,Beruniy,false
NG-224006,NG-224,1714224,1714224006,202673367,O‘rda,Ўрда,Орда,Órda,false
NG-224007,NG-224,1714224,1714224007,202681824,Yangi xayot,Янги хаёт,Янги Хаёт,Yangi xayot,false
NG-224008,NG-224,1714224,1714224008,202681817,Gulqishloq,Гулқишлоқ,Гулкишлок,Gulqishloq,false
NG-224009,NG-224,1714224,1714224009,202686778,Axsi,Ахси,Ахси,Axsi,false
NG-224010,NG-224,1714224,1714224010,202697123,Fayziobod,Файзиобод,Файзиобод,Fayziobod,false
NG-224011,NG-224,1714224,1714224011,202686761,Qodirobod,Қодиробод,Кодиробод,Qodirobod,false
NG-224012,NG-224,1714224,0,,Soxilobod,Сохилобод,Сохилобод,Soxilobod,true
NG-224013,NG-224,1714224,1714224013,202686754,Yakkatom,Яккатом,Яккатом,Yakkatom,false
NG-224014,NG-224,1714224,1714224014,202686722,Uzumzor,Узумзор,Узумзор,Uzumzor,false
NG-224015,NG-224,1714224,0,,Yuqori mug‘ultoy,Юқори муғултой,Юқори муғултой,Yuqori muǵultoy,true
NG-224016,NG-224,1714224,1714224016,202689299,Xo‘jand,Хўжанд,Ходжанд,Xójand,false
NG-224017,NG-224,1714224,1714224017,202689282,Past naymancha,Паст найманча,Паст Найманча,Past naymancha,false
NG-224018,NG-224,1714224,0,,Chorbog‘,Чорбоғ,Чорбоғ,Chorboǵ,true
NG-224019,NG-224,1714224,1714224019,202689314,Qo‘shqayrag‘och,Қўшқайрағоч,Кушкайрагоч,Qóshqayraǵoch,false
NG-224020,NG-224,1714224,1714224020,202689307,Bordimko‘l,Бордимкўл,Бордимкол,Bordimkól,false
NG-224021,NG-224,1714224,1714224021,202673493,Sharq,Шарқ,Шарк,Sharq,false
NG-224022,NG-224,1714224,1714224022,202673501,Turkiston,Туркистон,Туркистон,Turkiston,false
NG-224023,NG-224,1714224,1714224023,202673374,Birlashgan,Бирлашган,Бирлашган,Birlashgan,false
NG-224024,NG-224,1714224,1714224024,202673414,Isvaxon,Исвахон,Исвахон,Isvaxon,false
NG-224025,NG-224,1714224,1714224025,202670538,Ibrat,Ибрат,Ибрат,Ibrat,false
NG-224026,NG-224,1714224,1714224026,202673454,Porosmon,Поросмон,Поросмон,Porosmon,false
NG-224027,NG-224,1714224,1714224027,202670521,Yettikon,Еттикон,Йеттикон,Yettikon,false
NG-224028,NG-224,1714224,0,,Yortepa ko‘cha,Ёртепа кўча,Ёртепа кўча,Yortepa kócha,true
NG-224029,NG-224,1714224,1714224029,202673399,Xamid olimjon,Хамид олимжон,Хамид Олимжон,Xamid olimjon,false
NG-224030,NG-224,1714224,1714224030,202673446,Bekobod,Бекобод,Бекобод,Bekobod,false
NG-224031,NG-224,1714224,1714224031,202673407,Chust ko‘prik,Чуст кўприк,Чуст Куприк,Chust kóprik,false
NG-224032,NG-224,1714224,1714224032,202673350,Istiqlol,Истиқлол,ИстиКлол,Istiqlol,false
NG-224033,NG-224,1714224,0,,Yelxon,Елхон,Елхон,Yelxon,true
NG-224034,NG-224,1714224,1714224033,202678082,Oqtosh,Оқтош,Октош,Oqtosh,false
NG-224035,NG-224,1714224,1714224034,202673485,Yangiobod,Янгиобод,Янгиобод,Yangiobod,false
NG-224036,NG-224,1714224,1714224035,202673461,Toshkent,Тошкент,Ташкент,Toshkent,false
NG-224037,NG-224,1714224,1714224036,202678114,Baxt,Бахт,Бахт,Baxt,false
NG-224038,NG-224,1714224,1714224037,202676078,Tepa naymancha,Тепа найманча,Тепа Найманча,Tepa naymancha,false
NG-224039,NG-224,1714224,1714224038,202676061,Langarbobo,Лангарбобо,Лангарбобо,Langarbobo,false
NG-224040,NG-224,1714224,1714224039,202676085,Kujron,Кужрон,Кужрон,Kujron,false
NG-224041,NG-224,1714224,1714224040,202678185,Ozod,Озод,Озод,Ozod,false
NG-224042,NG-224,1714224,0,,Obodon,Ободон,Ободон,Obodon,true
NG-224043,NG-224,1714224,1714224042,202664654,Katta qo‘rg‘oncha,Катта қўрғонча,Катта Коргонча,Katta qórǵoncha,false
NG-224044,NG-224,1714224,0,,Kichik qo‘rg‘oncha,Кичик қўрғонча,Кичик қўрғонча,Kichik qórǵoncha,true
NG-224045,NG-224,1714224,1714224044,202664662,Kumidon,Кумидон,Кумидон,Kumidon,false
NG-224046,NG-224,1714224,1714224045,202704556,Guliston,Гулистон,Гулистон,Guliston,false
NG-224047,NG-224,1714224,1714224046,202673335,Shoxidon,Шохидон,Шохидон,Shoxidon,false
NG-224048,NG-224,1714224,1714224047,202673343,Yortepa,Ёртепа,Ёртепа,Yortepa,false
NG-224049,NG-224,1714224,0,,Kuymazor,Куймазор,Куймазор,Kuymazor,true
NG-224050,NG-224,1714224,1714224049,202675997,Porloq,Порлоқ,Порлок,Porloq,false
NG-224051,NG-224,1714224,1714224050,202681864,Bozorboshi,Бозорбоши,Бозорбоши,Bozorboshi,false
NG-224052,NG-224,1714224,1714224051,202676039,Majnuntol,Мажнунтол,Мажнунтол,Majnuntol,false
NG-224053,NG-224,1714224,1714224052,202686739,Qashqarguzar,Қашқаргузар,Кашкаргузар,Qashqarguzar,false
NG-224054,NG-224,1714224,1714224053,202675941,Bog‘ishamol,Боғишамол,Богишамол,Boǵishamol,false
NG-224055,NG-224,1714224,1714224054,202675934,Dukat,Дукат,Дукат,Dukat,false
NG-224056,NG-224,1714224,1714224055,202675926,O‘rtaqishloq,Ўртақишлоқ,Ортакишлок,Órtaqishloq,false
NG-224057,NG-224,1714224,1714224056,202675919,Temirqishloq,Темирқишлоқ,Темиркишлок,Temirqishloq,false
NG-224058,NG-224,1714224,1714224057,202681871,Yermasjid,Ермасжид,Ер масжид,Yermasjid,false
NG-224059,NG-224,1714224,1714224058,202676046,Olchin,Олчин,Олчин,Olchin,false
NG-224060,NG-224,1714224,1714224059,202676054,Dasht,Дашт,Дашт,Dasht,false
NG-224061,NG-224,1714224,1714224060,202715677,Obod,Обод,Обод,Obod,false
NG-224062,NG-224,1714224,1714224061,202673422,Saroy,Сарой,Сарой,Saroy,false
NG-224063,NG-224,1714224,1714224062,202673439,Toshloq,Тошлоқ,Тошлок,Toshloq,false
NG-224064,NG-224,1714224,1714224063,202675894,Shovon,Шовон,Шовон,Shovon,false
NG-224065,NG-224,1714224,1714224064,202675965,Qatag‘on,Қатағон,Катагон,Qataǵon,false
NG-224066,NG-224,1714224,1714224065,202673328,O‘zbekiston,Ўзбекистон,Узбекистон,Ózbekiston,false
NG-224067,NG-224,1714224,1714224066,202675902,Katta qurama,Катта қурама,Катта курама,Katta qurama,false
NG-224068,NG-224,1714224,1714224067,202686707,Soxibkor,Сохибкор,Сохибкор,Soxibkor,false
NG-16060031,NG-224,1714224,1714224048,202675980,Kuymozor,Куймозор,Куймозор,Kuymozor,false
NG-16060016,NG-224,1714224,1714224028,202676007,Shirinbuloq,Ширинбулоқ,Ширинбулок,Shirinbuloq,false
NG-16060047,NG-224,1714224,1714224012,202686746,Sohilobod-1,Соҳилобод-1,Сохилобод-1,Sohilobod-1,false
NG-16060065,NG-224,1714224,1714224015,202697130,Yuqori mug‘iltoy,Юқори муғилтой,Юкори Мугилтой,Yuqori muǵiltoy,false
NG-229001,NG-229,1714229,1714229001,202661635,Boyag‘on,Бояғон,Боягон,Boyaǵon,false
NG-229002,NG-229,1714229,1714229002,202661628,G‘ayrat,Ғайрат,Гайрат,Ǵayrat,false
NG-229003,NG-229,1714229,1714229005,203623815,Dexqonobod,Дехқонобод,Дехконобод,Dexqonobod,false
NG-229004,NG-229,1714229,0,,Do‘stlik,Дўстлик,Дўстлик,Dóstlik,true
NG-229005,NG-229,1714229,0,,Ziyokor,Зиёкор,Зиёкор,Ziyokor,true
NG-229006,NG-229,1714229,1714229003,202661643,Ittifoq,Иттифоқ,Иттифок,Ittifoq,false
NG-229007,NG-229,1714229,0,,Qaxramon,Қахрамон,Қахрамон,Qaxramon,true
NG-229008,NG-229,1714229,1714229007,202654785,Qashqar,Қашқар,Кашкар,Qashqar,false
NG-229009,NG-229,1714229,1714229006,202654793,Keskanyor,Кесканёр,Кесканняр,Keskanyor,false
NG-229010,NG-229,1714229,1714229011,202659374,Mustaqillik,Мустақиллик,Мустакиллик,Mustaqillik,false
NG-229011,NG-229,1714229,1714229004,202661650,Olmurut,Олмурут,Олмурот,Olmurut,false
NG-229012,NG-229,1714229,1714229012,202659367,Xizirobod,Хизиробод,Хизиробод,Xizirobod,false
NG-229013,NG-229,1714229,1714229013,202659382,Xojiobod,Хожиобод,Хожиобод,Xojiobod,false
NG-229014,NG-229,1714229,1714229014,202659399,Ezgulik,Езгулик,Эзгулик,Ezgulik,false
NG-229015,NG-229,1714229,1714229016,206982906,Yangi xayot,Янги хаёт,Янги хаёт,Yangi xayot,false
NG-229016,NG-229,1714229,1714229015,202659350,Yangi-er,Янги-ер,Янгийер,Yangi-er,false
NG-229017,NG-229,1714229,1714229023,202659153,Gumbaz,Гумбаз,Гумбаз,Gumbaz,false
NG-229018,NG-229,1714229,1714229024,202659217,Yorkatay,Ёркатай,Ёркатай,Yorkatay,false
NG-229019,NG-229,1714229,1714229025,202659106,Islomobod,Исломобод,Исламобод,Islomobod,false
NG-229020,NG-229,1714229,1714229017,202661604,Istiqlol,Истиқлол,Истиклол,Istiqlol,false
NG-229021,NG-229,1714229,1714229021,202659604,Quvurboshi,Қувурбоши,Кувурбоши,Quvurboshi,false
NG-229022,NG-229,1714229,1714229022,202659644,Mashad,Машад,Машхад,Mashad,false
NG-229023,NG-229,1714229,1714229026,202659114,Mirzarovot,Мирзаровот,Мирзаровот,Mirzarovot,false
NG-229024,NG-229,1714229,1714229018,202661595,Obod,Обод,Обод,Obod,false
NG-229025,NG-229,1714229,1714229019,202661611,Ovchibuloq,Овчибулоқ,Овчибулок,Ovchibuloq,false
NG-229026,NG-229,1714229,1714229020,202661588,O‘nxayat,Ўнхаят,Онхаёт,Ónxayat,false
NG-229027,NG-229,1714229,1714229027,202659145,Fayziobod,Файзиобод,Файзиобод,Fayziobod,false
NG-229028,NG-229,1714229,1714229028,202659121,Churtuk,Чуртук,Чуртук,Churtuk,false
NG-229029,NG-229,1714229,1714229030,202654833,Gulbog‘,Гулбоғ,Гулбог,Gulboǵ,false
NG-229030,NG-229,1714229,1714229029,206858496,Gulzor,Гулзор,Гулзор,Gulzor,false
NG-229031,NG-229,1714229,1714229036,202659414,Guliston,Гулистон,Гулистон,Guliston,false
NG-229032,NG-229,1714229,1714229037,202659636,Daxyakota,Дахякота,Дахяк Ота,Daxyakota,false
NG-229033,NG-229,1714229,0,,Dexqon,Дехқон,Дехқон,Dexqon,true
NG-229034,NG-229,1714229,1714229008,202659328,Do‘stlik,Дўстлик,Достлик,Dóstlik,false
NG-229035,NG-229,1714229,1714229031,202654825,Qo‘rg‘oncha,Қўрғонча,Коргонча,Qórǵoncha,false
NG-229036,NG-229,1714229,1714229040,202659224,Qumtepa,Қумтепа,Кумтепа,Qumtepa,false
NG-229037,NG-229,1714229,1714229032,202659249,Soku,Соку,Соку,Soku,false
NG-229038,NG-229,1714229,0,,Umid,Умид,Умид,Umid,true
NG-229039,NG-229,1714229,1714229041,202659422,Shaftoli,Шафтоли,Шафтоли,Shaftoli,false
NG-229040,NG-229,1714229,0,,Yuksalish,Юксалиш,Юксалиш,Yuksalish,true
NG-229041,NG-229,1714229,1714229034,202659232,Balandariq,Баландариқ,Баландарик,Balandariq,false
NG-229042,NG-229,1714229,1714229035,202659288,Bo‘ston,Бўстон,Бостан,Bóston,false
NG-229043,NG-229,1714229,1714229048,202654840,Bog‘ ko‘cha,Боғ кўча,Бог куча,Boǵ kócha,false
NG-229044,NG-229,1714229,1714229044,202659572,Bog‘,Боғ,Бог,Boǵ,false
NG-229045,NG-229,1714229,1714229043,202654801,Beruniy,Беруний,Беруний,Beruniy,false
NG-229046,NG-229,1714229,0,,Mevazor,Мевазор,Мевазор,Mevazor,true
NG-229047,NG-229,1714229,1714229049,202659557,Muborak,Муборак,Муборак,Muborak,false
NG-229048,NG-229,1714229,1714229045,202659564,Navoiy,Навоий,Навоий,Navoiy,false
NG-229049,NG-229,1714229,1714229050,202659461,Oqtosh,Оқтош,Октoш,Oqtosh,false
NG-229050,NG-229,1714229,1714229056,202659407,Pastguzar,Пастгузар,Пастгузар,Pastguzar,false
NG-229051,NG-229,1714229,1714229051,202659493,Tepasaroy,Тепасарой,Тепасарой,Tepasaroy,false
NG-229052,NG-229,1714229,1714229052,202659612,Toshloq,Тошлоқ,Тошлок,Toshloq,false
NG-229053,NG-229,1714229,1714229053,202659454,Xo‘jaobod,Хўжаобод,Ходжаобод,Xójaobod,false
NG-229054,NG-229,1714229,1714229046,202659271,Xurriyat,Хуррият,Хуррият,Xurriyat,false
NG-229055,NG-229,1714229,1714229047,202659138,Shifokor,Шифокор,Шифокор,Shifokor,false
NG-229056,NG-229,1714229,1714229054,202659478,Yangichek,Янгичек,Янгичек,Yangichek,false
NG-16070001,NG-229,1714229,1714229042,202659629,Axsi,Ахси,Ахси,Axsi,false
NG-16070018,NG-229,1714229,1714229039,202659295,Jiydakapa,Жийдакапа,Жийдакапа,Jiydakapa,false
NG-16070023,NG-229,1714229,1714229010,202659343,Qahramon,Қаҳрамон,Кахрамон,Qahramon,false
NG-16070014,NG-229,1714229,1714229038,202659304,Dehqon,Деҳқон,Дехкон,Dehqon,false
NG-234001,NG-234,1714234,1714234001,202705959,Chek,Чек,Чек,Chek,false
NG-234002,NG-234,1714234,1714234002,202705870,Ulug‘bek,Улуғбек,Улугбек,Uluǵbek,false
NG-234003,NG-234,1714234,1714234003,203590430,Yoshlik,Ёшлик,Ёшлик,Yoshlik,false
NG-234004,NG-234,1714234,1714234004,202706291,Qo‘g‘ay,Қўғай,Когай,Qóǵay,false
NG-234005,NG-234,1714234,1714234005,202706284,Islomobod,Исломобод,Исламобод,Islomobod,false
NG-234006,NG-234,1714234,1714234006,202706324,Uchyog‘och,Учёғоч,Учёгоч,Uchyoǵoch,false
NG-234007,NG-234,1714234,1714234007,207149207,Navro‘z,Наврўз,Навроз,Navróz,false
NG-234008,NG-234,1714234,1714234008,202706331,Nurobod,Нуробод,Нурабод,Nurobod,false
NG-234009,NG-234,1714234,1714234009,202706316,Namuna,Намуна,Намуна,Namuna,false
NG-234010,NG-234,1714234,1714234010,202706309,Birlik,Бирлик,Бирлик,Birlik,false
NG-234011,NG-234,1714234,1714234011,202706459,Shaxrixonchek,Шахрихончек,Шахрихончек,Shaxrixonchek,false
NG-234012,NG-234,1714234,1714234012,202706434,Qo‘g‘ay o‘lmas,Қўғай ўлмас,Кугай улмас,Qóǵay ólmas,false
NG-234013,NG-234,1714234,1714234013,202706427,Yorqinboychek,Ёрқинбойчек,Ёркинбойчек,Yorqinboychek,false
NG-234014,NG-234,1714234,1714234014,202706442,Baxriobod,Бахриобод,Бахриобод,Baxriobod,false
NG-234015,NG-234,1714234,1714234015,204644733,Obod,Обод,Обод,Obod,false
NG-234016,NG-234,1714234,1714234016,202706394,Ozod,Озод,Озод,Ozod,false
NG-234017,NG-234,1714234,1714234017,202706403,Yangiobod,Янгиобод,Янгиобод,Yangiobod,false
NG-234018,NG-234,1714234,0,,Do‘stlik,Дўстлик,Дўстлик,Dóstlik,true
NG-234019,NG-234,1714234,1714234047,202705903,O‘rdabog‘,Ўрдабоғ,Ордабoг,Órdaboǵ,false
NG-234020,NG-234,1714234,1714234048,202705934,Turkiston,Туркистон,Туркистан,Turkiston,false
NG-234021,NG-234,1714234,0,,Faravon,Фаравон,Фаравон,Faravon,true
NG-234022,NG-234,1714234,1714234021,202706165,Navbaxor,Навбахор,Навбахор,Navbaxor,false
NG-234023,NG-234,1714234,0,,Uzunko‘cha,Узункўча,Узункўча,Uzunkócha,true
NG-234024,NG-234,1714234,1714234019,202800611,Norin,Норин,Норин,Norin,false
NG-234025,NG-234,1714234,1714234022,207038313,Istiqlol,Истиқлол,Истиклол,Istiqlol,false
NG-234026,NG-234,1714234,1714234027,202706079,Yopisxon,Ёписхон,Ёписхон,Yopisxon,false
NG-234027,NG-234,1714234,1714234026,202706062,Katta chek,Катта чек,Каттачек,Katta chek,false
NG-234028,NG-234,1714234,1714234025,202706086,Qozoqovul,Қозоқовул,Козоковул,Qozoqovul,false
NG-234029,NG-234,1714234,0,,O‘ljato‘pi,Ўлжатўпи,Ўлжатўпи,Óljatópi,true
NG-234030,NG-234,1714234,1714234024,202800667,Xalfato‘pi,Халфатўпи,Халфатопи,Xalfatópi,false
NG-234031,NG-234,1714234,1714234028,202706220,Yashiq,Яшиқ,Яшик,Yashiq,false
NG-234032,NG-234,1714234,1714234029,202706252,Eshonto‘pi,Ешонтўпи,Эшонтопи,Eshontópi,false
NG-234033,NG-234,1714234,1714234030,202706237,Ko‘chaboshi,Кўчабоши,Кучабоши,Kóchaboshi,false
NG-234034,NG-234,1714234,1714234031,202706244,Atlas,Атлас,Атлас,Atlas,false
NG-234035,NG-234,1714234,1714234032,202706269,Elatan,Елатан,Элатан,Elatan,false
NG-234036,NG-234,1714234,1714234033,202706180,Yangier,Янгиер,Янгийер,Yangier,false
NG-234037,NG-234,1714234,1714234034,202800628,Bo‘ston,Бўстон,Бостон,Bóston,false
NG-234038,NG-234,1714234,1714234035,202800635,Guliston,Гулистон,Гулистон,Guliston,false
NG-234039,NG-234,1714234,1714234036,202706205,Yog‘du,Ёғду,Ёгду,Yoǵdu,false
NG-234040,NG-234,1714234,1714234037,202706363,Uchko‘prik,Учкўприк,Учкопрік,Uchkóprik,false
NG-234041,NG-234,1714234,1714234038,202706370,Paxtachi,Пахтачи,Пахтачи,Paxtachi,false
NG-234042,NG-234,1714234,1714234039,202706355,Qo‘rg‘oncha,Қўрғонча,Коргонча,Qórǵoncha,false
NG-234043,NG-234,1714234,0,,Dexqonobod,Дехқонобод,Дехқонобод,Dexqonobod,true
NG-234044,NG-234,1714234,1714234041,202800643,Mexnatobod,Мехнатобод,Мехнатобод,Mexnatobod,false
NG-234045,NG-234,1714234,1714234042,202705942,Madaniyat,Маданият,Маданият,Madaniyat,false
NG-234046,NG-234,1714234,1714234043,202705910,Ko‘prikboshi,Кўприкбоши,Копрікбоши,Kóprikboshi,false
NG-234047,NG-234,1714234,1714234044,202705863,Qumto‘g‘on,Қумтўғон,Кумтогон,Qumtóǵon,false
NG-234048,NG-234,1714234,1714234045,202705855,Soxil,Сохил,Сохил,Soxil,false
NG-234049,NG-234,1714234,1714234049,202705894,Yorqin hayot,Ёрқин ҳаёт,Ёркин Хаёт,Yorqin hayot,false
NG-234050,NG-234,1714234,1714234050,202705927,Sanoat,Саноат,Саноат,Sanoat,false
NG-234051,NG-234,1714234,1714234051,202705966,Farg‘ona,Фарғона,Фаргона,Farǵona,false
NG-234052,NG-234,1714234,1714234052,202800604,Shodlik,Шодлик,Шодлик,Shodlik,false
NG-234053,NG-234,1714234,1714234053,202706141,Fayziobod,Файзиобод,Файзиобод,Fayziobod,false
NG-234054,NG-234,1714234,0,,Oqtovliq,Оқтовлиқ,Оқтовлиқ,Oqtovliq,true
NG-234055,NG-234,1714234,1714234055,202706119,Navoiy,Навоий,Навоий,Navoiy,false
NG-234056,NG-234,1714234,0,,Bog‘ko‘cha,Боғкўча,Боғкўча,Boǵkócha,true
NG-234057,NG-234,1714234,1714234057,202800650,Sholdirama,Шолдирама,Шолдирaма,Sholdirama,false
NG-234058,NG-234,1714234,1714234058,202705998,Mustaqillik,Мустақиллик,Мустакиллик,Mustaqillik,false
NG-234059,NG-234,1714234,1714234059,202706008,Tegirmon,Тегирмон,Тегирмон,Tegirmon,false
NG-234060,NG-234,1714234,1714234060,202705981,Kattamo‘g‘ol,Каттамўғол,Каттамугол,Kattamóǵol,false
NG-234061,NG-234,1714234,1714234061,202706030,Tinchlik,Тинчлик,Тинчлик,Tinchlik,false
NG-234062,NG-234,1714234,1714234062,202706023,Istiqbol,Истиқбол,Истикбол,Istiqbol,false
NG-234063,NG-234,1714234,1714234063,202706047,Yangixayot,Янгихаёт,Янги Хаёт,Yangixayot,false
NG-234064,NG-234,1714234,1714234064,202706015,Qurama,Қурама,Курама,Qurama,false
NG-16080053,NG-234,1714234,1714234020,207016009,Farovon,Фаровон,Фаровон,Farovon,false
NG-16080046,NG-234,1714234,1714234023,202706094,Baxt,Бахт,Бахт,Baxt,false
NG-16080007,NG-234,1714234,1714234040,202706197,Dehqonobod,Дeҳқонобод,Дeхконобод,Dehqonobod,false
NG-16080038,NG-234,1714234,1714234054,202706126,Oqtovlik,Оқтовлик,Октовлик,Oqtovlik,false
NG-236001,NG-236,1714236,1714236001,202945296,Arbag‘ish,Арбағиш,Арбагиш,Arbaǵish,false
NG-236002,NG-236,1714236,1714236002,202937979,Bozorboshi,Бозорбоши,Бозорбоши,Bozorboshi,false
NG-236003,NG-236,1714236,1714236003,202228903,Guldirov,Гулдиров,Гулдиров,Guldirov,false
NG-236004,NG-236,1714236,1714236004,202866309,Gulshan,Гулшан,Гулшан,Gulshan,false
NG-236005,NG-236,1714236,1714236005,200107825,Damariq,Дамариқ,Дамарик,Damariq,false
NG-236006,NG-236,1714236,1714236006,202288821,Do‘stlik,Дўстлик,Достлик,Dóstlik,false
NG-236007,NG-236,1714236,0,,"Z,diyor","З,диёр","З,диёр","Z,diyor",true
NG-236008,NG-236,1714236,1714236008,203018601,Keskanyor,Кесканёр,Кесканняр,Keskanyor,false
NG-236009,NG-236,1714236,1714236009,200108024,Qorabog‘,Қорабоғ,Корабог,Qoraboǵ,false
NG-236010,NG-236,1714236,1714236010,202896445,Laskidon,Ласкидон,Ласкидон,Laskidon,false
NG-236011,NG-236,1714236,1714236011,207136800,Obod diyor,Обод диёр,Обод диёр,Obod diyor,false
NG-236012,NG-236,1714236,1714236012,200107929,Soz-soy,Соз-сой,Соз-Сой,Soz-soy,false
NG-236013,NG-236,1714236,1714236013,200107699,Soy,Сой,Сой,Soy,false
NG-236014,NG-236,1714236,1714236056,203009525,Sohibkor,Соҳибкор,Сохибкор,Sohibkor,false
NG-236015,NG-236,1714236,0,,To‘pqayrog‘och,Тўпқайроғоч,Тўпқайроғоч,Tópqayroǵoch,true
NG-236016,NG-236,1714236,1714236015,201870123,O‘zbekiston,Ўзбекистон,Узбекистон,Ózbekiston,false
NG-236017,NG-236,1714236,1714236016,200107714,Chorsu,Чорсу,Чорсу,Chorsu,false
NG-236018,NG-236,1714236,1714236017,202881909,Yuksalish,Юксалиш,Юкcалиш,Yuksalish,false
NG-236019,NG-236,1714236,1714236019,202543820,Baliq ko‘l,Балиқ кўл,Балик-Кол,Baliq kól,false
NG-236020,NG-236,1714236,1714236020,202874440,Beshtol,Бештол,Бештол,Beshtol,false
NG-236021,NG-236,1714236,1714236021,202933200,Bodomzor,Бодомзор,Бодомзор,Bodomzor,false
NG-236022,NG-236,1714236,0,,Dexqonobod,Дехқонобод,Дехқонобод,Dexqonobod,true
NG-236023,NG-236,1714236,1714236023,200107667,Istiqlol,Истиқлол,Истиклол,Istiqlol,false
NG-236024,NG-236,1714236,1714236024,200107643,Mustaqillik,Мустақиллик,Мустакиллик,Mustaqillik,false
NG-236025,NG-236,1714236,0,,Navro‘z,Наврўз,Наврўз,Navróz,true
NG-236026,NG-236,1714236,1714236026,200107628,Nurafshon,Нурафшон,Нурафшон,Nurafshon,false
NG-236027,NG-236,1714236,1714236027,202874464,Oq terak,Оқ терак,Октерек,Oq terak,false
NG-236028,NG-236,1714236,1714236028,202874457,Ora-ariq,Ора-ариқ,Ора-Арик,Ora-ariq,false
NG-236029,NG-236,1714236,1714236029,200107650,Sarkor,Саркор,Саркор,Sarkor,false
NG-236030,NG-236,1714236,1714236030,200108000,Tinchlik,Тинчлик,Тинчлик,Tinchlik,false
NG-236031,NG-236,1714236,1714236031,202874472,Uzunko‘cha,Узункўча,Узун куча,Uzunkócha,false
NG-236032,NG-236,1714236,1714236032,200107840,Alixon,Алихон,Алихон,Alixon,false
NG-236033,NG-236,1714236,0,,Baynalminal,Байналминал,Байналминал,Baynalminal,true
NG-236034,NG-236,1714236,1714236034,202879814,Bog‘,Боғ,Бог,Boǵ,false
NG-236035,NG-236,1714236,1714236035,200107889,Zangobod,Зангобод,Зангобод,Zangobod,false
NG-236036,NG-236,1714236,1714236036,200108017,Qoramurt,Қорамурт,Корамурт,Qoramurt,false
NG-236037,NG-236,1714236,1714236037,200064303,Namangan,Наманган,Наманган,Namangan,false
NG-236038,NG-236,1714236,0,,Oyqiron,Ойқирон,Ойқирон,Oyqiron,true
NG-236039,NG-236,1714236,1714236039,200107611,Saroy,Сарой,Сарой,Saroy,false
NG-236040,NG-236,1714236,0,,To‘riq,Тўриқ,Тўриқ,Tóriq,true
NG-236041,NG-236,1714236,1714236041,201870108,Turkiston,Туркистон,Туркистон,Turkiston,false
NG-236042,NG-236,1714236,1714236042,202780789,O‘rikzor,Ўрикзор,Урикзор,Órikzor,false
NG-236043,NG-236,1714236,1714236043,200107936,Xazratishox,Хазратишох,Хазратшох,Xazratishox,false
NG-236044,NG-236,1714236,0,,Chig‘atoy,Чиғатой,Чиғатой,Chiǵatoy,true
NG-236045,NG-236,1714236,1714236045,202436881,Yangiobod,Янгиобод,Янгиобод,Yangiobod,false
NG-236046,NG-236,1714236,0,,A.Navoiy,А.навоий,А.навоий,A.Navoiy,true
NG-236047,NG-236,1714236,1714236049,201870147,Beshkapa,Бешкапа,Бешкапа,Beshkapa,false
NG-236048,NG-236,1714236,1714236050,202874489,Bog‘iston,Боғистон,Богистон,Boǵiston,false
NG-236049,NG-236,1714236,1714236051,201870162,Bulon,Булон,Булон,Bulon,false
NG-236050,NG-236,1714236,1714236052,201870154,Iftixor,Ифтихор,Ифтихор,Iftixor,false
NG-236051,NG-236,1714236,1714236053,202265834,Navbaxor,Навбахор,Навбахор,Navbaxor,false
NG-236052,NG-236,1714236,1714236054,201870186,Oromgox,Оромгох,Оромгох,Oromgox,false
NG-236053,NG-236,1714236,1714236055,207293994,Tengdosh,Тенгдош,Тенгдош,Tengdosh,false
NG-236054,NG-236,1714236,1714236018,207293987,Xayirli,Хайирли,Хайирли,Xayirli,false
NG-236055,NG-236,1714236,1714236046,207293970,Komillik,Комиллик,Комиллик,Komillik,false
NG-236056,NG-236,1714236,1714236047,207294004,Bag‘rikenglik,Бағрикенглик,Багрикенглик,Baǵrikenglik,false
NG-236057,NG-236,1714236,1714236057,207294012,Dildosh,Дилдош,Дилдош,Dildosh,false
NG-16090002,NG-236,1714236,1714236048,201870179,Alisher navoiy,Алишер навоий,Алишер Навои,Alisher navoiy,false
NG-16090021,NG-236,1714236,1714236007,201870115,Zafar diyor,Зафар диёр,Зафар диёр,Zafar diyor,false
NG-16090005,NG-236,1714236,1714236033,201870130,Baynalmilal,Байналмилал,Байналмилал,Baynalmilal,false
NG-16090031,NG-236,1714236,1714236025,200107635,Navruz,Навруз,Навруз,Navruz,false
NG-16090046,NG-236,1714236,1714236014,202937986,Peshqo‘rg‘on,Пешқўрғон,Пешкурган,Peshqórǵon,false
NG-16090017,NG-236,1714236,1714236022,200107857,Dehqonobod,Деҳқонобод,Дехконобод,Dehqonobod,false
NG-16090047,NG-236,1714236,1714236040,203012959,Turiq,Туриқ,Турик,Turiq,false
NG-237001,NG-237,1714237,1714237049,202647524,Kamarsada,Камарсада,Камарсада,Kamarsada,false
NG-237002,NG-237,1714237,1714237056,202814862,Pansada,Пансада,Пансадa,Pansada,false
NG-237003,NG-237,1714237,1714237046,202669591,Bofanda,Бофанда,Бофанда,Bofanda,false
NG-237004,NG-237,1714237,1714237057,202664615,Sabzazor,Сабзазор,Сабзазор,Sabzazor,false
NG-237005,NG-237,1714237,1714237017,202854268,Yakkabuloq,Яккабулоқ,Яккабулок,Yakkabuloq,false
NG-237006,NG-237,1714237,1714237054,202851991,Mexnatobod,Мехнатобод,Мехнатобод,Mexnatobod,false
NG-237007,NG-237,1714237,1714237066,202648626,Xo‘jaobod,Хўжаобод,Ходжаобод,Xójaobod,false
NG-237008,NG-237,1714237,1714237005,202864611,Dehqonobod,Деҳқонобод,Дехконобод,Dehqonobod,false
NG-237009,NG-237,1714237,1714237021,202656664,Birlik,Бирлик,Бирлик (Шахар),Birlik,false
NG-237010,NG-237,1714237,1714237055,202814854,Navbahor,Навбаҳор,Навбахор,Navbahor,false
NG-237011,NG-237,1714237,1714237044,206576089,Bog‘i-eram,Боғи-ерам,Боги эрам,Boǵi-eram,false
NG-237012,NG-237,1714237,1714237071,202664623,Sadacha,Садача,Садача,Sadacha,false
NG-237013,NG-237,1714237,1714237012,202820183,Navro‘z,Наврўз,Навроз,Navróz,false
NG-237014,NG-237,1714237,1714237006,206576072,Zarafshon,Зарафшон,Зарафшон,Zarafshon,false
NG-237015,NG-237,1714237,1714237014,202854251,Serob,Сероб,Сероб,Serob,false
NG-237016,NG-237,1714237,1714237062,202684804,Do‘zanda,Дўзанда,Дозанда,Dózanda,false
NG-237017,NG-237,1714237,1714237003,202577003,Guliston,Гулистон,Гулистон,Guliston,false
NG-237018,NG-237,1714237,1714237047,202666969,Do‘stlik,Дўстлик,Достлик,Dóstlik,false
NG-237019,NG-237,1714237,1714237069,203596913,Mustaqillik,Мустақиллик,Мустакиллик,Mustaqillik,false
NG-237020,NG-237,1714237,1714237061,203752838,Bibiona,Бибиона,Бибиона,Bibiona,false
NG-237021,NG-237,1714237,1714237029,202854275,Ko‘cha,Кўча,Куча,Kócha,false
NG-237022,NG-237,1714237,1714237026,202854283,Guzar,Гузар,Гузар,Guzar,false
NG-237023,NG-237,1714237,1714237028,202854290,Zvutqand,Звутқанд,Звутканд,Zvutqand,false
NG-237024,NG-237,1714237,1714237027,206986354,Yettiqo‘rg‘on,Еттиқўрғон,Еттикоргон,Yettiqórǵon,false
NG-237025,NG-237,1714237,1714237065,202851969,Xisorak,Хисорак,Хисорак,Xisorak,false
NG-237026,NG-237,1714237,1714237068,202810583,Yangier,Янгиер,Янгийер,Yangier,false
NG-237027,NG-237,1714237,1714237064,202849082,Sarimsoqtepa,Саримсоқтепа,Саримсоктепа,Sarimsoqtepa,false
NG-237028,NG-237,1714237,1714237063,202851976,Rezaksoy,Резаксой,Резаксой,Rezaksoy,false
NG-237029,NG-237,1714237,1714237050,202849074,Ko‘ktosh,Кўктош,Коктош,Kóktosh,false
NG-237030,NG-237,1714237,1714237045,202858301,Bog‘ormos,Боғормос,Богормос,Boǵormos,false
NG-237031,NG-237,1714237,0,,Yutmos,Ютмос,Ютмос,Yutmos,true
NG-237032,NG-237,1714237,1714237053,202849028,Laylak-uya,Лайлак-уя,Лайлак уя,Laylak-uya,false
NG-237033,NG-237,1714237,1714237015,202832080,Shoyon,Шоён,Шоён,Shoyon,false
NG-237034,NG-237,1714237,0,,Qiziltepa,Қизилтепа,Қизилтепа,Qiziltepa,true
NG-237035,NG-237,1714237,1714237067,202817960,Chustnon-do‘stlarobod,Чустнон-дўстларобод,Чустнон-Достларобод,Chustnon-dóstlarobod,false
NG-237036,NG-237,1714237,1714237001,202810608,Baymoq,Баймоқ,Баймок,Baymoq,false
NG-237037,NG-237,1714237,0,,Sherbilaq,Шербилақ,Шербилақ,Sherbilaq,true
NG-237038,NG-237,1714237,1714237004,202852001,Dam,Дам,Дам,Dam,false
NG-237039,NG-237,1714237,0,,Istiqlol,Истиқлол,Истиқлол,Istiqlol,true
NG-237040,NG-237,1714237,0,,Yuqorikarnon,Юқорикарнон,Юқорикарнон,Yuqorikarnon,true
NG-237041,NG-237,1714237,1714237052,202669584,Quyi karnon,Қуйи карнон,Куйи Карнон,Quyi karnon,false
NG-237042,NG-237,1714237,1714237031,202676172,Mashxad,Машхад,Машхад,Mashxad,false
NG-237043,NG-237,1714237,1714237038,202670553,Toshqo‘rg‘on,Тошқўрғон,Тошкоргон,Toshqórǵon,false
NG-237044,NG-237,1714237,1714237041,206576064,Yangiobod,Янгиобод,Янгиобод,Yangiobod,false
NG-237045,NG-237,1714237,1714237043,202652400,Birlik,Бирлик,Бирлик (Олмос),Birlik,false
NG-237046,NG-237,1714237,1714237039,203552105,Shuvar,Шувар,Шувар,Shuvar,false
NG-237047,NG-237,1714237,1714237022,202652360,Bozorboshi,Бозорбоши,Бозорбоши,Bozorboshi,false
NG-237048,NG-237,1714237,1714237036,206576057,Toymas,Тоймас,Тоймас,Toymas,false
NG-237049,NG-237,1714237,1714237037,202652384,Toymasobod,Тоймасобод,Тоймасобод,Toymasobod,false
NG-237050,NG-237,1714237,1714237030,202654414,Qorakapa,Қоракапа,Коракапа,Qorakapa,false
NG-237051,NG-237,1714237,1714237019,202652417,Ariqbo‘yi,Ариқбўйи,Арикбуйи,Ariqbóyi,false
NG-237052,NG-237,1714237,1714237032,202652392,Munchoqtepa,Мунчоқтепа,Мунчоктепа,Munchoqtepa,false
NG-237053,NG-237,1714237,1714237023,202851984,Buloqboshi,Булоқбоши,Булокбоши,Buloqboshi,false
NG-237054,NG-237,1714237,1714237048,202656656,Yorqishloq,Ёрқишлоқ,Ёркишлок,Yorqishloq,false
NG-237055,NG-237,1714237,1714237058,202660709,Tepaqo‘rg‘on,Тепақўрғон,Тепакоргон,Tepaqórǵon,false
NG-237056,NG-237,1714237,1714237051,202660716,Qayirma,Қайирма,Кайирма,Qayirma,false
NG-237057,NG-237,1714237,1714237034,203646335,Sarqamish-mirzaobod,Сарқамиш-мирзаобод,Саркмиш-Мирзаобод,Sarqamish-mirzaobod,false
NG-237058,NG-237,1714237,1714237033,202817977,Og‘asaroy,Оғасарой,Огасарой,Oǵasaroy,false
NG-237059,NG-237,1714237,1714237020,202817984,Baliqchi,Балиқчи,Баликчи,Baliqchi,false
NG-237060,NG-237,1714237,1714237002,202660676,Bolo,Боло,Боло,Bolo,false
NG-237061,NG-237,1714237,1714237013,202664590,Pilol,Пилол,Пилол,Pilol,false
NG-237062,NG-237,1714237,1714237018,202660669,Yangichak,Янгичак,Янгичак,Yangichak,false
NG-237063,NG-237,1714237,1714237011,202660652,Maydon,Майдон,Майдон,Maydon,false
NG-237064,NG-237,1714237,0,,Qal‘ai poyon,Қалъаи поён,Қалъаи поён,Qal‘ai poyon,true
NG-237065,NG-237,1714237,1714237010,202666937,Qoraqo‘rg‘on,Қорақўрғон,Коракоргон,Qoraqórǵon,false
NG-237066,NG-237,1714237,1714237025,202849067,G‘ovasoy sohili,Ғовасой соҳили,Говасой Сохили,Ǵovasoy sohili,false
NG-237067,NG-237,1714237,0,,Yangihayot,Янгиҳаёт,Янгиҳаёт,Yangihayot,true
NG-237068,NG-237,1714237,1714237035,202849050,Tinchlik,Тинчлик,Тинчлик,Tinchlik,false
NG-237069,NG-237,1714237,1714237040,202849043,Yuqori,Юқори,Юкори,Yuqori,false
NG-237070,NG-237,1714237,1714237024,204303405,Varzigon,Варзигон,Варзигон,Varzigon,false
NG-16100071,NG-237,1714237,1714237072,309278414,Chust gulzori,Чуст гулзори,Чуст Гулзори,Chust gulzori,false
NG-16100069,NG-237,1714237,1714237042,202820168,Yangi xayot,Янги хаёт,Янги хаёт,Yangi xayot,false
NG-16100061,NG-237,1714237,1714237016,203633336,Sherbilak,Шербилак,Шербилак,Sherbilak,false
NG-16100072,NG-237,1714237,1714237070,309278834,Yangi bog‘ishamol,Янги боғишамол,Янги богишамол,Yangi boǵishamol,false
NG-16100026,NG-237,1714237,1714237060,202858318,Yo‘tmos,Йўтмос,Йутмос,Yótmos,false
NG-16100030,NG-237,1714237,1714237009,202837612,Qizilteppa,Қизилтeппа,Кизилтeппа,Qizilteppa,false
NG-242001,NG-242,1714242,1714242001,202679571,Mo‘g‘ol,Мўғол,Могол,Móǵol,false
NG-242002,NG-242,1714242,1714242002,202692755,Qizilyozi,Қизилёзи,Кизилёзи,Qizilyozi,false
NG-242003,NG-242,1714242,1714242003,202692748,Zarbdor,Зарбдор,Зарбдор,Zarbdor,false
NG-242004,NG-242,1714242,1714242004,202690347,Namuna,Намуна,Наъмуна,Namuna,false
NG-242005,NG-242,1714242,0,,Sohibkor,Соҳибкор,Соҳибкор,Sohibkor,true
NG-242006,NG-242,1714242,1714242006,202679628,Soybo‘yi,Сойбўйи,Сой буйи,Soybóyi,false
NG-242007,NG-242,1714242,1714242007,202679635,Do‘stlik,Дўстлик,Достлик,Dóstlik,false
NG-242008,NG-242,1714242,1714242008,206969904,Oqtom,Оқтом,Октом,Oqtom,false
NG-242009,NG-242,1714242,1714242009,207015279,Olmazor,Олмазор,Олмазор,Olmazor,false
NG-242010,NG-242,1714242,1714242010,202679643,Ko‘kyor,Кўкёр,Кокёр,Kókyor,false
NG-242011,NG-242,1714242,1714242011,202679564,Mamay,Мамай,Мамай,Mamay,false
NG-242012,NG-242,1714242,1714242012,202829265,Qayroqi,Қайроқи,Кайроки,Qayroqi,false
NG-242013,NG-242,1714242,0,,Furqat,Фурқат,Фурқат,Furqat,true
NG-242014,NG-242,1714242,1714242014,202712199,Madaniyat,Маданият,Маданият,Madaniyat,false
NG-242015,NG-242,1714242,1714242015,206946878,Nov,Нов,Нов,Nov,false
NG-242016,NG-242,1714242,1714242016,202764847,Oqtepa,Оқтепа,Октепа,Oqtepa,false
NG-242017,NG-242,1714242,1714242017,202712239,Poromon,Поромон,Поромон,Poromon,false
NG-242018,NG-242,1714242,1714242018,202719379,Birlik,Бирлик,Бирлик,Birlik,false
NG-242019,NG-242,1714242,1714242019,202702052,Tinchlik,Тинчлик,Тинчлик,Tinchlik,false
NG-242020,NG-242,1714242,1714242020,203204932,Xadikent,Хадикент,Хадикент,Xadikent,false
NG-242021,NG-242,1714242,1714242021,202702116,G‘ayrat,Ғайрат,Гайрат,Ǵayrat,false
NG-242022,NG-242,1714242,1714242022,202702109,Dexqonobod,Дехқонобод,Дехконобод,Dexqonobod,false
NG-242023,NG-242,1714242,0,,Cho‘nbag‘ish,Чўнбағиш,Чўнбағиш,Chónbaǵish,true
NG-242024,NG-242,1714242,1714242024,207035705,Yangibog‘iston,Янгибоғистон,Янги Богистон,Yangiboǵiston,false
NG-242025,NG-242,1714242,1714242025,202702044,O‘rta,Ўрта,Орта,Órta,false
NG-242026,NG-242,1714242,1714242026,202702013,Xo‘jasho‘rkent,Хўжашўркент,Ходжашоркент,Xójashórkent,false
NG-242027,NG-242,1714242,1714242027,202702091,Oqsuv g‘ovozon,Оқсув ғовозон,Оксув Говозон,Oqsuv ǵovozon,false
NG-242028,NG-242,1714242,1714242028,202701995,Bog‘,Боғ,Бог,Boǵ,false
NG-242029,NG-242,1714242,1714242029,202719362,G‘ovozon,Ғовозон,Говозон,Ǵovozon,false
NG-242030,NG-242,1714242,1714242030,202665574,Gulshan,Гулшан,Гулшан,Gulshan,false
NG-242031,NG-242,1714242,1714242031,202702037,Tuman,Туман,Туман,Tuman,false
NG-242032,NG-242,1714242,1714242032,202665487,Bo‘ston,Бўстон,Бостон,Bóston,false
NG-242033,NG-242,1714242,1714242033,206958395,Guliston,Гулистон,Гулистон,Guliston,false
NG-242034,NG-242,1714242,1714242034,202702005,Yangiobod,Янгиобод,Янгиобод,Yangiobod,false
NG-242035,NG-242,1714242,1714242035,202665559,Soxil,Сохил,Сохил,Soxil,false
NG-242036,NG-242,1714242,1714242036,202665566,Bog‘iston,Боғистон,Богистон,Boǵiston,false
NG-242037,NG-242,1714242,1714242037,207109120,Ibrat,Ибрат,Ибрат,Ibrat,false
NG-242038,NG-242,1714242,0,,Yumoloqtepa,Юмолоқтепа,Юмолоқтепа,Yumoloqtepa,true
NG-242039,NG-242,1714242,0,,Qorayontok,Қораёнток,Қораёнток,Qorayontok,true
NG-242040,NG-242,1714242,0,,Yukori qorayontoq,Юкори қораёнтоқ,Юкори қораёнтоқ,Yukori qorayontoq,true
NG-242041,NG-242,1714242,1714242041,202723920,Beshbuloq,Бешбулоқ,Бешбулок,Beshbuloq,false
NG-242042,NG-242,1714242,1714242042,202686825,Qo‘riq,Қўриқ,Корик,Qóriq,false
NG-242043,NG-242,1714242,1714242043,202679611,Korasuv,Корасув,Корасув,Korasuv,false
NG-242044,NG-242,1714242,0,,Toshkent,Тошкент,Тошкент,Toshkent,true
NG-242045,NG-242,1714242,0,,Vodiy2,Водий2,Водий2,Vodiy2,true
NG-242046,NG-242,1714242,1714242046,302784320,Obod,Обод,Обод,Obod,false
NG-242047,NG-242,1714242,1714242047,302783590,Yuksalish,Юксалиш,Юксалиш,Yuksalish,false
NG-242048,NG-242,1714242,1714242048,207163429,Qutlug‘tol,Қутлуғтол,Кутлугтол,Qutluǵtol,false
NG-242049,NG-242,1714242,1714242049,202665534,Qorapolvon,Қораполвон,Кораполвон,Qorapolvon,false
NG-242050,NG-242,1714242,1714242050,202666976,Radivon,Радивон,Радивон,Radivon,false
NG-242051,NG-242,1714242,1714242051,202665542,Quyi qorapolvon,Қуйи қораполвон,Куйи кораполвон,Quyi qorapolvon,false
NG-242052,NG-242,1714242,1714242052,202679556,Gaiston,Гаистон,Гаистон,Gaiston,false
NG-242053,NG-242,1714242,1714242053,202702124,Baraka,Барака,Барака,Baraka,false
NG-242054,NG-242,1714242,1714242054,202712246,Barkamol,Баркамол,Баркамол,Barkamol,false
NG-242055,NG-242,1714242,1714242055,202670577,Rovut,Ровут,Ровут,Rovut,false
NG-242056,NG-242,1714242,1714242056,202712254,Nurafshon,Нурафшон,Нурафшон,Nurafshon,false
NG-242057,NG-242,1714242,1714242057,202679549,Kizilkiyok,Кизилкиёк,Кизилкиёк,Kizilkiyok,false
NG-242058,NG-242,1714242,1714242058,202702148,G‘alaba,Ғалаба,Галаба,Ǵalaba,false
NG-242059,NG-242,1714242,1714242059,202712207,Salmon,Салмон,Салмон,Salmon,false
NG-242060,NG-242,1714242,1714242060,202712182,Mash‘al,Машъал,Машъал,Mash‘al,false
NG-242061,NG-242,1714242,1714242061,202712214,Bunyodkor,Бунёдкор,Бунёдкор,Bunyodkor,false
NG-242062,NG-242,1714242,1714242062,202715581,Qandiyon,Қандиён,Кандиён,Qandiyon,false
NG-242063,NG-242,1714242,0,,Yangiobod,Янгиобод,Янгиобод,Yangiobod,true
NG-242064,NG-242,1714242,1714242064,207041169,Gaznon,Газнон,Газнон,Gaznon,false
NG-242065,NG-242,1714242,1714242065,202665510,Buloqboshi,Булоқбоши,Булокбоши,Buloqboshi,false
NG-242066,NG-242,1714242,0,,Xaqiqat,Хақиқат,Хақиқат,Xaqiqat,true
NG-242067,NG-242,1714242,1714242067,202665503,Yuqori navkent,Юқори навкент,Юкори навкент,Yuqori navkent,false
NG-242068,NG-242,1714242,1714242068,202665494,Xurriyat,Хуррият,Хуррият,Xurriyat,false
NG-242069,NG-242,1714242,1714242069,206976975,Rovot,Ровот,Ровот,Rovot,false
NG-242070,NG-242,1714242,1714242070,202664575,Navkent,Навкент,Навкент,Navkent,false
NG-242071,NG-242,1714242,1714242071,202665527,Sutlibuloq,Сутлибулоқ,Сутлибулок,Sutlibuloq,false
NG-16110069,NG-242,1714242,1714242038,202679595,Yumaloq tepa,Юмалоқ тепа,Юмалок тепа,Yumaloq tepa,false
NG-16110066,NG-242,1714242,1714242040,207109137,Yuqori qorayontoq,Юқори қорайонтоқ,Юкори корайонток,Yuqori qorayontoq,false
NG-16110022,NG-242,1714242,1714242066,202764854,Zarkent,Заркент,Заркент,Zarkent,false
NG-16110062,NG-242,1714242,1714242039,205952476,Tillatepa,Тиллатепа,Тиллатепа,Tillatepa,false
NG-16110003,NG-242,1714242,1714242063,202664583,Bekobod,Бекобод,Бекабад,Bekobod,false
NG-16110065,NG-242,1714242,1714242023,202702020,Cho‘ngbag‘ish,Чўнгбағиш,Чонгбагиш,Chóngbaǵish,false
NG-16110024,NG-242,1714242,1714242013,202702076,Istiqbol,Истиқбол,Истикбол,Istiqbol,false
NG-243999,NG-243,1714365,0,,Mahalla aniqlanmagan,Маҳалла аниқланмаган,Махалля не определена,Máhálle anıqlanbaǵan,true
NG-16120094,NG-243,1714365,1714401081,202770104,Elobod,Элобод,Элобод,Elobod,false
NG-16120053,NG-243,1714365,1714401075,202823693,Mustaqillik,Мустақиллик,Мустакиллик,Mustaqillik,false
NG-16120067,NG-243,1714365,1714401077,202802008,Porloq,Порлоқ,Порлок,Porloq,false
NG-16120065,NG-243,1714365,1714401060,202823582,Orzu,Орзу,Орзу,Orzu,false
NG-16120027,NG-243,1714365,1714401061,202673478,Yelxon,Елхон,Елхон,Yelxon,false
NG-16120032,NG-243,1714365,1714401065,207338730,Ijodkor,Ижодкор,Иджодкор,Ijodkor,false
NG-16120079,NG-243,1714365,1714401079,202770223,O‘rta g‘irvon,Ўрта ғирвон,Урта гирвон,Órta ǵirvon,false
NG-16120011,NG-243,1714365,1714401083,202770033,Bog‘,Боғ,Бог,Boǵ,false
NG-16120019,NG-243,1714365,1714401066,202770129,Gulobod,Гулобод,Гулобод,Gulobod,false
NG-16120095,NG-243,1714365,1714401078,202770341,Yuqori g‘irvon,Юқори ғирвон,Юкори гирвон,Yuqori ǵirvon,false
NG-16120023,NG-243,1714365,1714401084,202577690,Davlatobod,Давлатобод,Давлатобод,Davlatobod,false
NG-16120085,NG-243,1714365,1714401074,201973564,Halqlar do‘stligi,Ҳалқлар дўстлиги,Халклар дустлиги,Halqlar dóstligi,false
NG-16120056,NG-243,1714365,1714401064,202766908,Navro‘z,Наврўз,Навроз,Navróz,false
NG-16120114,NG-243,1714365,1714401114,309380843,Tadbirkor,Тадбиркор,Тадбиркор,Tadbirkor,false
NG-16120080,NG-243,1714365,1714401069,202770230,O‘rta rovuston,Ўрта ровустон,Урта Ровустон,Órta rovuston,false
NG-16120040,NG-243,1714365,1714401070,202770444,Quyi rovuston,Қуйи ровустон,Куйи ровустон,Quyi rovuston,false
NG-16120078,NG-243,1714365,1714401072,202307930,Umid,Умид,Умид,Umid,false
NG-16120058,NG-243,1714365,1714401062,202406095,Nurobod,Нуробод,Нуробод,Nurobod,false
NG-16120055,NG-243,1714365,1714401076,201931734,Navbaxor,Навбахор,Навбахор,Navbaxor,false
NG-16120096,NG-243,1714365,1714401068,202770358,Yuqori rovuston,Юқори ровустон,Юкори ровустон,Yuqori rovuston,false
NG-16120097,NG-243,1714365,1714401059,202838373,Yuksalish,Юксалиш,Юксалиш,Yuksalish,false
NG-16120034,NG-243,1714365,1714401067,202770112,Irvadon,Ирвадон,Ирвадон,Irvadon,false
NG-16120077,NG-243,1714365,1714401071,201931402,To‘quvchi,Тўқувчи,Токувчи,Tóquvchi,false
NG-16120115,NG-243,1714365,1714401115,309377061,Istiqlol,Истиқлол,Истиклол,Istiqlol,false
NG-16120021,NG-243,1714365,1714401063,202519303,Gulshan,Гулшан,Гулшан,Gulshan,false
NG-16120039,NG-243,1714365,1714401080,202770420,Quyi g‘irvon,Қуйи ғирвон,Куйи Гирвон,Quyi ǵirvon,false
NG-16120092,NG-243,1714365,1714401082,202770294,Shishaki,Шишаки,Шишаки,Shishaki,false
NG-16120105,NG-243,1714365,1714401073,202192000,Yangi tong,Янги тонг,Янги тонг,Yangi tong,false
NG-244999,NG-244,1714367,0,,Mahalla aniqlanmagan,Маҳалла аниқланмаган,Махалля не определена,Máhálle anıqlanbaǵan,true
NG-16120018,NG-244,1714367,1714401096,202823504,Guliston,Гулистон,Гулистон,Guliston,false
NG-16120052,NG-244,1714367,1714401092,202439743,Mingchinor,Мингчинор,Мингчинор,Mingchinor,false
NG-16120047,NG-244,1714367,1714401095,202650965,Ma‘naviyat,Маънавият,Манавият,Ma‘naviyat,false
NG-16120015,NG-244,1714367,1714401102,202073852,Go‘zal,Гўзал,Гузал,Gózal,false
NG-16120073,NG-244,1714367,1714401109,203010731,Sohil,Соҳил,Сохил,Sohil,false
NG-16120009,NG-244,1714367,1714401093,202681706,B.mashrab,Б.машраб,Б.Машраб,B.mashrab,false
NG-16120101,NG-244,1714367,1714401098,305660093,Yangi zamin,Янги замин,Янги замин,Yangi zamin,false
NG-16120076,NG-244,1714367,1714401089,207038075,Tinchlik,Тинчлик,Тинчлик,Tinchlik,false
NG-16120012,NG-244,1714367,1714401085,202770057,Bunyodkor,Бунёдкор,Бунёдкор,Bunyodkor,false
NG-16120004,NG-244,1714367,1714401090,202132027,Axsikent,Ахсикент,Ахсикент,Axsikent,false
NG-16120091,NG-244,1714367,1714401108,202770286,Sherbuloq,Шербулоқ,Шербулок,Sherbuloq,false
NG-16120066,NG-244,1714367,1714401100,202766614,Oromgoh,Оромгоҳ,Оромгох,Oromgoh,false
NG-16120051,NG-244,1714367,1714401087,202131993,Mingterak,Мингтерак,Мингтерак,Mingterak,false
NG-16120036,NG-244,1714367,1714401105,202132066,Ishonch,Ишонч,Ишонч,Ishonch,false
NG-16120054,NG-244,1714367,1714401086,202796356,Mustaqillikning besh yilligi,Мустақилликнинг беш йиллиги,Мустакилликнинг беш йиллиги,Mustaqillikning besh yilligi,false
NG-16120038,NG-244,1714367,1714401107,207177046,Kelajak tongi,Келажак тонги,Келажак Тонги,Kelajak tongi,false
NG-16120035,NG-244,1714367,1714401106,202766574,Istiqbol,Истиқбол,Истикбол,Istiqbol,false
NG-16120083,NG-244,1714367,1714401094,202146863,Furqat,Фурқат,Фуркат,Furqat,false
NG-16120070,NG-244,1714367,1714401091,207334372,Sahovat,Саҳоват,Саховат,Sahovat,false
NG-16120008,NG-244,1714367,1714401097,202132106,A.beruniy,А.бeруний,А.Бeруни,A.beruniy,false
NG-16120003,NG-244,1714367,1714401104,202386724,Atangan guzar,Атанган гузар,Атанган гузар,Atangan guzar,false
NG-16120049,NG-244,1714367,1714401099,202769855,Mehnatobod,Меҳнатобод,Мехнатобод,Mehnatobod,false
NG-16120071,NG-244,1714367,1714401101,202231956,Sihatgoh,Сиҳатгоҳ,Сихатгох,Sihatgoh,false
NG-16120086,NG-244,1714367,1714401103,202854093,Chamanzor,Чаманзор,Чаманзор,Chamanzor,false
NG-16120028,NG-244,1714367,1714401088,305617968,Yoshlik,Ёшлик,Ёшлик,Yoshlik,false
NG-401001,NG-401,1714401,0,,Abu rayxon beruniy,Абу райхон беруний,Абу райхон беруний,Abu rayxon beruniy,true
NG-401002,NG-401,1714401,1714401048,202181520,Alpomish,Алпомиш,Алпомиш,Alpomish,false
NG-401003,NG-401,1714401,0,,Amir temur,Амир темур,Амир темур,Amir temur,true
NG-401004,NG-401,1714401,0,,Atangan guzar,Атанган гузар,Атанган гузар,Atangan guzar,true
NG-401005,NG-401,1714401,0,,Axsikent,Ахсикент,Ахсикент,Axsikent,true
NG-401006,NG-401,1714401,0,,Baynalminal,Байналминал,Байналминал,Baynalminal,true
NG-401007,NG-401,1714401,1714401001,305583459,Barkamol avlod,Баркамол авлод,Баркамол Авлод,Barkamol avlod,false
NG-401008,NG-401,1714401,1714401053,202439671,Bahor,Баҳор,Бахор,Bahor,false
NG-401009,NG-401,1714401,0,,Boborahim mashrab,Бобораҳим машраб,Бобораҳим машраб,Boborahim mashrab,true
NG-401010,NG-401,1714401,1714401033,202769894,Boburshox,Бобуршох,Бобуршох,Boburshox,false
NG-401011,NG-401,1714401,0,,Bog‘ mahalla,Боғ маҳалла,Боғ маҳалла,Boǵ mahalla,true
NG-401012,NG-401,1714401,0,,Bunyodkor,Бунёдкор,Бунёдкор,Bunyodkor,true
NG-401013,NG-401,1714401,1714401034,202175543,Bo‘ston,Бўстон,Бостон,Bóston,false
NG-401014,NG-401,1714401,1714401002,202796317,G‘isht ko‘prik,Ғишт кўприк,Гишт куприк,Ǵisht kóprik,false
NG-401015,NG-401,1714401,0,,Go‘zal,Гўзал,Гўзал,Gózal,true
NG-401016,NG-401,1714401,1714401003,202659256,Guzar,Гузар,Гузар,Guzar,false
NG-401017,NG-401,1714401,1714401023,202166435,Gulbog‘,Гулбоғ,Гулбог,Gulboǵ,false
NG-401018,NG-401,1714401,0,,Guliston,Гулистон,Гулистон,Guliston,true
NG-401019,NG-401,1714401,0,,Gulobod,Гулобод,Гулобод,Gulobod,true
NG-401020,NG-401,1714401,0,,Gulpora,Гулпора,Гулпора,Gulpora,true
NG-401021,NG-401,1714401,0,,Gulshan,Гулшан,Гулшан,Gulshan,true
NG-401022,NG-401,1714401,1714401016,202777141,G‘uncha,Ғунча,Гунча,Ǵuncha,false
NG-401023,NG-401,1714401,0,,Davlatobod,Давлатобод,Давлатобод,Davlatobod,true
NG-401024,NG-401,1714401,1714401049,202132034,Dambog‘,Дамбоғ,Дамбог,Damboǵ,false
NG-401025,NG-401,1714401,1714401024,201712610,Dashtbog‘,Даштбоғ,Даштбог,Dashtboǵ,false
NG-401026,NG-401,1714401,1714401021,202681753,Diyor,Диёр,Диёр,Diyor,false
NG-401027,NG-401,1714401,0,,Yelxon,Елхон,Елхон,Yelxon,true
NG-401028,NG-401,1714401,0,,Yoshlik,Ёшлик,Ёшлик,Yoshlik,true
NG-401029,NG-401,1714401,1714401052,202139809,Zarafshon,Зарафшон,Зарафшон,Zarafshon,false
NG-401030,NG-401,1714401,1714401036,202631284,Zarbdor,Зарбдор,Зарбдор,Zarbdor,false
NG-401031,NG-401,1714401,1714401025,202258834,Zarkent,Заркент,Заркент,Zarkent,false
NG-401032,NG-401,1714401,1714401037,202777158,Ilg‘or,Илғор,Илгор,Ilǵor,false
NG-401033,NG-401,1714401,0,,Irvadon,Ирвадон,Ирвадон,Irvadon,true
NG-401034,NG-401,1714401,0,,Istiqbol,Истиқбол,Истиқбол,Istiqbol,true
NG-401035,NG-401,1714401,0,,Ishonch,Ишонч,Ишонч,Ishonch,true
NG-401036,NG-401,1714401,0,,Kelajak tongi,Келажак тонги,Келажак тонги,Kelajak tongi,true
NG-401037,NG-401,1714401,1714401028,202135172,Kurashxona,Курашхона,Курашхона,Kurashxona,false
NG-401038,NG-401,1714401,1714401039,202047607,Qadamjo,Қадамжо,Кадамжо,Qadamjo,false
NG-401039,NG-401,1714401,0,,Quyi g‘irvon,Қуйи ғирвон,Қуйи ғирвон,Quyi ǵirvon,true
NG-401040,NG-401,1714401,0,,Quyi rovuston,Қуйи ровустон,Қуйи ровустон,Quyi rovuston,true
NG-401041,NG-401,1714401,1714401040,206940395,Lola,Лола,Лола,Lola,false
NG-401042,NG-401,1714401,0,,Madaniy,Маданий,Маданий,Madaniy,true
NG-401043,NG-401,1714401,1714401005,202146887,Madaniy maorif,Маданий маориф,Маданий Маориф,Madaniy maorif,false
NG-401044,NG-401,1714401,1714401054,202139784,Majnuntol,Мажнунтол,Мажнунтол,Majnuntol,false
NG-401045,NG-401,1714401,1714401047,202132010,Marg‘ilon,Марғилон,Маргилон,Marǵilon,false
NG-401046,NG-401,1714401,0,,Ma‘naviyat,Маънавият,Маънавият,Ma‘naviyat,true
NG-401047,NG-401,1714401,1714401046,202681777,Ma‘rifat,Маърифат,Марифат,Ma‘rifat,false
NG-401048,NG-401,1714401,0,,Mexnatobod,Мехнатобод,Мехнатобод,Mexnatobod,true
NG-401049,NG-401,1714401,1714401056,202139791,Mehribonlik,Меҳрибонлик,Мехрибонлик,Mehribonlik,false
NG-401050,NG-401,1714401,0,,Mingterak,Мингтерак,Мингтерак,Mingterak,true
NG-401051,NG-401,1714401,0,,Mingchinor,Мингчинор,Мингчинор,Mingchinor,true
NG-401052,NG-401,1714401,0,,Mustaqillik,Мустақиллик,Мустақиллик,Mustaqillik,true
NG-401053,NG-401,1714401,0,,Mustaqillikning besh yilligi,Мустақилликнинг беш йиллиги,Мустақилликнинг беш йиллиги,Mustaqillikning besh yilligi,true
NG-401054,NG-401,1714401,0,,Navbahor,Навбаҳор,Навбаҳор,Navbahor,true
NG-401055,NG-401,1714401,0,,Navro‘z,Наврўз,Наврўз,Navróz,true
NG-401056,NG-401,1714401,1714401029,202692866,Nurafshon,Нурафшон,Нурафшон,Nurafshon,false
NG-401057,NG-401,1714401,0,,Nurobod,Нуробод,Нуробод,Nurobod,true
NG-401058,NG-401,1714401,1714401006,206941995,Objuvoz,Обжувоз,Обжувоз,Objuvoz,false
NG-401059,NG-401,1714401,1714401027,202451294,Obi-xayot,Оби-хаёт,Оби-Хаёт,Obi-xayot,false
NG-401060,NG-401,1714401,1714401050,202166443,Obod,Обод,Обод,Obod,false
NG-401061,NG-401,1714401,1714401017,202132042,Ozod,Озод,Озод,Ozod,false
NG-401062,NG-401,1714401,1714401045,202681721,Olvalizor,Олвализор,Олвализор,Olvalizor,false
NG-401063,NG-401,1714401,1714401007,202659311,Oltitosh,Олтитош,Олтитош,Oltitosh,false
NG-401064,NG-401,1714401,0,,Orzu,Орзу,Орзу,Orzu,true
NG-401065,NG-401,1714401,0,,Oromgox,Оромгох,Оромгох,Oromgox,true
NG-401066,NG-401,1714401,0,,Porloq,Порлоқ,Порлоқ,Porloq,true
NG-401067,NG-401,1714401,1714401008,202659264,Sanoat,Саноат,Саноат,Sanoat,false
NG-401068,NG-401,1714401,1714401022,202766622,Sardoba,Сардоба,Сардоба,Sardoba,false
NG-401069,NG-401,1714401,0,,Sixatgoh,Сихатгоҳ,Сихатгоҳ,Sixatgoh,true
NG-401070,NG-401,1714401,1714401041,202194719,Soxibkor,Сохибкор,Сохибкор,Soxibkor,false
NG-401071,NG-401,1714401,0,,Sohil,Соҳил,Соҳил,Sohil,true
NG-401072,NG-401,1714401,1714401009,202683631,Sumalak guzari,Сумалак гузари,Сумалак Гузари,Sumalak guzari,false
NG-401073,NG-401,1714401,1714401051,207182208,Taraqqiyot,Тараққиёт,Тараккият,Taraqqiyot,false
NG-401074,NG-401,1714401,0,,Tinchlik,Тинчлик,Тинчлик,Tinchlik,true
NG-401075,NG-401,1714401,0,,To‘quvchi,Тўқувчи,Тўқувчи,Tóquvchi,true
NG-401076,NG-401,1714401,0,,Umid,Умид,Умид,Umid,true
NG-401077,NG-401,1714401,0,,O‘rta g‘irvon,Ўрта ғирвон,Ўрта ғирвон,Órta ǵirvon,true
NG-401078,NG-401,1714401,0,,O‘rta rovuston,Ўрта ровустон,Ўрта ровустон,Órta rovuston,true
NG-401079,NG-401,1714401,1714401018,202047495,Uchqun,Учқун,Учкун,Uchqun,false
NG-401080,NG-401,1714401,1714401057,202700181,Farovon,Фаровон,Фаровон,Farovon,false
NG-401081,NG-401,1714401,0,,Furqat,Фурқат,Фурқат,Furqat,true
NG-401082,NG-401,1714401,0,,Xalqlar do‘stligi,Халқлар дўстлиги,Халқлар дўстлиги,Xalqlar dóstligi,true
NG-401083,NG-401,1714401,0,,Haqiqat,Ҳақиқат,Ҳақиқат,Haqiqat,true
NG-401084,NG-401,1714401,0,,Chamanzor,Чаманзор,Чаманзор,Chamanzor,true
NG-401085,NG-401,1714401,1714401043,202769870,Chinor,Чинор,Чинор,Chinor,false
NG-401086,NG-401,1714401,1714401038,202132081,Chorsu,Чорсу,Чорсу,Chorsu,false
NG-401087,NG-401,1714401,1714401044,202129155,Sharq tongi,Шарқ тонги,Шарк Тонги,Sharq tongi,false
NG-401088,NG-401,1714401,1714401010,202777180,Sharshara,Шаршара,Шаршара,Sharshara,false
NG-401089,NG-401,1714401,0,,Sherbuloq,Шербулоқ,Шербулоқ,Sherbuloq,true
NG-401090,NG-401,1714401,0,,Shishaki,Шишаки,Шишаки,Shishaki,true
NG-401091,NG-401,1714401,1714401026,202181513,Shodlik,Шодлик,Шодлик,Shodlik,false
NG-401092,NG-401,1714401,0,,Elobod,Елобод,Елобод,Elobod,true
NG-401093,NG-401,1714401,0,,Yuksalish,Юксалиш,Юксалиш,Yuksalish,true
NG-401094,NG-401,1714401,0,,Yuqori g‘irvon,Юқори ғирвон,Юқори ғирвон,Yuqori ǵirvon,true
NG-401095,NG-401,1714401,0,,Yuqori rovuston,Юқори ровустон,Юқори ровустон,Yuqori rovuston,true
NG-401096,NG-401,1714401,1714401011,202681714,Yakkasada,Яккасада,Яккасада,Yakkasada,false
NG-401097,NG-401,1714401,1714401012,202659596,Yakkatut,Яккатут,Яккатут,Yakkatut,false
NG-401098,NG-401,1714401,1714401055,207127939,Yangi asr,Янги аср,Янги Аср,Yangi asr,false
NG-401099,NG-401,1714401,0,,Yangi zamin,Янги замин,Янги замин,Yangi zamin,true
NG-401100,NG-401,1714401,1714401020,202844501,Yangi yo‘l,Янги йўл,Янги-йул,Yangi yól,false
NG-401101,NG-401,1714401,1714401013,202777165,Yangi qurilish,Янги қурилиш,Янги Курилиш,Yangi qurilish,false
NG-401102,NG-401,1714401,0,,Yangi tong,Янги тонг,Янги тонг,Yangi tong,true
NG-16120112,NG-401,1714401,1714401015,309058119,Ibrat,Ибрат,Ибрат,Ibrat,false
NG-16120108,NG-401,1714401,1714401111,309306212,Quvonch,Қувонч,Кувонч,Quvonch,false
NG-16120111,NG-401,1714401,1714401030,309058054,Ziyokor,Зиёкор,Зиёкор,Ziyokor,false
NG-16120104,NG-401,1714401,1714401058,207174913,Yangiobod,Янгиобод,Янгиобод,Yangiobod,false
NG-16120106,NG-401,1714401,1714401014,202132003,Yangi hayot,Янги ҳаёт,Янги хаёт,Yangi hayot,false
NG-16120110,NG-401,1714401,1714401113,309278328,Ravnaq,Равнақ,Равнак,Ravnaq,false
NG-16120113,NG-401,1714401,1714401031,309123765,Oydinko‘l,Ойдинкўл,Ойдинкол,Oydinkól,false
NG-16120005,NG-401,1714401,1714401019,202675854,Baynalmilal,Байналмилал,Байналмилал,Baynalmilal,false
NG-16120107,NG-401,1714401,1714401112,309304319,Chaman,Чаман,Чаман,Chaman,false
NG-16120020,NG-401,1714401,1714401035,202156961,Iftixor,Ифтихор,Ифтихор,Iftixor,false
NG-16120084,NG-401,1714401,1714401042,202854157,Xaqiqat,Хақиқат,Хакикат,Xaqiqat,false
NG-402999,NG-402,0,0,,Mahalla aniqlanmagan,Маҳалла аниқланмаган,Махалля не определена,Máhálle anıqlanbaǵan,true
NG-403999,NG-403,0,0,,Mahalla aniqlanmagan,Маҳалла аниқланмаган,Махалля не определена,Máhálle anıqlanbaǵan,true
NG-404999,NG-404,0,0,,Mahalla aniqlanmagan,Маҳалла аниқланмаган,Махалля не определена,Máhálle anıqlanbaǵan,true
NG-405999,NG-405,0,0,,Mahalla aniqlanmagan,Маҳалла аниқланмаган,Махалля не определена,Máhálle anıqlanbaǵan,true
NG-406999,NG-406,0,0,,Mahalla aniqlanmagan,Маҳалла аниқланмаган,Махалля не определена,Máhálle anıqlanbaǵan,true
NW-211001,NW-211,1712211,1712211014,202067234,Baymurat” OFY,Баймурат” ОФЙ,Баймурат,Baymurat” OFY,false
NW-211002,NW-211,1712211,1712211002,202430463,Birlik,Бирлик,Бирлик,Birlik,false
NW-211003,NW-211,1712211,1712211001,202430431,Navro‘z,Наврўз,Навруз,Navróz,false
NW-211004,NW-211,1712211,0,,Uchtepa” OFY,Учтепа” ОФЙ,Учтепа” ОФЙ,Uchtepa” OFY,true
NW-211005,NW-211,1712211,1712211010,202067202,Sarjal” OFY,Саржал” ОФЙ,Саржал,Sarjal” OFY,false
NW-211006,NW-211,1712211,1712211004,202365820,Sho‘rtepa,Шўртепа,Шуртепа,Shórtepa,false
NW-211007,NW-211,1712211,1712211005,204573893,Yuksalish,Юксалиш,Юксалиш,Yuksalish,false
NW-211008,NW-211,1712211,0,,Karakata” OFY,Караката” ОФЙ,Караката” ОФЙ,Karakata” OFY,true
NW-211009,NW-211,1712211,1712211007,202365813,To‘qqiztepa,Тўққизтепа,Шуркул,Tóqqiztepa,false
NW-211010,NW-211,1712211,0,,Sho‘rko‘l,Шўркўл,Шўркўл,Shórkól,true
NW-211011,NW-211,1712211,1712211008,202430455,Guliston,Гулистон,Гулистон,Guliston,false
NW-211012,NW-211,1712211,0,,Do‘stlik,Дўстлик,Дўстлик,Dóstlik,true
NW-211013,NW-211,1712211,0,,Yangigazgan” OFY,Янгигазган” ОФЙ,Янгигазган” ОФЙ,Yangigazgan” OFY,true
NW-211014,NW-211,1712211,1712211011,202999729,Zafarobod,Зафаробод,Зафаробод,Zafarobod,false
NW-211015,NW-211,1712211,1712211009,306369421,Ko‘kcha,Кўкча,кукча,Kókcha,false
NW-21010015,NW-211,1712211,1712211013,202067258,Yangiqazg‘an,Янгиқазған,Янгиказган,Yangiqazǵan,false
NW-21010006,NW-211,1712211,1712211012,202067226,Qarag‘ata,Қарағата,Карагата,Qaraǵata,false
NW-21010011,NW-211,1712211,1712211015,202866119,Ushtobe,Уштобe,Уштобe,Ushtobe,false
NW-216001,NW-216,1712216,1712216001,204737878,G‘amxo‘r,Ғамхўр,Гамхур,Ǵamxór,false
NW-216002,NW-216,1712216,1712216003,204737885,O‘rtaqo‘rg‘on,Ўртақўрғон,Уртакургон,Órtaqórǵon,false
NW-216003,NW-216,1712216,1712216004,203417635,Gulzor,Гулзор,Гулзор,Gulzor,false
NW-216004,NW-216,1712216,1712216005,204737940,Qal‘ayi-azizon,Қалъайи-азизон,Калайи-Азизон,Qal‘ayi-azizon,false
NW-216005,NW-216,1712216,1712216006,204737918,Malikobod,Маликобод,Маликобод,Malikobod,false
NW-216006,NW-216,1712216,1712216007,204737957,Okrabot,Окработ,Окработ,Okrabot,false
NW-216007,NW-216,1712216,1712216008,204737933,Saroy,Сарой,Сарой,Saroy,false
NW-216008,NW-216,1712216,1712216009,204737925,Uzilishkent,Узилишкент,Узилишкент,Uzilishkent,false
NW-216009,NW-216,1712216,1712216010,203417643,Furqat,Фурқат,Фуркат,Furqat,false
NW-216010,NW-216,1712216,1712216012,204737893,Xo‘jaqo‘rg‘on,Хўжақўрғон,Хужакургон,Xójaqórǵon,false
NW-216011,NW-216,1712216,0,,Hasancha,Ҳасанча,Ҳасанча,Hasancha,true
NW-216012,NW-216,1712216,1712216014,203226969,Yangi hayot,Янги ҳаёт,Янги хаёт,Yangi hayot,false
NW-216013,NW-216,1712216,1712216015,204737964,Bobodo‘g‘i,Бободўғи,Бободуги,Bobodóǵi,false
NW-216014,NW-216,1712216,0,,Balandgardiyon,Баландгардиён,Баландгардиён,Balandgardiyon,true
NW-216015,NW-216,1712216,1712216017,204737814,Bashir,Башир,Башир,Bashir,false
NW-216016,NW-216,1712216,1712216018,204737799,Vang‘ozi,Ванғози,Вангози,Vanǵozi,false
NW-216017,NW-216,1712216,1712216019,204737854,Kulolon,Кулолон,кулолон,Kulolon,false
NW-216018,NW-216,1712216,0,,Kusharta,Кушарта,Кушарта,Kusharta,true
NW-216019,NW-216,1712216,1712216021,206919751,Madaniyat,Маданият,Маданият,Madaniyat,false
NW-216020,NW-216,1712216,0,,Mayta,Майта,Майта,Mayta,true
NW-216021,NW-216,1712216,1712216023,204737774,Okmachit,Окмачит,Окмачит,Okmachit,false
NW-216022,NW-216,1712216,1712216024,204737822,Paxtaobod,Пахтаобод,Пахтаобод,Paxtaobod,false
NW-216023,NW-216,1712216,1712216025,204737807,Tojikon,Тожикон,Тожикон,Tojikon,false
NW-216024,NW-216,1712216,1712216026,204737782,Toshmachit,Тошмачит,Тошмачит,Toshmachit,false
NW-216025,NW-216,1712216,1712216027,204737767,Xafkoriyon,Хафкориён,Хафкориён,Xafkoriyon,false
NW-216026,NW-216,1712216,1712216028,204738092,Azizobod,Азизобод,Азизобод,Azizobod,false
NW-216027,NW-216,1712216,0,,A.Navoiy,А.навоий,А.навоий,A.Navoiy,true
NW-216028,NW-216,1712216,1712216030,204738060,Arabxona,Арабхона,Арабхона,Arabxona,false
NW-216029,NW-216,1712216,1712216032,204738117,Varozun,Варозун,Варозун,Varozun,false
NW-216030,NW-216,1712216,1712216033,204738156,Gulbog‘,Гулбоғ,Гулбог,Gulboǵ,false
NW-216031,NW-216,1712216,1712216034,204738132,Demas,Демас,Демас,Demas,false
NW-216032,NW-216,1712216,1712216035,204738077,Zarmetan,Зарметан,Зарметан,Zarmetan,false
NW-216033,NW-216,1712216,1712216036,309066679,Konsurun,Консурун,Консурун,Konsurun,false
NW-216034,NW-216,1712216,0,,Rabot,Работ,Работ,Rabot,true
NW-216035,NW-216,1712216,1712216039,203220558,O‘zbekiston,Ўзбекистон,Узбекистон,Ózbekiston,false
NW-216036,NW-216,1712216,1712216040,204738124,Xusbuddin,Хусбуддин,Хусбуддин,Xusbuddin,false
NW-216037,NW-216,1712216,1712216041,204738100,Sheyxon,Шейхон,Шейхон,Sheyxon,false
NW-216038,NW-216,1712216,1712216042,204738053,Ayronchi,Айрончи,Айрончи,Ayronchi,false
NW-216039,NW-216,1712216,1712216043,204737972,Bo‘lakrabot,Бўлакработ,Булакработ,Bólakrabot,false
NW-216040,NW-216,1712216,1712216044,202303708,Bo‘ston,Бўстон,Бустон,Bóston,false
NW-216041,NW-216,1712216,1712216045,204738014,G‘oyibon,Ғойибон,Гойибон,Ǵoyibon,false
NW-216042,NW-216,1712216,1712216047,204737996,Gumbaz,Гумбаз,Гумбаз,Gumbaz,false
NW-216043,NW-216,1712216,0,,Qasriashurak,Қасриашурак,Қасриашурак,Qasriashurak,true
NW-216044,NW-216,1712216,0,,Miltiqchi,Милтиқчи,Милтиқчи,Miltiqchi,true
NW-216045,NW-216,1712216,1712216050,205704198,Oksoch,Оксоч,Оксоч,Oksoch,false
NW-216046,NW-216,1712216,1712216051,204738038,Sufiyon,Суфиён,Суфиён,Sufiyon,false
NW-216047,NW-216,1712216,1712216052,204738006,Tavois,Тавоис,Тавоис,Tavois,false
NW-216048,NW-216,1712216,1712216053,204738021,Xomrabot,Хомработ,Хомработ,Xomrabot,false
NW-21080045,NW-216,1712216,1712216020,204737861,Kusharti,Кушарти,Кушарти,Kusharti,false
NW-21080048,NW-216,1712216,1712216049,204738045,Yashnaobod,Яшнаобод,Яшнаобод,Yashnaobod,false
NW-21080050,NW-216,1712216,1712216002,309066583,Nurafshon,Нурафшон,Нурафшон,Nurafshon,false
NW-21080019,NW-216,1712216,1712216022,204737839,Ziyokor,Зиёкор,Зиёкор,Ziyokor,false
NW-21080025,NW-216,1712216,1712216016,204737846,Oboddiyor,Ободдиёр,Ободдиёр,Oboddiyor,false
NW-21080051,NW-216,1712216,1712216031,309066734,Mustaqillik,Мустақиллик,Мустакиллик,Mustaqillik,false
NW-21080043,NW-216,1712216,1712216013,204737901,Humo,Ҳумо,Хумо,Humo,false
NW-21080001,NW-216,1712216,1712216029,203417650,Alisher navoiy,Алишер навоий,Алишер Навоий,Alisher navoiy,false
NW-230001,NW-230,1712230,1712230004,203043248,Qorajon,Қоражон,коражон,Qorajon,false
NW-230002,NW-230,1712230,1712230001,203043216,Qiziloy,Қизилой,кизилой,Qiziloy,false
NW-230003,NW-230,1712230,1712230002,203043224,Keskanterak,Кескантерак,кескантерак,Keskanterak,false
NW-230004,NW-230,1712230,1712230009,206947719,Kelachi,Келачи,келачи,Kelachi,false
NW-230005,NW-230,1712230,1712230011,203032482,Yangiobod,Янгиобод,Янгиобод,Yangiobod,false
NW-230006,NW-230,1712230,0,,Beshrabod,Бешрабод,Бешрабод,Beshrabod,true
NW-230007,NW-230,1712230,1712230007,203030493,Yuqori beshrabot,Юқори бешработ,Юкори Бешработ,Yuqori beshrabot,false
NW-230008,NW-230,1712230,1712230010,203942704,Ko‘hron,Кўҳрон,кухрон,Kóhron,false
NW-230009,NW-230,1712230,0,,Qushqochdi,Қушқочди,Қушқочди,Qushqochdi,true
NW-230010,NW-230,1712230,1712230003,203907223,Yangi hayot,Янги ҳаёт,Янги хаёт,Yangi hayot,false
NW-230011,NW-230,1712230,1712230008,203909386,Oq oltin,Оқ олтин,Ок олтин,Oq oltin,false
NW-230012,NW-230,1712230,1712230006,302757227,Arabxona,Арабхона,Арабхона,Arabxona,false
NW-230013,NW-230,1712230,0,,Vomitan,Вомитан,Вомитан,Vomitan,true
NW-230014,NW-230,1712230,1712230014,203030422,Sovungar,Совунгар,Совунгар,Sovungar,false
NW-230015,NW-230,1712230,1712230016,202027536,Saroy,Сарой,Сарой,Saroy,false
NW-230016,NW-230,1712230,1712230019,203030485,Armijon,Армижон,Армижон,Armijon,false
NW-230017,NW-230,1712230,0,,Dul-dul,Дул-дул,Дул-дул,Dul-dul,true
NW-230018,NW-230,1712230,1712230021,203948275,Sarbozor,Сарбозор,Сарбозор,Sarbozor,false
NW-230019,NW-230,1712230,1712230013,202027544,Karvon,Карвон,карвон,Karvon,false
NW-230020,NW-230,1712230,1712230022,203021805,Chorvoqguzar,Чорвоқгузар,Чорвокгузар,Chorvoqguzar,false
NW-230021,NW-230,1712230,1712230023,203054226,Navkar,Навкар,Навкар,Navkar,false
NW-230022,NW-230,1712230,1712230015,203030446,Arabsaroy,Арабсарой,Арабсарой,Arabsaroy,false
NW-230023,NW-230,1712230,1712230017,203030540,Xashman,Хашман,Хашман,Xashman,false
NW-230024,NW-230,1712230,1712230024,203070745,Qalqonota,Қалқонота,Калкон ота,Qalqonota,false
NW-230025,NW-230,1712230,1712230027,203032499,Xalovattepa,Халоваттепа,Халоват-тепа,Xalovattepa,false
NW-230026,NW-230,1712230,1712230030,203047566,Yosh kuch,Ёш куч,Ёш куч,Yosh kuch,false
NW-230027,NW-230,1712230,1712230034,203904274,Yaltirabot,Ялтиработ,Ялтиработ,Yaltirabot,false
NW-230028,NW-230,1712230,1712230026,203904267,Toshrabot,Тошработ,Тошработ,Toshrabot,false
NW-230029,NW-230,1712230,1712230032,203030414,Yangi kuch,Янги куч,Янги куч,Yangi kuch,false
NW-230030,NW-230,1712230,1712230029,203049610,Uchtut,Учтут,Уч тут,Uchtut,false
NW-230031,NW-230,1712230,1712230033,203030399,Qizilrabot,Қизилработ,кизилработ,Qizilrabot,false
NW-230032,NW-230,1712230,1712230028,203924069,Mehnat,Меҳнат,Мехнат,Mehnat,false
NW-230033,NW-230,1712230,0,,Mirzo ulug‘bek,Мирзо улуғбек,Мирзо улуғбек,Mirzo uluǵbek,true
NW-230034,NW-230,1712230,1712230031,203030407,Qiziltepa,Қизилтепа,кизилтепа,Qiziltepa,false
NW-230035,NW-230,1712230,1712230035,203030454,Burqut,Бурқут,Буркут,Burqut,false
NW-230036,NW-230,1712230,1712230041,203037831,Paxtakor,Пахтакор,Пахтакор,Paxtakor,false
NW-230037,NW-230,1712230,1712230037,203030501,O‘zbekiston,Ўзбекистон,Узбекистон,Ózbekiston,false
NW-230038,NW-230,1712230,1712230038,203909379,G‘ujbog‘tepa,Ғужбоғтепа,Гужбогтепа,Ǵujboǵtepa,false
NW-230039,NW-230,1712230,1712230036,203030461,Navbahor,Навбаҳор,Навбахор,Navbahor,false
NW-230040,NW-230,1712230,1712230039,203030533,Qorovultepa,Қоровултепа,коровултепа,Qorovultepa,false
NW-230041,NW-230,1712230,1712230040,203030518,Yangi yo‘l,Янги йўл,Янги йул,Yangi yól,false
NW-21020008,NW-230,1712230,1712230005,203043231,Guliston,Гулистон,Гулистон,Guliston,false
NW-21020004,NW-230,1712230,1712230012,203056341,Beshrabot,Бeшработ,Бeшработ,Beshrabot,false
NW-234001,NW-234,1712234,1712234015,203569881,Durman,Дурман,Дурман,Durman,false
NW-234002,NW-234,1712234,1712234001,203569874,Azamat,Азамат,Азамат,Azamat,false
NW-234003,NW-234,1712234,1712234023,203569898,Qahramon,Қаҳрамон,кахрамон,Qahramon,false
NW-234004,NW-234,1712234,1712234022,207232168,Kumushkon,Кумушкон,кумушкон,Kumushkon,false
NW-234005,NW-234,1712234,1712234032,203569992,Sardoba,Сардоба,Сардоба,Sardoba,false
NW-234006,NW-234,1712234,1712234016,203570004,Do‘stlik,Дўстлик,Дустлик,Dóstlik,false
NW-234007,NW-234,1712234,1712234025,203569977,Malik,Малик,Малик,Malik,false
NW-234008,NW-234,1712234,1712234039,203569953,Xazora,Хазора,Хазора,Xazora,false
NW-234009,NW-234,1712234,1712234012,203569960,Degaron,Дегарон,Дегарон,Degaron,false
NW-234010,NW-234,1712234,0,,Paxlovon,Пахловон,Пахловон,Paxlovon,true
NW-234011,NW-234,1712234,1712234035,203569914,Uyrot,Уйрот,Уйрот,Uyrot,false
NW-234012,NW-234,1712234,1712234002,203569938,Ayronchi,Айрончи,Айрончи,Ayronchi,false
NW-234013,NW-234,1712234,1712234043,203569921,Yangiobod,Янгиобод,Янгиобод,Yangiobod,false
NW-234014,NW-234,1712234,0,,Xoncharbog‘,Хончарбоғ,Хончарбоғ,Xoncharboǵ,true
NW-234015,NW-234,1712234,1712234004,203569859,Allon,Аллон,Аллон,Allon,false
NW-234016,NW-234,1712234,1712234029,203569866,Nurafshon,Нурафшон,Нурафшон,Nurafshon,false
NW-234017,NW-234,1712234,0,,Yuqori bug‘,Юқори буғ,Юқори буғ,Yuqori buǵ,true
NW-234018,NW-234,1712234,1712234040,203569827,Shibzon,Шибзон,Маданият,Shibzon,false
NW-234019,NW-234,1712234,1712234005,203569984,Arabxona,Арабхона,Арабхона,Arabxona,false
NW-234020,NW-234,1712234,1712234027,203569794,Navro‘z,Наврўз,Навруз,Navróz,false
NW-234021,NW-234,1712234,1712234030,203569803,Paxtaobod,Пахтаобод,Пахтаобод,Paxtaobod,false
NW-234022,NW-234,1712234,0,,Kamolot,Камолот,Камолот,Kamolot,true
NW-234023,NW-234,1712234,1712234008,207213468,Bog‘ishamol,Боғишамол,Богишамол,Boǵishamol,false
NW-234024,NW-234,1712234,0,,Alisher navoiy,Алишер навоий,Алишер навоий,Alisher navoiy,true
NW-234025,NW-234,1712234,1712234013,202813144,Dehqon,Деҳқон,Дехкон,Dehqon,false
NW-234026,NW-234,1712234,1712234034,305468275,O‘zbekiston,Ўзбекистон,Узбекистон,Ózbekiston,false
NW-234027,NW-234,1712234,1712234010,203569748,Varq,Варқ,Варк,Varq,false
NW-234028,NW-234,1712234,1712234020,203569755,Kalovot,Каловот,каловот,Kalovot,false
NW-234029,NW-234,1712234,1712234006,203569763,Arg‘un,Арғун,Аргун,Arǵun,false
NW-234030,NW-234,1712234,1712234041,203569731,Yangi ariq,Янги ариқ,Янги арик,Yangi ariq,false
NW-234031,NW-234,1712234,1712234033,203569770,Talqoq,Талқоқ,Талкок,Talqoq,false
NW-234032,NW-234,1712234,1712234021,203569787,Katta machit,Катта мачит,катта Мачит,Katta machit,false
NW-234033,NW-234,1712234,1712234026,202813294,Mirsaid baxrom,Мирсаид бахром,МирСаид Бахром,Mirsaid baxrom,false
NW-234034,NW-234,1712234,0,,Ko‘hna qo‘rg‘on,Кўҳна қўрғон,Кўҳна қўрғон,Kóhna qórǵon,true
NW-234035,NW-234,1712234,0,,Gulobod,Гулобод,Гулобод,Gulobod,true
NW-234036,NW-234,1712234,1712234036,202813254,Farhod,Фарҳод,Фарход,Farhod,false
NW-234037,NW-234,1712234,1712234038,202813151,Xo‘ja xisrav,Хўжа хисрав,Хужа хисрав,Xója xisrav,false
NW-234038,NW-234,1712234,1712234019,202813247,Ziyokor,Зиёкор,Зиёкор,Ziyokor,false
NW-234039,NW-234,1712234,1712234007,202813279,Beshkent,Бешкент,Бешкент,Beshkent,false
NW-21030028,NW-234,1712234,1712234028,203569810,Narpay,Нарпай,Нарпай,Narpay,false
NW-21030023,NW-234,1712234,1712234024,202813223,Ko‘xna qo‘rg‘on,Кўхна қўрғон,Кухна кургон,Kóxna qórǵon,false
NW-21030038,NW-234,1712234,1712234037,203569945,Xonchorbog‘,Хончорбоғ,Хончорбог,Xonchorboǵ,false
NW-21030044,NW-234,1712234,1712234014,308784048,Yangi varq,Янги варқ,Янги варк,Yangi varq,false
NW-21030016,NW-234,1712234,1712234017,203569842,Jaloyir,Жалойир,Жалойир,Jaloyir,false
NW-21030030,NW-234,1712234,1712234031,203569834,Paxlavon,Пахлавон,Пахлавон,Paxlavon,false
NW-21030046,NW-234,1712234,1712234042,308805415,Yangihayot,Янгиҳаёт,Янгихаёт,Yangihayot,false
NW-238001,NW-238,1712238,1712238007,203659374,Avazsoy,Авазсой,Авазсой,Avazsoy,false
NW-238002,NW-238,1712238,0,,Guliston,Гулистон,Гулистон,Guliston,true
NW-238003,NW-238,1712238,1712238005,203659366,Dehibaland,Деҳибаланд,Дехибаланд,Dehibaland,false
NW-238004,NW-238,1712238,0,,Marmarobod,Мармаробод,Мармаробод,Marmarobod,true
NW-238005,NW-238,1712238,1712238001,203330760,Mustaqillik,Мустақиллик,Мустакиллик,Mustaqillik,false
NW-238006,NW-238,1712238,1712238006,206678143,Orasoy,Орасой,Орасой,Orasoy,false
NW-238007,NW-238,1712238,0,,Tumar,Тумар,Тумар,Tumar,true
NW-238008,NW-238,1712238,0,,Shayxon,Шайхон,Шайхон,Shayxon,true
NW-238009,NW-238,1712238,0,,A.Temur,А.темур,А.темур,A.Temur,true
NW-238010,NW-238,1712238,1712238012,204929622,Kattasoy,Каттасой,каттасой,Kattasoy,false
NW-238011,NW-238,1712238,1712238010,203650750,Qizilcha,Қизилча,кизилча,Qizilcha,false
NW-238012,NW-238,1712238,1712238013,203659381,Sentob,Сентоб,Сентоб,Sentob,false
NW-238013,NW-238,1712238,1712238011,203671298,Temirqovuq,Темирқовуқ,Темирковук,Temirqovuq,false
NW-238014,NW-238,1712238,1712238016,203659327,Jarma,Жарма,Жарма,Jarma,false
NW-238015,NW-238,1712238,0,,Istiqbol,Истиқбол,Истиқбол,Istiqbol,true
NW-238016,NW-238,1712238,1712238015,205362815,Istiqlol,Истиқлол,Истиклол,Istiqlol,false
NW-238017,NW-238,1712238,1712238020,203659334,Kadok,Кадок,кадок,Kadok,false
NW-238018,NW-238,1712238,1712238018,203656480,Suvlik,Сувлик,Сувлик,Suvlik,false
NW-238019,NW-238,1712238,1712238017,203671281,Chuya,Чуя,Чуя,Chuya,false
NW-238020,NW-238,1712238,1712238019,203654967,Yangiturmush,Янгитурмуш,Янгитурмуш,Yangiturmush,false
NW-238021,NW-238,1712238,0,,A.Navoiy,А.навоий,А.навоий,A.Navoiy,true
NW-238022,NW-238,1712238,0,,Budiq,Будиқ,Будиқ,Budiq,true
NW-238023,NW-238,1712238,1712238025,203330745,G‘afur g‘ulom,Ғафур ғулом,Гафур Гулом,Ǵafur ǵulom,false
NW-238024,NW-238,1712238,1712238024,203339581,Ibn sino,Ибн сино,Ибн Сино,Ibn sino,false
NW-238025,NW-238,1712238,1712238026,203324435,Mirishkor,Миришкор,Миришкор,Mirishkor,false
NW-238026,NW-238,1712238,1712238023,203339527,Nurfaxr,Нурфахр,Нурфахр,Nurfaxr,false
NW-238027,NW-238,1712238,1712238004,203327225,Okmachit,Окмачит,Окмачит,Okmachit,false
NW-238028,NW-238,1712238,0,,Sayidato,Сайидато,Сайидато,Sayidato,true
NW-238029,NW-238,1712238,0,,Turko,Турко,Турко,Turko,true
NW-238030,NW-238,1712238,0,,Shahriston,Шаҳристон,Шаҳристон,Shahriston,true
NW-238031,NW-238,1712238,1712238030,203332781,Eshon sudur,Ешон судур,Эшон Судур,Eshon sudur,false
NW-238032,NW-238,1712238,1712238022,203327233,Yangihayot,Янгиҳаёт,Янги хаёт,Yangihayot,false
NW-21040004,NW-238,1712238,1712238028,203327289,Bo‘diq,Бўдиқ,Будик,Bódiq,false
NW-21040034,NW-238,1712238,1712238031,309033079,Nurobod,Нуробод,Нуробод,Nurobod,false
NW-21040003,NW-238,1712238,1712238008,203659359,Amir temur,Амир темур,Амир Темур,Amir temur,false
NW-21040036,NW-238,1712238,1712238009,309028202,Tinchlik,Тинчлик,Тинчлик,Tinchlik,false
NW-21040002,NW-238,1712238,1712238027,203327185,Alisher navoiy,Алишер навоий,Алишер Навоий,Alisher navoiy,false
NW-21040035,NW-238,1712238,1712238021,309027852,Bo‘ston,Бўстон,Бустон,Bóston,false
NW-21040021,NW-238,1712238,1712238003,203530425,Saydato,Сайдато,Сайдато,Saydato,false
NW-244001,NW-244,1712244,1712244001,204080978,Tomdibuloq OFY,Томдибулоқ ОФЙ,Томдибулок,Tomdibuloq OFY,false
NW-244002,NW-244,1712244,1712244003,204081010,Aqtov OFY,Ақтов ОФЙ,Актов,Aqtov OFY,false
NW-244003,NW-244,1712244,1712244004,204080961,Suketti OFY,Сукетти ОФЙ,Сукетти,Suketti OFY,false
NW-244004,NW-244,1712244,1712244005,204080993,Keriz OFY,Кериз ОФЙ,кериз,Keriz OFY,false
NW-244005,NW-244,1712244,1712244006,204081003,Keregetov OFY,Керегетов ОФЙ,керегетов,Keregetov OFY,false
NW-244006,NW-244,1712244,1712244007,204080985,Shieli OFY,Шиели ОФЙ,Шиели,Shieli OFY,false
NW-244007,NW-244,1712244,1712244008,204080954,Ayaqquduq OFY,Аяққудуқ ОФЙ,Аяккудук,Ayaqquduq OFY,false
NW-21050001,NW-244,1712244,1712244002,309047829,Sharq,Шарқ,Шарк,Sharq,false
NW-248001,NW-248,1712248,1712248007,203942624,Mustaqillik,Мустақиллик,Мустакиллик,Mustaqillik,false
NW-248002,NW-248,1712248,1712248001,203942584,Aytim,Айтим,Айтим,Aytim,false
NW-248003,NW-248,1712248,1712248011,203942600,Navoiy,Навоий,Навоий,Navoiy,false
NW-248004,NW-248,1712248,1712248010,202892902,Abay,Абай,Абай,Abay,false
NW-248005,NW-248,1712248,1712248003,203942592,Do‘stlik !,Дўстлик !,Дустлик,Dóstlik !,false
NW-248006,NW-248,1712248,1712248005,207237342,Yo‘lchilar OFY,Йўлчилар ОФЙ,Йулчилар,Yólchilar OFY,false
NW-248007,NW-248,1712248,1712248012,202692945,Shalxar OFY,Шалхар ОФЙ,Шалхар,Shalxar OFY,false
NW-248008,NW-248,1712248,1712248006,203942617,Kokpatas,Кокпатас,кокпатас,Kokpatas,false
NW-248009,NW-248,1712248,1712248008,202692914,Uzunquduq OFY,Узунқудуқ ОФЙ,Узункудук,Uzunquduq OFY,false
NW-248010,NW-248,1712248,1712248013,202692921,Mingbuloq OFY,Мингбулоқ ОФЙ,Мингбулок,Mingbuloq OFY,false
NW-248011,NW-248,1712248,1712248014,202692938,Kukayaz OFY,Кукаяз ОФЙ,кукаяз,Kukayaz OFY,false
NW-248012,NW-248,1712248,0,,Altintau OFY,Алтинтау ОФЙ,Алтинтау ОФЙ,Altintau OFY,true
NW-248013,NW-248,1712248,1712248009,202692906,Bozdun OFY,Боздун ОФЙ,Боздун,Bozdun OFY,false
NW-21110014,NW-248,1712248,1712248004,308746995,Iftixor,Ифтихор,Ифтихор,Iftixor,false
NW-21110003,NW-248,1712248,1712248002,202692898,Altintov,Алтинтов,Алтинтов,Altintov,false
NW-251001,NW-251,1712251,1712251001,202911323,Avoqli,Авоқли,Авокли,Avoqli,false
NW-251002,NW-251,1712251,1712251002,202782785,Bog‘chakalon,Боғчакалон,Богчакалон,Boǵchakalon,false
NW-251003,NW-251,1712251,1712251003,202782699,Zarafshon,Зарафшон,Зарафшон,Zarafshon,false
NW-251004,NW-251,1712251,1712251004,202803551,Ikrom karvon,Икром карвон,Икром карвон,Ikrom karvon,false
NW-251005,NW-251,1712251,1712251005,203590390,Istiqlol,Истиқлол,Истиклол,Istiqlol,false
NW-251006,NW-251,1712251,1712251006,202806175,Ko‘ksaroy,Кўксарой,куксарой,Kóksaroy,false
NW-251007,NW-251,1712251,1712251007,202782707,Navro‘z,Наврўз,Навруз,Navróz,false
NW-251008,NW-251,1712251,1712251008,204567575,Novja,Новжа,Новжа,Novja,false
NW-251009,NW-251,1712251,1712251009,202312443,Paraxun,Парахун,Парахун,Paraxun,false
NW-251010,NW-251,1712251,1712251010,202790199,Paxtakor,Пахтакор,Пахтакор,Paxtakor,false
NW-251011,NW-251,1712251,1712251011,202782754,Polvonota,Полвонота,Полвонота,Polvonota,false
NW-251012,NW-251,1712251,1712251012,202740616,Samarqand,Самарқанд,Самарканд,Samarqand,false
NW-251013,NW-251,1712251,1712251013,203593839,Tamabaxrin,Тамабахрин,Тамабахрин,Tamabaxrin,false
NW-251014,NW-251,1712251,1712251014,203453663,Tinchlik,Тинчлик,Тинчлик,Tinchlik,false
NW-251015,NW-251,1712251,1712251015,203480385,Toshquloq,Тошқулоқ,Тошкулок,Toshquloq,false
NW-251016,NW-251,1712251,1712251016,203480378,Xo‘jaqulobod,Хўжақулобод,Хужакулобод,Xójaqulobod,false
NW-251017,NW-251,1712251,1712251017,203656465,Yangi qurilish,Янги қурилиш,Янги курилиш,Yangi qurilish,false
NW-251018,NW-251,1712251,1712251018,203620581,Alisher navoiy,Алишер навоий,Алишер Навоий,Alisher navoiy,false
NW-251019,NW-251,1712251,1712251019,203505375,Guliston,Гулистон,Гулистон,Guliston,false
NW-251020,NW-251,1712251,1712251020,202740624,Damariq,Дамариқ,Дамарик,Damariq,false
NW-251021,NW-251,1712251,1712251021,203224551,Zarbdor,Зарбдор,Зарбдор,Zarbdor,false
NW-251022,NW-251,1712251,1712251022,203599742,Kattasoy,Каттасой,каттасой,Kattasoy,false
NW-251023,NW-251,1712251,1712251023,202740648,Qoracha,Қорача,корача,Qoracha,false
NW-251024,NW-251,1712251,1712251024,202803544,Quchchi,Қуччи,куччи,Quchchi,false
NW-251025,NW-251,1712251,1712251025,202740609,Miyonqol,Миёнқол,Миёнкол,Miyonqol,false
NW-251026,NW-251,1712251,1712251026,202986626,Mustaqillik,Мустақиллик,Мустакиллик,Mustaqillik,false
NW-251027,NW-251,1712251,1712251027,202740569,Nayman,Найман,Найман,Nayman,false
NW-251028,NW-251,1712251,1712251028,202740576,Saroy,Сарой,Сарой,Saroy,false
NW-251029,NW-251,1712251,1712251029,203590408,Xo‘jaqo‘rg‘on,Хўжақўрғон,Хужакургон,Xójaqórǵon,false
NW-251030,NW-251,1712251,1712251030,203345385,Changir,Чангир,Чангир,Changir,false
NW-251031,NW-251,1712251,1712251031,202740687,Yangirabod,Янгирабод,Янгирабод,Yangirabod,false
NW-251032,NW-251,1712251,1712251032,202740727,Amir temur,Амир темур,Амир Темур,Amir temur,false
NW-251033,NW-251,1712251,1712251033,204563597,Binokor,Бинокор,Бинокор,Binokor,false
NW-251034,NW-251,1712251,1712251034,203064578,Bog‘ishamol,Боғишамол,Богишамол,Boǵishamol,false
NW-251035,NW-251,1712251,1712251035,203639754,Bunyodkor,Бунёдкор,Бунёдкор,Bunyodkor,false
NW-251036,NW-251,1712251,1712251036,202782722,Galabek,Галабек,Галабек,Galabek,false
NW-251037,NW-251,1712251,1712251037,203335184,Dehqonobod,Деҳқонобод,Дехконобод,Dehqonobod,false
NW-251038,NW-251,1712251,1712251038,202740694,Do‘stlik,Дўстлик,Дустлик,Dóstlik,false
NW-251039,NW-251,1712251,1712251039,202740663,Jaloyir,Жалойир,Жалойир,Jaloyir,false
NW-251040,NW-251,1712251,1712251040,202782778,Koriz arab,Кориз араб,кориз Араб,Koriz arab,false
NW-251041,NW-251,1712251,1712251041,202782739,Qo‘rg‘oncha,Қўрғонча,кургонча,Qórǵoncha,false
NW-251042,NW-251,1712251,1712251042,202782761,Madaniyat,Маданият,Маданият,Madaniyat,false
NW-251043,NW-251,1712251,1712251043,202740655,Mirzo ulug‘bek,Мирзо улуғбек,Мирзо Улугбек,Mirzo uluǵbek,false
NW-251044,NW-251,1712251,1712251044,202782714,Oq oltin,Оқ олтин,Ок-олтин,Oq oltin,false
NW-251045,NW-251,1712251,1712251045,203654326,Olmazor,Олмазор,Олмазор,Olmazor,false
NW-251046,NW-251,1712251,1712251046,203645527,Uchtepa,Учтепа,Учтепа,Uchtepa,false
NW-251047,NW-251,1712251,1712251047,203459038,Fidokor,Фидокор,Фидокор,Fidokor,false
NW-251048,NW-251,1712251,0,,Xuddon,Худдон,Худдон,Xuddon,true
NW-251049,NW-251,1712251,1712251050,203725704,Chechak ota,Чечак ота,Чечакота,Chechak ota,false
NW-251050,NW-251,1712251,1712251051,203654302,Angidon,Ангидон,Ангидон,Angidon,false
NW-251051,NW-251,1712251,1712251052,203590383,Baxshijar,Бахшижар,Бахшижар,Baxshijar,false
NW-251052,NW-251,1712251,0,,Bo‘g‘irdoq,Бўғирдоқ,Бўғирдоқ,Bóǵirdoq,true
NW-251053,NW-251,1712251,1712251054,305210644,Qo‘rg‘ontepa,Қўрғонтепа,кургонтепа,Qórǵontepa,false
NW-251054,NW-251,1712251,1712251055,202806168,Qo‘shchinor,Қўшчинор,кушчинор,Qóshchinor,false
NW-251055,NW-251,1712251,1712251056,202790174,Langar,Лангар,Лангар,Langar,false
NW-251056,NW-251,1712251,1712251057,202790104,Maydon,Майдон,Майдон,Maydon,false
NW-251057,NW-251,1712251,1712251058,203501832,Mirdosh,Мирдош,Мирдош,Mirdosh,false
NW-251058,NW-251,1712251,1712251059,202740591,Navbahor,Навбаҳор,Навбахор,Navbahor,false
NW-251059,NW-251,1712251,1712251060,202790182,Oqtepa,Оқтепа,Октепа,Oqtepa,false
NW-251060,NW-251,1712251,1712251061,203599687,Oltinobod,Олтинобод,Олтинобод,Oltinobod,false
NW-251061,NW-251,1712251,1712251062,202790167,Oltinsoy,Олтинсой,Олтинсой,Oltinsoy,false
NW-251062,NW-251,1712251,1712251063,203368318,Sangijuman,Сангижуман,Сангижуман,Sangijuman,false
NW-251063,NW-251,1712251,1712251064,202782793,Tasmachi,Тасмачи,Тасмачи,Tasmachi,false
NW-251064,NW-251,1712251,1712251065,203599727,Uyshun,Уйшун,Уйшун,Uyshun,false
NW-251065,NW-251,1712251,1712251066,202790207,Uchqora,Учқора,Учкора,Uchqora,false
NW-251066,NW-251,1712251,1712251068,202790111,Chag‘atoy,Чағатой,Чагатой,Chaǵatoy,false
NW-251067,NW-251,1712251,1712251069,201351547,Chinobod,Чинобод,Чинобод,Chinobod,false
NW-251068,NW-251,1712251,1712251070,202782746,Yangi,Янги,Янги,Yangi,false
NW-21070069,NW-251,1712251,1712251067,309077729,Xonaqa,Хонақа,Хонака,Xonaqa,false
NW-21070070,NW-251,1712251,1712251049,309045815,Farovon,Фаровон,Фаровон,Farovon,false
NW-21070009,NW-251,1712251,1712251053,203586252,Bug‘irdoq,Буғирдоқ,Бугирдок,Buǵirdoq,false
NW-21070059,NW-251,1712251,1712251048,202740631,Mirishkor,Миришкор,Миришкор,Mirishkor,false
NW-252999,NW-252,0,0,,Mahalla aniqlanmagan,Маҳалла аниқланмаган,Махалля не определена,Máhálle anıqlanbaǵan,true
NW-401001,NW-401,1712401,1712401004,202906004,Hayot,Ҳаёт,Хаёт,Hayot,false
NW-401002,NW-401,1712401,1712401009,202822964,Istiqlol,Истиқлол,Истиклол,Istiqlol,false
NW-401003,NW-401,1712401,1712401003,202822900,Yangiariq,Янгиариқ,Янгиарик,Yangiariq,false
NW-401004,NW-401,1712401,1712401006,202906011,Guliston,Гулистон,Гулистон,Guliston,false
NW-401005,NW-401,1712401,1712401005,202906028,Binokor,Бинокор,Бинокор,Binokor,false
NW-401006,NW-401,1712401,1712401001,202906035,Janubiy,Жанубий,Жанубий,Janubiy,false
NW-401007,NW-401,1712401,1712401007,202906043,Bunyodkor,Бунёдкор,Бунёдкор,Bunyodkor,false
NW-401008,NW-401,1712401,1712401026,202822884,O‘zbekiston,Ўзбекистон,Узбекистон,Ózbekiston,false
NW-401009,NW-401,1712401,0,,G‘alaba,Ғалаба,Ғалаба,Ǵalaba,true
NW-401010,NW-401,1712401,1712401027,202906050,Zarafshon,Зарафшон,Зарафшон,Zarafshon,false
NW-401011,NW-401,1712401,1712401008,202906067,Yangiobod,Янгиобод,Янгиобод,Yangiobod,false
NW-401012,NW-401,1712401,1712401002,202822877,Lochin .,Лочин .,Лочин,Lochin .,false
NW-401013,NW-401,1712401,1712401022,202822932,Me‘mor,Меъмор,Мемор,Me‘mor,false
NW-401014,NW-401,1712401,1712401030,202906074,Muruvvat,Мурувват,Мурувват,Muruvvat,false
NW-401015,NW-401,1712401,1712401029,202822924,Orzu,Орзу,Орзу,Orzu,false
NW-401016,NW-401,1712401,1712401031,202906082,Umid,Умид,Умид,Umid,false
NW-401017,NW-401,1712401,1712401024,202906099,Bahor,Баҳор,Бахор,Bahor,false
NW-401018,NW-401,1712401,1712401018,202906107,Xumo,Хумо,Хумо,Xumo,false
NW-401019,NW-401,1712401,0,,Do‘stlik,Дўстлик,Дўстлик,Dóstlik,true
NW-401020,NW-401,1712401,1712401020,202906122,Oltin vodiy,Олтин водий,Олтин водий,Oltin vodiy,false
NW-401021,NW-401,1712401,1712401017,202906139,Matonat,Матонат,Матонат,Matonat,false
NW-401022,NW-401,1712401,0,,Gulzor,Гулзор,Гулзор,Gulzor,true
NW-401023,NW-401,1712401,1712401016,202822917,Turon,Турон,Турон,Turon,false
NW-401024,NW-401,1712401,1712401014,202906146,Mustaqillik,Мустақиллик,Мустакиллик,Mustaqillik,false
NW-401025,NW-401,1712401,1712401011,202906154,Ishonch,Ишонч,Ишонч,Ishonch,false
NW-401026,NW-401,1712401,1712401010,202822956,Vatan,Ватан,Ватан,Vatan,false
NW-401027,NW-401,1712401,1712401012,202906161,Chinor,Чинор,Чинор,Chinor,false
NW-401028,NW-401,1712401,1712401013,202906178,Kimyogar,Кимёгар,кимёгар,Kimyogar,false
NW-401029,NW-401,1712401,1712401028,202906185,Tinchlik,Тинчлик,Тинчлик,Tinchlik,false
NW-401030,NW-401,1712401,0,,Xonchorbog‘,Хончорбоғ,Хончорбоғ,Xonchorboǵ,true
NW-401031,NW-401,1712401,1712401023,203569906,Yoshlik,Ёшлик,Ёшлик,Yoshlik,false
NW-21090041,NW-401,1712401,1712401035,308821104,Ziyokor,Зиёкор,Зиёкор,Ziyokor,false
NW-21090039,NW-401,1712401,1712401036,308810838,Ma‘rifat,Маърифат,Маърифат,Ma‘rifat,false
NW-21090032,NW-401,1712401,1712401021,204062674,Xoncharbog‘,Хончарбоғ,Хончарбог,Xoncharboǵ,false
NW-21090038,NW-401,1712401,1712401032,308820990,Taraqqiyot,Тараққиёт,Тараккиёт,Taraqqiyot,false
NW-21090042,NW-401,1712401,1712401034,308811574,Yangihayot,Янгиҳаёт,Янгихаёт,Yangihayot,false
NW-21090040,NW-401,1712401,1712401033,308812225,Faravon,Фаравон,Фаравон,Faravon,false
NW-408001,NW-408,1712408,1712408001,202960144,Alisher navoiy,Алишер навоий,Алишер Навоий,Alisher navoiy,false
NW-408002,NW-408,1712408,1712408002,202960327,Konchilar,Кончилар,кончилар,Konchilar,false
NW-408003,NW-408,1712408,1712408003,202960334,Oltin vodiy,Олтин водий,Олтин водий,Oltin vodiy,false
NW-408004,NW-408,1712408,1712408004,202936591,Quruvchi,Қурувчи,курувчи,Quruvchi,false
NW-408005,NW-408,1712408,1712408005,202881679,Yoshlik,Ёшлик,Ёшлик,Yoshlik,false
NW-408006,NW-408,1712408,1712408006,202881686,Tinchlik,Тинчлик,Тинчлик,Tinchlik,false
NW-408007,NW-408,1712408,1712408007,202896595,Geolog,Геолог,Геолог,Geolog,false
NW-408008,NW-408,1712408,1712408008,202964978,Bahor,Баҳор,Бахор,Bahor,false
NW-408009,NW-408,1712408,1712408009,202969923,Navro‘z,Наврўз,Навруз,Navróz,false
NW-408010,NW-408,1712408,1712408010,202969930,Yulduz,Юлдуз,Юлдуз,Yulduz,false
NW-408011,NW-408,1712408,1712408011,202936584,Yangi -zarafshon,Янги -зарафшон,Янги Зарафшон,Yangi -zarafshon,false
NW-408012,NW-408,1712408,1712408012,202977035,Daugiztau,Даугизтау,Даугизтау,Daugiztau,false
NW-408013,NW-408,1712408,1712408013,200010045,Muruntau,Мурунтау,Мурунтау,Muruntau,false
NW-21100021,NW-408,1712408,1712408015,309024650,Istiqlol,Истиқлол,Истиклол,Istiqlol,false
NW-21100020,NW-408,1712408,1712408014,309046932,O‘zbekiston,Ўзбекистон,Узбекистон,Ózbekiston,false
NW-21120005,NW-412,1712412,1712412003,203659310,Shayxon,Шайхон,Шайхон,Shayxon,false
NW-21120003,NW-412,1712412,1712412001,205414338,Marmarobod,Мармаробод,Мармаробод,Marmarobod,false
NW-21120004,NW-412,1712412,1712412002,206857656,Tumar,Тумар,Тумар,Tumar,false
NW-21120002,NW-412,1712412,1712412004,203659303,Guliston,Гулистон,Гулистон,Guliston,false
NW-413999,NW-413,0,0,,Mahalla aniqlanmagan,Маҳалла аниқланмаган,Махалля не определена,Máhálle anıqlanbaǵan,true
QA-207001,QA-207,1710207,1710207041,202668070,Amir temur,Амир темур,Амир Темур,Amir temur,false
QA-207002,QA-207,1710207,1710207026,202667935,Avg‘onbog‘,Авғонбоғ,Авгонбог,Avǵonboǵ,false
QA-207003,QA-207,1710207,1710207023,202667967,Apardi,Апарди,Апарди,Apardi,false
QA-207004,QA-207,1710207,1710207021,201561887,Batosh,Батош,Батош,Batosh,false
QA-207005,QA-207,1710207,1710207024,200676561,Bo‘ston,Бўстон,Бустон,Bóston,false
QA-207006,QA-207,1710207,0,,Buyukkarvon,Буюккарвон,Буюккарвон,Buyukkarvon,true
QA-207007,QA-207,1710207,1710207010,200676142,Guliston,Гулистон,Гулистон,Guliston,false
QA-207008,QA-207,1710207,1710207004,200678740,Gulshan,Гулшан,Гулшан,Gulshan,false
QA-207009,QA-207,1710207,1710207012,202667950,Do‘ltali,Дўлтали,Дултали,Dóltali,false
QA-207010,QA-207,1710207,1710207017,200676980,Do‘stlik,Дўстлик,Дустлик,Dóstlik,false
QA-207011,QA-207,1710207,1710207009,202667974,Yonqishloq,Ёнқишлоқ,Ёнкишлок,Yonqishloq,false
QA-207012,QA-207,1710207,1710207007,202667982,Jarariq,Жарариқ,Жарарик,Jarariq,false
QA-207013,QA-207,1710207,1710207034,200679605,Zarbdor,Зарбдор,Зарбдор,Zarbdor,false
QA-207014,QA-207,1710207,1710207035,202657228,Qovchin,Қовчин,Ковчин,Qovchin,false
QA-207015,QA-207,1710207,1710207046,200676902,Qorako‘l,Қоракўл,Коракул,Qorakól,false
QA-207016,QA-207,1710207,0,,Qo‘shtepa,Қўштепа,Қўштепа,Qóshtepa,true
QA-207017,QA-207,1710207,0,,Mehnatobod,Меҳнатобод,Меҳнатобод,Mehnatobod,true
QA-207018,QA-207,1710207,1710207022,206867439,Mo‘minobod,Мўминобод,Муминобод,Móminobod,false
QA-207019,QA-207,1710207,1710207032,207125291,Mustaqillik,Мустақиллик,Мустакиллик,Mustaqillik,false
QA-207020,QA-207,1710207,1710207018,202668055,Navro‘z,Наврўз,Навруз,Navróz,false
QA-207021,QA-207,1710207,0,,Obod,Обод,Обод,Obod,true
QA-207022,QA-207,1710207,1710207050,201561816,Paxtazor,Пахтазор,Пахтазор,Paxtazor,false
QA-207023,QA-207,1710207,0,,Pachkamar,Пачкамар,Пачкамар,Pachkamar,true
QA-207024,QA-207,1710207,1710207039,202668016,Sovbog‘,Совбоғ,Совбог,Sovboǵ,false
QA-207025,QA-207,1710207,1710207036,202354304,Sovlig‘or,Совлиғор,Совлигор,Sovliǵor,false
QA-207026,QA-207,1710207,1710207045,202661517,Tengdosh,Тенгдош,Тенгдош,Tengdosh,false
QA-207027,QA-207,1710207,1710207040,200677759,Tinchlik,Тинчлик,Тинчлик,Tinchlik,false
QA-207028,QA-207,1710207,1710207013,203637994,Toshguzar,Тошгузар,Тошгузар,Toshguzar,false
QA-207029,QA-207,1710207,1710207019,202667943,Xalqobod,Халқобод,Халкабод,Xalqobod,false
QA-207030,QA-207,1710207,1710207051,202668024,Xo‘jaguzar,Хўжагузар,Хужагузар,Xójaguzar,false
QA-207031,QA-207,1710207,1710207025,305055308,Xumdon,Хумдон,Хумдон,Xumdon,false
QA-207032,QA-207,1710207,1710207006,305050385,Chaqar,Чақар,Чакар,Chaqar,false
QA-207033,QA-207,1710207,1710207033,202668048,Chanoq,Чаноқ,Чанок,Chanoq,false
QA-207034,QA-207,1710207,1710207014,202667999,Chugurtma,Чугуртма,Чугуртма,Chugurtma,false
QA-207035,QA-207,1710207,1710207044,206947211,Cho‘michli,Чўмичли,Чумичли,Chómichli,false
QA-207036,QA-207,1710207,1710207037,200676435,Shakarbuloq,Шакарбулоқ,Шакарбулок,Shakarbuloq,false
QA-207037,QA-207,1710207,1710207001,202263892,Sherali,Шерали,Шерали,Sherali,false
QA-207038,QA-207,1710207,1710207005,305052461,Eskibog‘,Ескибоғ,Эскибог,Eskiboǵ,false
QA-207039,QA-207,1710207,1710207048,206958736,Eshonquduq,Ешонқудуқ,Эшонкудук,Eshonquduq,false
QA-207040,QA-207,1710207,1710207008,206595912,Yakkadaraxt,Яккадарахт,Яккадарахт,Yakkadaraxt,false
QA-207041,QA-207,1710207,1710207038,202668009,Yangikent,Янгикент,Янгикент,Yangikent,false
QA-207042,QA-207,1710207,1710207020,201572819,Yangiobod,Янгиобод,Янгиобод,Yangiobod,false
QA-207043,QA-207,1710207,1710207027,203637987,Yarg‘unchi,Ярғунчи,Яргунчи,Yarǵunchi,false
QA-18140011,QA-207,1710207,1710207002,308242659,Dashtobod,Даштобод,Даштобод,Dashtobod,false
QA-18140022,QA-207,1710207,1710207043,200676388,Mexnatobod,Мехнатобод,Мехнатобод,Mexnatobod,false
QA-18140054,QA-207,1710207,1710207003,308242587,Yangi hayot,Янги ҳаёт,Янги хаёт,Yangi hayot,false
QA-18140037,QA-207,1710207,1710207016,308242509,Fayzobod,Файзобод,Файзобод,Fayzobod,false
QA-18140005,QA-207,1710207,1710207049,200677505,Buyuk karvon yo‘li,Буюк карвон йўли,Буюк карвон йули,Buyuk karvon yóli,false
QA-18140021,QA-207,1710207,1710207015,308242491,Mevazor,Мевазор,Мевазор,Mevazor,false
QA-18140027,QA-207,1710207,1710207030,308242706,Obihayot,Обиҳаёт,Обихаёт,Obihayot,false
QA-18140020,QA-207,1710207,1710207047,200679597,Jonbuloq,Жонбулоқ,Жонбулок,Jonbuloq,false
QA-18140029,QA-207,1710207,1710207031,308242548,Omonota,Омонота,Омонота,Omonota,false
QA-212001,QA-212,1710212,1710212017,206817634,Ayridevol,Айридевол,Айридевол,Ayridevol,false
QA-212002,QA-212,1710212,0,,Aerodrom,Аеродром,Аеродром,Aerodrom,true
QA-212003,QA-212,1710212,1710212026,202870874,Bozortepa,Бозортепа,Бозортепа,Bozortepa,false
QA-212004,QA-212,1710212,1710212018,201046996,Bibikorasoch,Бибикорасоч,Бибикорасоч,Bibikorasoch,false
QA-212005,QA-212,1710212,1710212001,205183674,Beshbulok,Бешбулок,Бешбулок,Beshbulok,false
QA-212006,QA-212,1710212,1710212016,207144744,Bo‘ston,Бўстон,Бустон,Bóston,false
QA-212007,QA-212,1710212,0,,Beshko‘ton,Бешкўтон,Бешкўтон,Beshkóton,true
QA-212008,QA-212,1710212,1710212042,207201823,Beliboyli,Белибойли,Белибойли,Beliboyli,false
QA-212009,QA-212,1710212,1710212048,201047006,Boshchorbog‘,Бошчорбоғ,Бошчорбог,Boshchorboǵ,false
QA-212010,QA-212,1710212,1710212039,202308534,G‘o‘roti,Ғўроти,Гуроти,Ǵóroti,false
QA-212011,QA-212,1710212,1710212034,202368555,Gumbulok,Гумбулок,Гумбулок,Gumbulok,false
QA-212012,QA-212,1710212,1710212032,201047060,Duob,Дуоб,Дуоб,Duob,false
QA-212013,QA-212,1710212,1710212019,201582419,Dexkonobod,Дехконобод,Дехконобод,Dexkonobod,false
QA-212014,QA-212,1710212,1710212020,202308526,Paxtachi,Пахтачи,Пахтачи,Paxtachi,false
QA-212015,QA-212,1710212,1710212002,202220108,Otkamar,Откамар,Откамар,Otkamar,false
QA-212016,QA-212,1710212,1710212003,201047100,Oqirtma,Оқиртма,Окиртма,Oqirtma,false
QA-212017,QA-212,1710212,1710212041,201047014,Oqtosh,Оқтош,Октош,Oqtosh,false
QA-212018,QA-212,1710212,1710212027,206730790,Obod,Обод,Обод,Obod,false
QA-212019,QA-212,1710212,1710212029,201047092,Boyqo‘rg‘on,Бойқўрғон,Бойкургон,Boyqórǵon,false
QA-212020,QA-212,1710212,1710212004,201047077,Okrabot,Окработ,Окработ,Okrabot,false
QA-212021,QA-212,1710212,0,,Oqqishlok,Оққишлок,Оққишлок,Oqqishlok,true
QA-212022,QA-212,1710212,1710212013,206946442,Oybek,Ойбек,Ойбек,Oybek,false
QA-212023,QA-212,1710212,1710212023,305620181,Oydin yo‘l,Ойдин йўл,Ойдин йул,Oydin yól,false
QA-212024,QA-212,1710212,0,,Qoluvdor,Қолувдор,Қолувдор,Qoluvdor,true
QA-212025,QA-212,1710212,1710212005,201047038,Qizilcha,Қизилча,Кизилча,Qizilcha,false
QA-212026,QA-212,1710212,1710212006,201047045,Qo‘rg‘ontosh,Қўрғонтош,Кургонтош,Qórǵontosh,false
QA-212027,QA-212,1710212,0,,Q raximov,Қ рахимов,Қ рахимов,Q raximov,true
QA-212028,QA-212,1710212,1710212021,202203071,Nodira,Нодира,Нодира,Nodira,false
QA-212029,QA-212,1710212,0,,Ingichka,Ингичка,Ингичка,Ingichka,true
QA-212030,QA-212,1710212,1710212022,202203064,Istiklol,Истиклол,Истиклол,Istiklol,false
QA-212031,QA-212,1710212,1710212025,201047021,O‘zbekiston,Ўзбекистон,Узбекистон,Ózbekiston,false
QA-212032,QA-212,1710212,1710212033,207182136,Terakli,Теракли,Теракли,Terakli,false
QA-212033,QA-212,1710212,0,,Torkopchug‘oy,Торкопчуғой,Торкопчуғой,Torkopchuǵoy,true
QA-212034,QA-212,1710212,1710212009,305588198,Tog‘aytemir,Тоғайтемир,Тогайтемир,Toǵaytemir,false
QA-212035,QA-212,1710212,1710212047,206970572,Sarchashma,Сарчашма,Сарчашма,Sarchashma,false
QA-212036,QA-212,1710212,1710212043,202308558,Chambil,Чамбил,Чамбил,Chambil,false
QA-212037,QA-212,1710212,1710212010,207211755,Chuchukuduk,Чучукудук,Чучукудук,Chuchukuduk,false
QA-212038,QA-212,1710212,1710212044,206970589,Chashmaimiron,Чашмаимирон,Чашмаимирон,Chashmaimiron,false
QA-212039,QA-212,1710212,1710212045,202330209,Chilgaz,Чилгаз,Чилгаз,Chilgaz,false
QA-212040,QA-212,1710212,1710212028,305751597,Kaltaminor,Калтаминор,Калтаминор,Kaltaminor,false
QA-212041,QA-212,1710212,1710212011,305757010,Yangiobod,Янгиобод,Янгиобод,Yangiobod,false
QA-212042,QA-212,1710212,0,,Yashnabod,Яшнабод,Яшнабод,Yashnabod,true
QA-212043,QA-212,1710212,1710212046,306104331,Mustaqillik,Мустақиллик,Мустакиллик,Mustaqillik,false
QA-212044,QA-212,1710212,1710212035,306105987,Nurli kelajak,Нурли келажак,Нурли келажак,Nurli kelajak,false
QA-212045,QA-212,1710212,1710212036,306104592,Yangixayot,Янгихаёт,Янги хаёт,Yangixayot,false
QA-212046,QA-212,1710212,1710212038,307011344,Zavqiy,Завқий,Завкий,Zavqiy,false
QA-18020005,QA-212,1710212,1710212040,201047084,Beshqo‘ton,Бешқўтон,Бешкутон,Beshqóton,false
QA-18020049,QA-212,1710212,1710212049,308795699,Qo‘ng‘irot,Қўнғирот,Кунгирот,Qónǵirot,false
QA-18020021,QA-212,1710212,1710212007,202308541,Qodir baxshi raximov,Қодир бахши рахимов,Кодир бахши Рахимов,Qodir baxshi raximov,false
QA-18020017,QA-212,1710212,1710212031,202284621,Farovon,Фаровон,Фаровон,Farovon,false
QA-18020051,QA-212,1710212,1710212050,309776791,Yangi o‘zbekiston,Янги ўзбекистон,Янги Узбекистан,Yangi ózbekiston,false
QA-18020041,QA-212,1710212,1710212014,308230744,Xo‘jamaxmud,Хўжамахмуд,Хужамахмуд,Xójamaxmud,false
QA-18020022,QA-212,1710212,1710212030,207018076,Oqmachit,Оқмачит,Окмачит,Oqmachit,false
QA-18020015,QA-212,1710212,1710212024,308224688,Do‘stlik,Дўстлик,Дустлик,Dóstlik,false
QA-18020048,QA-212,1710212,1710212012,306063487,Yashnaobod,Яшнаобод,Яшнаобод,Yashnaobod,false
QA-18020031,QA-212,1710212,1710212015,201047053,Oqqishloq,Оққишлоқ,Оккишлок,Oqqishloq,false
QA-18020002,QA-212,1710212,1710212037,202267863,Tepaguzar,Тепагузар,Тепагузар,Tepaguzar,false
QA-18020050,QA-212,1710212,1710212052,309481274,Darxon,Дархон,Дархон,Darxon,false
QA-18020039,QA-212,1710212,1710212008,206927576,Torqopchug‘oy,Торқопчуғой,Торкопчугой,Torqopchuǵoy,false
QA-220001,QA-220,1710220,1710220054,207206389,Obod,Обод,Обод,Obod,false
QA-220002,QA-220,1710220,1710220055,207205137,Mang‘it,Манғит,Мангит,Manǵit,false
QA-220003,QA-220,1710220,1710220019,207039675,Dustlik,Дустлик,Дустлик,Dustlik,false
QA-220004,QA-220,1710220,1710220056,207205294,Zafar,Зафар,Зафар,Zafar,false
QA-220005,QA-220,1710220,1710220030,206743054,Samarkand,Самарканд,Самарканд,Samarkand,false
QA-220006,QA-220,1710220,1710220031,207204716,Qorasuv,Қорасув,Корасув,Qorasuv,false
QA-220007,QA-220,1710220,1710220032,207205303,O‘zbekiston,Ўзбекистон,Узбекистон,Ózbekiston,false
QA-220008,QA-220,1710220,0,,Ulug‘bek,Улуғбек,Улуғбек,Uluǵbek,true
QA-220009,QA-220,1710220,0,,A.Navoiy,А.навоий,А.навоий,A.Navoiy,true
QA-220010,QA-220,1710220,1710220057,207205682,Ibn-sino,Ибн-сино,Ибн Сино,Ibn-sino,false
QA-220011,QA-220,1710220,1710220001,201575821,Chim,Чим,Чим,Chim,false
QA-220012,QA-220,1710220,0,,Qo‘shkapa,Қўшкапа,Қўшкапа,Qóshkapa,true
QA-220013,QA-220,1710220,0,,Sarbozor,Сарбозор,Сарбозор,Sarbozor,true
QA-220014,QA-220,1710220,1710220046,203295694,G‘ishtli,Ғиштли,Гиштли,Ǵishtli,false
QA-220015,QA-220,1710220,1710220004,203216933,Paxtaobod,Пахтаобод,Пахтаобод,Paxtaobod,false
QA-220016,QA-220,1710220,1710220005,201575814,Qiziltepa,Қизилтепа,Кизилтепа,Qiziltepa,false
QA-220017,QA-220,1710220,1710220006,203204473,Qishliq,Қишлиқ,Кишлик,Qishliq,false
QA-220018,QA-220,1710220,1710220007,203291519,Boburtepa,Бобуртепа,Бобуртепа,Boburtepa,false
QA-220019,QA-220,1710220,1710220008,207170475,Elobod,Елобод,Элобод,Elobod,false
QA-220020,QA-220,1710220,1710220020,201575781,To‘qboy,Тўқбой,Тукбой,Tóqboy,false
QA-220021,QA-220,1710220,1710220021,203291534,Berdoli,Бердоли,Бердоли,Berdoli,false
QA-220022,QA-220,1710220,1710220022,206935155,Boyburi,Бойбури,Бойбури,Boyburi,false
QA-220023,QA-220,1710220,0,,Jonbo‘zsoy,Жонбўзсой,Жонбўзсой,Jonbózsoy,true
QA-220024,QA-220,1710220,1710220038,203294291,Jonbo‘z,Жонбўз,Жонбуз,Jonbóz,false
QA-220025,QA-220,1710220,0,,Mehr,Меҳр,Меҳр,Mehr,true
QA-220026,QA-220,1710220,1710220050,201575759,Qamay,Қамай,Камай,Qamay,false
QA-220027,QA-220,1710220,1710220051,205111414,Oqguzar,Оқгузар,Окгузар,Oqguzar,false
QA-220028,QA-220,1710220,1710220052,207165433,Olmazor,Олмазор,Олмазор,Olmazor,false
QA-220029,QA-220,1710220,1710220053,201575742,Yortepa,Ёртепа,Ёртепа,Yortepa,false
QA-220030,QA-220,1710220,0,,Oynakul,Ойнакул,Ойнакул,Oynakul,true
QA-220031,QA-220,1710220,1710220023,201575734,Qorabog‘,Қорабоғ,Корабог,Qoraboǵ,false
QA-220032,QA-220,1710220,1710220024,203291558,Balandchayla,Баландчайла,Баландчайла,Balandchayla,false
QA-220033,QA-220,1710220,1710220025,203291541,Qovchin,Қовчин,Ковчин,Qovchin,false
QA-220034,QA-220,1710220,1710220009,201575727,Ravot,Равот,Равот,Ravot,false
QA-220035,QA-220,1710220,1710220010,203317324,Uzun,Узун,Узун,Uzun,false
QA-220036,QA-220,1710220,1710220011,203332648,Gulshan,Гулшан,Гулшан,Gulshan,false
QA-220037,QA-220,1710220,1710220012,206819955,Kaptarxona,Каптархона,Каптархона,Kaptarxona,false
QA-220038,QA-220,1710220,1710220047,201575774,Loyqasoy,Лойқасой,Лойкасой,Loyqasoy,false
QA-220039,QA-220,1710220,1710220048,203295686,Badaxshon,Бадахшон,Бадахшон,Badaxshon,false
QA-220040,QA-220,1710220,1710220034,201575798,Qoratepa,Қоратепа,Коратепа,Qoratepa,false
QA-220041,QA-220,1710220,1710220035,203295662,Mayda,Майда,Майда,Mayda,false
QA-220042,QA-220,1710220,1710220036,203295679,Azlartepa,Азлартепа,Азлартепа,Azlartepa,false
QA-220043,QA-220,1710220,0,,Kukbuloq,Кукбулоқ,Кукбулоқ,Kukbuloq,true
QA-220044,QA-220,1710220,1710220041,207205176,Kattaura,Каттаура,Катта Ура,Kattaura,false
QA-220045,QA-220,1710220,1710220058,203284351,Changak,Чангак,Чангак,Changak,false
QA-220046,QA-220,1710220,1710220027,203291526,Qizilqishloq,Қизилқишлоқ,Кизилкишлок,Qizilqishloq,false
QA-220047,QA-220,1710220,1710220042,206433281,O‘rtadara,Ўртадара,Уртадара,Órtadara,false
QA-220048,QA-220,1710220,1710220013,207236454,Chuqurqishloq,Чуқурқишлоқ,Чукуркишлок,Chuqurqishloq,false
QA-220049,QA-220,1710220,1710220059,207236447,Dovud,Довуд,Довуд,Dovud,false
QA-220050,QA-220,1710220,0,,Odoqjonbuz,Одоқжонбуз,Одоқжонбуз,Odoqjonbuz,true
QA-220051,QA-220,1710220,0,,Savsantepa,Савсантепа,Савсантепа,Savsantepa,true
QA-220052,QA-220,1710220,1710220015,305999374,Yuksalish,Юксалиш,Юксалиш,Yuksalish,false
QA-220053,QA-220,1710220,0,,Sarkach,Саркач,Саркач,Sarkach,true
QA-220054,QA-220,1710220,1710220043,306023679,Istiqbol,Истиқбол,Истикбол,Istiqbol,false
QA-220055,QA-220,1710220,1710220044,306024534,Bog‘obod,Боғобод,Богобод,Boǵobod,false
QA-220056,QA-220,1710220,1710220016,306172580,Bunyodkor,Бунёдкор,Бунёдкор,Bunyodkor,false
QA-220057,QA-220,1710220,1710220060,306173334,Qo‘ng‘irot,Қўнғирот,Кунгирот,Qónǵirot,false
QA-220058,QA-220,1710220,0,,Quyyangi,Қуйянги,Қуйянги,Quyyangi,true
QA-220059,QA-220,1710220,0,,Qoraquton,Қорақутон,Қорақутон,Qoraquton,true
QA-220060,QA-220,1710220,0,,Oqrabot,Оқработ,Оқработ,Oqrabot,true
QA-18120040,QA-220,1710220,1710220028,304977348,Odoqjonbo‘z,Одоқжонбўз,Одокжонбуз,Odoqjonbóz,false
QA-18120047,QA-220,1710220,1710220014,304985536,Tinchlik,Тинчлик,Тинчлик,Tinchlik,false
QA-18120049,QA-220,1710220,1710220003,207168279,Sarbazor,Сарбазор,Сарбазор,Sarbazor,false
QA-18120050,QA-220,1710220,1710220017,306174088,Sohibkor,Соҳибкор,Сохибкор,Sohibkor,false
QA-18120041,QA-220,1710220,1710220040,203312807,Oynakol,Ойнакўл,Ойнакол,Oynakol,false
QA-18120032,QA-220,1710220,1710220002,203370300,Qushkapa,Қушкапа,Кушкапа,Qushkapa,false
QA-18120037,QA-220,1710220,1710220045,207205714,Navoiy,Навоий,Навоий,Navoiy,false
QA-18120015,QA-220,1710220,1710220037,201575766,Guliston,Гулистон,Гулистон,Guliston,false
QA-18120030,QA-220,1710220,1710220026,201575710,Ko‘kbuloq,Кўкбулоқ,Кукбулок,Kókbuloq,false
QA-18120029,QA-220,1710220,1710220029,306173650,Quyi yangi,Қуйи янги,Куйи янги,Quyi yangi,false
QA-18120038,QA-220,1710220,1710220049,306017470,Nurli yo‘l,Нурли йўл,Нурли йул,Nurli yól,false
QA-224001,QA-224,1710224,1710224001,203110623,Potron,Потрон,Потрон,Potron,false
QA-224002,QA-224,1710224,1710224002,207160511,Paxtakor,Пахтакор,Пахтакор,Paxtakor,false
QA-224003,QA-224,1710224,1710224003,205259554,Kaxlak,Кахлак,Кахлак,Kaxlak,false
QA-224004,QA-224,1710224,1710224004,205236456,Kuyi beshkent,Куйи бешкент,Куйи Бешкент,Kuyi beshkent,false
QA-224005,QA-224,1710224,1710224005,200688863,Kovchin,Ковчин,Ковчин,Kovchin,false
QA-224006,QA-224,1710224,1710224006,203087335,Shirkent,Ширкент,Ширкент,Shirkent,false
QA-224007,QA-224,1710224,0,,Yangi xayot,Янги хаёт,Янги хаёт,Yangi xayot,true
QA-224008,QA-224,1710224,1710224008,205120997,Omontepa,Омонтепа,Омонтепа,Omontepa,false
QA-224009,QA-224,1710224,1710224009,203777884,Yertepa,Ертепа,Ертепа,Yertepa,false
QA-224010,QA-224,1710224,1710224010,200688927,G‘ubdin,Ғубдин,Губдин,Ǵubdin,false
QA-224011,QA-224,1710224,1710224011,305041182,Shoyxuja,Шойхужа,Шойхужа,Shoyxuja,false
QA-224012,QA-224,1710224,1710224012,203110608,Kuchkak,Кучкак,Кучкак,Kuchkak,false
QA-224013,QA-224,1710224,1710224013,203093843,Uzumzor,Узумзор,Узумзор,Uzumzor,false
QA-224014,QA-224,1710224,1710224014,203134743,Mirmiron,Мирмирон,Мирмирон,Mirmiron,false
QA-224015,QA-224,1710224,1710224016,203110615,Guliston,Гулистон,Гулистон,Guliston,false
QA-224016,QA-224,1710224,1710224017,206931644,Tinchlik,Тинчлик,Тинчлик,Tinchlik,false
QA-224017,QA-224,1710224,1710224018,200688966,Bodomzor,Бодомзор,Бодомзор,Bodomzor,false
QA-224018,QA-224,1710224,1710224019,200688981,Rovot,Ровот,Ровот,Rovot,false
QA-224019,QA-224,1710224,1710224020,200688934,Navruz,Навруз,Навруз,Navruz,false
QA-224020,QA-224,1710224,1710224021,200688942,Navbaxor,Навбахор,Навбахор,Navbaxor,false
QA-224021,QA-224,1710224,0,,Do‘stlik,Дўстлик,Дўстлик,Dóstlik,true
QA-224022,QA-224,1710224,1710224023,200688959,Bunyodkor,Бунёдкор,Бунедкор,Bunyodkor,false
QA-224023,QA-224,1710224,0,,Navoiy,Навоий,Навоий,Navoiy,true
QA-224024,QA-224,1710224,1710224025,200688776,Tallikuron,Талликурон,Талликурон,Tallikuron,false
QA-224025,QA-224,1710224,1710224026,203107696,Shodlik,Шодлик,Шодлик,Shodlik,false
QA-224026,QA-224,1710224,0,,Qaraquchchi,Қарақуччи,Қарақуччи,Qaraquchchi,true
QA-224027,QA-224,1710224,1710224028,203003605,Lagandi,Лаганди,Лаганди,Lagandi,false
QA-224028,QA-224,1710224,1710224029,203117462,Kojor,Кожор,Кожор,Kojor,false
QA-224029,QA-224,1710224,0,,O‘z.musatakilik,Ўз.мусатакилик,Ўз.мусатакилик,Óz.musatakilik,true
QA-224030,QA-224,1710224,1710224031,204100714,Mevazor,Мевазор,Мевазор,Mevazor,false
QA-224031,QA-224,1710224,1710224032,203531606,Nukrabod,Нукрабод,Нукрабод,Nukrabod,false
QA-224032,QA-224,1710224,1710224033,203107704,Poshton,Поштон,Поштон,Poshton,false
QA-224033,QA-224,1710224,1710224034,205982258,Batosh,Батош,Батош,Batosh,false
QA-224034,QA-224,1710224,1710224036,200688508,Dasht,Дашт,Дашт,Dasht,false
QA-224035,QA-224,1710224,0,,Xonyon,Хонён,Хонён,Xonyon,true
QA-224036,QA-224,1710224,0,,Jumabozor,Жумабозор,Жумабозор,Jumabozor,true
QA-224037,QA-224,1710224,1710224040,203093828,Istiqlol,Истиқлол,Истиклол,Istiqlol,false
QA-224038,QA-224,1710224,1710224041,200688490,Koratepa,Коратепа,Коратепа,Koratepa,false
QA-224039,QA-224,1710224,0,,Fayzobod,Файзобод,Файзобод,Fayzobod,true
QA-224040,QA-224,1710224,0,,Mustakillik,Мустакиллик,Мустакиллик,Mustakillik,true
QA-224041,QA-224,1710224,1710224044,203101214,Saroy,Сарой,Сарой,Saroy,false
QA-224042,QA-224,1710224,1710224045,207031877,Mang‘it,Манғит,Мангит,Manǵit,false
QA-224043,QA-224,1710224,0,,Chulibuston,Чулибустон,Чулибустон,Chulibuston,true
QA-224044,QA-224,1710224,0,,Charagil,Чарагил,Чарагил,Charagil,true
QA-224045,QA-224,1710224,1710224048,200688894,Kat,Кат,Кат,Kat,false
QA-224046,QA-224,1710224,1710224049,205309847,Taxtapul,Тахтапул,Тахтапул,Taxtapul,false
QA-224047,QA-224,1710224,1710224050,203521301,Paxtazor,Пахтазор,Пахтазор,Paxtazor,false
QA-224048,QA-224,1710224,1710224051,200688824,Chaman,Чаман,Чаман,Chaman,false
QA-224049,QA-224,1710224,1710224052,203047186,Xonobod,Хонобод,Хонобод,Xonobod,false
QA-224050,QA-224,1710224,1710224054,200688816,Xilol,Хилол,Хилол,Xilol,false
QA-224051,QA-224,1710224,1710224055,203081724,Kerayit,Керайит,Керайит,Kerayit,false
QA-224052,QA-224,1710224,1710224056,200689054,Bog‘obod,Боғобод,Богобод,Boǵobod,false
QA-224053,QA-224,1710224,1710224058,306769991,Parvoz,Парвоз,Парвоз,Parvoz,false
QA-18130040,QA-224,1710224,1710224037,306899404,Taraqqiyot,Тараққиёт,Тараккиет,Taraqqiyot,false
QA-18130007,QA-224,1710224,1710224015,306892549,Gulshan,Гулшан,Гулшан,Gulshan,false
QA-18130051,QA-224,1710224,1710224046,203526895,Cho‘lbo‘ston,Чўлбўстон,Чулбустон,Chólbóston,false
QA-18130047,QA-224,1710224,1710224038,205228497,Xoniyon,Хониён,Хонийон,Xoniyon,false
QA-18130057,QA-224,1710224,1710224053,306917965,Yangi xonobod,Янги хонобод,Янги Xонобод,Yangi xonobod,false
QA-18130050,QA-224,1710224,1710224047,201286611,Charog‘il,Чароғил,Чарогил,Charoǵil,false
QA-18130043,QA-224,1710224,1710224030,200688910,O‘zbekiston mustaqilligi,Ўзбекистон мустақиллиги,Узбекистон мустакиллиги,Ózbekiston mustaqilligi,false
QA-18130055,QA-224,1710224,1710224057,306934881,Yangi bog‘obod,Янги боғобод,Янги Богобод,Yangi boǵobod,false
QA-18130009,QA-224,1710224,1710224022,200688974,Xitoykenti,Хитойкенти,Хитойкенти,Xitoykenti,false
QA-18130028,QA-224,1710224,1710224024,200689015,A.navoiy,А.навоий,А.Навои,A.navoiy,false
QA-18130018,QA-224,1710224,1710224027,200688784,Qoraquchchi,Қорақуччи,Коракуччи,Qoraquchchi,false
QA-18130045,QA-224,1710224,1710224042,203097196,Fayzabod,Файзабод,Файзабод,Fayzabod,false
QA-229001,QA-229,1710229,1710229022,206955455,Quyi obron,Қуйи оброн,Куйи Оброн,Quyi obron,false
QA-229002,QA-229,1710229,1710229068,201785932,Yuqori obron,Юқори оброн,Юкори Оброн,Yuqori obron,false
QA-229003,QA-229,1710229,1710229028,207167343,Mash‘al,Машъал,Машъал,Mash‘al,false
QA-229004,QA-229,1710229,0,,Halima,Ҳалима,Ҳалима,Halima,true
QA-229005,QA-229,1710229,1710229063,204792029,Shirintepa,Ширинтепа,Ширинтепа,Shirintepa,false
QA-229006,QA-229,1710229,1710229059,206830667,Xalqobod,Халқобод,Халкобод,Xalqobod,false
QA-229007,QA-229,1710229,1710229029,202880119,Mesit,Месит,Месит,Mesit,false
QA-229008,QA-229,1710229,1710229021,201614985,Koson,Косон,Косон,Koson,false
QA-229009,QA-229,1710229,1710229011,202859237,Gulbog‘,Гулбоғ,Гулбог,Gulboǵ,false
QA-229010,QA-229,1710229,1710229064,202859309,Esaboy,Есабой,Есабой,Esaboy,false
QA-229011,QA-229,1710229,1710229054,202875684,O‘rta obron,Ўрта оброн,Урта Оброн,Órta obron,false
QA-229012,QA-229,1710229,1710229007,205426274,Boygundi,Бойгунди,Бойгунди,Boygundi,false
QA-229013,QA-229,1710229,1710229037,202859348,Nartichuqur,Нартичуқур,Нартичукур,Nartichuqur,false
QA-229014,QA-229,1710229,1710229003,202861877,Arabxona,Арабхона,Арабхона,Arabxona,false
QA-229015,QA-229,1710229,1710229036,202839198,Nartibaland,Нартибаланд,Нартибаланд,Nartibaland,false
QA-229016,QA-229,1710229,1710229009,206842027,Bunyodkor,Бунёдкор,Бунёдкор,Bunyodkor,false
QA-229017,QA-229,1710229,1710229039,205451332,Nihol,Ниҳол,Нихол,Nihol,false
QA-229018,QA-229,1710229,1710229067,201614946,Yuksalish,Юксалиш,Юксалиш,Yuksalish,false
QA-229019,QA-229,1710229,0,,Beshko‘tan,Бешкўтан,Бешкўтан,Beshkótan,true
QA-229020,QA-229,1710229,1710229044,204618186,Pudina,Пудина,Пудина,Pudina,false
QA-229021,QA-229,1710229,1710229055,204783134,Ushoqtepa,Ушоқтепа,Ушоктепа,Ushoqtepa,false
QA-229022,QA-229,1710229,1710229040,206951477,Nurafshon,Нурафшон,Нурафшон,Nurafshon,false
QA-229023,QA-229,1710229,1710229033,206997277,Mustaqillik,Мустақиллик,Мустакиллик,Mustaqillik,false
QA-229024,QA-229,1710229,1710229056,303262850,Farovon,Фаровон,Фаровон,Farovon,false
QA-229025,QA-229,1710229,1710229052,207120766,Toshko‘prik,Тошкўприк,Тошкуприк,Toshkóprik,false
QA-229026,QA-229,1710229,1710229017,305220158,Zamin,Замин,Замин,Zamin,false
QA-229027,QA-229,1710229,1710229043,202861924,Pistali,Пистали,Пистали,Pistali,false
QA-229028,QA-229,1710229,1710229012,202861917,Guliston,Гулистон,Гулистон,Guliston,false
QA-229029,QA-229,1710229,1710229019,201614939,Istiqlol,Истиқлол,Истиклол,Istiqlol,false
QA-229030,QA-229,1710229,1710229013,201614954,Gulobod,Гулобод,Гувалак,Gulobod,false
QA-229031,QA-229,1710229,1710229001,205381697,Ayronchi,Айрончи,Айрончи,Ayronchi,false
QA-229032,QA-229,1710229,1710229031,202867869,Mudin,Мудин,Мудин,Mudin,false
QA-229033,QA-229,1710229,0,,Qorabayr,Қорабайр,Қорабайр,Qorabayr,true
QA-229034,QA-229,1710229,1710229035,204122204,Navro‘z,Наврўз,Навруз,Navróz,false
QA-229035,QA-229,1710229,1710229065,202861860,Etak,Етак,Этак,Etak,false
QA-229036,QA-229,1710229,1710229032,202859244,Mo‘lali,Мўлали,Мулали,Mólali,false
QA-229037,QA-229,1710229,1710229057,203705474,Xo‘jaquduq,Хўжақудуқ,Хужакудук,Xójaquduq,false
QA-229038,QA-229,1710229,0,,Navbahor,Навбаҳор,Навбаҳор,Navbahor,true
QA-229039,QA-229,1710229,1710229041,202839238,Obod,Обод,Обод,Obod,false
QA-229040,QA-229,1710229,1710229002,201614978,Alachabob,Алачабоб,Алачабоб,Alachabob,false
QA-229041,QA-229,1710229,1710229042,202839206,Paxtazor,Пахтазор,Пахтазор,Paxtazor,false
QA-229042,QA-229,1710229,1710229004,202859276,Aralik,Аралик,Аралик,Aralik,false
QA-229043,QA-229,1710229,1710229026,202839166,Lolazor,Лолазор,Лолазор,Lolazor,false
QA-229044,QA-229,1710229,1710229051,201614993,Tinchlik,Тинчлик,Тинчлик,Tinchlik,false
QA-229045,QA-229,1710229,1710229027,202867909,Maydayobu,Майдаёбу,Майдаёбу,Maydayobu,false
QA-229046,QA-229,1710229,1710229069,202839253,Yakkasaroy,Яккасарой,Яккасарой,Yakkasaroy,false
QA-229047,QA-229,1710229,1710229060,202901952,Chiroqchi,Чироқчи,Чирокчи,Chiroqchi,false
QA-229048,QA-229,1710229,1710229049,203642451,Surxon,Сурхон,Сурхон,Surxon,false
QA-229049,QA-229,1710229,0,,Rahimsufi,Раҳимсуфи,Раҳимсуфи,Rahimsufi,true
QA-229050,QA-229,1710229,1710229053,206997284,Uyrot,Уйрот,Уйрот,Uyrot,false
QA-229051,QA-229,1710229,1710229048,202839181,Saripul,Сарипул,Сарипул,Saripul,false
QA-229052,QA-229,1710229,1710229015,202839174,Do‘stlik,Дўстлик,Дустлик,Dóstlik,false
QA-229053,QA-229,1710229,1710229018,205109028,Istiqbol,Истиқбол,Истикбол,Istiqbol,false
QA-229054,QA-229,1710229,1710229062,205376765,Sherbek,Шербек,Шербек,Sherbek,false
QA-229055,QA-229,1710229,1710229010,206828184,Gala,Гала,Гала,Gala,false
QA-229056,QA-229,1710229,1710229016,202859331,Jizzalik,Жиззалик,Жиззалик,Jizzalik,false
QA-229057,QA-229,1710229,1710229024,202859324,Quybog‘,Қуйбоғ,Куйбог,Quyboǵ,false
QA-229058,QA-229,1710229,1710229006,305222463,Bog‘ishamol,Боғишамол,Богишамол,Boǵishamol,false
QA-229059,QA-229,1710229,1710229014,202859291,Darcha,Дарча,Дарча,Darcha,false
QA-229060,QA-229,1710229,1710229008,202870921,Boyterak,Бойтерак,Бойтерак,Boyterak,false
QA-229061,QA-229,1710229,1710229047,202839214,Regzor,Регзор,Регзор,Regzor,false
QA-229062,QA-229,1710229,1710229070,202861884,Yangiobod,Янгиобод,Янгиобод,Yangiobod,false
QA-229063,QA-229,1710229,1710229030,202839159,Mugjagul,Мугжагул,Мугжагул,Mugjagul,false
QA-229064,QA-229,1710229,1710229025,201614961,Qo‘ng‘irtog‘,Қўнғиртоғ,Кунгиртог,Qónǵirtoǵ,false
QA-229065,QA-229,1710229,1710229038,202859316,Nekuz,Некуз,Некуз,Nekuz,false
QA-229066,QA-229,1710229,1710229020,204779439,Qozoqli,Қозоқли,Козокли,Qozoqli,false
QA-229067,QA-229,1710229,1710229045,202839221,Ravot,Равот,Равот,Ravot,false
QA-229068,QA-229,1710229,1710229061,306085167,Chorbog‘,Чорбоғ,Чорбог,Chorboǵ,false
QA-18050005,QA-229,1710229,1710229005,202859252,Beshqo‘ton,Бешқўтон,Бешкутон,Beshqóton,false
QA-18050071,QA-229,1710229,1710229075,309118422,Yuqori maydayobu,Юқори майдаёбу,Юкори Майдаёбу,Yuqori maydayobu,false
QA-18050072,QA-229,1710229,1710229073,309117344,Birdamlik,Бирдамлик,Бирдамлик,Birdamlik,false
QA-18050066,QA-229,1710229,1710229066,207324930,Yuqori arabxona,Юқори арабхона,Юкори арабхона,Yuqori arabxona,false
QA-18050057,QA-229,1710229,1710229058,206998315,Xamkorlik,Ҳамкорлик,Хамкорлик,Xamkorlik,false
QA-18050046,QA-229,1710229,1710229046,206835200,Rahimso‘fi,Раҳимсўфи,Рахимсуфи,Rahimsófi,false
QA-18050050,QA-229,1710229,1710229050,207309694,Taraqqiyot,Тараққиёт,Тараккиёт,Taraqqiyot,false
QA-18050073,QA-229,1710229,1710229074,309122799,Navnihol,Навниҳол,Навнихол,Navnihol,false
QA-18050074,QA-229,1710229,1710229071,309124108,Shirinobod,Ширинобод,Ширинобод,Shirinobod,false
QA-18050021,QA-229,1710229,1710229023,203062422,Qorabayir,Қорабайир,Корабайир,Qorabayir,false
QA-18050075,QA-229,1710229,1710229072,309156566,Yuqori mudin,Юқори мудин,Юкори Мудин,Yuqori mudin,false
QA-232001,QA-232,1710232,1710232050,305037978,Alaquyliq,Алақуйлиқ,Алакуйлик,Alaquyliq,false
QA-232002,QA-232,1710232,1710232045,202677718,Ali kushchi,Али кушчи,Али кушчи,Ali kushchi,false
QA-232003,QA-232,1710232,0,,Anorzor,Анорзор,Анорзор,Anorzor,true
QA-232004,QA-232,1710232,1710232031,305037409,Bahor,Баҳор,Бахор,Bahor,false
QA-232005,QA-232,1710232,1710232043,202677908,Bashir,Башир,Башир,Bashir,false
QA-232006,QA-232,1710232,1710232048,202677844,Bektemir,Бектемир,Бектемир,Bektemir,false
QA-232007,QA-232,1710232,0,,Beshqazoq,Бешқазоқ,Бешқазоқ,Beshqazoq,true
QA-232008,QA-232,1710232,1710232002,202677883,Beshterak,Бештерак,Бештерак,Beshterak,false
QA-232009,QA-232,1710232,1710232007,305038382,Birlik,Бирлик,Бирлик,Birlik,false
QA-232010,QA-232,1710232,1710232058,202677804,Bog‘bon,Боғбон,Богбон,Boǵbon,false
QA-232011,QA-232,1710232,1710232042,305043164,Bog‘ibaland,Боғибаланд,Богибаланд,Boǵibaland,false
QA-232012,QA-232,1710232,1710232039,202677915,Bo‘ston,Бўстон,Бустон,Bóston,false
QA-232013,QA-232,1710232,1710232036,202677740,Varganza,Варганза,Варганза,Varganza,false
QA-232014,QA-232,1710232,1710232057,202678004,Guliston,Гулистон,Гулистон,Guliston,false
QA-232015,QA-232,1710232,1710232013,305040002,Denov,Денов,Денов,Denov,false
QA-232016,QA-232,1710232,1710232049,202677701,Jilisuv,Жилисув,Жилисув,Jilisuv,false
QA-232017,QA-232,1710232,1710232022,305087347,Zarafshon,Зарафшон,Зарафшон,Zarafshon,false
QA-232018,QA-232,1710232,1710232046,202677757,Iskana,Искана,Искана,Iskana,false
QA-232019,QA-232,1710232,1710232053,305038311,Istiqbol,Истиқбол,Истикбол,Istiqbol,false
QA-232020,QA-232,1710232,0,,Yo‘ldosh shaharcha,Йўлдош шаҳарча,Йўлдош шаҳарча,Yóldosh shaharcha,true
QA-232021,QA-232,1710232,1710232038,305040707,Katlos,Катлос,Катлос,Katlos,false
QA-232022,QA-232,1710232,0,,Kuhsor,Куҳсор,Куҳсор,Kuhsor,true
QA-232023,QA-232,1710232,1710232020,202677829,Qaynar,Қайнар,Кайнар,Qaynar,false
QA-232024,QA-232,1710232,1710232023,305103610,Qashqadaryo,Қашқадарё,Кашкадарё,Qashqadaryo,false
QA-232025,QA-232,1710232,1710232009,202677954,Qorabuloq,Қорабулоқ,Корабулок,Qorabuloq,false
QA-232026,QA-232,1710232,1710232005,305037090,Qo‘shdaryo,Қўшдарё,Кушдарё,Qóshdaryo,false
QA-232027,QA-232,1710232,1710232026,202677796,Makrid,Макрид,Макрид,Makrid,false
QA-232028,QA-232,1710232,1710232028,202677693,Mustaqillik,Мустақиллик,Мустакиллик,Mustaqillik,false
QA-232029,QA-232,1710232,1710232056,305038715,Navbaxor,Навбахор,Навбахор,Navbaxor,false
QA-232030,QA-232,1710232,1710232024,305070377,Navro‘z,Наврўз,Навруз,Navróz,false
QA-232031,QA-232,1710232,1710232004,305037503,Nurafshon,Нурафшон,Нурафшон,Nurafshon,false
QA-232032,QA-232,1710232,1710232035,202677733,Obikanda,Обиканда,Обиканда,Obikanda,false
QA-232033,QA-232,1710232,1710232014,305037614,Obod,Обод,Обод,Obod,false
QA-232034,QA-232,1710232,1710232021,202677962,Oyoqchi,Оёқчи,Оёкчи,Oyoqchi,false
QA-232035,QA-232,1710232,1710232017,305041870,Oqsuv,Оқсув,Ок сув,Oqsuv,false
QA-232036,QA-232,1710232,1710232033,207113924,Palandara,Паландара,Паландара,Palandara,false
QA-232037,QA-232,1710232,1710232008,202677979,Panji,Панжи,Панжи,Panji,false
QA-232038,QA-232,1710232,1710232018,305037075,Parchakent,Парчакент,Парчакент,Parchakent,false
QA-232039,QA-232,1710232,1710232001,202677789,Paxtaobod,Пахтаобод,Пахтаобод,Paxtaobod,false
QA-232040,QA-232,1710232,1710232025,202678011,Sanam,Санам,Санам,Sanam,false
QA-232041,QA-232,1710232,1710232003,202677947,Sariosiyo,Сариосиё,Сариосиё,Sariosiyo,false
QA-232042,QA-232,1710232,1710232034,202677812,Saroy,Сарой,Сарой,Saroy,false
QA-232043,QA-232,1710232,1710232015,202677923,Sevaz,Севаз,Севаз,Sevaz,false
QA-232044,QA-232,1710232,0,,Sohibkor,Соҳибкор,Соҳибкор,Sohibkor,true
QA-232045,QA-232,1710232,1710232011,202677678,Surum,Сурум,Сурум,Surum,false
QA-232046,QA-232,1710232,0,,Tevaboshi,Тевабоши,Тевабоши,Tevaboshi,true
QA-232047,QA-232,1710232,1710232012,202677930,Toshkent,Тошкент,Тошкент,Toshkent,false
QA-232048,QA-232,1710232,1710232047,202677986,Tupchoq,Тупчоқ,Тупчок,Tupchoq,false
QA-232049,QA-232,1710232,1710232054,202677868,Ulug‘bek,Улуғбек,Улугбек,Uluǵbek,false
QA-232050,QA-232,1710232,0,,Xalqlar dustligi,Халқлар дустлиги,Халқлар дустлиги,Xalqlar dustligi,true
QA-232051,QA-232,1710232,1710232016,305037194,Xujailmkoni,Хужаилмкони,Хужаилмкони,Xujailmkoni,false
QA-232052,QA-232,1710232,0,,Hoji,Ҳожи,Ҳожи,Hoji,true
QA-232053,QA-232,1710232,1710232032,202678028,Charmgar,Чармгар,Чармгар,Charmgar,false
QA-232054,QA-232,1710232,1710232027,202677772,Sharq yulduzi,Шарқ юлдузи,Шарк Юлдузи,Sharq yulduzi,false
QA-232055,QA-232,1710232,1710232052,202677851,Shurobsoy,Шуробсой,Шуробсой,Shurobsoy,false
QA-232056,QA-232,1710232,1710232019,202677661,Yakkatut,Яккатут,Яккатут,Yakkatut,false
QA-232057,QA-232,1710232,0,,Yangizamon,Янгизамон,Янгизамон,Yangizamon,true
QA-232058,QA-232,1710232,1710232044,202677994,Yangiobod,Янгиобод,Янгиобод,Yangiobod,false
QA-232059,QA-232,1710232,0,,Xamid olimjon,Хамид олимжон,Хамид олимжон,Xamid olimjon,true
QA-18040007,QA-232,1710232,1710232006,202677685,Beshariq,Бешариқ,Бешарик,Beshariq,false
QA-18040052,QA-232,1710232,1710232051,202677836,Xoji,Хожи,Хожи,Xoji,false
QA-18040024,QA-232,1710232,1710232041,207114210,Kuxsor,Кухсор,Кухсор,Kuxsor,false
QA-18040051,QA-232,1710232,1710232010,202677725,Xomid olimjon,Хомид олимжон,Хомид Олимжон,Xomid olimjon,false
QA-18040050,QA-232,1710232,1710232059,202677875,Xalq­lar do‘stligi,Халқлар дўстлиги,Халклар дустлиги,Xalq­lar dóstligi,false
QA-18040039,QA-232,1710232,1710232030,204642672,Samarqand,Самарқанд,Самарканд,Samarqand,false
QA-233001,QA-233,1710233,1710233017,202519739,Gulshanbog‘,Гулшанбоғ,Гулшанбог,Gulshanboǵ,false
QA-233002,QA-233,1710233,1710233021,200701854,Bo‘ston,Бўстон,Бустон,Bóston,false
QA-233003,QA-233,1710233,1710233027,201565589,Pomuq,Помуқ,Помук,Pomuq,false
QA-233004,QA-233,1710233,1710233001,203127940,Yangi mirishkor,Янги миришкор,Янги Миришкор,Yangi mirishkor,false
QA-233005,QA-233,1710233,1710233009,203256322,Yangi jeynov,Янги жейнов,Янги Жейнов,Yangi jeynov,false
QA-233006,QA-233,1710233,1710233011,206975597,Yangi ariq,Янги ариқ,Янгиарик,Yangi ariq,false
QA-233007,QA-233,1710233,1710233018,200701808,Navbaxor,Навбахор,Навбахор,Navbaxor,false
QA-233008,QA-233,1710233,0,,Qumbangi,Қумбанги,Қумбанги,Qumbangi,true
QA-233009,QA-233,1710233,1710233033,201565604,Chandir,Чандир,Чандир,Chandir,false
QA-233010,QA-233,1710233,1710233039,200701775,Guliston,Гулистон,Гулистон,Guliston,false
QA-233011,QA-233,1710233,1710233031,207001390,Gulobod,Гулобод,Гулобод,Gulobod,false
QA-233012,QA-233,1710233,1710233002,200701783,Mirishkor,Миришкор,Миришкор,Mirishkor,false
QA-233013,QA-233,1710233,1710233005,203139664,Obodon,Ободон,Ободон,Obodon,false
QA-233014,QA-233,1710233,0,,Mirabod,Мирабод,Мирабод,Mirabod,true
QA-233015,QA-233,1710233,1710233003,206175209,Okmachit,Окмачит,Окмачит,Okmachit,false
QA-233016,QA-233,1710233,0,,Uzbekiston,Узбекистон,Узбекистон,Uzbekiston,true
QA-233017,QA-233,1710233,1710233010,203121696,Avvona,Аввона,Аввона,Avvona,false
QA-233018,QA-233,1710233,1710233015,203121672,Ayzabod,Айзабод,Айзабод,Ayzabod,false
QA-233019,QA-233,1710233,0,,Kattapoy,Каттапой,Каттапой,Kattapoy,true
QA-233020,QA-233,1710233,1710233016,203093804,Zafar,Зафар,Зафар,Zafar,false
QA-233021,QA-233,1710233,0,,Obod kfy,Обод кфй,Обод кфй,Obod kfy,true
QA-233022,QA-233,1710233,1710233020,202504361,Yangiobod,Янгиобод,Янгиобод,Yangiobod,false
QA-233023,QA-233,1710233,1710233022,201565596,Chamanzor,Чаманзор,Чаманзор,Chamanzor,false
QA-233024,QA-233,1710233,1710233028,202673224,Baxoriston,Бахористон,Бахористон,Baxoriston,false
QA-233025,QA-233,1710233,1710233030,204815764,Barxayot,Бархаёт,Бархаёт,Barxayot,false
QA-233026,QA-233,1710233,1710233032,206058946,Yangikishlok,Янгикишлок,Янги кишлок,Yangikishlok,false
QA-233027,QA-233,1710233,0,,Malla,Малла,Малла,Malla,true
QA-233028,QA-233,1710233,0,,Guliston,Гулистон,Гулистон,Guliston,true
QA-233029,QA-233,1710233,1710233023,204793913,Shirin,Ширин,Ширин,Shirin,false
QA-233030,QA-233,1710233,1710233025,206987147,Oltin boshok,Олтин бошок,Олтин бошок,Oltin boshok,false
QA-233031,QA-233,1710233,1710233038,203103630,Shodlik,Шодлик,Шодлик,Shodlik,false
QA-233032,QA-233,1710233,1710233036,204885386,Yangi xayot,Янги хаёт,Янги хаёт,Yangi xayot,false
QA-233033,QA-233,1710233,1710233035,205598354,Istiqlol,Истиқлол,Истиклол,Istiqlol,false
QA-233034,QA-233,1710233,1710233034,205832585,Madaniyat,Маданият,Маданият,Madaniyat,false
QA-233035,QA-233,1710233,1710233040,200701823,Vori,Вори,Вори,Vori,false
QA-18010016,QA-233,1710233,1710233024,308510411,Qurama,Қурама,Курама,Qurama,false
QA-18010027,QA-233,1710233,1710233004,206175216,O‘zbekiston,Ўзбекистон,Узбекистан,Ózbekiston,false
QA-18010040,QA-233,1710233,1710233037,309087580,Yuksalish,Юксалиш,Юксалиш,Yuksalish,false
QA-18010019,QA-233,1710233,1710233007,203121664,Mirobod,Миробод,Миробод,Mirobod,false
QA-18010039,QA-233,1710233,1710233013,309087842,Navro‘z,Наврўз,Навруз,Navróz,false
QA-18010026,QA-233,1710233,1710233029,206164166,Tinchlik,Тинчлик,Тинчлик,Tinchlik,false
QA-18010038,QA-233,1710233,1710233012,309087866,Baraka,Барака,Барака,Baraka,false
QA-18010012,QA-233,1710233,1710233008,205332400,Jeynov,Жейнов,Жейнов,Jeynov,false
QA-18010008,QA-233,1710233,1710233026,203120911,Do‘stlik,Дўстлик,Дустлик,Dóstlik,false
QA-18010015,QA-233,1710233,1710233006,203121657,Nurafshon,Нурафшон,Нурафшон,Nurafshon,false
QA-18010021,QA-233,1710233,1710233019,200701815,Obod,Обод,Обод,Obod,false
QA-18010003,QA-233,1710233,1710233014,308510522,Baluj,Балуж,Балуж,Baluj,false
QA-234001,QA-234,1710234,1710234001,202675499,Alisher navoiy,Алишер навоий,Алишер Навоий,Alisher navoiy,false
QA-234002,QA-234,1710234,1710234002,202675482,Bobur,Бобур,Бобур,Bobur,false
QA-234003,QA-234,1710234,1710234003,202675450,Geolog,Геолог,Геолог,Geolog,false
QA-234004,QA-234,1710234,1710234004,202446126,Muborak,Муборак,Муборак,Muborak,false
QA-234005,QA-234,1710234,1710234006,202675507,Sardoba,Сардоба,Сардоба,Sardoba,false
QA-234006,QA-234,1710234,0,,O‘zbekiston,Ўзбекистон,Ўзбекистон,Ózbekiston,true
QA-234007,QA-234,1710234,1710234007,206566156,Amir temur,Амир темур,Амир Темур,Amir temur,false
QA-234008,QA-234,1710234,1710234008,305256943,Barkamol avlod,Баркамол авлод,Баркамол авлод,Barkamol avlod,false
QA-234009,QA-234,1710234,1710234009,202675435,Do‘stlik,Дўстлик,Дустлик,Dóstlik,false
QA-234010,QA-234,1710234,1710234010,202675474,Konchilar,Кончилар,Кончилар,Konchilar,false
QA-234011,QA-234,1710234,1710234011,202431651,Qarliq,Қарлиқ,Карлик,Qarliq,false
QA-234012,QA-234,1710234,1710234012,204380636,Paxtakor,Пахтакор,Пахтакор,Paxtakor,false
QA-234013,QA-234,1710234,1710234013,202675443,Yoshlik,Ёшлик,Ёшлик,Yoshlik,false
QA-234014,QA-234,1710234,1710234014,204788919,Qoraqum,Қорақум,Коракум,Qoraqum,false
QA-234015,QA-234,1710234,1710234015,202675411,Quruvchilar,Қурувчилар,Курувчилар,Quruvchilar,false
QA-234016,QA-234,1710234,1710234016,206606216,Obod turmush,Обод турмуш,Обод турмуш,Obod turmush,false
QA-234017,QA-234,1710234,1710234017,201571179,Sariq,Сариқ,Сарик,Sariq,false
QA-234018,QA-234,1710234,0,,Xitoy,Хитой,Хитой,Xitoy,true
QA-234019,QA-234,1710234,1710234020,305060104,Buston,Бустон,Бустон,Buston,false
QA-234020,QA-234,1710234,1710234021,305253679,Istiqlol,Истиқлол,Истиклол,Istiqlol,false
QA-234021,QA-234,1710234,0,,Ko‘xnashahar,Кўхнашаҳар,Кўхнашаҳар,Kóxnashahar,true
QA-234022,QA-234,1710234,1710234023,202675428,Mash‘al,Машъал,Машьал,Mash‘al,false
QA-234023,QA-234,1710234,1710234024,202675467,Tong,Тонг,Тонг,Tong,false
QA-234024,QA-234,1710234,1710234025,203544430,Yangi obod,Янги обод,Янгиобод,Yangi obod,false
QA-234025,QA-234,1710234,0,,Yashnaobod,Яшнаобод,Яшнаобод,Yashnaobod,true
QA-18060014,QA-234,1710234,1710234022,206971057,Ko‘xnashaxar,Кўхнашахар,Кухнашахар,Kóxnashaxar,false
QA-18060025,QA-234,1710234,1710234019,201571194,Yashnobod,Яшнобод,Яшнобод,Yashnobod,false
QA-235001,QA-235,1710235,1710235001,202807926,Baynalminal,Байналминал,Байналминал,Baynalminal,false
QA-235002,QA-235,1710235,0,,Ulug‘bek,Улуғбек,Улуғбек,Uluǵbek,true
QA-235003,QA-235,1710235,1710235004,202807823,Kaptarli,Каптарли,Каптарли,Kaptarli,false
QA-235004,QA-235,1710235,1710235007,201284274,Oydin,Ойдин,Ойдин,Oydin,false
QA-235005,QA-235,1710235,1710235002,201286754,Balxiyak,Балхияк,Балхияк,Balxiyak,false
QA-235006,QA-235,1710235,1710235013,306099655,Katta anxor,Катта анхор,Катта анхор,Katta anxor,false
QA-235007,QA-235,1710235,1710235005,203942506,Qirqquloch,Қирққулоч,Кирккулоч,Qirqquloch,false
QA-235008,QA-235,1710235,1710235008,202807830,Paxtaobod,Пахтаобод,Пахтаобод,Paxtaobod,false
QA-235009,QA-235,1710235,1710235012,305562319,Jalajin,Жалажин,Жалажин,Jalajin,false
QA-235010,QA-235,1710235,1710235006,201286564,Nishon,Нишон,Нишон,Nishon,false
QA-235011,QA-235,1710235,1710235014,306176274,Yoshlar diyori,Ёшлар диёри,Ёшлар диёри,Yoshlar diyori,false
QA-235012,QA-235,1710235,1710235003,207206372,Gulzor,Гулзор,Гулзор,Gulzor,false
QA-235013,QA-235,1710235,1710235010,201286595,Oq oltin,Оқ олтин,Ок олтин,Oq oltin,false
QA-235014,QA-235,1710235,1710235011,305034167,Orzu bo‘stoni,Орзу бўстони,Орзу бустони,Orzu bóstoni,false
QA-235015,QA-235,1710235,1710235021,201286628,Paxtazor,Пахтазор,Пахтазор,Paxtazor,false
QA-235016,QA-235,1710235,1710235017,306111276,Janub mash‘ali,Жануб машъали,Жануб машъали,Janub mash‘ali,false
QA-235017,QA-235,1710235,1710235022,202807919,Samarqand,Самарқанд,Самарканд,Samarqand,false
QA-235018,QA-235,1710235,1710235016,305564229,Ko‘ksoy,Кўксой,Куксой,Kóksoy,false
QA-235019,QA-235,1710235,1710235015,202807879,Guliston,Гулистон,Гулистон,Guliston,false
QA-235020,QA-235,1710235,1710235019,201284930,Nuriston,Нуристон,Нуристон,Nuriston,false
QA-235021,QA-235,1710235,1710235018,207106039,Kimyogar,Кимёгар,Кимёгар,Kimyogar,false
QA-235022,QA-235,1710235,1710235020,207106093,Nurchi,Нурчи,Нурчи,Nurchi,false
QA-235023,QA-235,1710235,1710235030,201718095,Shirinobod,Ширинобод,Ширинобод,Shirinobod,false
QA-235024,QA-235,1710235,1710235031,202807941,Yangiobod,Янгиобод,Янгиобод,Yangiobod,false
QA-235025,QA-235,1710235,0,,A.Qodiriy,А.қодирий,А.қодирий,A.Qodiriy,true
QA-235026,QA-235,1710235,1710235026,202807847,Do‘stlik,Дўстлик,Дустлик,Dóstlik,false
QA-235027,QA-235,1710235,0,,Obi hayot,Оби ҳаёт,Оби ҳаёт,Obi hayot,true
QA-235028,QA-235,1710235,0,,Tinchlik,Тинчлик,Тинчлик,Tinchlik,true
QA-235029,QA-235,1710235,1710235024,202807894,Obod,Обод,Обод,Obod,false
QA-235030,QA-235,1710235,1710235027,202807886,Istiqbol,Истиқбол,Истикбол,Istiqbol,false
QA-235031,QA-235,1710235,1710235029,207106046,Ibn sino,Ибн сино,Ибн Сино,Ibn sino,false
QA-235032,QA-235,1710235,1710235036,202807862,Yuksalish,Юксалиш,Юксалиш,Yuksalish,false
QA-235033,QA-235,1710235,1710235034,201286524,Navro‘z,Наврўз,Навруз,Navróz,false
QA-235034,QA-235,1710235,1710235032,305549048,Umr bunyodkori,Умр бунёдкори,Умр бунёдкори,Umr bunyodkori,false
QA-235035,QA-235,1710235,1710235035,202807815,Paxtakor,Пахтакор,Пахтакор,Paxtakor,false
QA-235036,QA-235,1710235,1710235033,202807902,Navbahor,Навбаҳор,Навбахор,Navbahor,false
QA-18070001,QA-235,1710235,1710235028,202807808,Abdulla qodiriy,Абдулла қодирий,Абдулла Кодирий,Abdulla qodiriy,false
QA-18070038,QA-235,1710235,1710235038,310654146,Yangi nurchi,Янги нурчи,Янги нурчи,Yangi nurchi,false
QA-18070040,QA-235,1710235,1710235040,310642407,Bog‘ishamol,Боғишамол,Богишамол,Boǵishamol,false
QA-18070037,QA-235,1710235,1710235037,310633077,Chaman,Чаман,Чаман,Chaman,false
QA-18070039,QA-235,1710235,1710235039,310653868,Bo‘ston,Бўстон,Бустон,Bóston,false
QA-237001,QA-237,1710237,1710237001,201803323,Yuksalish,Юксалиш,Юксалиш,Yuksalish,false
QA-237002,QA-237,1710237,1710237002,207167944,Xo‘jaxayron,Хўжахайрон,Хужахайрон,Xójaxayron,false
QA-237003,QA-237,1710237,1710237003,205809779,Obod yurt,Обод юрт,Обод Юрт,Obod yurt,false
QA-237004,QA-237,1710237,1710237004,202368603,Kasbi,Касби,Касби,Kasbi,false
QA-237005,QA-237,1710237,1710237005,206834337,Jizza,Жизза,Жизза,Jizza,false
QA-237006,QA-237,1710237,1710237006,201803362,G‘alaba,Ғалаба,Галаба,Ǵalaba,false
QA-237007,QA-237,1710237,1710237007,202339622,Xujakarlik,Хужакарлик,Хужакарлик,Xujakarlik,false
QA-237008,QA-237,1710237,1710237008,201803290,Denov,Денов,Денов,Denov,false
QA-237009,QA-237,1710237,0,,Bog‘arik,Боғарик,Боғарик,Boǵarik,true
QA-237010,QA-237,1710237,1710237010,202961641,Oqtepa,Оқтепа,Октепа,Oqtepa,false
QA-237011,QA-237,1710237,1710237011,202360203,Pandiron,Пандирон,Пандирон,Pandiron,false
QA-237012,QA-237,1710237,0,,Talliyulgin,Таллиюлгин,Таллиюлгин,Talliyulgin,true
QA-237013,QA-237,1710237,1710237013,202360194,Oqqamish,Оққамиш,Оккамиш,Oqqamish,false
QA-237014,QA-237,1710237,1710237014,205846195,Oqjangal,Оқжангал,Окжангал,Oqjangal,false
QA-237015,QA-237,1710237,0,,Qatagan,Қатаган,Қатаган,Qatagan,true
QA-237016,QA-237,1710237,0,,Soxibkor,Сохибкор,Сохибкор,Soxibkor,true
QA-237017,QA-237,1710237,1710237017,207088971,Istiqlol,Истиқлол,Истиклол,Istiqlol,false
QA-237018,QA-237,1710237,1710237018,202368610,Maymanoq,Майманоқ,Майманок,Maymanoq,false
QA-237019,QA-237,1710237,1710237020,201803251,Komilon,Комилон,Комилон,Komilon,false
QA-237020,QA-237,1710237,1710237021,202360210,Mesit,Месит,Месит,Mesit,false
QA-237021,QA-237,1710237,0,,Qungirot,Қунгирот,Қунгирот,Qungirot,true
QA-237022,QA-237,1710237,0,,Qorakung‘irot,Қоракунғирот,Қоракунғирот,Qorakunǵirot,true
QA-237023,QA-237,1710237,1710237024,202388903,Mirzo ulugbek,Мирзо улугбек,Мирзо Улугбек,Mirzo ulugbek,false
QA-237024,QA-237,1710237,1710237025,305464036,Obod neko‘z,Обод некўз,Обод некуз,Obod nekóz,false
QA-237025,QA-237,1710237,1710237026,202352330,Shakarjuy,Шакаржуй,Шакаржуй,Shakarjuy,false
QA-237026,QA-237,1710237,1710237027,202352354,Xujakasbi,Хужакасби,Хужа касби,Xujakasbi,false
QA-237027,QA-237,1710237,1710237028,201803315,Mug‘lon,Муғлон,Муглон,Muǵlon,false
QA-237028,QA-237,1710237,1710237029,201803354,Paxtakor,Пахтакор,Пахтакор,Paxtakor,false
QA-237029,QA-237,1710237,1710237030,206844094,Fazli,Фазли,Фазли,Fazli,false
QA-237030,QA-237,1710237,0,,Jarkucha,Жаркуча,Жаркуча,Jarkucha,true
QA-237031,QA-237,1710237,1710237032,202339614,Nazartepa,Назартепа,Назартепа,Nazartepa,false
QA-237032,QA-237,1710237,1710237033,200701790,Chulkuvar,Чулкувар,Чулкувар,Chulkuvar,false
QA-237033,QA-237,1710237,1710237034,202352347,Talishbe,Талишбе,Талишбе,Talishbe,false
QA-237034,QA-237,1710237,1710237035,201803308,Qamashi,Қамаши,Камаши,Qamashi,false
QA-237035,QA-237,1710237,1710237036,205856895,Xujaki,Хужаки,Хужаки,Xujaki,false
QA-237036,QA-237,1710237,0,,Mushqkoqi,Мушқкоқи,Мушқкоқи,Mushqkoqi,true
QA-237037,QA-237,1710237,1710237038,202396799,Nurobod,Нуробод,Нуробод,Nurobod,false
QA-237038,QA-237,1710237,1710237039,202368627,Mustaqilobod,Мустақилобод,Мустакилобод,Mustaqilobod,false
QA-237039,QA-237,1710237,0,,Tinchlik,Тинчлик,Тинчлик,Tinchlik,true
QA-237040,QA-237,1710237,1710237041,202352315,Qoratepa,Қоратепа,Коратепа,Qoratepa,false
QA-237041,QA-237,1710237,1710237042,205856904,Dustlik,Дустлик,Дустлик,Dustlik,false
QA-18030012,QA-237,1710237,1710237023,201803330,Qoraqong‘irot,Қорақонғирот,Кораконгирот,Qoraqonǵirot,false
QA-18030010,QA-237,1710237,1710237015,201803347,Qatag‘on,Қатағон,Катагон,Qataǵon,false
QA-18030032,QA-237,1710237,1710237012,207088988,Talliyulg‘un,Таллиюлғун,Таллиюлгун,Talliyulǵun,false
QA-18030042,QA-237,1710237,1710237019,308118914,Yangi maymanoq,Янги майманоқ,Янги Майманок,Yangi maymanoq,false
QA-18030030,QA-237,1710237,1710237016,202388894,Sohibkor,Соҳибкор,Соxибкор,Sohibkor,false
QA-18030014,QA-237,1710237,1710237022,207119876,Qo‘ngirot,Қўнғирот,Кунгирот,Qóngirot,false
QA-240003,QA-240,1710240,1710240010,201748787,Ko‘kdala,Кўкдала,Кукдала,Kókdala,false
QA-240004,QA-240,1710240,1710240015,203084514,Soybo‘yi,Сойбўйи,Сойбуйи,Soybóyi,false
QA-240005,QA-240,1710240,1710240023,203084427,O‘tamayli,Ўтамайли,Утамайли,Ótamayli,false
QA-240006,QA-240,1710240,1710240012,303870009,Oltin boshok,Олтин бошок,Олтин бошок,Oltin boshok,false
QA-240007,QA-240,1710240,1710240013,305058628,Oltin dala,Олтин дала,Олтин дала,Oltin dala,false
QA-240008,QA-240,1710240,1710240004,205685784,Beglamish,Бегламиш,Бегламиш,Beglamish,false
QA-240009,QA-240,1710240,1710240032,201748794,Eski anhor,Эски анҳор,Эски-анхор,Eski anhor,false
QA-240010,QA-240,1710240,1710240001,203084363,Ayritom,Айритом,Айритом,Ayritom,false
QA-240011,QA-240,1710240,1710240014,203084370,Paxtalisoy,Пахталисой,Пахталисой,Paxtalisoy,false
QA-240012,QA-240,1710240,1710240003,201748803,Baxt,Бахт,Бахт,Baxt,false
QA-240013,QA-240,1710240,1710240025,304980384,Xushali,Хушали,Хушали,Xushali,false
QA-240014,QA-240,1710240,1710240017,203084521,Taloqtepa,Талоқтепа,Талоктепа,Taloqtepa,false
QA-240015,QA-240,1710240,1710240024,203309627,Xarduri,Хардури,Хардури,Xarduri,false
QA-240016,QA-240,1710240,1710240030,206976041,Sho‘rbozor,Шўрбозор,Шурбозор,Shórbozor,false
QA-240017,QA-240,1710240,1710240028,201748676,Chorvador,Чорвадор,Чорвадор,Chorvador,false
QA-240018,QA-240,1710240,1710240019,207181224,Toshli,Тошли,Тошли,Toshli,false
QA-240019,QA-240,1710240,1710240008,207072447,Qanotli,Қанотли,Канотли,Qanotli,false
QA-240020,QA-240,1710240,1710240031,201748684,Sho‘rquduq,Шўрқудуқ,Шуркудук,Shórquduq,false
QA-240021,QA-240,1710240,1710240026,305568515,Xujaobod,Хужаобод,Хужаобод,Xujaobod,false
QA-240022,QA-240,1710240,1710240011,204013164,Naymansaroy,Наймансарой,Наймансарой,Naymansaroy,false
QA-240023,QA-240,1710240,1710240022,203084387,Umakay,Умакай,Умакай,Umakay,false
QA-240038,QA-240,1710240,1710240027,201748709,Chiyal,Чиял,Чиял,Chiyal,false
QA-240039,QA-240,1710240,1710240021,203097251,Uymovut,Уймовут,Уймовут,Uymovut,false
QA-240040,QA-240,1710240,1710240020,203084410,To‘qmor,Тўқмор,Тукмор,Tóqmor,false
QA-240041,QA-240,1710240,1710240007,303870048,Zum,Зум,Зум,Zum,false
QA-240042,QA-240,1710240,1710240005,206976002,G‘allakor,Ғаллакор,Галлакор,Ǵallakor,false
QA-240043,QA-240,1710240,1710240009,201748755,Qumdaryo,Қумдарё,Кумдарё,Qumdaryo,false
QA-240044,QA-240,1710240,1710240016,203084498,Suvliq,Сувлиқ,Сувлик,Suvliq,false
QA-240045,QA-240,1710240,1710240002,203084506,Annaro‘z,Аннарўз,Аннаруз,Annaróz,false
QA-240046,QA-240,1710240,1710240029,203125983,Chuvulloq,Чувуллоқ,Чувуллок,Chuvulloq,false
QA-240085,QA-240,1710240,1710240018,201748763,Torjilg‘a,Торжилға,Торжилга,Torjilǵa,false
QA-240086,QA-240,1710240,1710240006,203084331,Guliston,Гулистон,Гулистон,Guliston,false
QA-18080034,QA-240,1710240,1710240034,309122711,Manguyurt,Мангуюрт,Мангуюрт,Manguyurt,false
QA-18080036,QA-240,1710240,1710240036,309046781,Quchqorbuloq,Қучқорбулоқ,Кучкорбулок,Quchqorbuloq,false
QA-18080033,QA-240,1710240,1710240033,308539105,Yashiltepa,Яшилтепа,Яшилтепа,Yashiltepa,false
QA-242001,QA-242,1710242,1710242063,202782564,Chiroqchi,Чироқчи,Чирокчи,Chiroqchi,false
QA-242002,QA-242,1710242,1710242064,202782549,Choshtepa,Чоштепа,Чоштепа,Choshtepa,false
QA-242003,QA-242,1710242,0,,Kukdala,Кукдала,Кукдала,Kukdala,true
QA-242004,QA-242,1710242,0,,Soybo‘yi,Сойбўйи,Сойбўйи,Soybóyi,true
QA-242005,QA-242,1710242,0,,O‘tamayli,Ўтамайли,Ўтамайли,Ótamayli,true
QA-242006,QA-242,1710242,0,,Oltin boshok,Олтин бошок,Олтин бошок,Oltin boshok,true
QA-242007,QA-242,1710242,0,,Oltin dala,Олтин дала,Олтин дала,Oltin dala,true
QA-242008,QA-242,1710242,0,,Beglamish,Бегламиш,Бегламиш,Beglamish,true
QA-242009,QA-242,1710242,0,,Eski anhor,Ески анҳор,Ески анҳор,Eski anhor,true
QA-242010,QA-242,1710242,0,,Ayritom,Айритом,Айритом,Ayritom,true
QA-242011,QA-242,1710242,0,,Paxtalisoy,Пахталисой,Пахталисой,Paxtalisoy,true
QA-242012,QA-242,1710242,0,,Baxt,Бахт,Бахт,Baxt,true
QA-242013,QA-242,1710242,0,,Xushali,Хушали,Хушали,Xushali,true
QA-242014,QA-242,1710242,0,,Taloqtepa,Талоқтепа,Талоқтепа,Taloqtepa,true
QA-242015,QA-242,1710242,0,,Xarduri,Хардури,Хардури,Xarduri,true
QA-242016,QA-242,1710242,0,,Sho‘rbozor,Шўрбозор,Шўрбозор,Shórbozor,true
QA-242017,QA-242,1710242,0,,Chorvador,Чорвадор,Чорвадор,Chorvador,true
QA-242018,QA-242,1710242,0,,Toshli,Тошли,Тошли,Toshli,true
QA-242019,QA-242,1710242,0,,Qanotli,Қанотли,Қанотли,Qanotli,true
QA-242020,QA-242,1710242,0,,Sho‘rquduq,Шўрқудуқ,Шўрқудуқ,Shórquduq,true
QA-242021,QA-242,1710242,0,,Xujaobod,Хужаобод,Хужаобод,Xujaobod,true
QA-242022,QA-242,1710242,0,,Naymansaroy,Наймансарой,Наймансарой,Naymansaroy,true
QA-242023,QA-242,1710242,0,,Umakay,Умакай,Умакай,Umakay,true
QA-242024,QA-242,1710242,1710242065,202782571,Kishmishtepa,Кишмиштепа,Кишмиштепа,Kishmishtepa,false
QA-242025,QA-242,1710242,1710242066,202782532,Navoiy,Навоий,Навоий,Navoiy,false
QA-242026,QA-242,1710242,1710242022,201748770,Xumo,Хумо,Хумо,Xumo,false
QA-242027,QA-242,1710242,1710242023,203084355,Obod,Обод,Обод,Obod,false
QA-242028,QA-242,1710242,1710242024,206976191,Ko‘ktosh,Кўктош,Куктош,Kóktosh,false
QA-242029,QA-242,1710242,1710242025,207181374,Yangikurilish,Янгикурилиш,Янги курилиш,Yangikurilish,false
QA-242030,QA-242,1710242,1710242026,303910179,Chorshanba,Чоршанба,Чоршанба,Chorshanba,false
QA-242031,QA-242,1710242,1710242027,201748644,Jar,Жар,Жар,Jar,false
QA-242032,QA-242,1710242,1710242028,305058643,Amir temur,Амир темур,Амир Темур,Amir temur,false
QA-242033,QA-242,1710242,1710242029,202875732,Qizilchovra,Қизилчовра,Кизилчовра,Qizilchovra,false
QA-242034,QA-242,1710242,0,,Dustlik diyori,Дустлик диёри,Дустлик диёри,Dustlik diyori,true
QA-242035,QA-242,1710242,1710242031,201748620,Dodiq,Додиқ,Додик,Dodiq,false
QA-242036,QA-242,1710242,1710242032,304944903,Shakarbuloq,Шакарбулоқ,Шакарбулок,Shakarbuloq,false
QA-242037,QA-242,1710242,1710242033,203084348,Navro‘z,Наврўз,Навруз,Navróz,false
QA-242038,QA-242,1710242,0,,Chiyal,Чиял,Чиял,Chiyal,true
QA-242039,QA-242,1710242,0,,Uymovut,Уймовут,Уймовут,Uymovut,true
QA-242040,QA-242,1710242,0,,To‘qmor,Тўқмор,Тўқмор,Tóqmor,true
QA-242041,QA-242,1710242,0,,Zum,Зум,Зум,Zum,true
QA-242042,QA-242,1710242,0,,G‘allakor,Ғаллакор,Ғаллакор,Ǵallakor,true
QA-242043,QA-242,1710242,0,,Qumdaryo,Қумдарё,Қумдарё,Qumdaryo,true
QA-242044,QA-242,1710242,0,,Suvliq,Сувлиқ,Сувлиқ,Suvliq,true
QA-242045,QA-242,1710242,0,,Annaro‘z,Аннарўз,Аннарўз,Annaróz,true
QA-242046,QA-242,1710242,0,,Chuvulloq,Чувуллоқ,Чувуллоқ,Chuvulloq,true
QA-242047,QA-242,1710242,1710242067,201748731,Qalqama,Қалқама,Калкама,Qalqama,false
QA-242048,QA-242,1710242,1710242068,305231190,Qo‘rg‘ontepa,Қўрғонтепа,Кургонтепа,Qórǵontepa,false
QA-242049,QA-242,1710242,1710242069,207158361,Chambil,Чамбил,Чамбил,Chambil,false
QA-242050,QA-242,1710242,1710242070,203087493,Galabek,Галабек,Галабек,Galabek,false
QA-242051,QA-242,1710242,1710242071,201748691,Langar,Лангар,Лангар,Langar,false
QA-242052,QA-242,1710242,1710242072,203084481,Quruqsoy,Қуруқсой,Куруксой,Quruqsoy,false
QA-242053,QA-242,1710242,1710242073,303151689,Tarag‘ay,Тарағай,Тарагай,Taraǵay,false
QA-242054,QA-242,1710242,1710242043,202782524,O‘zbekiston,Ўзбекистон,Узбекистон,Ózbekiston,false
QA-242055,QA-242,1710242,0,,Yangiobod,Янгиобод,Янгиобод,Yangiobod,true
QA-242056,QA-242,1710242,1710242045,201748637,Paxtaobod,Пахтаобод,Пахтаобод,Paxtaobod,false
QA-242057,QA-242,1710242,0,,Chimqurg‘on,Чимқурғон,Чимқурғон,Chimqurǵon,true
QA-242058,QA-242,1710242,1710242047,206995461,Yangiqishloq,Янгиқишлоқ,Янгикишлок,Yangiqishloq,false
QA-242059,QA-242,1710242,0,,Olmozor,Олмозор,Олмозор,Olmozor,true
QA-242060,QA-242,1710242,1710242049,206976524,Chiljivut,Чилживут,Чилживут,Chiljivut,false
QA-242061,QA-242,1710242,1710242050,201748669,Dam,Дам,Дам,Dam,false
QA-242062,QA-242,1710242,1710242051,207254314,Yangidam,Янгидам,Янги дам,Yangidam,false
QA-242063,QA-242,1710242,1710242052,203084403,Pakandi,Паканди,Паканди,Pakandi,false
QA-242064,QA-242,1710242,0,,Baraka,Барака,Барака,Baraka,true
QA-242065,QA-242,1710242,0,,Zaribdor,Зарибдор,Зарибдор,Zaribdor,true
QA-242066,QA-242,1710242,1710242055,207254916,Istiqlol,Истиқлол,Истиклол,Istiqlol,false
QA-242067,QA-242,1710242,1710242056,201748748,Mustaqillik,Мустақиллик,Мустакиллик,Mustaqillik,false
QA-242068,QA-242,1710242,1710242057,207160812,Qirg‘iz,Қирғиз,Киргиз,Qirǵiz,false
QA-242069,QA-242,1710242,0,,Qaxramon,Қахрамон,Қахрамон,Qaxramon,true
QA-242070,QA-242,1710242,1710242061,207253119,Soxil,Сохил,Сохил,Soxil,false
QA-242071,QA-242,1710242,1710242059,203084324,Buronjuz,Буронжуз,Буронжуз,Buronjuz,false
QA-242072,QA-242,1710242,1710242060,206981281,Dursun,Дурсун,Дурсун,Dursun,false
QA-242073,QA-242,1710242,0,,Bog‘ishamol,Боғишамол,Боғишамол,Boǵishamol,true
QA-242074,QA-242,1710242,1710242074,203084459,G‘allachi,Ғаллачи,Галлачи,Ǵallachi,false
QA-242075,QA-242,1710242,0,,Uyshin,Уйшин,Уйшин,Uyshin,true
QA-242076,QA-242,1710242,1710242080,304977989,Gulobod,Гулобод,Гулобод,Gulobod,false
QA-242077,QA-242,1710242,1710242076,203084466,Oq oltin,Оқ олтин,Ок олтин,Oq oltin,false
QA-242078,QA-242,1710242,1710242077,305517823,Yashnabod,Яшнабод,Яшнабод,Yashnabod,false
QA-242079,QA-242,1710242,1710242078,206987961,Oq tosh,Оқ тош,Октош,Oq tosh,false
QA-242080,QA-242,1710242,0,,Nurabod,Нурабод,Нурабод,Nurabod,true
QA-242081,QA-242,1710242,1710242081,304976855,Beshbuloq,Бешбулоқ,Бешбулок,Beshbuloq,false
QA-242082,QA-242,1710242,0,,Mirzatup,Мирзатуп,Мирзатуп,Mirzatup,true
QA-242083,QA-242,1710242,1710242083,203084474,Arabbandi,Араббанди,Араббанди,Arabbandi,false
QA-242084,QA-242,1710242,1710242084,303275709,Qush anxor,Қуш анхор,Куш анхор,Qush anxor,false
QA-242085,QA-242,1710242,0,,Torjilg‘a,Торжилға,Торжилға,Torjilǵa,true
QA-242086,QA-242,1710242,0,,Guliston,Гулистон,Гулистон,Guliston,true
QA-18090061,QA-242,1710242,1710242075,201748716,Uyshun,Уйшун,Уйшун,Uyshun,false
QA-18090091,QA-242,1710242,1710242093,309122062,Obu-xayot,Обу-хаёт,Обу-Хаёт,Obu-xayot,false
QA-18090073,QA-242,1710242,1710242046,305170158,Chimqo‘rg‘on,Чимқўрғон,Чимкургон,Chimqórǵon,false
QA-18090037,QA-242,1710242,1710242082,201748810,Mirzato‘p,Мирзатўп,Мирзатоп,Mirzatóp,false
QA-18090095,QA-242,1710242,1710242094,308981246,Xalqabod,Халқабод,Халкабод,Xalqabod,false
QA-18090094,QA-242,1710242,1710242095,308561024,Farovon kelajak,Фаровон келажак,Фаровон келажак,Farovon kelajak,false
QA-18090042,QA-242,1710242,1710242079,305655185,Nurobod,Нуробод,Нуробод,Nurobod,false
QA-18090026,QA-242,1710242,1710242058,201748652,Qahramon,Қаҳрамон,Кахрамон,Qahramon,false
QA-18090046,QA-242,1710242,1710242048,201748724,Olmazor,Олмазор,Олмазор,Olmazor,false
QA-18090021,QA-242,1710242,1710242054,203084442,Zarbdor,Зарбдор,Зарбдор,Zarbdor,false
QA-18090096,QA-242,1710242,1710242088,309104306,Iftixor,Ифтихор,Ифтихор,Iftixor,false
QA-18090092,QA-242,1710242,1710242092,309122213,Bolsuvar,Болсувар,Болсувар,Bolsuvar,false
QA-245001,QA-245,1710245,1710245010,303244484,Abziyat,Абзият,Абзият,Abziyat,false
QA-245002,QA-245,1710245,1710245011,203808496,Avazmalik,Авазмалик,Авазмалик,Avazmalik,false
QA-245003,QA-245,1710245,1710245008,303244524,Big‘mi,Биғми,Бигми,Biǵmi,false
QA-245004,QA-245,1710245,1710245009,204122299,Bog‘ishamol,Боғишамол,Багишамол,Boǵishamol,false
QA-245005,QA-245,1710245,1710245007,204027843,Mevazor,Мевазор,Мевазор,Mevazor,false
QA-245006,QA-245,1710245,1710245003,202958145,Oqdaryo,Оқдарё,Окдарё,Oqdaryo,false
QA-245007,QA-245,1710245,1710245005,202961665,Xo‘jaxuroson,Хўжахуросон,Хужахуросон,Xójaxuroson,false
QA-245008,QA-245,1710245,1710245012,303244500,Shanbe,Шанбе,Шанбе,Shanbe,false
QA-245009,QA-245,1710245,1710245004,304977094,Yangibog‘,Янгибоғ,Янгибог,Yangiboǵ,false
QA-245010,QA-245,1710245,1710245001,204296296,Yangiqishloq,Янгиқишлоқ,Янгикишлок,Yangiqishloq,false
QA-245011,QA-245,1710245,1710245002,305907266,Xontepa,Хонтепа,Хонтепа,Xontepa,false
QA-245012,QA-245,1710245,1710245006,305907281,Ravot,Равот,Равот,Ravot,false
QA-245013,QA-245,1710245,1710245016,303244453,Yangiobod,Янгиобод,Янгиобод,Yangiobod,false
QA-245014,QA-245,1710245,1710245023,203072806,Qo‘shqanot,Қўшқанот,Кушканот,Qóshqanot,false
QA-245015,QA-245,1710245,1710245024,304977901,Oq oltin,Оқ олтин,Ок олтин,Oq oltin,false
QA-245016,QA-245,1710245,1710245026,303244517,Tepar,Тепар,Тепар,Tepar,false
QA-245017,QA-245,1710245,1710245025,204022502,Tudamaydon,Тудамайдон,Тудамайдон,Tudamaydon,false
QA-245018,QA-245,1710245,1710245021,202837501,Xazara,Хазара,Хазара,Xazara,false
QA-245019,QA-245,1710245,1710245013,304978188,Xojimaydon,Хожимайдон,Хожимайдон,Xojimaydon,false
QA-245020,QA-245,1710245,1710245020,303301287,Chuqun,Чуқун,Чукун,Chuqun,false
QA-245021,QA-245,1710245,1710245015,303244460,Maktobod,Мактобод,Мактобод,Maktobod,false
QA-245022,QA-245,1710245,1710245017,304977822,Obod,Обод,Обод,Obod,false
QA-245023,QA-245,1710245,1710245018,203808512,Qutchi,Қутчи,Кутчи,Qutchi,false
QA-245024,QA-245,1710245,1710245019,202837478,Qo‘shchinor,Қўшчинор,Кушчинор,Qóshchinor,false
QA-245025,QA-245,1710245,1710245014,305907321,Nurafshon,Нурафшон,Нурафшон,Nurafshon,false
QA-245026,QA-245,1710245,0,,Olmazor,Олмазор,Олмазор,Olmazor,true
QA-245027,QA-245,1710245,1710245032,303244549,Qumqishloq,Қумқишлоқ,Кумкишлок,Qumqishloq,false
QA-245028,QA-245,1710245,1710245033,303303846,Saroy,Сарой,Сарой,Saroy,false
QA-245029,QA-245,1710245,1710245027,202983979,Shamaton,Шаматон,Шаматон,Shamaton,false
QA-245030,QA-245,1710245,1710245035,202922641,Duxchi,Духчи,Духчи,Duxchi,false
QA-245031,QA-245,1710245,0,,Qiyomshayh,Қиёмшайҳ,Қиёмшайҳ,Qiyomshayh,true
QA-245032,QA-245,1710245,0,,Loliston,Лолистон,Лолистон,Loliston,true
QA-245033,QA-245,1710245,1710245039,203840395,Paxtakor,Пахтакор,Пахтакор,Paxtakor,false
QA-245034,QA-245,1710245,1710245031,204132040,O‘rtaqo‘rg‘on,Ўртақўрғон,Уртакурган,Órtaqórǵon,false
QA-245035,QA-245,1710245,1710245036,303244421,Xalqobod,Халқобод,Халкобод,Xalqobod,false
QA-245036,QA-245,1710245,0,,Navbahor,Навбаҳор,Навбаҳор,Navbahor,true
QA-245037,QA-245,1710245,1710245030,305849061,Istiqbol,Истиқбол,Истикбол,Istiqbol,false
QA-245038,QA-245,1710245,0,,Chorbog‘,Чорбоғ,Чорбоғ,Chorboǵ,true
QA-245039,QA-245,1710245,1710245034,305848926,Tanxoz,Танхоз,Танхоз,Tanxoz,false
QA-245040,QA-245,1710245,1710245056,304978060,Toshbuloq,Тошбулоқ,Тошбулок,Toshbuloq,false
QA-245041,QA-245,1710245,1710245040,202902089,Qo‘rg‘ontepa,Қўрғонтепа,Кургантепа,Qórǵontepa,false
QA-245042,QA-245,1710245,1710245057,202921137,Xitoy,Хитой,Хитой,Xitoy,false
QA-245043,QA-245,1710245,1710245055,202921120,Hisor,Ҳисор,Хисор,Hisor,false
QA-245044,QA-245,1710245,1710245041,204346344,Chorshanbe,Чоршанбе,Чоршанбе,Chorshanbe,false
QA-245045,QA-245,1710245,1710245044,304978100,Shakarteri,Шакартери,Шакартери,Shakarteri,false
QA-245046,QA-245,1710245,1710245043,304978117,Shiramon,Ширамон,Ширамон,Shiramon,false
QA-245047,QA-245,1710245,1710245049,204029452,Amir temur,Амир темур,Амир Темур,Amir temur,false
QA-245048,QA-245,1710245,1710245045,304978124,Polmon,Полмон,Полмон,Polmon,false
QA-245049,QA-245,1710245,1710245046,202930173,Uloch,Улоч,Улоч,Uloch,false
QA-245050,QA-245,1710245,1710245047,203842069,Achchig‘i,Аччиғи,Аччиги,Achchiǵi,false
QA-245051,QA-245,1710245,1710245054,204119024,G‘elon,Ғелон,Гелон,Ǵelon,false
QA-245052,QA-245,1710245,1710245053,304977918,Ko‘l,Кўл,Кул,Kól,false
QA-245053,QA-245,1710245,1710245048,202915104,Miraki,Мираки,Мираки,Miraki,false
QA-245054,QA-245,1710245,1710245052,304978164,Sayyod,Сайёд,Сайёд,Sayyod,false
QA-245055,QA-245,1710245,1710245051,303244477,Sarchashma,Сарчашма,Сарчашма,Sarchashma,false
QA-245056,QA-245,1710245,1710245050,204376229,Hisorak,Ҳисорак,Хисорак,Hisorak,false
QA-245057,QA-245,1710245,0,,Temirchi,Темирчи,Темирчи,Temirchi,true
QA-18100023,QA-245,1710245,1710245029,305907242,Navbaxor,Навбахор,Навбахор,Navbaxor,false
QA-18100011,QA-245,1710245,1710245038,303244445,Qiyomshaex,Қиёмшаех,Киёмшаех,Qiyomshaex,false
QA-250001,QA-250,1710250,1710250001,206110139,G‘ozliq,Ғозлиқ,Гозлик,Ǵozliq,false
QA-250002,QA-250,1710250,1710250002,202668300,Jiyda,Жийда,Жийда,Jiyda,false
QA-250003,QA-250,1710250,1710250003,203039987,Nurafshon,Нурафшон,Нурафшон,Nurafshon,false
QA-250004,QA-250,1710250,1710250004,203030256,Nurli yo‘l,Нурли йўл,Нурли йул,Nurli yól,false
QA-250005,QA-250,1710250,1710250005,202668284,Obod,Обод,Обод,Obod,false
QA-250006,QA-250,1710250,1710250006,206850484,Paxtakor,Пахтакор,Пахтакор,Paxtakor,false
QA-250007,QA-250,1710250,1710250007,305063377,Tollibuloq,Толлибулоқ,Толлибулок,Tollibuloq,false
QA-250008,QA-250,1710250,1710250009,202668324,Uzun,Узун,Узун,Uzun,false
QA-250009,QA-250,1710250,0,,Choydari,Чойдари,Чойдари,Choydari,true
QA-250010,QA-250,1710250,1710250011,200708931,Esat,Есат,Эсат,Esat,false
QA-250011,QA-250,1710250,0,,Yangihayot,Янгиҳаёт,Янгиҳаёт,Yangihayot,true
QA-250012,QA-250,1710250,1710250008,206850491,To‘qboy,Тўқбой,Тукбой,Tóqboy,false
QA-250013,QA-250,1710250,1710250013,202668317,Ayg‘irko‘l,Айғиркўл,Айгиркул,Ayǵirkól,false
QA-250014,QA-250,1710250,1710250014,205697097,Alakuylak,Алакуйлак,Алакуйлак,Alakuylak,false
QA-250015,QA-250,1710250,0,,Bunyodkor,Бунёдкор,Бунёдкор,Bunyodkor,true
QA-250016,QA-250,1710250,1710250016,203045807,Jaychi,Жайчи,Жайчи,Jaychi,false
QA-250017,QA-250,1710250,1710250017,202668221,Jambul,Жамбул,Жамбул,Jambul,false
QA-250018,QA-250,1710250,1710250018,305161968,Istiqbol,Истиқбол,Истикбол,Istiqbol,false
QA-250019,QA-250,1710250,1710250019,207180771,Istiklol,Истиклол,Истиклол,Istiklol,false
QA-250020,QA-250,1710250,0,,Katag‘on,Катағон,Катағон,Kataǵon,true
QA-250021,QA-250,1710250,1710250021,200709090,Qo‘shchinor,Қўшчинор,Кушчинор,Qóshchinor,false
QA-250022,QA-250,1710250,0,,Savuqbuloq,Савуқбулоқ,Савуқбулоқ,Savuqbuloq,true
QA-250023,QA-250,1710250,1710250022,200709186,Sandal,Сандал,Сандал,Sandal,false
QA-250024,QA-250,1710250,1710250024,305061024,Uchtepa,Учтепа,Учтепа,Uchtepa,false
QA-250025,QA-250,1710250,1710250025,305062078,Farovonlik,Фаровонлик,Фаровонлик,Farovonlik,false
QA-250026,QA-250,1710250,1710250026,203039970,Xo‘jailg‘or,Хўжаилғор,Хожаилгор,Xójailǵor,false
QA-250027,QA-250,1710250,1710250027,202668292,Yangiobod,Янгиобод,Янгиобод,Yangiobod,false
QA-250028,QA-250,1710250,1710250029,302870697,Guliston,Гулистон,Гулистон,Guliston,false
QA-250029,QA-250,1710250,1710250031,203038822,Darxon,Дархон,Дархон,Darxon,false
QA-250030,QA-250,1710250,1710250032,202668260,Ibn sino,Ибн сино,Ибн Сино,Ibn sino,false
QA-250031,QA-250,1710250,1710250035,204628704,Qo‘shtegirmon,Қўштегирмон,Куштегирмон,Qóshtegirmon,false
QA-250032,QA-250,1710250,1710250033,200710796,Qayrag‘och,Қайрағоч,Кайрагоч,Qayraǵoch,false
QA-250033,QA-250,1710250,1710250034,200708948,Qishliq,Қишлиқ,Кишлик,Qishliq,false
QA-250034,QA-250,1710250,0,,Qoratut ota,Қоратут ота,Қоратут ота,Qoratut ota,true
QA-250035,QA-250,1710250,1710250037,202668245,Mustaqillik,Мустақиллик,Мустакиллик,Mustaqillik,false
QA-250036,QA-250,1710250,1710250038,206883783,Navro‘z,Наврўз,Навруз,Navróz,false
QA-250037,QA-250,1710250,1710250039,202569036,Uyg‘ur,Уйғур,Уйгур,Uyǵur,false
QA-250038,QA-250,1710250,1710250040,205707272,Ulamji,Уламжи,Уламжи,Ulamji,false
QA-250039,QA-250,1710250,1710250041,200711035,Xiyobon,Хиёбон,Хиёбон,Xiyobon,false
QA-250040,QA-250,1710250,0,,Xonaqa,Хонақа,Хонақа,Xonaqa,true
QA-250041,QA-250,1710250,1710250043,305061862,Chinobod,Чинобод,Чинобод,Chinobod,false
QA-250042,QA-250,1710250,1710250044,205373556,Shar-sharbog‘ot,Шар-шарбоғот,Шар-шарбогот,Shar-sharboǵot,false
QA-250043,QA-250,1710250,1710250045,305067688,Sherozi,Шерози,Шерози,Sherozi,false
QA-250044,QA-250,1710250,1710250046,200711050,Eski yakkabog‘,Ески яккабоғ,Эски Яккабог,Eski yakkaboǵ,false
QA-250045,QA-250,1710250,1710250047,305064423,Yashnobod,Яшнобод,Яшнобод,Yashnobod,false
QA-250046,QA-250,1710250,1710250030,205187755,Daryo,Дарё,Дарё,Daryo,false
QA-250047,QA-250,1710250,1710250036,202668277,Madaniyat,Маданият,Маданият,Madaniyat,false
QA-250048,QA-250,1710250,0,,Beshug‘il,Бешуғил,Бешуғил,Beshuǵil,true
QA-250049,QA-250,1710250,0,,Yoshlik,Ёшлик,Ёшлик,Yoshlik,true
QA-250050,QA-250,1710250,1710250051,203030264,Ishkent,Ишкент,Ишкент,Ishkent,false
QA-250051,QA-250,1710250,1710250052,207180788,Kattabog‘,Каттабоғ,Каттабог,Kattaboǵ,false
QA-250052,QA-250,1710250,0,,Kenzuzar,Кензузар,Кензузар,Kenzuzar,true
QA-250053,QA-250,1710250,1710250054,203030271,Mevazor,Мевазор,Мевазор,Mevazor,false
QA-250054,QA-250,1710250,1710250055,204600463,Oqtosh,Оқтош,Октош,Oqtosh,false
QA-250055,QA-250,1710250,1710250056,200711043,Samoq,Самоқ,Самок,Samoq,false
QA-250056,QA-250,1710250,1710250057,305082504,Serob,Сероб,Сероб,Serob,false
QA-250057,QA-250,1710250,1710250058,202668238,Tatar,Татар,Татар,Tatar,false
QA-250058,QA-250,1710250,1710250059,206345114,Turon,Турон,Турон,Turon,false
QA-250059,QA-250,1710250,1710250060,200711028,O‘rta,Ўрта,Урта,Órta,false
QA-250060,QA-250,1710250,1710250061,203053092,Chumich,Чумич,Чумич,Chumich,false
QA-18110021,QA-250,1710250,1710250053,203022795,Kenguzar,Кенгузар,Кенгузар,Kenguzar,false
QA-18110053,QA-250,1710250,1710250010,200710804,Chaydari,Чайдари,Чайдари,Chaydari,false
QA-18110061,QA-250,1710250,1710250012,207187270,Yangi xayot,Янги хаёт,Янги хаёт,Yangi xayot,false
QA-18110003,QA-250,1710250,1710250049,205042097,Besho‘g‘il,Бешўғил,Бешугил,Beshóǵil,false
QA-18110009,QA-250,1710250,1710250062,308446245,Do‘stlik,Дўстлик,Дустлик,Dóstlik,false
QA-18110057,QA-250,1710250,1710250028,308403274,Shodlik,Шодлик,Шодлик,Shodlik,false
QA-18110038,QA-250,1710250,1710250023,203038839,Sovuqbuloq,Совуқбулоқ,Совукбулок,Sovuqbuloq,false
QA-18110050,QA-250,1710250,1710250042,204025331,Honaqa,Ҳонақа,Хонака,Honaqa,false
QA-18110063,QA-250,1710250,1710250063,310258314,Bog‘zor,Боғзор,Богзор,Boǵzor,false
QA-251999,QA-251,0,0,,Mahalla aniqlanmagan,Маҳалла аниқланмаган,Махалля не определена,Máhálle anıqlanbaǵan,true
QA-401001,QA-401,1710401,1710401002,202808995,Buston,Бустон,Бустон,Buston,false
QA-401002,QA-401,1710401,1710401003,202822513,Geolog,Геолог,Геолог,Geolog,false
QA-401003,QA-401,1710401,1710401004,202817011,Kamandi,Каманди,Каманди,Kamandi,false
QA-401004,QA-401,1710401,1710401005,202491088,Qarliqbogot,Қарлиқбогот,Карликбогот,Qarliqbogot,false
QA-401005,QA-401,1710401,1710401006,202791252,Qarliqxona,Қарлиқхона,Карликхона,Qarliqxona,false
QA-401006,QA-401,1710401,1710401007,202808971,Qilichbek qurgoncha,Қиличбек қургонча,Киличбек-Кургонча,Qilichbek qurgoncha,false
QA-401007,QA-401,1710401,1710401008,202421134,Komilon,Комилон,Комилон,Komilon,false
QA-401008,QA-401,1710401,1710401009,202461038,Kunchiqar,Кунчиқар,Кунчикар,Kunchiqar,false
QA-401009,QA-401,1710401,1710401010,202559064,Magzon,Магзон,Магзон,Magzon,false
QA-401010,QA-401,1710401,0,,Maxollot,Махоллот,Махоллот,Maxollot,true
QA-401011,QA-401,1710401,1710401012,202817067,Mustaqillik,Мустақиллик,Мустакиллик,Mustaqillik,false
QA-401012,QA-401,1710401,1710401013,202747305,Tabassum,Табассум,Табассум,Tabassum,false
QA-401013,QA-401,1710401,1710401001,202817218,Amir temur,Амир темур,Амир Темур,Amir temur,false
QA-401014,QA-401,1710401,1710401014,202810171,Xaramjuy,Харамжуй,Харамжуй,Xaramjuy,false
QA-401015,QA-401,1710401,1710401015,202512811,Xontepa,Хонтепа,Хонтепа,Xontepa,false
QA-401016,QA-401,1710401,1710401016,202807618,Xujaxiyol,Хужахиёл,Хужахиёл,Xujaxiyol,false
QA-401017,QA-401,1710401,1710401017,202816994,Batosh,Батош,Батош,Batosh,false
QA-401018,QA-401,1710401,0,,G‘afur fulom,Ғафур фулом,Ғафур фулом,Ǵafur fulom,true
QA-401019,QA-401,1710401,1710401018,202722162,Buyuk turon,Буюк турон,Буюк Турон,Buyuk turon,false
QA-401020,QA-401,1710401,1710401020,202442812,Zaxokimaron,Захокимарон,Захокимарон,Zaxokimaron,false
QA-401021,QA-401,1710401,1710401022,202684384,Qarshi,Қарши,Карши,Qarshi,false
QA-401022,QA-401,1710401,1710401023,202413769,Kat,Кат,Кат,Kat,false
QA-401023,QA-401,1710401,1710401021,202810243,Istiklol,Истиклол,Истиклол,Istiklol,false
QA-401024,QA-401,1710401,1710401024,202589960,Navo,Наво,Наво,Navo,false
QA-401025,QA-401,1710401,1710401028,202817185,Shodlik,Шодлик,Шодлик,Shodlik,false
QA-401026,QA-401,1710401,0,,Naxshab,Нахшаб,Нахшаб,Naxshab,true
QA-401027,QA-401,1710401,1710401026,202794343,Oqtepa,Оқтепа,Октепа,Oqtepa,false
QA-401028,QA-401,1710401,1710401027,202613829,Temir-yulchi,Темир-юлчи,Темир йулчи,Temir-yulchi,false
QA-401029,QA-401,1710401,1710401029,202822473,Shoxbekat,Шохбекат,Шохбекат,Shoxbekat,false
QA-401030,QA-401,1710401,1710401030,202817050,Sho‘rtangaz,Шўртангаз,Шуртангаз,Shórtangaz,false
QA-401031,QA-401,1710401,1710401038,202817099,Oydin,Ойдин,Ойдин,Oydin,false
QA-401032,QA-401,1710401,1710401041,202822497,Paxtazor,Пахтазор,Пахтазор,Paxtazor,false
QA-401033,QA-401,1710401,0,,Paxtazor-1,Пахтазор-1,Пахтазор-1,Paxtazor-1,true
QA-401034,QA-401,1710401,0,,Chulquvar,Чулқувар,Чулқувар,Chulquvar,true
QA-401035,QA-401,1710401,1710401031,202491104,Alisher navoiy,Алишер навоий,Алишер Навоий,Alisher navoiy,false
QA-401036,QA-401,1710401,1710401036,202822480,Neftchi,Нефтчи,Нефтчи,Neftchi,false
QA-401037,QA-401,1710401,1710401035,202817193,Qavali,Қавали,Кавали,Qavali,false
QA-401038,QA-401,1710401,0,,Yangi turmush,Янги турмуш,Янги турмуш,Yangi turmush,true
QA-401039,QA-401,1710401,1710401037,202817154,Nuriston,Нуристон,Нуристон,Nuriston,false
QA-401040,QA-401,1710401,1710401034,202798091,Gungon,Гунгон,Гунгон,Gungon,false
QA-401041,QA-401,1710401,1710401033,202454719,Beglar,Беглар,Беглар,Beglar,false
QA-401042,QA-401,1710401,1710401039,202686460,Otchopar,Отчопар,Отчопар,Otchopar,false
QA-401043,QA-401,1710401,1710401032,202810188,Aralovul,Араловул,Араловул,Aralovul,false
QA-401044,QA-401,1710401,1710401044,202817074,Arabxona,Арабхона,Арабхона,Arabxona,false
QA-401045,QA-401,1710401,1710401045,202807640,Aral,Арал,Арал,Aral,false
QA-401046,QA-401,1710401,0,,Bogishamol,Богишамол,Богишамол,Bogishamol,true
QA-401047,QA-401,1710401,1710401047,202689053,Gulshan,Гулшан,Гулшан,Gulshan,false
QA-401048,QA-401,1710401,1710401048,202822505,Darvozatutak,Дарвозатутак,Дарвозатутак,Darvozatutak,false
QA-401049,QA-401,1710401,1710401049,202817004,Zogza,Зогза,Зогза,Zogza,false
QA-401050,QA-401,1710401,1710401050,202810195,Qurg‘oncha,Қурғонча,Кургонча,Qurǵoncha,false
QA-401051,QA-401,1710401,1710401051,202461084,Maxsumobod,Махсумобод,Махсумобод,Maxsumobod,false
QA-401052,QA-401,1710401,1710401052,202826364,Navruz,Навруз,Навруз,Navruz,false
QA-401053,QA-401,1710401,1710401053,202791269,Nasaf,Насаф,Насаф,Nasaf,false
QA-401054,QA-401,1710401,1710401054,202808932,Ravoq,Равоқ,Равок,Ravoq,false
QA-401055,QA-401,1710401,0,,Roguzor,Рогузор,Рогузор,Roguzor,true
QA-401056,QA-401,1710401,0,,Samarqand,Самарқанд,Самарқанд,Samarqand,true
QA-401057,QA-401,1710401,0,,Xudayzod,Худайзод,Худайзод,Xudayzod,true
QA-401058,QA-401,1710401,1710401058,202431478,Chaqar,Чақар,Чакар,Chaqar,false
QA-401059,QA-401,1710401,1710401059,202810204,Charmgar,Чармгар,Чармгар,Charmgar,false
QA-401060,QA-401,1710401,1710401060,202491017,Shayxali,Шайхали,Шайхали,Shayxali,false
QA-401061,QA-401,1710401,0,,Shayxali,Шайхали,Шайхали,Shayxali,true
QA-401062,QA-401,1710401,1710401062,202363340,Eskianxor,Ескианхор,Эскианхор,Eskianxor,false
QA-18150055,QA-401,1710401,1710401042,202817178,Cho‘lquvar,Чўлқувар,Чулкувар,Chólquvar,false
QA-18150064,QA-401,1710401,1710401064,309166958,Taraqqiyot,Тараққиёт,Тараккиёт,Taraqqiyot,false
QA-18150063,QA-401,1710401,1710401063,309174402,Bunyodkor,Бунёдкор,Бунёдкор,Bunyodkor,false
QA-18150036,QA-401,1710401,1710401025,202491095,Naqshab,Нақшаб,Накшаб,Naqshab,false
QA-18150051,QA-401,1710401,1710401057,202807657,Xudoyzod,Худойзод,Худойзод,Xudoyzod,false
QA-18150029,QA-401,1710401,1710401011,202807672,Mahallot,Маҳаллот,Махаллот,Mahallot,false
QA-18150045,QA-401,1710401,1710401055,202817107,Roguzar,Рогузар,Рогузар,Roguzar,false
QA-18150010,QA-401,1710401,1710401019,202564803,G‘.g‘ulom,Ғ.ғулом,Г.Гулом,Ǵ.ǵulom,false
QA-18150057,QA-401,1710401,1710401061,204643315,Shayhali-1,Шайҳали-1,Шайхали-1,Shayhali-1,false
QA-405001,QA-405,1710405,1710405010,303229218,Ammog‘on,Аммоғон,Аммогон,Ammoǵon,false
QA-405002,QA-405,1710405,0,,Bog‘ibaxor,Боғибахор,Боғибахор,Boǵibaxor,true
QA-405003,QA-405,1710405,0,,Bunyodkor,Бунёдкор,Бунёдкор,Bunyodkor,true
QA-405004,QA-405,1710405,1710405004,202336358,Bo‘ston,Бўстон,Бустон,Bóston,false
QA-405005,QA-405,1710405,1710405020,202915111,Guliston,Гулистон,Гулистон,Guliston,false
QA-405006,QA-405,1710405,1710405028,202436787,G‘alaba,Ғалаба,Галаба,Ǵalaba,false
QA-405007,QA-405,1710405,1710405014,202880252,Do‘stlik,Дўстлик,Дустлик,Dóstlik,false
QA-405008,QA-405,1710405,1710405033,202329531,Zargarlik,Заргарлик,Заргарлик,Zargarlik,false
QA-405009,QA-405,1710405,1710405023,202329524,Ziyokor,Зиёкор,Зиёкор,Ziyokor,false
QA-405010,QA-405,1710405,1710405022,202822576,Zingiron,Зингирон,Зингирон,Zingiron,false
QA-405011,QA-405,1710405,0,,Ipak yuli,Ипак юли,Ипак юли,Ipak yuli,true
QA-405012,QA-405,1710405,1710405030,202605853,Kamolot,Камолот,Камолат,Kamolot,false
QA-405013,QA-405,1710405,1710405039,203996494,Katta novqat,Катта новқат,Катта Новкат,Katta novqat,false
QA-405014,QA-405,1710405,1710405013,202880244,Kesh,Кеш,Кеш,Kesh,false
QA-405015,QA-405,1710405,1710405007,202385883,Kulollik,Кулоллик,Кулоллик,Kulollik,false
QA-405016,QA-405,1710405,1710405034,202826508,Kunchiqar,Кунчиқар,Кунчикар,Kunchiqar,false
QA-405017,QA-405,1710405,1710405008,203785069,Qoziguzar,Қозигузар,Козигузар,Qoziguzar,false
QA-405018,QA-405,1710405,1710405017,304978149,Qorasuv,Қорасув,Корасув,Qorasuv,false
QA-405019,QA-405,1710405,0,,Qushxovuz,Қушховуз,Қушховуз,Qushxovuz,true
QA-405020,QA-405,1710405,1710405006,202329548,Qushxona,Қушхона,Кушхона,Qushxona,false
QA-405021,QA-405,1710405,1710405016,202853958,Ma‘rifat,Маърифат,Маьрифат,Ma‘rifat,false
QA-405022,QA-405,1710405,1710405005,202336341,Navro‘z,Наврўз,Навруз,Navróz,false
QA-405023,QA-405,1710405,1710405019,304978038,Namaton,Наматон,Наматон,Namaton,false
QA-405024,QA-405,1710405,1710405024,202336319,Namozgox,Намозгох,Намозгох,Namozgox,false
QA-405025,QA-405,1710405,1710405035,202902104,Oqsaroy,Оқсарой,Оксарой,Oqsaroy,false
QA-405026,QA-405,1710405,1710405027,202782611,Pillakashlik,Пиллакашлик,Пиллакашлик,Pillakashlik,false
QA-405027,QA-405,1710405,1710405025,202971431,Sariosiyo,Сариосиё,Сариосиё,Sariosiyo,false
QA-405028,QA-405,1710405,1710405031,202871019,Sinabog‘,Синабоғ,Синабог,Sinaboǵ,false
QA-405029,QA-405,1710405,0,,Teparlik,Тепарлик,Тепарлик,Teparlik,true
QA-405030,QA-405,1710405,1710405015,202880269,Turon,Турон,Турон,Turon,false
QA-405031,QA-405,1710405,1710405003,202837454,Tutzor,Тутзор,Тутзор,Tutzor,false
QA-405032,QA-405,1710405,1710405021,202961673,Uymovut,Уймовут,Уймовут,Uymovut,false
QA-405033,QA-405,1710405,1710405038,202810274,Uychilik,Уйчилик,Уйчилик,Uychilik,false
QA-405034,QA-405,1710405,0,,O‘rda,Ўрда,Ўрда,Órda,true
QA-405035,QA-405,1710405,1710405018,202787557,Fayzobod,Файзобод,Файзобод,Fayzobod,false
QA-405036,QA-405,1710405,1710405009,202826490,Xabarlik,Хабарлик,Хабарлик,Xabarlik,false
QA-405037,QA-405,1710405,0,,Xo‘jamurod baxshi,Хўжамурод бахши,Хўжамурод бахши,Xójamurod baxshi,true
QA-405038,QA-405,1710405,1710405002,204023184,Choshtepa,Чоштепа,Чоштепа,Choshtepa,false
QA-405039,QA-405,1710405,1710405036,203996502,Yangixayot,Янгихаёт,Янгихаёт,Yangixayot,false
QA-405040,QA-405,1710405,1710405037,304978171,Yashil diyor,Яшил диёр,Яшил диёр,Yashil diyor,false
QA-18160037,QA-405,1710405,1710405026,202645488,Barhayot,Барҳаёт,Бархаёт,Barhayot,false
QA-18160020,QA-405,1710405,1710405011,202645495,Qo‘shxovuz,Қўшховуз,Кушховуз,Qóshxovuz,false
QA-18160011,QA-405,1710405,1710405029,202436794,Ipak yo‘li,Ипак йўли,Ипак йули,Ipak yóli,false
QA-18160029,QA-405,1710405,1710405040,202809266,Tiklanish,Тикланиш,Тикланиш,Tiklanish,false
QA-18160002,QA-405,1710405,1710405032,303229257,Sohibqiron,Соҳибқирон,Сохибкирoн,Sohibqiron,false
QR-204001,QR-204,1735204,1735204014,203545643,Amir temur,Амир темур,Амир Темур,Amir temur,false
QR-204002,QR-204,1735204,1735204048,207168129,Tosh yop,Тош ёп,Тош ёп,Tosh yop,false
QR-204003,QR-204,1735204,1735204024,203543930,O‘rta qal‘a,Ўрта қалъа,Урта кала,Órta qal‘a,false
QR-204004,QR-204,1735204,1735204015,207140188,Arna bo‘yi,Арна бўйи,Арна буйи,Arna bóyi,false
QR-204005,QR-204,1735204,1735204017,207140195,Bog‘,Боғ,Бог,Boǵ,false
QR-204006,QR-204,1735204,1735204021,203553357,Qilichboy,Қиличбой,Киличбой,Qilichboy,false
QR-204007,QR-204,1735204,0,,Xizr eli,Хизр ели,Хизр ели,Xizr eli,true
QR-204008,QR-204,1735204,1735204016,207140339,Besh ovul,Беш овул,Беш овул,Besh ovul,false
QR-204009,QR-204,1735204,1735204023,207140100,Tosh qal‘a,Тош қалъа,Тош калъа,Tosh qal‘a,false
QR-204010,QR-204,1735204,1735204028,207140117,Yuqori qishloq,Юқори қишлоқ,Юкори кишлок,Yuqori qishloq,false
QR-204011,QR-204,1735204,1735204027,203553372,Xolimbeg,Холимбег,Холимбег,Xolimbeg,false
QR-204012,QR-204,1735204,1735204013,207140228,Ayoqchi,Аёқчи,Аёкчи,Ayoqchi,false
QR-204013,QR-204,1735204,1735204019,203553364,Do‘rman ovul fuqarolar yig‘ini,Дўрман овул фуқаролар йиғини,Дурман,Dórman ovul fuqarolar yiǵini,false
QR-204014,QR-204,1735204,1735204022,207140204,Qoramon,Қорамон,Корамон,Qoramon,false
QR-204015,QR-204,1735204,1735204018,207140211,Bo‘z solma,Бўз солма,Боз солма,Bóz solma,false
QR-204016,QR-204,1735204,1735204031,203553278,Bo‘zyop,Бўзёп,Буз ёп,Bózyop,false
QR-204017,QR-204,1735204,1735204041,203553261,Xitoy,Хитой,Хитой,Xitoy,false
QR-204018,QR-204,1735204,1735204039,207140038,Tor yop,Тор ёп,Тор ёп,Tor yop,false
QR-204019,QR-204,1735204,1735204047,207140156,Namuna,Намуна,Намуна,Namuna,false
QR-204020,QR-204,1735204,1735204036,203553301,Kuyuk ko‘pir,Куюк кўпир,Куюк купир,Kuyuk kópir,false
QR-204021,QR-204,1735204,1735204040,207140164,O‘zbekiston,Ўзбекистон,Узбекистон,Ózbekiston,false
QR-204022,QR-204,1735204,1735204037,207140171,Qizilcholi,Қизилчоли,Кизил чоли,Qizilcholi,false
QR-204023,QR-204,1735204,0,,Jumurtov shaxarcha fuqarolar yig‘ini,Жумуртов шахарча фуқаролар йиғини,Жумуртов шахарча фуқаролар йиғини,Jumurtov shaxarcha fuqarolar yiǵini,true
QR-204024,QR-204,1735204,0,,Z.M.bobur nomli,З.м.бобур номли,З.м.бобур номли,Z.M.bobur nomli,true
QR-204025,QR-204,1735204,1735204033,207140235,Jumur ovul,Жумур овул,Жумур овул,Jumur ovul,false
QR-204026,QR-204,1735204,1735204038,204533333,Oq oltin,Оқ олтин,Ок олтин,Oq oltin,false
QR-204027,QR-204,1735204,1735204009,204533340,To‘lqin,Тўлқин,Тулкин,Tólqin,false
QR-204028,QR-204,1735204,1735204011,203553325,Choyko‘l,Чойкўл,Чойкул,Choykól,false
QR-204029,QR-204,1735204,1735204002,207140014,Bosuv,Босув,Босув,Bosuv,false
QR-204030,QR-204,1735204,1735204005,203553333,Qipchoq,Қипчоқ,Кипчок,Qipchoq,false
QR-204031,QR-204,1735204,1735204004,207140124,Daryo bo‘yi,Дарё бўйи,Дарё буйи,Daryo bóyi,false
QR-204032,QR-204,1735204,1735204010,207140132,Uyshin,Уйшин,Уйшин,Uyshin,false
QR-204033,QR-204,1735204,1735204001,207140149,Besh tom,Беш том,Беш том,Besh tom,false
QR-204034,QR-204,1735204,1735204006,305306136,Qipchoq,Қипчоқ,Кипчок,Qipchoq,false
QR-204035,QR-204,1735204,1735204042,203553340,Qangli,Қангли,кангли,Qangli,false
QR-204036,QR-204,1735204,1735204043,207140243,Qum yop,Қум ёп,Кум ёп,Qum yop,false
QR-204037,QR-204,1735204,1735204012,203553293,Nazarxon,Назархон,Назархон,Nazarxon,false
QR-204038,QR-204,1735204,1735204045,202781906,Beruniy,Беруний,Беруний,Beruniy,false
QR-204039,QR-204,1735204,0,,Alisher navoiy nomli,Алишер навоий номли,Алишер навоий номли,Alisher navoiy nomli,true
QR-204040,QR-204,1735204,1735204049,202781945,Chordara,Чордара,Чордара,Chordara,false
QR-204041,QR-204,1735204,1735204046,202781938,Bo‘ston,Бўстон,Бостон,Bóston,false
QR-204042,QR-204,1735204,1735204030,202781953,Boyovul,Боёвул,Боёвул,Boyovul,false
QR-204043,QR-204,1735204,1735204032,207168144,Durunki,Дурунки,Дурунки,Durunki,false
QR-204044,QR-204,1735204,1735204007,202781921,Oybek nomli,Ойбек номли,Ойбек,Oybek nomli,false
QR-204045,QR-204,1735204,1735204008,202784854,Olmazor,Олмазор,Олмазор,Olmazor,false
QR-204046,QR-204,1735204,1735204003,207168136,Gulzor,Гулзор,Гулзор,Gulzor,false
QR-204047,QR-204,1735204,1735204020,202781960,Do‘stlik,Дўстлик,Дустлик,Dóstlik,false
QR-204048,QR-204,1735204,1735204029,207168112,Yangiobod,Янгиобод,Янгиобод,Yangiobod,false
QR-204049,QR-204,1735204,1735204025,305306190,Farovon,Фаровон,Фаровон,Farovon,false
QR-23010043,QR-204,1735204,1735204026,207139994,Xizir eli,Хизир эли,Хизир эли,Xizir eli,false
QR-23010029,QR-204,1735204,1735204044,202781977,A.navoiy,А.навоий,А.Навои,A.navoiy,false
QR-23010020,QR-204,1735204,1735204034,203553285,Jumurtau,Жумуртау,Жумуртау,Jumurtau,false
QR-23010007,QR-204,1735204,1735204035,203553318,Bobur,Бобур,Бобур,Bobur,false
QR-207001,QR-207,1735207,1735207011,202847275,Birlik,Бирлик,Бирлик,Birlik,false
QR-207002,QR-207,1735207,0,,Shabbaz,Шаббаз,Шаббаз,Shabbaz,true
QR-207003,QR-207,1735207,0,,Navoiy,Навоий,Навоий,Navoiy,true
QR-207004,QR-207,1735207,0,,Qizilkala,Қизилкала,Қизилкала,Qizilkala,true
QR-207005,QR-207,1735207,1735207017,202010004,Sarkop,Саркоп,Саркоп,Sarkop,false
QR-207006,QR-207,1735207,1735207001,205054991,Abay,Абай,Абай,Abay,false
QR-207007,QR-207,1735207,0,,Kangshartol,Кангшартол,Кангшартол,Kangshartol,true
QR-207008,QR-207,1735207,1735207007,205959252,Mustaqillik,Мустақиллик,Мустакиллик,Mustaqillik,false
QR-207009,QR-207,1735207,1735207008,205959244,Nayman,Найман,Найман,Nayman,false
QR-207010,QR-207,1735207,1735207031,205054976,Ibn-sino,Ибн-сино,Ибн-Сино,Ibn-sino,false
QR-207011,QR-207,1735207,1735207035,205054984,Turon,Турон,Турон,Turon,false
QR-207012,QR-207,1735207,0,,Jumaniyazov,Жуманиязов,Жуманиязов,Jumaniyazov,true
QR-207013,QR-207,1735207,1735207015,206984959,Palvash,Палваш,Палваш,Palvash,false
QR-207014,QR-207,1735207,0,,Xorazim,Хоразим,Хоразим,Xorazim,true
QR-207015,QR-207,1735207,1735207006,202847196,Qiyat,Қият,Кият,Qiyat,false
QR-207016,QR-207,1735207,1735207004,202847140,Guliston,Гулистон,Гулистон,Guliston,false
QR-207017,QR-207,1735207,1735207021,202847157,Amir temur,Амир темур,Амир Темур,Amir temur,false
QR-207018,QR-207,1735207,1735207026,202010012,Navoiy,Навоий,Навои,Navoiy,false
QR-207019,QR-207,1735207,1735207023,202847189,Jayxun,Жайхун,Жайхун,Jayxun,false
QR-207020,QR-207,1735207,1735207022,200937441,Do‘stlik,Дўстлик,Достлик,Dóstlik,false
QR-207021,QR-207,1735207,1735207033,202847164,Markaziy,Марказий,Марказий,Markaziy,false
QR-207022,QR-207,1735207,0,,Shabboz,Шаббоз,Шаббоз,Shabboz,true
QR-207023,QR-207,1735207,1735207032,202847229,Istiqlol,Истиқлол,Истиклол,Istiqlol,false
QR-207024,QR-207,1735207,0,,Bunyotkor,Бунёткор,Бунёткор,Bunyotkor,true
QR-207025,QR-207,1735207,1735207012,202847204,Buston,Бустон,Бустон,Buston,false
QR-207026,QR-207,1735207,0,,Tuqimachi,Туқимачи,Туқимачи,Tuqimachi,true
QR-207027,QR-207,1735207,1735207014,202847251,Navruz,Навруз,Навруз,Navruz,false
QR-207028,QR-207,1735207,1735207016,202847268,Paxtakor,Пахтакор,Пахтакор,Paxtakor,false
QR-207029,QR-207,1735207,0,,Do‘stlik,Дўстлик,Дўстлик,Dóstlik,true
QR-207030,QR-207,1735207,1735207028,204502617,Yangiobod,Янгиобод,Янгиобод,Yangiobod,false
QR-207031,QR-207,1735207,1735207009,200937458,Oltinsoy,Олтинсой,Олтинсой,Oltinsoy,false
QR-207032,QR-207,1735207,1735207002,202010029,Beruniy,Беруний,Беруний,Beruniy,false
QR-207033,QR-207,1735207,1735207003,200937426,Biybazar,Бийбазар,Бийбазар,Biybazar,false
QR-207034,QR-207,1735207,1735207027,200937419,Ozod,Озод,Озод,Ozod,false
QR-207035,QR-207,1735207,1735207025,203841576,Maxtumquli,Махтумқули,Махтумкули,Maxtumquli,false
QR-207036,QR-207,1735207,1735207018,200937473,Tinchlik,Тинчлик,Тинчлик,Tinchlik,false
QR-207037,QR-207,1735207,1735207038,200937394,Shimom,Шимом,Шимом,Shimom,false
QR-207038,QR-207,1735207,1735207040,207320991,Saroyko‘l,Саройкўл,Саройкул,Saroykól,false
QR-207039,QR-207,1735207,1735207039,207320976,Obi-xayot,Оби-хаёт,Оби-хаёт,Obi-xayot,false
QR-207040,QR-207,1735207,1735207020,207320984,Lolazor,Лолазор,Лолазор,Lolazor,false
QR-23020036,QR-207,1735207,1735207010,202847133,Xorazm,Хоразм,Хоразм,Xorazm,false
QR-23020034,QR-207,1735207,1735207034,202847236,To‘qimachi,Тўқимачи,Тукимачи,Tóqimachi,false
QR-23020010,QR-207,1735207,1735207029,202847244,Ziyokor,Зиёкор,Зиёкор,Ziyokor,false
QR-23020006,QR-207,1735207,1735207030,202847283,Bunyodkor,Бунёдкор,Бунёдкор,Bunyodkor,false
QR-23020012,QR-207,1735207,1735207019,206984942,U.jumaniyozov,У.жуманиёзов,У.Жуманиёзов,U.jumaniyozov,false
QR-23020023,QR-207,1735207,1735207013,202847172,Serquyosh,Серқуёш,Серкуёш,Serquyosh,false
QR-23020016,QR-207,1735207,1735207024,200937465,Qizilqal‘a,Қизилқалъа,Кизилкала,Qizilqal‘a,false
QR-23020038,QR-207,1735207,1735207036,202847212,Yangi o‘zbekiston,Янги ўзбекистон,Янги Узбекистон,Yangi ózbekiston,false
QR-23020037,QR-207,1735207,1735207037,200937402,Shobboz,Шоббоз,Шоббоз,Shobboz,false
QR-23020015,QR-207,1735207,1735207005,205959269,Qangshartal,Қангшартал,Кангшартал,Qangshartal,false
QR-209001,QR-209,1735209,1735209002,202790429,Aspantay,Аспантай,Аспантай,Aspantay,false
QR-209002,QR-209,1735209,0,,Bo‘zatov,Бўзатов,Бўзатов,Bózatov,true
QR-209003,QR-209,1735209,1735209004,205013188,Ko‘k-suv,Кўк-сув,Кук сув,Kók-suv,false
QR-209004,QR-209,1735209,0,,Qusxanatov,Қусханатов,Қусханатов,Qusxanatov,true
QR-209005,QR-209,1735209,0,,Erkindaryo,Еркиндарё,Еркиндарё,Erkindaryo,true
QR-23030005,QR-209,1735209,1735209003,202790396,Kusxanatau,Кусханатау,Кусханатау,Kusxanatau,false
QR-23030003,QR-209,1735209,1735209005,202790404,Erkindarya,Еркиндарья,Еркиндарья,Erkindarya,false
QR-23030002,QR-209,1735209,1735209001,203147853,Bozatou,Бозатоу,Бозатоу,Bozatou,false
QR-211001,QR-211,1735211,0,,Qorao‘zak shfy,Қораўзак шфй,Қораўзак шфй,Qoraózak shfy,true
QR-211002,QR-211,1735211,0,,Ata mәkan,Ата мәкан,Ата мәкан,Ata mәkan,true
QR-211003,QR-211,1735211,1735211001,204895191,Esim,Есим,Есим,Esim,false
QR-211004,QR-211,1735211,0,,G‘әrezsizlik gүzari,Ғәрезсизлик гүзари,Ғәрезсизлик гүзари,Ǵәrezsizlik gүzari,true
QR-211005,QR-211,1735211,0,,Qutli mәkan,Қутли мәкан,Қутли мәкан,Qutli mәkan,true
QR-211006,QR-211,1735211,1735211005,202805501,Quralpa,Қуралпа,Куралпа,Quralpa,false
QR-211007,QR-211,1735211,0,,Qaraөzek,Қараөзек,Қараөзек,Qaraөzek,true
QR-211008,QR-211,1735211,0,,Esimөzek,Есимөзек,Есимөзек,Esimөzek,true
QR-211009,QR-211,1735211,0,,Mәdeniyat,Мәденият,Мәденият,Mәdeniyat,true
QR-211010,QR-211,1735211,1735211002,202805485,Berdax,Бердах,Бердах,Berdax,false
QR-211011,QR-211,1735211,0,,A.Kamalov,А.камалов,А.камалов,A.Kamalov,true
QR-211012,QR-211,1735211,0,,A.Dosnazarov,А.досназаров,А.досназаров,A.Dosnazarov,true
QR-211013,QR-211,1735211,1735211004,202805478,Qoybaq,Қойбақ,Койбак,Qoybaq,false
QR-23140012,QR-211,1735211,1735211011,204927689,Qutli makan,Қутли макан,Кутли макан,Qutli makan,false
QR-23140003,QR-211,1735211,1735211008,204895216,Ata makan,Ата макан,Ата макан,Ata makan,false
QR-23140008,QR-211,1735211,1735211007,202805454,Qarao‘zek,Қараўзек,Караузек,Qaraózek,false
QR-23140007,QR-211,1735211,1735211013,204960199,Esimo‘zek,Эсимўзек,Эсимузек,Esimózek,false
QR-23140005,QR-211,1735211,1735211009,204895184,G‘arezsizlik guzari,Ғарезсизлик гузари,Гарезсизлик гузари,Ǵarezsizlik guzari,false
QR-23140001,QR-211,1735211,1735211006,202805518,Allayar dosnazarov,Аллаяр досназаров,Аллаяр Досназаров,Allayar dosnazarov,false
QR-23140002,QR-211,1735211,1735211003,202805493,Akademik sabir kamalov,Академик сабир камалов,Академик Сабир Камалов,Akademik sabir kamalov,false
QR-23140009,QR-211,1735211,1735211012,202805461,Qarao‘zek,Қараўзек,Караузек,Qaraózek,false
QR-23140013,QR-211,1735211,1735211010,202841807,Madeniyat,Маденият,Маденият,Madeniyat,false
QR-212001,QR-212,1735212,1735212014,202802807,Baxitli,Бахитли,Бахитли,Baxitli,false
QR-212002,QR-212,1735212,1735212001,202805439,Juzim bag‘,Жузим бағ,Жузим баг,Juzim baǵ,false
QR-212003,QR-212,1735212,1735212002,202802767,Nurli bostan,Нурли бостан,Нурли бостан,Nurli bostan,false
QR-212004,QR-212,1735212,1735212005,202825571,Janabazar,Жанабазар,Жанабазар,Janabazar,false
QR-212005,QR-212,1735212,1735212012,202822362,Aqtuba,Ақтуба,Актуба,Aqtuba,false
QR-212006,QR-212,1735212,0,,Jilo‘an jap,Жилўан жап,Жилўан жап,Jilóan jap,true
QR-212007,QR-212,1735212,1735212007,202805414,Madeniyat,Маденият,Маденият,Madeniyat,false
QR-212008,QR-212,1735212,1735212008,202815039,Jalpaq jap,Жалпақ жап,Жалпак жап,Jalpaq jap,false
QR-212009,QR-212,1735212,1735212009,202811764,Kumshungul,Кумшунгул,Кумшунгул,Kumshungul,false
QR-212010,QR-212,1735212,1735212013,202805407,Abat makan,Абат макан,Абат Макан,Abat makan,false
QR-212011,QR-212,1735212,1735212016,202802774,Quyashli,Қуяшли,Куяшли,Quyashli,false
QR-212012,QR-212,1735212,0,,Altin tala,Алтин тала,Алтин тала,Altin tala,true
QR-212013,QR-212,1735212,1735212015,202802799,Gujim terek,Гужим терек,Гужим Терек,Gujim terek,false
QR-212014,QR-212,1735212,1735212003,202805422,Abat,Абат,Абат,Abat,false
QR-212015,QR-212,1735212,1735212011,207339634,Ko‘ko‘zek,Кўкўзек,Кукузек,Kókózek,false
QR-23040009,QR-212,1735212,1735212006,202805399,Jiluanjap,Жилуанжап,Жилуанжап,Jiluanjap,false
QR-23040016,QR-212,1735212,1735212010,202802782,Xalqabad,Халқабад,Халкабад,Xalqabad,false
QR-23040010,QR-212,1735212,1735212004,207339627,Iyshan qala,Ийшан қала,Ийшан кала,Iyshan qala,false
QR-215001,QR-215,1735215,1735215001,206829706,Almazar,Алмазар,Алмазар,Almazar,false
QR-215002,QR-215,1735215,1735215002,203029588,Taraqli,Тарақли,Таракли,Taraqli,false
QR-215003,QR-215,1735215,1735215003,206829674,Gulabad,Гулабад,Гулабад,Gulabad,false
QR-215004,QR-215,1735215,1735215004,203029667,Talliq,Таллиқ,Таллик,Talliq,false
QR-215005,QR-215,1735215,1735215005,203029650,Xan-jap,Хан-жап,Хан-жап,Xan-jap,false
QR-215006,QR-215,1735215,1735215006,206829753,Adebiyat,Адебият,Адебият,Adebiyat,false
QR-215007,QR-215,1735215,1735215007,203029674,Xorezm,Хорезм,Хорезм,Xorezm,false
QR-215008,QR-215,1735215,0,,Qiyot,Қиёт,Қиёт,Qiyot,true
QR-215009,QR-215,1735215,1735215009,205953103,Ornek,Орнек,Урнек,Ornek,false
QR-215010,QR-215,1735215,1735215010,203029746,Jasliq,Жаслиқ,Жаслик,Jasliq,false
QR-215011,QR-215,1735215,1735215011,206829681,Temir jol,Темир жол,Темир жол,Temir jol,false
QR-215012,QR-215,1735215,1735215012,203029628,Qashi,Қаши,Каши,Qashi,false
QR-215013,QR-215,1735215,1735215013,203029643,Berdax,Бердах,Бердах,Berdax,false
QR-215014,QR-215,1735215,1735215014,203029635,Monshaqli,Моншақли,Моншакли,Monshaqli,false
QR-215015,QR-215,1735215,1735215015,205953127,Ajiniyaz,Ажинияз,Ажинияз,Ajiniyaz,false
QR-215016,QR-215,1735215,0,,Qaңli,Қаңли,Қаңли,Qaңli,true
QR-215017,QR-215,1735215,0,,Qoңirat,Қоңират,Қоңират,Qoңirat,true
QR-215018,QR-215,1735215,1735215018,205953094,Ustirt,Устирт,Устирт,Ustirt,false
QR-215019,QR-215,1735215,1735215019,205953087,Yelabad,Елабад,Елабад,Yelabad,false
QR-215020,QR-215,1735215,1735215020,203029739,Qiriq qiz,Қириқ қиз,Кирик-киз,Qiriq qiz,false
QR-215021,QR-215,1735215,0,,Miңjarg‘an,Миңжарған,Миңжарған,Miңjarǵan,true
QR-215022,QR-215,1735215,1735215022,203029604,Qumbiz,Қумбиз,Кумбиз,Qumbiz,false
QR-215023,QR-215,1735215,1735215023,203029611,Qaratal,Қаратал,Каратал,Qaratal,false
QR-215024,QR-215,1735215,1735215024,206829714,Hakim-ata,Ҳаким-ата,Хаким-ата,Hakim-ata,false
QR-215025,QR-215,1735215,0,,Rao‘shan,Раўшан,Раўшан,Raóshan,true
QR-215026,QR-215,1735215,1735215026,207148872,Ko‘kdar‘ya,Кўкдаръя,Кукдарья,Kókdar‘ya,false
QR-215027,QR-215,1735215,1735215027,203029707,Miynetabad,Мийнетабад,Мийнетабад,Miynetabad,false
QR-215028,QR-215,1735215,1735215028,206829721,Turkistan,Туркистан,Туркистан,Turkistan,false
QR-215029,QR-215,1735215,1735215029,207062356,Altinko‘l,Алтинкўл,Алтинкул,Altinkól,false
QR-215030,QR-215,1735215,1735215030,203029722,Qaraqalpaqstan,Қарақалпақстан,Каракалпакстан,Qaraqalpaqstan,false
QR-215031,QR-215,1735215,1735215031,203029564,Bostan,Бостан,Бостан,Bostan,false
QR-215032,QR-215,1735215,1735215032,206829698,Turan,Туран,Туран,Turan,false
QR-215033,QR-215,1735215,0,,Qoңirat,Қоңират,Қоңират,Qoңirat,true
QR-215034,QR-215,1735215,1735215034,206829666,Azatliq,Азатлиқ,Азатлык,Azatliq,false
QR-215035,QR-215,1735215,1735215035,203029571,Sanaat,Санаат,Санаат,Sanaat,false
QR-215036,QR-215,1735215,1735215036,203029595,Jinishke,Жинишке,Жинишке,Jinishke,false
QR-215037,QR-215,1735215,1735215037,203029714,Qipshaq,Қипшақ,Кипшак,Qipshaq,false
QR-215038,QR-215,1735215,1735215038,203029556,Navoiy,Навоий,Навоий,Navoiy,false
QR-215039,QR-215,1735215,1735215039,205953110,Suo‘enli,Суўенли,Сууенли,Suóenli,false
QR-23150018,QR-215,1735215,1735215033,203029549,Besqala,Бесқала,Бескала,Besqala,false
QR-23150025,QR-215,1735215,1735215021,206829738,Minjarg‘an,Минжарған,Минжарган,Minjarǵan,false
QR-23150019,QR-215,1735215,1735215017,203029682,Qongirat,Қоңырат,Конырат,Qongirat,false
QR-23150012,QR-215,1735215,1735215016,206829745,Qangli,Қаңлы,Канлы,Qangli,false
QR-23150016,QR-215,1735215,1735215008,207273204,Kiet,Киет,Киет,Kiet,false
QR-23150028,QR-215,1735215,1735215025,203029699,Raushan,Раушан,Раушан,Raushan,false
QR-218001,QR-218,1735218,1735218001,203054677,Besko‘pir,Бескўпир,Бескопир,Beskópir,false
QR-218002,QR-218,1735218,0,,Navro‘z,Наврўз,Наврўз,Navróz,true
QR-218003,QR-218,1735218,0,,Qonliko‘l,Қонликўл,Қонликўл,Qonlikól,true
QR-218004,QR-218,1735218,0,,Jana qala,Жана қала,Жана қала,Jana qala,true
QR-218005,QR-218,1735218,0,,Bo‘ston,Бўстон,Бўстон,Bóston,true
QR-218006,QR-218,1735218,0,,Madaniyat,Маданият,Маданият,Madaniyat,true
QR-218007,QR-218,1735218,0,,Qosjap,Қосжап,Қосжап,Qosjap,true
QR-218008,QR-218,1735218,1735218008,206979053,Jayxun,Жайхун,Жайхун,Jayxun,false
QR-218009,QR-218,1735218,1735218009,206923384,Arzimbetqum,Арзимбетқум,Арзимбет кум,Arzimbetqum,false
QR-218010,QR-218,1735218,0,,Qonliko‘l,Қонликўл,Қонликўл,Qonlikól,true
QR-218011,QR-218,1735218,0,,Do‘stlik,Дўстлик,Дўстлик,Dóstlik,true
QR-23130010,QR-218,1735218,1735218006,302688700,Madeniyat,Маденият,Маденият,Madeniyat,false
QR-23130009,QR-218,1735218,1735218007,203054660,Sari altin,Сари алтин,Сари алтин,Sari altin,false
QR-23130004,QR-218,1735218,1735218011,302688717,Dosliq,Дослиқ,Дослик,Dosliq,false
QR-23130003,QR-218,1735218,1735218005,206956880,Bostan,Бостан,Бостан,Bostan,false
QR-23130006,QR-218,1735218,1735218004,204805784,Janga qala,Жаңа қала,Жана кала,Janga qala,false
QR-23130007,QR-218,1735218,1735218003,203054645,Qanlikul,Қанликул,Канликул,Qanlikul,false
QR-23130011,QR-218,1735218,1735218002,203054684,Navriz,Навриз,Навриз,Navriz,false
QR-23130008,QR-218,1735218,1735218010,203054653,Altinko‘l,Алтинкўл,Алтинкул,Altinkól,false
QR-222001,QR-222,1735222,0,,Mo‘ynoq,Мўйноқ,Мўйноқ,Móynoq,true
QR-222002,QR-222,1735222,0,,Orol,Орол,Орол,Orol,true
QR-222003,QR-222,1735222,1735222003,202800840,Jayxun,Жайхун,Жайхун,Jayxun,false
QR-222004,QR-222,1735222,0,,Talli-o‘zyak,Талли-ўзяк,Талли-ўзяк,Talli-ózyak,true
QR-222005,QR-222,1735222,0,,Do‘slik,Дўслик,Дўслик,Dóslik,true
QR-222006,QR-222,1735222,0,,Uchsoy,Учсой,Учсой,Uchsoy,true
QR-222007,QR-222,1735222,0,,Tik-o‘zyak,Тик-ўзяк,Тик-ўзяк,Tik-ózyak,true
QR-222008,QR-222,1735222,0,,Bozatov,Бозатов,Бозатов,Bozatov,true
QR-222009,QR-222,1735222,1735222009,202800912,Madeli,Мадели,Мадели,Madeli,false
QR-222010,QR-222,1735222,0,,Hokim-ota,Ҳоким-ота,Ҳоким-ота,Hokim-ota,true
QR-222011,QR-222,1735222,0,,Qozoqdaryo,Қозоқдарё,Қозоқдарё,Qozoqdaryo,true
QR-23050001,QR-222,1735222,1735222002,202800833,Aral,Арал,Арал,Aral,false
QR-23050009,QR-222,1735222,1735222004,202800857,Talli ozek,Талли озек,Талли озек,Talli ozek,false
QR-23050012,QR-222,1735222,1735222010,204516148,Xakim ata,Хаким ата,Хаким ата,Xakim ata,false
QR-23050005,QR-222,1735222,1735222012,202800904,Kazaxdarya,Казахдарья,Казахдарья,Kazaxdarya,false
QR-23050008,QR-222,1735222,1735222001,202800825,Moynaq,Мойнақ,Мойнак,Moynaq,false
QR-23050006,QR-222,1735222,1735222011,207340484,Qizil jar,Қизил жар,Кизил жар,Qizil jar,false
QR-23050010,QR-222,1735222,1735222007,202800889,Tik-uzyak,Тик-узяк,Тик-узяк,Tik-uzyak,false
QR-23050011,QR-222,1735222,1735222006,202797814,Ushsay,Ушсай,Ушсай,Ushsay,false
QR-23050003,QR-222,1735222,1735222005,202800872,Dosliq,Дослиқ,Дослик,Dosliq,false
QR-23050002,QR-222,1735222,1735222008,202800896,Bozatau,Бозатау,Бозатау,Bozatau,false
QR-225001,QR-225,1735225,0,,Oqmang‘it,Оқманғит,Оқманғит,Oqmanǵit,true
QR-225002,QR-225,1735225,1735225001,302692032,Aqterek,Ақтерек,Актерек,Aqterek,false
QR-225003,QR-225,1735225,1735225006,203077743,Arbashi,Арбаши,Арбаши,Arbashi,false
QR-225004,QR-225,1735225,1735225004,203112540,Baqanshaqli,Бақаншақли,Баканшакли,Baqanshaqli,false
QR-225005,QR-225,1735225,1735225007,203131803,Kerder,Кердер,Кердер,Kerder,false
QR-225006,QR-225,1735225,1735225002,203112557,Qirantov,Қирантов,Кирантов,Qirantov,false
QR-225007,QR-225,1735225,1735225005,304009466,Qutanko‘l,Қутанкўл,Кутан-кул,Qutankól,false
QR-225008,QR-225,1735225,1735225010,203216237,Samanbay,Саманбай,Саманбай,Samanbay,false
QR-225009,QR-225,1735225,0,,Taqirko‘l,Тақиркўл,Тақиркўл,Taqirkól,true
QR-225010,QR-225,1735225,0,,Toktov,Токтов,Токтов,Toktov,true
QR-23060011,QR-225,1735225,1735225011,310207337,Darsan,Дарсан,Дарсан,Darsan,false
QR-23060013,QR-225,1735225,1735225013,310207297,Үlgili makan,Үлгили макан,Үлгили макан,Үlgili makan,false
QR-23060012,QR-225,1735225,1735225012,310207241,Diyxan arna,Дийхан арна,Дийхан арна,Diyxan arna,false
QR-23060010,QR-225,1735225,1735225008,302692049,Tok tau,Ток тау,Ток тау,Tok tau,false
QR-23060002,QR-225,1735225,1735225009,202822379,Aqmang‘it,Ақманғит,Акмангит,Aqmanǵit,false
QR-23060009,QR-225,1735225,1735225003,203216244,Taxirkol,Тахиркол,Тахиркол,Taxirkol,false
QR-228001,QR-228,1735228,1735228008,202426958,Aydin jol,Айдин жол,Айдынжол,Aydin jol,false
QR-228002,QR-228,1735228,0,,Do‘stlik,Дўстлик,Дўстлик,Dóstlik,true
QR-228003,QR-228,1735228,1735228002,201832192,Jayxun,Жайхун,Жайхун,Jayxun,false
QR-228004,QR-228,1735228,1735228012,202780052,Keneges,Кенегес,Кенегес,Keneges,false
QR-228005,QR-228,1735228,0,,Qo‘shchilik,Қўшчилик,Қўшчилик,Qóshchilik,true
QR-228006,QR-228,1735228,0,,Markaziy,Марказий,Марказий,Markaziy,true
QR-228007,QR-228,1735228,0,,Naymanko‘l,Найманкўл,Найманкўл,Naymankól,true
QR-228008,QR-228,1735228,1735228010,204759992,Nurli keleshek,Нурли келешек,Нурли келешек,Nurli keleshek,false
QR-228009,QR-228,1735228,0,,Obod makon,Обод макон,Обод макон,Obod makon,true
QR-228010,QR-228,1735228,0,,Saraykol,Сарайкол,Сарайкол,Saraykol,true
QR-228011,QR-228,1735228,1735228003,201832200,Taxiatosh,Тахиатош,Тахиатош,Taxiatosh,false
QR-228012,QR-228,1735228,0,,Xalqlar do‘stligi,Халқлар дўстлиги,Халқлар дўстлиги,Xalqlar dóstligi,true
QR-228013,QR-228,1735228,0,,Shamchiroq,Шамчироқ,Шамчироқ,Shamchiroq,true
QR-23180001,QR-228,1735228,1735228001,201832184,Obad makon,Обад макон,Обад макон,Obad makon,false
QR-23180014,QR-228,1735228,1735228014,310201242,Yangi makon,Янги макон,Янги макон,Yangi makon,false
QR-23180006,QR-228,1735228,1735228007,202779534,Qusshiliq,Қусшилиқ,Кусшилик,Qusshiliq,false
QR-23180009,QR-228,1735228,1735228009,204760004,Orayliq,Орайлиқ,Орайлик,Orayliq,false
QR-23180013,QR-228,1735228,1735228004,201832217,Shamshiraq,Шамширақ,Шамширак,Shamshiraq,false
QR-23180007,QR-228,1735228,1735228011,202800929,Naymankul,Найманкул,Найманкул,Naymankul,false
QR-23180012,QR-228,1735228,1735228006,202676964,Halqlar doslig‘i,Ҳалқлар дослиғи,Халклар дослиги,Halqlar dosliǵi,false
QR-23180010,QR-228,1735228,1735228013,202780131,Saraykul,Сарайкул,Сарайкул,Saraykul,false
QR-23180003,QR-228,1735228,1735228005,202501438,Dosliq,Дослиқ,Дослик,Dosliq,false
QR-230001,QR-230,1735230,1735230003,301050128,Dao‘ir,Даўир,Дауир,Daóir,false
QR-230002,QR-230,1735230,1735230001,202816567,Atakol,Атакол,Атакул,Atakol,false
QR-230003,QR-230,1735230,0,,Janadar‘ya,Жанадаръя,Жанадаръя,Janadar‘ya,true
QR-230004,QR-230,1735230,1735230004,301050143,Aydin jol,Айдин жол,Айдин жол,Aydin jol,false
QR-230005,QR-230,1735230,1735230005,202969804,Dao‘qara,Даўқара,Даукара,Daóqara,false
QR-230006,QR-230,1735230,1735230006,301050680,Qarateren,Қаратерен,Каратерен,Qarateren,false
QR-230007,QR-230,1735230,0,,Beltao‘,Белтаў,Белтаў,Beltaó,true
QR-230008,QR-230,1735230,1735230009,202831289,Qaraoy,Қараой,Кара-ой,Qaraoy,false
QR-230009,QR-230,1735230,1735230008,301050095,G‘arezsizlik,Ғарезсизлик,Гарезсизлик,Ǵarezsizlik,false
QR-230010,QR-230,1735230,0,,O‘zbekiston,Ўзбекистон,Ўзбекистон,Ózbekiston,true
QR-230011,QR-230,1735230,1735230011,301050673,Marjanko‘l,Маржанкўл,Маржанкул,Marjankól,false
QR-230012,QR-230,1735230,1735230012,203023328,Taxtako‘pir,Тахтакўпир,Тахтакупир,Taxtakópir,false
QR-230013,QR-230,1735230,0,,Taxtako‘pir,Тахтакўпир,Тахтакўпир,Taxtakópir,true
QR-230014,QR-230,1735230,0,,Qo‘ng‘irotko‘l,Қўнғироткўл,Қўнғироткўл,Qónǵirotkól,true
QR-230015,QR-230,1735230,0,,Mulk,Мулк,Мулк,Mulk,true
QR-230016,QR-230,1735230,0,,Dao‘itsay,Даўицай,Даўицай,Daóitsay,true
QR-230017,QR-230,1735230,1735230017,204012260,Qostruba,Қоструба,Коструба,Qostruba,false
QR-23070017,QR-230,1735230,1735230010,301050150,O‘zbekistan,Ўзбекистан,Узбекистан,Ózbekistan,false
QR-23070007,QR-230,1735230,1735230016,301049467,Dao‘ыt say,Даўыт сай,Дауыт сай,Daóыt say,false
QR-23070004,QR-230,1735230,1735230007,202831296,Beltau,Белтау,Белтау,Beltau,false
QR-23070009,QR-230,1735230,1735230002,202763437,Jaңadarya,Жаңадарья,Жаңадарья,Jaңadarya,false
QR-23070011,QR-230,1735230,1735230014,202816574,Qongiratkol,Қоңыраткөл,Коныраткол,Qongiratkol,false
QR-23070001,QR-230,1735230,1735230013,202816582,Ag‘itay adilov,Ағитай адилов,Агитай Адилов,Aǵitay adilov,false
QR-23070015,QR-230,1735230,1735230015,202816599,Mulik,Мулик,Мулик,Mulik,false
QR-233001,QR-233,1735233,1735233004,203571249,Istiqlol,Истиқлол,Истиклол,Istiqlol,false
QR-233002,QR-233,1735233,1735233003,203175384,Jayxun,Жайхун,Жайхун,Jayxun,false
QR-233003,QR-233,1735233,1735233005,203584460,Navruz,Навруз,Навруз,Navruz,false
QR-233004,QR-233,1735233,1735233001,203575194,Do‘stlik,Дўстлик,Дустлик,Dóstlik,false
QR-233005,QR-233,1735233,1735233002,203575203,Yoshlik,Ёшлик,Ёшлик,Yoshlik,false
QR-233006,QR-233,1735233,1735233009,303694844,Anxorli,Анхорли,Анхорли,Anxorli,false
QR-233007,QR-233,1735233,1735233007,203590225,Sho‘raxon,Шўрахон,Шурахон,Shóraxon,false
QR-233008,QR-233,1735233,1735233010,203581125,Ko‘na-to‘rtko‘l,Кўна-тўрткўл,Куна Турткул,Kóna-tórtkól,false
QR-233009,QR-233,1735233,1735233006,203585927,Paxtachi,Пахтачи,Пахтачи,Paxtachi,false
QR-233010,QR-233,1735233,1735233008,203571256,Yonboshqal‘a,Ёнбошқалъа,Ёнбошкала,Yonboshqal‘a,false
QR-233011,QR-233,1735233,1735233016,203581118,Shodlik,Шодлик,Шодлик,Shodlik,false
QR-233012,QR-233,1735233,1735233013,203571224,Beruniy,Беруний,Беруний,Beruniy,false
QR-233013,QR-233,1735233,1735233014,303694812,Mash‘al,Машъал,Машъал,Mash‘al,false
QR-233014,QR-233,1735233,1735233015,203571232,O‘zbekiston,Ўзбекистон,Узбекистон,Ózbekiston,false
QR-233015,QR-233,1735233,1735233012,203581140,Kaltaminor,Калтаминор,Калтаминор,Kaltaminor,false
QR-233016,QR-233,1735233,1735233017,203601494,Paxtaobod,Пахтаобод,Пахтаобод,Paxtaobod,false
QR-233017,QR-233,1735233,1735233011,203577120,Atauba,Атауба,Атауба,Atauba,false
QR-233018,QR-233,1735233,1735233022,203029840,Guliston,Гулистон,Гулистон,Guliston,false
QR-233019,QR-233,1735233,1735233027,202265408,Yangiobod,Янгиобод,Янгиобод,Yangiobod,false
QR-233020,QR-233,1735233,1735233023,201236166,Ibn sino,Ибн сино,Ибн Сино,Ibn sino,false
QR-233021,QR-233,1735233,1735233025,202959319,Mustaqillik,Мустақиллик,Мустакиллик,Mustaqillik,false
QR-233022,QR-233,1735233,1735233021,201236467,Bog‘yop,Боғёп,Бог-ёп,Boǵyop,false
QR-233023,QR-233,1735233,1735233026,201826380,Navoiy,Навоий,Навоий,Navoiy,false
QR-233024,QR-233,1735233,1735233018,203577137,Otayurt,Отаюрт,Отаюрт,Otayurt,false
QR-233025,QR-233,1735233,1735233024,203605021,Ko‘kcha,Кўкча,Кукча,Kókcha,false
QR-233026,QR-233,1735233,1735233020,203593370,Oqqamish,Оққамиш,Оккамиш,Oqqamish,false
QR-233027,QR-233,1735233,1735233019,203596485,Oqboshli,Оқбошли,Окбошли,Oqboshli,false
QR-233028,QR-233,1735233,1735233032,203567892,Tinchlik,Тинчлик,Тинчлик,Tinchlik,false
QR-233029,QR-233,1735233,1735233034,203585910,Toshkent,Тошкент,Тошкент,Toshkent,false
QR-233030,QR-233,1735233,1735233030,203075359,G‘alaba,Ғалаба,Галаба,Ǵalaba,false
QR-233031,QR-233,1735233,1735233029,203551558,O‘zbekiston,Ўзбекистон,Узбекистон,Ózbekiston,false
QR-233032,QR-233,1735233,1735233036,203112572,To‘rtko‘l,Тўрткўл,Турткул,Tórtkól,false
QR-233033,QR-233,1735233,1735233035,203182700,Turkiston,Туркистон,Туркистон,Turkiston,false
QR-233034,QR-233,1735233,1735233031,203488628,Markazobod,Марказобод,Марказобод,Markazobod,false
QR-233035,QR-233,1735233,0,,Ullibog‘,Уллибоғ,Уллибоғ,Ulliboǵ,true
QR-233036,QR-233,1735233,0,,Qumbasqan,Қумбасқан,Қумбасқан,Qumbasqan,true
QR-233037,QR-233,1735233,1735233033,203585903,Tozabog‘yop,Тозабоғёп,Тозабог ёп,Tozaboǵyop,false
QR-23080043,QR-233,1735233,1735233043,310209681,Tozabo‘zyop,Тозабўзёп,Тозабузёп,Tozabózyop,false
QR-23080045,QR-233,1735233,1735233045,310209935,Turkman ko‘li,Туркман кўли,Туркман кули,Turkman kóli,false
QR-23080040,QR-233,1735233,1735233040,310206339,Nurli yo‘l,Нурли йўл,Нурли йул,Nurli yól,false
QR-23080044,QR-233,1735233,1735233044,310212015,Yaxtilik,Яхтилик,Яхтилик,Yaxtilik,false
QR-23080048,QR-233,1735233,1735233048,310220734,Bazirgan,Базирган,Базирган,Bazirgan,false
QR-23080039,QR-233,1735233,1735233039,310215059,Yashnobod,Яшнобод,Яшнобод,Yashnobod,false
QR-23080042,QR-233,1735233,1735233042,310183550,Miskin,Мискин,Мискин,Miskin,false
QR-23080046,QR-233,1735233,1735233046,310223950,Yangi hayot,Янги ҳаёт,Янги хаёт,Yangi hayot,false
QR-23080038,QR-233,1735233,1735233038,310207606,Ziyokor,Зиёкор,Зиёкор,Ziyokor,false
QR-23080049,QR-233,1735233,1735233049,310221234,Bahor,Баҳор,Бахор,Bahor,false
QR-23080041,QR-233,1735233,1735233041,310224808,Yakkatol,Нурли уллибоғ,Нурли уллибог,Yakkatol,false
QR-23080047,QR-233,1735233,1735233047,310217854,Nurata,Нурата,Нурата,Nurata,false
QR-23080014,QR-233,1735233,1735233028,203581133,Qumbaskan,Қумбаскан,Кумбаскан,Qumbaskan,false
QR-23080033,QR-233,1735233,1735233037,203594662,Ullubog‘,Уллубоғ,Уллубог,Ulluboǵ,false
QR-236001,QR-236,1735236,1735236008,202780210,Bayterek,Байтерек,Байтерек,Bayterek,false
QR-236002,QR-236,1735236,1735236009,202831329,Juzimzar,Жузимзар,Жузимзар,Juzimzar,false
QR-236003,QR-236,1735236,1735236010,202780170,Tinishliq,Тинишлиқ,Тинишлик,Tinishliq,false
QR-236004,QR-236,1735236,1735236014,202780148,Kun nuri,Кун нури,Кун нури,Kun nuri,false
QR-236005,QR-236,1735236,1735236001,202780163,Obod,Обод,Обод,Obod,false
QR-236006,QR-236,1735236,1735236021,202780242,Murtazabiy,Муртазабий,Муртазабий,Murtazabiy,false
QR-236007,QR-236,1735236,1735236011,202780155,Tasko‘pir,Таскўпир,Таскупир,Taskópir,false
QR-236008,QR-236,1735236,0,,Madeniyat,Маденият,Маденият,Madeniyat,true
QR-236009,QR-236,1735236,1735236002,202780314,Nurli jol,Нурли жол,Нурли жол,Nurli jol,false
QR-236010,QR-236,1735236,1735236015,202780187,Qirqinshi,Қирқинши,Киркинши,Qirqinshi,false
QR-236011,QR-236,1735236,1735236016,202780203,Suenli,Суенли,Суенли,Suenli,false
QR-236012,QR-236,1735236,1735236023,202780124,Parvoz,Парвоз,Парвоз,Parvoz,false
QR-236013,QR-236,1735236,1735236017,202780076,Qumbiz,Қумбиз,Кумбиз,Qumbiz,false
QR-236014,QR-236,1735236,1735236024,202780194,Shag‘ala ko‘l,Шағала кўл,Шагалакол,Shaǵala kól,false
QR-236015,QR-236,1735236,1735236003,202780274,Tutzar,Тутзар,Тутзар,Tutzar,false
QR-236016,QR-236,1735236,1735236018,202780281,Bunyodkor,Бунёдкор,Бунёдкор,Bunyodkor,false
QR-236017,QR-236,1735236,1735236004,202780227,Navro‘z,Наврўз,Навруз,Navróz,false
QR-236018,QR-236,1735236,0,,Jan qonirat,Жан қонират,Жан қонират,Jan qonirat,true
QR-236019,QR-236,1735236,0,,Vodnik,Водник,Водник,Vodnik,true
QR-236020,QR-236,1735236,0,,Amudaryo,Амударё,Амударё,Amudaryo,true
QR-236021,QR-236,1735236,1735236026,202780266,Jana-jap,Жана-жап,Жана жап,Jana-jap,false
QR-236022,QR-236,1735236,0,,Qolap,Қолап,Қолап,Qolap,true
QR-236023,QR-236,1735236,1735236007,202780084,Samanko‘l,Саманкўл,Саманкул,Samankól,false
QR-236024,QR-236,1735236,0,,Sarishungul,Саришунгул,Саришунгул,Sarishungul,true
QR-236025,QR-236,1735236,1735236005,207075173,Qumjiqqin,Қумжиққин,Кумжиккин,Qumjiqqin,false
QR-236026,QR-236,1735236,1735236006,207168627,Mustaqillik,Мустақиллик,Мустакиллик,Mustaqillik,false
QR-23090013,QR-236,1735236,1735236022,202780259,Madaniyat,Маданият,Маданият,Madaniyat,false
QR-23090001,QR-236,1735236,1735236020,202780306,Amudarya,Амударья,Амударья,Amudarya,false
QR-23090008,QR-236,1735236,1735236012,202780298,Kulab,Кулаб,Кулаб,Kulab,false
QR-23090005,QR-236,1735236,1735236019,207151546,Jan qo‘ng‘irot,Жан қўнғирот,Жан Кунгирот,Jan qónǵirot,false
QR-23090028,QR-236,1735236,1735236028,310198563,Bag‘man,Бағман,Багман,Baǵman,false
QR-23090004,QR-236,1735236,1735236025,202518486,Jayxun,Жайхун,Жайхун,Jayxun,false
QR-23090021,QR-236,1735236,1735236013,202780234,Sarichungil,Саричунгил,Саричунгил,Sarichungil,false
QR-23090027,QR-236,1735236,1735236027,310198319,Sabik,Сабик,Сабик,Sabik,false
QR-240001,QR-240,1735240,1735240012,202665194,Gujimli,Гужимли,Гужимли,Gujimli,false
QR-240002,QR-240,1735240,1735240017,202665202,Abat makan,Абат макан,Абат Макан,Abat makan,false
QR-240003,QR-240,1735240,1735240022,202665226,Shaxtemir,Шахтемир,Шахтемир,Shaxtemir,false
QR-240004,QR-240,1735240,1735240018,202665265,Berdax,Бердах,Бердах,Berdax,false
QR-240005,QR-240,1735240,1735240020,202665234,Jipek joli,Жипек жоли,Жипек жолы,Jipek joli,false
QR-240006,QR-240,1735240,1735240002,202665241,Kokshi qala,Кокши қала,Кукши кала,Kokshi qala,false
QR-240007,QR-240,1735240,1735240009,203712775,Temir jol guzari,Темир жол гузари,Темир жол гузари,Temir jol guzari,false
QR-240008,QR-240,1735240,1735240006,202665258,Qarako‘l,Қаракўл,Кара кул,Qarakól,false
QR-240009,QR-240,1735240,1735240007,203712783,Konshi,Конши,Кунши,Konshi,false
QR-240010,QR-240,1735240,1735240021,203712768,Orjap,Оржап,Оржап,Orjap,false
QR-240011,QR-240,1735240,1735240019,202665219,Dosliq,Дослиқ,Дослик,Dosliq,false
QR-240012,QR-240,1735240,1735240001,201012026,Kenes,Кенес,Кенес,Kenes,false
QR-240013,QR-240,1735240,1735240003,201012002,Qosterek,Қостерек,Костерек,Qosterek,false
QR-240014,QR-240,1735240,0,,Qamis-ariq,Қамис-ариқ,Қамис-ариқ,Qamis-ariq,true
QR-240015,QR-240,1735240,0,,Qizil-uzak,Қизил-узак,Қизил-узак,Qizil-uzak,true
QR-240016,QR-240,1735240,1735240008,201011992,Tazg‘ara,Тазғара,Тазгара,Tazǵara,false
QR-240017,QR-240,1735240,1735240005,201011984,Tag‘jap,Тағжап,Тагжап,Taǵjap,false
QR-240018,QR-240,1735240,1735240004,201012019,Tazajol,Тазажол,Таза-жол,Tazajol,false
QR-240019,QR-240,1735240,1735240011,201011977,Baxitli,Бахитли,Бахитли,Baxitli,false
QR-240020,QR-240,1735240,1735240014,201011960,May-jap,Май-жап,Майжап,May-jap,false
QR-240021,QR-240,1735240,0,,Pashenttao‘,Пашенттаў,Пашенттаў,Pashenttaó,true
QR-23100005,QR-240,1735240,1735240010,308834206,Gulistan,Гулистан,Гулистан,Gulistan,false
QR-23100017,QR-240,1735240,1735240015,205901705,Pashent-tau,Пашент-тау,Пашент-тау,Pashent-tau,false
QR-23100008,QR-240,1735240,1735240016,206922805,Kamis arik,Камыс арык,Камыс арык,Kamis arik,false
QR-23100014,QR-240,1735240,1735240013,201012034,Qizil o‘zek,Қизил ўзек,Кизил узек,Qizil ózek,false
QR-243001,QR-243,1735243,1735243002,202951639,Aq jap,Ақ жап,Ак жап,Aq jap,false
QR-243002,QR-243,1735243,1735243004,202935221,Monshaqli,Моншақли,Моншакли,Monshaqli,false
QR-243003,QR-243,1735243,1735243001,203935158,Aybuyir,Айбуйир,Айбуйир,Aybuyir,false
QR-243004,QR-243,1735243,1735243003,202951646,Mamiy,Мамий,Мами,Mamiy,false
QR-243005,QR-243,1735243,1735243005,202951661,Diyxanabad,Дийханабад,Дийханабад,Diyxanabad,false
QR-243006,QR-243,1735243,1735243006,202951678,Ketenler,Кетенлер,Кетенлер,Ketenler,false
QR-243007,QR-243,1735243,1735243007,202780069,Begjap,Бегжап,Бегжап,Begjap,false
QR-243008,QR-243,1735243,1735243009,207273118,Qarabayli,Қарабайли,Карабайли,Qarabayli,false
QR-243009,QR-243,1735243,1735243008,202951654,Birleshik,Бирлешик,Бирлешик,Birleshik,false
QR-243010,QR-243,1735243,1735243012,202951685,Sarmanbaykol,Сарманбайкол,Сарманбайкол,Sarmanbaykol,false
QR-243011,QR-243,1735243,0,,Nao‘riz,Наўриз,Наўриз,Naóriz,true
QR-243012,QR-243,1735243,1735243013,202935238,Taza bazar,Таза базар,Таза базар,Taza bazar,false
QR-243013,QR-243,1735243,1735243010,202935253,Madeniyat,Маденият,Маденият,Madeniyat,false
QR-23110011,QR-243,1735243,1735243011,202935245,Navriz,Навриз,Навриз,Navriz,false
QR-250001,QR-250,1735250,1735250001,203093621,Toza bog‘,Тоза боғ,Тоза-бог,Toza boǵ,false
QR-250002,QR-250,1735250,1735250002,304773199,Jasorat,Жасорат,Жасорат,Jasorat,false
QR-250003,QR-250,1735250,1735250003,304773150,Navbahor,Навбаҳор,Навбахор,Navbahor,false
QR-250004,QR-250,1735250,0,,Guldursin,Гулдурсин,Гулдурсин,Guldursin,true
QR-250005,QR-250,1735250,1735250005,207164704,Saxtiyon,Сахтиён,Сахтиён,Saxtiyon,false
QR-250006,QR-250,1735250,1735250006,203093724,Qizilqum,Қизилқум,Кизилкум,Qizilqum,false
QR-250007,QR-250,1735250,1735250007,204247862,Chuqurqoq,Чуқурқоқ,Чукуркок,Chuqurqoq,false
QR-250008,QR-250,1735250,1735250008,203093677,Guliston,Гулистон,Гулистон,Guliston,false
QR-250009,QR-250,1735250,1735250009,203093645,Qirqqizobod,Қирққизобод,Кирккизобод,Qirqqizobod,false
QR-250010,QR-250,1735250,1735250010,207107607,Oq oltin,Оқ олтин,Ок-олтин,Oq oltin,false
QR-250011,QR-250,1735250,1735250011,207138806,Yangi o‘zbekiston,Янги ўзбекистон,Янги Узбекистон,Yangi ózbekiston,false
QR-250012,QR-250,1735250,1735250012,203093684,Navoiy,Навоий,Навоий,Navoiy,false
QR-250013,QR-250,1735250,1735250013,304773088,Iftixor,Ифтихор,Ифтихор,Iftixor,false
QR-250014,QR-250,1735250,1735250014,304773135,Kichik guldursun,Кичик гулдурсун,Кичик Гулдурсун,Kichik guldursun,false
QR-250015,QR-250,1735250,1735250015,203093700,Aqchako‘l,Ақчакўл,Акчакул,Aqchakól,false
QR-250016,QR-250,1735250,1735250016,203093717,Sharq yulduzi,Шарқ юлдузи,Шарк Юлдузи,Sharq yulduzi,false
QR-250017,QR-250,1735250,1735250017,207138821,Tuproqqal‘a,Тупроққалъа,Тупроккалъа,Tuproqqal‘a,false
QR-250018,QR-250,1735250,1735250018,203093606,Do‘stlik,Дўстлик,Дустлик,Dóstlik,false
QR-250019,QR-250,1735250,1735250019,203093614,Amirobod,Амиробод,Амиробод,Amirobod,false
QR-250020,QR-250,1735250,1735250020,207138774,Ixlos,Ихлос,Ихлос,Ixlos,false
QR-250021,QR-250,1735250,1735250021,207138766,Koinot,Коинот,Коинот,Koinot,false
QR-250022,QR-250,1735250,1735250022,203093660,Sarabiy,Сарабий,Сарабий,Sarabiy,false
QR-250023,QR-250,1735250,1735250023,207138727,Dumanqal‘a,Думанқалъа,Думанкалъа,Dumanqal‘a,false
QR-250024,QR-250,1735250,1735250024,304779174,Qoshqo‘ra,Қошқўра,Кошкура,Qoshqóra,false
QR-250025,QR-250,1735250,0,,Qilichinoq,Қиличиноқ,Қиличиноқ,Qilichinoq,true
QR-250026,QR-250,1735250,1735250026,207138781,Paxtachi,Пахтачи,Пахтачи,Paxtachi,false
QR-250027,QR-250,1735250,1735250027,207138798,Cho‘pon,Чўпон,Чупон,Chópon,false
QR-250028,QR-250,1735250,1735250028,203093692,Ellikqal‘a,Елликқалъа,Элликкала,Ellikqal‘a,false
QR-250029,QR-250,1735250,0,,Ayazqal‘a,Аязқалъа,Аязқалъа,Ayazqal‘a,true
QR-250030,QR-250,1735250,1735250030,203093749,Bo‘ston,Бўстон,Бустон,Bóston,false
QR-250031,QR-250,1735250,1735250031,203093756,Ibn sino,Ибн сино,Ибн-Сино,Ibn sino,false
QR-250032,QR-250,1735250,0,,A.Navoiy,А.навоий,А.навоий,A.Navoiy,true
QR-250033,QR-250,1735250,1735250033,203093771,Abay,Абай,Абай,Abay,false
QR-250034,QR-250,1735250,1735250034,203093764,Toshkent,Тошкент,Тошкент,Toshkent,false
QR-250035,QR-250,1735250,1735250035,206953933,Qavatqal‘a,Қаватқалъа,Каваткала,Qavatqal‘a,false
QR-250036,QR-250,1735250,1735250036,305254455,Istiqlol,Истиқлол,Истиклол,Istiqlol,false
QR-23120040,QR-250,1735250,1735250040,310231292,Barhayot,Барҳаёт,Бархаёт,Barhayot,false
QR-23120039,QR-250,1735250,1735250039,310219488,To‘rt devor,Тўрт девор,Турт девор,Tórt devor,false
QR-23120013,QR-250,1735250,1735250037,308824147,Iqbol,Иқбол,Икбол,Iqbol,false
QR-23120038,QR-250,1735250,1735250038,310219495,Burgutqal‘a,Бургутқалъа,Бургуткалъа,Burgutqal‘a,false
QR-23120001,QR-250,1735250,1735250032,203093732,Alisher navoiy,Алишер навоий,Алишер Навоий,Alisher navoiy,false
QR-23120022,QR-250,1735250,1735250004,203093638,Guldursun,Гулдурсун,Гулдурсун,Guldursun,false
QR-23120020,QR-250,1735250,1735250025,203093653,Qilichinak,Қиличинак,Киличинак,Qilichinak,false
QR-23120003,QR-250,1735250,1735250029,207138814,Ayozqal‘a,Аёзқалъа,Аёзкалъа,Ayozqal‘a,false
QR-401001,QR-401,1735401,0,,Botanika bog‘i,Ботаника боғи,Ботаника боғи,Botanika boǵi,true
QR-401002,QR-401,1735401,0,,Hao‘a jollari,Ҳаўа жоллари,Ҳаўа жоллари,Haóa jollari,true
QR-401003,QR-401,1735401,1735401003,202775398,Aydin jol,Айдин жол,Айдин жол,Aydin jol,false
QR-401004,QR-401,1735401,1735401004,200363294,Shimbay shayxana,Шимбай шайхана,Шимбай шайхана,Shimbay shayxana,false
QR-401005,QR-401,1735401,1735401005,202822308,Xaliqlar doslig‘i,Халиқлар дослиғи,Халиклар дослиги,Xaliqlar dosliǵi,false
QR-401006,QR-401,1735401,1735401006,202822290,Shig‘is,Шиғис,Шыгыс,Shiǵis,false
QR-401007,QR-401,1735401,0,,Shayirlar ao‘ili,Шайирлар аўили,Шайирлар аўили,Shayirlar aóili,true
QR-401008,QR-401,1735401,1735401008,202822283,Tinishliq,Тинишлиқ,Тинишлик,Tinishliq,false
QR-401009,QR-401,1735401,0,,Dosliq,Дослиқ,Дослиқ,Dosliq,true
QR-401010,QR-401,1735401,1735401010,202847101,Sarbinaz,Сарбиназ,Сарбиназ,Sarbinaz,false
QR-401011,QR-401,1735401,1735401011,202691449,Tungish konis,Тунгиш конис,Тунгиш конис,Tungish konis,false
QR-401012,QR-401,1735401,1735401012,202029952,Qurilisshi,Қурилисши,Курилисши,Qurilisshi,false
QR-401013,QR-401,1735401,0,,Qoskѳl,Қоскѳл,Қоскѳл,Qoskѳl,true
QR-401014,QR-401,1735401,1735401014,201895162,Almazar,Алмазар,Алмазар,Almazar,false
QR-401015,QR-401,1735401,0,,Yeli abat,Ели абат,Ели абат,Yeli abat,true
QR-401016,QR-401,1735401,0,,Dәrbent,Дәрбент,Дәрбент,Dәrbent,true
QR-401017,QR-401,1735401,1735401017,202714615,Bayterek,Байтерек,Байтерек,Bayterek,false
QR-401018,QR-401,1735401,1735401018,202684170,Nao‘pir,Наўпир,Наупир,Naópir,false
QR-401019,QR-401,1735401,1735401019,202680335,Kattagar,Каттагар,Каттагар,Kattagar,false
QR-401020,QR-401,1735401,1735401020,202676924,Gone qala,Гоне қала,Гуне кала,Gone qala,false
QR-401021,QR-401,1735401,1735401021,202170494,Taslaq,Таслақ,Таслак,Taslaq,false
QR-401022,QR-401,1735401,1735401022,202809400,Jolshilar,Жолшилар,Жолшилар,Jolshilar,false
QR-401023,QR-401,1735401,0,,Qum ao‘il,Қум аўил,Қум аўил,Qum aóil,true
QR-401024,QR-401,1735401,1735401024,202030139,Jeke terek,Жеке терек,Жеке терек,Jeke terek,false
QR-401025,QR-401,1735401,1735401025,202825152,Turan,Туран,Туран,Turan,false
QR-401026,QR-401,1735401,0,,Kөk өzek,Көк өзек,Көк өзек,Kөk өzek,true
QR-401027,QR-401,1735401,1735401027,202793614,Temir jol,Темир жол,Темир жол,Temir jol,false
QR-401028,QR-401,1735401,0,,Өrnek,Өрнек,Өрнек,Өrnek,true
QR-401029,QR-401,1735401,1735401029,202797655,Nur,Нур,Нур,Nur,false
QR-401030,QR-401,1735401,0,,Baqshilik,Бақшилик,Бақшилик,Baqshilik,true
QR-401031,QR-401,1735401,1735401031,202797670,Janabazar,Жанабазар,Жанабазар,Janabazar,false
QR-401032,QR-401,1735401,1735401032,202895329,Qosbulaq,Қосбулақ,Кос булак,Qosbulaq,false
QR-401033,QR-401,1735401,1735401033,205170650,Qizil qum,Қизил қум,Кизил кум,Qizil qum,false
QR-401034,QR-401,1735401,1735401034,205170604,Jayxun,Жайхун,Жайхун,Jayxun,false
QR-401035,QR-401,1735401,0,,Nao‘riz,Наўриз,Наўриз,Naóriz,true
QR-401036,QR-401,1735401,0,,Nao‘kan bag‘,Наўкан бағ,Наўкан бағ,Naókan baǵ,true
QR-401037,QR-401,1735401,1735401037,205211314,Juo‘azshi,Жуўазши,Жууазшы,Juóazshi,false
QR-401038,QR-401,1735401,1735401038,205226999,Bes tobe,Бес тобе,Бестобе,Bes tobe,false
QR-401039,QR-401,1735401,1735401039,205211345,Jiydeli baysin,Жийдели байсин,Жийдели байсин,Jiydeli baysin,false
QR-401040,QR-401,1735401,1735401040,205211353,Amudar‘ya,Амударъя,Амударья,Amudar‘ya,false
QR-401041,QR-401,1735401,1735401041,205211306,Aq jag‘is,Ақ жағис,Ак жагис,Aq jaǵis,false
QR-401042,QR-401,1735401,1735401042,205211338,Samanbay,Саманбай,Саманбай,Samanbay,false
QR-401043,QR-401,1735401,1735401043,205211321,Anasay,Анасай,Анасай,Anasay,false
QR-401044,QR-401,1735401,1735401044,200363152,Qaratao‘,Қаратаў,Каратау,Qarataó,false
QR-401045,QR-401,1735401,1735401045,206993608,Boz ao‘il,Боз аўил,Боз ауыл,Boz aóil,false
QR-401046,QR-401,1735401,1735401046,206993615,Qutli qonis,Қутли қонис,Кутли конис,Qutli qonis,false
QR-401047,QR-401,1735401,0,,Qumbiz auil,Қумбиз ауил,Қумбиз ауил,Qumbiz auil,true
QR-401048,QR-401,1735401,1735401048,207027270,Aq otao‘,Ақ отаў,Ак отау,Aq otaó,false
QR-401049,QR-401,1735401,1735401049,207010239,Guzar,Гузар,Гузар,Guzar,false
QR-401050,QR-401,1735401,1735401050,207049798,Bereket,Берекет,Берекет,Bereket,false
QR-401051,QR-401,1735401,1735401051,207061104,G‘arezsizlik,Ғарезсизлик,Гарезсизлик,Ǵarezsizlik,false
QR-401052,QR-401,1735401,0,,Naubaxar,Наубахар,Наубахар,Naubaxar,true
QR-401053,QR-401,1735401,1735401053,207096890,Allaniyaz qaharman,Алланияз қаҳарман,Алланияз Кахарман,Allaniyaz qaharman,false
QR-401054,QR-401,1735401,0,,Qutli mәkan,Қутли мәкан,Қутли мәкан,Qutli mәkan,true
QR-401055,QR-401,1735401,1735401055,207151585,Jipek joli,Жипек жоли,Жипек жолы,Jipek joli,false
QR-401056,QR-401,1735401,1735401056,207151561,Dosliq guzari,Дослиқ гузари,Дослик гузари,Dosliq guzari,false
QR-401057,QR-401,1735401,1735401057,207151578,Gulzar,Гулзар,Гулзар,Gulzar,false
QR-401058,QR-401,1735401,1735401058,207151554,Tele oray,Теле орай,Телеорай,Tele oray,false
QR-401059,QR-401,1735401,1735401059,207289254,Vatanparvar,Ватанпарвар,Ватанпарвар,Vatanparvar,false
QR-401060,QR-401,1735401,1735401060,306882497,Shimbay guzari,Шимбай гузари,Шимбай гузари,Shimbay guzari,false
QR-401061,QR-401,1735401,1735401061,306882458,Ata makan,Ата макан,Ата макан,Ata makan,false
QR-23170024,QR-401,1735401,1735401009,202227564,Doslik,Дослик,Дослик,Doslik,false
QR-23170048,QR-401,1735401,1735401028,202809384,O‘rnek,Ўрнек,Урнек,Órnek,false
QR-23170057,QR-401,1735401,1735401062,207337749,Uzin ko‘l,Узин кўл,Узин кул,Uzin kól,false
QR-23170006,QR-401,1735401,1735401064,207337978,Altin jag‘is,Алтин жағис,Алтин жагис,Altin jaǵis,false
QR-23170011,QR-401,1735401,1735401030,202838800,Baqshiliq,Бақшилиқ,Бакшилик,Baqshiliq,false
QR-23170022,QR-401,1735401,1735401016,202809360,Darbent,Дарбент,Дарбент,Darbent,false
QR-23170016,QR-401,1735401,1735401001,202698596,Botanika bag‘i,Ботаника бағи,Ботаника баги,Botanika baǵi,false
QR-23170034,QR-401,1735401,1735401026,205358257,Ko‘k o‘zek,Кўк ўзек,Кук узек,Kók ózek,false
QR-23170040,QR-401,1735401,1735401054,207100799,Qutli makan,Қутли макан,Кутли макан,Qutli makan,false
QR-23170025,QR-401,1735401,1735401015,202775406,Eliabat,Элиабат,Элиабат,Eliabat,false
QR-23170066,QR-401,1735401,1735401066,310218552,Janga zaman,Жаңа заман,Жана заман,Janga zaman,false
QR-23170069,QR-401,1735401,1735401069,310216760,Jas ao‘lad,Жас әўлад,Жас аулад,Jas aólad,false
QR-23170038,QR-401,1735401,1735401047,207012038,Qumbiz aul,Қумбиз аул,Кумбиз аул,Qumbiz aul,false
QR-23170036,QR-401,1735401,1735401013,202844256,Qos-ko‘l,Қос-кўл,Кос-кул,Qos-kól,false
QR-23170046,QR-401,1735401,1735401035,205170595,Navriz,Навриз,Навриз,Navriz,false
QR-23170060,QR-401,1735401,1735401007,202838792,Shayirlar auli,Шайирлар аули,Шайирлар аули,Shayirlar auli,false
QR-23170044,QR-401,1735401,1735401036,205226982,Nao‘qan bag‘,Наўқан бағ,Наукан баг,Naóqan baǵ,false
QR-23170067,QR-401,1735401,1735401067,310216215,Nurli bostan,Нурли бостан,Нурли бостан,Nurli bostan,false
QR-23170071,QR-401,1735401,1735401071,310218140,Isbilermenler aymag‘i,Исбилерменлер аймағи,Исбилерменлер аймаги,Isbilermenler aymaǵi,false
QR-23170065,QR-401,1735401,1735401065,310222730,Jasil bag‘,Жасыл бағ,Жасыл баг,Jasil baǵ,false
QR-23170070,QR-401,1735401,1735401070,310220916,Shadli ovul,Шадли овул,Шадли овул,Shadli ovul,false
QR-23170007,QR-401,1735401,1735401063,207337961,Amanliq guzari,Аманлиқ гузари,Аманлик гузари,Amanliq guzari,false
QR-23170059,QR-401,1735401,1735401002,202029976,Xaua joli,Хауа жоли,Хауа жоли,Xaua joli,false
QR-23170037,QR-401,1735401,1735401023,202809392,Qum ovul,Қум овул,Кум овул,Qum ovul,false
QR-23170068,QR-401,1735401,1735401068,310218544,Abat makan,Абат макан,Абат макан,Abat makan,false
QR-23170043,QR-401,1735401,1735401052,207047175,Navbahar,Навбаҳар,Навбахар,Navbahar,false
QR-402999,QR-402,0,0,,Mahalla aniqlanmagan,Маҳалла аниқланмаган,Махалля не определена,Máhálle anıqlanbaǵan,true
QR-403999,QR-403,0,0,,Mahalla aniqlanmagan,Маҳалла аниқланмаган,Махалля не определена,Máhálle anıqlanbaǵan,true
QR-404999,QR-404,0,0,,Mahalla aniqlanmagan,Маҳалла аниқланмаган,Махалля не определена,Máhálle anıqlanbaǵan,true
QR-405999,QR-405,0,0,,Mahalla aniqlanmagan,Маҳалла аниқланмаган,Махалля не определена,Máhálle anıqlanbaǵan,true
QR-406999,QR-406,0,0,,Mahalla aniqlanmagan,Маҳалла аниқланмаган,Махалля не определена,Máhálle anıqlanbaǵan,true
QR-407999,QR-407,0,0,,Mahalla aniqlanmagan,Маҳалла аниқланмаган,Махалля не определена,Máhálle anıqlanbaǵan,true
SA-203001,SA-203,1718203,0,,Z.M.bobur,З.м.бобур,З.м.бобур,Z.M.bobur,true
SA-203002,SA-203,1718203,1718203002,202842267,Mustaqillik,Мустақиллик,Мустакиллик,Mustaqillik,false
SA-203003,SA-203,1718203,1718203003,202854480,Oqdaryo,Оқдарё,Окдарё,Oqdaryo,false
SA-203004,SA-203,1718203,1718203004,202842339,Pichoqchi,Пичоқчи,Пичокчи,Pichoqchi,false
SA-203005,SA-203,1718203,1718203005,202846238,Yangiobod,Янгиобод,Янгиобод,Yangiobod,false
SA-203006,SA-203,1718203,0,,Yangirovot-2,Янгировот-2,Янгировот-2,Yangirovot-2,true
SA-203007,SA-203,1718203,1718203007,202839467,Kumushkent,Кумушкент,Кумушкент,Kumushkent,false
SA-203008,SA-203,1718203,1718203008,202839522,Bozorjoy,Бозоржой,Бозоржой,Bozorjoy,false
SA-203009,SA-203,1718203,1718203009,202839482,Boshdarxon,Бошдархон,Бошдархон,Boshdarxon,false
SA-203010,SA-203,1718203,1718203010,202839561,Daxbed,Дахбед,Дахбед,Daxbed,false
SA-203011,SA-203,1718203,0,,A.Navoiy,А.навоий,А.навоий,A.Navoiy,true
SA-203012,SA-203,1718203,1718203012,202854473,Olchintepa,Олчинтепа,Олчинтепа,Olchintepa,false
SA-203013,SA-203,1718203,1718203013,202839450,Paxtaobod,Пахтаобод,Пахтаобод,Paxtaobod,false
SA-203014,SA-203,1718203,1718203014,203655245,Po‘latdarxon,Пўлатдархон,Пулатдархон,Pólatdarxon,false
SA-203015,SA-203,1718203,1718203015,203645700,Chorbog‘,Чорбоғ,Чорбог,Chorboǵ,false
SA-203016,SA-203,1718203,1718203016,207295518,Taraqqiyot,Тараққиёт,Тараккиёт,Taraqqiyot,false
SA-203017,SA-203,1718203,0,,A.Temur,А.темур,А.темур,A.Temur,true
SA-203018,SA-203,1718203,0,,Galarovot,Галаровот,Галаровот,Galarovot,true
SA-203019,SA-203,1718203,1718203019,202839578,Loyish,Лойиш,Лойиш,Loyish,false
SA-203020,SA-203,1718203,1718203020,202846214,Oytamg‘ali,Ойтамғали,Ойтамгали,Oytamǵali,false
SA-203021,SA-203,1718203,1718203021,202842299,Sug‘onchi,Суғончи,Сугончи,Suǵonchi,false
SA-203022,SA-203,1718203,0,,Turon,Турон,Турон,Turon,true
SA-203023,SA-203,1718203,1718203023,202839585,O‘zbekiston,Ўзбекистон,Узбекистан,Ózbekiston,false
SA-203024,SA-203,1718203,1718203024,202854434,Yangiqishloq,Янгиқишлоқ,Янгикишлок,Yangiqishloq,false
SA-203025,SA-203,1718203,1718203025,202842282,Yangiqo‘rg‘on,Янгиқўрғон,Янгикургон,Yangiqórǵon,false
SA-203026,SA-203,1718203,1718203026,202842307,Yangihayot,Янгиҳаёт,Янгихаёт,Yangihayot,false
SA-203027,SA-203,1718203,1718203027,202839546,Avazali,Авазали,Авазали,Avazali,false
SA-203028,SA-203,1718203,1718203028,202839554,Istiqlol,Истиқлол,Истиклол,Istiqlol,false
SA-203029,SA-203,1718203,1718203029,202842314,Miyonqol,Миёнқол,Мионгол,Miyonqol,false
SA-203030,SA-203,1718203,1718203030,202839514,Navro‘z,Наврўз,Навруз,Navróz,false
SA-203031,SA-203,1718203,1718203031,202854441,Primkent,Примкент,Примкент,Primkent,false
SA-203032,SA-203,1718203,1718203032,202860601,Temirak,Темирак,Темирак,Temirak,false
SA-203033,SA-203,1718203,1718203033,202839507,Uzunqishloq,Узунқишлоқ,Узункишлок,Uzunqishloq,false
SA-203034,SA-203,1718203,1718203034,202839499,Uchtepa,Учтепа,Учтепа,Uchtepa,false
SA-203035,SA-203,1718203,0,,Yangirovot-1,Янгировот-1,Янгировот-1,Yangirovot-1,true
SA-14080034,SA-203,1718203,1718203006,202846221,Go‘zalkent,Гўзалкент,Гузалкент,Gózalkent,false
SA-14080025,SA-203,1718203,1718203022,204765535,Arpaariq,Арпаариқ,Арпаарик,Arpaariq,false
SA-14080008,SA-203,1718203,1718203001,202842322,Zaxiriddin muxammad bobur,Захириддин муҳаммад бобур,Захириддин Мухаммад Бабур,Zaxiriddin muxammad bobur,false
SA-14080033,SA-203,1718203,1718203035,202860633,Zarafshon,Зарафшон,Зарафшон,Zarafshon,false
SA-14080002,SA-203,1718203,1718203011,202839539,Alisher navoiy,Алишер навоий,Алишер Навои,Alisher navoiy,false
SA-14080003,SA-203,1718203,1718203017,202842250,Amir temur,Амир темур,Амир Темур,Amir temur,false
SA-14080006,SA-203,1718203,1718203018,202842274,Galaravot,Галаравот,Галаравот,Galaravot,false
SA-206001,SA-206,1718206,0,,Bo‘dana,Бўдана,Бўдана,Bódana,true
SA-206002,SA-206,1718206,1718206002,202829470,Bulung‘ur,Булунғур,Булунгур,Bulunǵur,false
SA-206003,SA-206,1718206,1718206003,206103257,Bulung‘ur-ariq,Булунғур-ариқ,Булунгур арик,Bulunǵur-ariq,false
SA-206004,SA-206,1718206,1718206004,206125554,Gulzor,Гулзор,Гулзор,Gulzor,false
SA-206005,SA-206,1718206,0,,Isori o‘roqli,Исори ўроқли,Исори ўроқли,Isori óroqli,true
SA-206006,SA-206,1718206,1718206006,202829534,Istiqlol,Истиқлол,Истиклол,Istiqlol,false
SA-206007,SA-206,1718206,1718206007,202829598,Mingchinor,Мингчинор,Мингчинор,Mingchinor,false
SA-206008,SA-206,1718206,1718206008,202829788,Nebo‘sa,Небўса,Небуса,Nebósa,false
SA-206009,SA-206,1718206,1718206009,202829771,Niyozmat,Ниёзмат,Ниёзмат,Niyozmat,false
SA-206010,SA-206,1718206,1718206013,202829581,Nurli yo‘l,Нурли йўл,Нурли юл,Nurli yól,false
SA-206011,SA-206,1718206,1718206010,202829606,Oqtosh,Оқтош,Октош,Oqtosh,false
SA-206012,SA-206,1718206,1718206011,202829764,O‘roqli,Ўроқли,Урокли,Óroqli,false
SA-206013,SA-206,1718206,1718206012,202829756,Changal-1,Чангал-1,Чангал 1,Changal-1,false
SA-206014,SA-206,1718206,1718206014,202829574,Erganakli,Ерганакли,Эрганакли,Erganakli,false
SA-206015,SA-206,1718206,1718206015,207136928,Yangiqo‘rg‘on,Янгиқўрғон,Янгикургон,Yangiqórǵon,false
SA-206016,SA-206,1718206,1718206016,202829542,Amir temur,Амир темур,Амир Темур,Amir temur,false
SA-206017,SA-206,1718206,1718206017,202829795,Dexkonobod,Дехконобод,Дехконобод,Dexkonobod,false
SA-206018,SA-206,1718206,1718206018,202829843,Kaptarxona,Каптархона,Каптархона,Kaptarxona,false
SA-206019,SA-206,1718206,0,,Kattaqishloq-1,Каттақишлоқ-1,Каттақишлоқ-1,Kattaqishloq-1,true
SA-206020,SA-206,1718206,1718206020,202829614,Kildon,Килдон,Килдон,Kildon,false
SA-206021,SA-206,1718206,1718206021,202829645,Kichik kildon,Кичик килдон,Кичик килдон,Kichik kildon,false
SA-206022,SA-206,1718206,1718206022,202829835,Qirqshodi,Қирқшоди,Киркшоди,Qirqshodi,false
SA-206023,SA-206,1718206,1718206023,202829463,Mexrjon,Мехржон,Мехржон,Mexrjon,false
SA-206024,SA-206,1718206,0,,Mirza arik,Мирза арик,Мирза арик,Mirza arik,true
SA-206025,SA-206,1718206,1718206025,207069662,Sayiltepa,Сайилтепа,Сайилтепа,Sayiltepa,false
SA-206026,SA-206,1718206,0,,Sarqipchoq,Сарқипчоқ,Сарқипчоқ,Sarqipchoq,true
SA-206027,SA-206,1718206,1718206027,202829828,Saxovat,Саховат,Саховат,Saxovat,false
SA-206028,SA-206,1718206,1718206028,202829804,Elobod,Елобод,Элобод,Elobod,false
SA-206029,SA-206,1718206,1718206029,202829811,Esonturdi,Есонтурди,Эсонтурди,Esonturdi,false
SA-206030,SA-206,1718206,1718206030,202829700,Beshqo‘ton,Бешқўтон,Бешкотон,Beshqóton,false
SA-206031,SA-206,1718206,1718206031,206490972,Bog‘bon,Боғбон,Богбон,Boǵbon,false
SA-206032,SA-206,1718206,1718206032,202829732,G‘o‘bdin,Ғўбдин,Губдин,Ǵóbdin,false
SA-206033,SA-206,1718206,1718206033,202829527,Guliston,Гулистон,Гулистон,Guliston,false
SA-206034,SA-206,1718206,0,,Do‘stlik,Дўстлик,Дўстлик,Dóstlik,true
SA-206035,SA-206,1718206,1718206041,202829724,Kattaqishloq,Каттақишлоқ,Каттакишлок,Kattaqishloq,false
SA-206036,SA-206,1718206,1718206035,303062958,Lalmikor,Лалмикор,Лалмикор,Lalmikor,false
SA-206037,SA-206,1718206,1718206036,202829717,Mingtepa,Мингтепа,Мингтепа,Mingtepa,false
SA-206038,SA-206,1718206,1718206037,202829494,Navbaxor,Навбахор,Навбахор,Navbaxor,false
SA-206039,SA-206,1718206,1718206038,202829749,Olmazor,Олмазор,Олмазор,Olmazor,false
SA-206040,SA-206,1718206,0,,Soxibkor,Сохибкор,Сохибкор,Soxibkor,true
SA-206041,SA-206,1718206,1718206042,206194905,Yangiariq,Янгиариқ,Янгиарик,Yangiariq,false
SA-206042,SA-206,1718206,1718206040,202829692,Yangiobod,Янгиобод,Янгиобод,Yangiobod,false
SA-206043,SA-206,1718206,0,,Avliyo parpi,Авлиё парпи,Авлиё парпи,Avliyo parpi,true
SA-206044,SA-206,1718206,0,,Beshkuvi,Бешкуви,Бешкуви,Beshkuvi,true
SA-206045,SA-206,1718206,1718206045,207097082,Gulobod,Гулобод,Гулобод,Gulobod,false
SA-206046,SA-206,1718206,1718206046,202829677,Zarafshon,Зарафшон,Зарафшон,Zarafshon,false
SA-206047,SA-206,1718206,1718206047,204743816,Qo‘ng‘irot,Қўнғирот,Конгирот,Qónǵirot,false
SA-206048,SA-206,1718206,1718206048,202829684,Oqtepa,Оқтепа,Октепа,Oqtepa,false
SA-206049,SA-206,1718206,1718206049,202829510,Samarqand,Самарқанд,Самарканд,Samarqand,false
SA-206050,SA-206,1718206,1718206050,202829653,Suluvqo‘rg‘on,Сулувқўрғон,Сулувкургон,Suluvqórǵon,false
SA-206051,SA-206,1718206,1718206051,202829503,Ulug‘bek,Улуғбек,Улугбек,Uluǵbek,false
SA-206052,SA-206,1718206,1718206052,202829660,Xo‘jabachcha,Хўжабачча,Хужабачча,Xójabachcha,false
SA-206053,SA-206,1718206,1718206053,202829638,Xo‘jamazgil,Хўжамазгил,Хужамазгил,Xójamazgil,false
SA-206054,SA-206,1718206,1718206054,204991334,Chorbog‘,Чорбоғ,Чорбог,Chorboǵ,false
SA-206055,SA-206,1718206,1718206055,202829621,Cho‘yantepa,Чўянтепа,Чуянтепа,Chóyantepa,false
SA-14010041,SA-206,1718206,1718206039,202829559,Fozil yo‘ldosh,Фозил йўлдош,Фозил Йулдош,Fozil yóldosh,false
SA-14010020,SA-206,1718206,1718206019,203748524,Alisher navoiy,Алишер навоий,Алишер Навоий,Alisher navoiy,false
SA-14010003,SA-206,1718206,1718206044,206985331,Beshkubi,Бешкуби,Бешкуби,Beshkubi,false
SA-209001,SA-209,1718209,0,,Ahmadjon kurbonov,Аҳмаджон курбонов,Аҳмаджон курбонов,Ahmadjon kurbonov,true
SA-209002,SA-209,1718209,1718209001,202709145,Juriyat,Журият,Джурият,Juriyat,false
SA-209003,SA-209,1718209,1718209002,202700324,Katta qishloq,Катта қишлоқ,Катта кишлок,Katta qishloq,false
SA-209004,SA-209,1718209,1718209009,202717397,Naymantepa,Наймантепа,Найманцепа,Naymantepa,false
SA-209005,SA-209,1718209,1718209003,202709153,No‘sh,Нўш,Нуш,Nósh,false
SA-209006,SA-209,1718209,1718209004,202694927,Sarichashma,Саричашма,Саричашма,Sarichashma,false
SA-209007,SA-209,1718209,0,,Taldirazoq,Талдиразоқ,Талдиразоқ,Taldirazoq,true
SA-209008,SA-209,1718209,1718209006,202732854,To‘qqizboy,Тўққизбой,Туккизбой,Tóqqizboy,false
SA-209009,SA-209,1718209,1718209007,202722684,Tut,Тут,Тут,Tut,false
SA-209010,SA-209,1718209,0,,Sherqurg‘on,Шерқурғон,Шерқурғон,Sherqurǵon,true
SA-209011,SA-209,1718209,1718209008,201181331,Shodlik,Шодлик,Шодлик,Shodlik,false
SA-209012,SA-209,1718209,1718209012,202704707,G‘azira,Ғазира,Газира,Ǵazira,false
SA-209013,SA-209,1718209,1718209011,202700317,Ko‘kgumbaz,Кўкгумбаз,Кукгумбаз,Kókgumbaz,false
SA-209014,SA-209,1718209,1718209019,202709114,Qangli,Қангли,Канглы,Qangli,false
SA-209015,SA-209,1718209,1718209033,202698374,Qoramo‘yin,Қорамўйин,Корамуйин,Qoramóyin,false
SA-209016,SA-209,1718209,1718209016,202704739,Qo‘lbosti,Қўлбости,Кулбости,Qólbosti,false
SA-209017,SA-209,1718209,1718209014,202700349,Qo‘ng‘irot,Қўнғирот,Кунгирот,Qónǵirot,false
SA-209018,SA-209,1718209,1718209017,202704722,Nogahon,Ногаҳон,Ногахон,Nogahon,false
SA-209019,SA-209,1718209,1718209015,202700332,Polvonariq,Полвонариқ,Полвонарик,Polvonariq,false
SA-209020,SA-209,1718209,1718209032,201180744,Samarqand,Самарқанд,Самарканд,Samarqand,false
SA-209021,SA-209,1718209,0,,Sarqipchoq,Сарқипчоқ,Сарқипчоқ,Sarqipchoq,true
SA-209022,SA-209,1718209,1718209020,202704714,Xitoypoyon,Хитойпоён,Хитойпаян,Xitoypoyon,false
SA-209023,SA-209,1718209,1718209029,201180737,Alisher navoiy nomli,Алишер навоий номли,Алишер Навои,Alisher navoiy nomli,false
SA-209024,SA-209,1718209,1718209027,202704746,Dehqonobod,Деҳқонобод,Дехканабад,Dehqonobod,false
SA-209025,SA-209,1718209,1718209021,202713807,Zarafshon,Зарафшон,Заравшан,Zarafshon,false
SA-209026,SA-209,1718209,1718209025,206999654,Quduqli,Қудуқли,Кудукли,Quduqli,false
SA-209027,SA-209,1718209,1718209026,202709081,Qo‘rg‘onsolomon,Қўрғонсоломон,Кургон-Салмон,Qórǵonsolomon,false
SA-209028,SA-209,1718209,1718209022,202694887,Nayman,Найман,Найман,Nayman,false
SA-209029,SA-209,1718209,1718209024,202704682,Olmazor,Олмазор,Алмазор,Olmazor,false
SA-209030,SA-209,1718209,1718209030,201180713,Toshkent,Тошкент,Ташкент,Toshkent,false
SA-209031,SA-209,1718209,1718209023,202704699,Eski jomboy,Ески жомбой,Эски Джамбай,Eski jomboy,false
SA-209032,SA-209,1718209,1718209034,202698382,Beshbola,Бешбола,Бешбола,Beshbola,false
SA-209033,SA-209,1718209,1718209038,201180887,Guliston,Гулистон,Гулистан,Guliston,false
SA-209034,SA-209,1718209,1718209036,206959434,Nazar,Назар,Назар,Nazar,false
SA-209035,SA-209,1718209,1718209028,202694910,Saroy,Сарой,Сарай,Saroy,false
SA-209036,SA-209,1718209,0,,So‘xmon,Сўхмон,Сўхмон,Sóxmon,true
SA-209037,SA-209,1718209,1718209010,202732886,Xolvoyi,Холвойи,Холвойи,Xolvoyi,false
SA-209038,SA-209,1718209,1718209035,202704761,Shirinkent,Ширинкент,Ширинкент,Shirinkent,false
SA-14020028,SA-209,1718209,1718209037,202698367,Suxmon,Сухмон,Сухмон,Suxmon,false
SA-14020035,SA-209,1718209,1718209018,207000504,Sherqo‘rg‘on,Шерқўрғон,Шеркургон,Sherqórǵon,false
SA-14020025,SA-209,1718209,1718209013,202694903,Sariqipchoq,Сариқипчоқ,Сарикипчок,Sariqipchoq,false
SA-14020029,SA-209,1718209,1718209005,207064464,Taldirozzoq,Талдироззоқ,Талдироззок,Taldirozzoq,false
SA-14020002,SA-209,1718209,1718209031,201180720,A.qurbonov,А.қурбонов,А.Курбонов,A.qurbonov,false
SA-212001,SA-212,1718212,1718212010,202657457,O‘zbekiston,Ўзбекистон,Узбекистон,Ózbekiston,false
SA-212002,SA-212,1718212,1718212011,202652614,Xalqobod,Халқобод,Халкобод,Xalqobod,false
SA-212003,SA-212,1718212,1718212006,202679801,Murodobod (kubay),Муродобод (кубай),Муродобод,Murodobod (kubay),false
SA-212004,SA-212,1718212,1718212008,202652582,Safoxo‘ja,Сафохўжа,Сафохожа,Safoxója,false
SA-212005,SA-212,1718212,1718212001,202680841,Beshariq (katag‘on),Бешариқ (катағон),Бешарик,Beshariq (kataǵon),false
SA-212006,SA-212,1718212,1718212012,202666493,Xumo (chayjavul),Хумо (чайжавул),Хумо,Xumo (chayjavul),false
SA-212007,SA-212,1718212,0,,Buronxo‘ja,Буронхўжа,Буронхўжа,Buronxója,true
SA-212008,SA-212,1718212,1718212004,202652607,Katta-qangli,Катта-қангли,Катта-Кангли,Katta-qangli,false
SA-212009,SA-212,1718212,1718212002,202673786,Beshkapa,Бешкапа,Бешкапа,Beshkapa,false
SA-212010,SA-212,1718212,0,,So‘g‘at,Сўғат,Сўғат,Sóǵat,true
SA-212011,SA-212,1718212,1718212007,202673730,Ravot,Равот,Равот,Ravot,false
SA-212012,SA-212,1718212,1718212005,202654080,Kuktepa,Куктепа,Куктепа,Kuktepa,false
SA-212013,SA-212,1718212,1718212015,202666501,Yangikent,Янгикент,Янгикент,Yangikent,false
SA-212014,SA-212,1718212,1718212013,202679778,Chaqar,Чақар,Чакар,Chaqar,false
SA-212015,SA-212,1718212,1718212014,202652574,Chimqo‘rg‘on,Чимқўрғон,Чимкургон,Chimqórǵon,false
SA-212016,SA-212,1718212,1718212023,202654034,Ishtixon,Иштихон,Иштихон,Ishtixon,false
SA-212017,SA-212,1718212,0,,Q.Qarshiev,Қ.қаршиев,Қ.қаршиев,Q.Qarshiev,true
SA-212018,SA-212,1718212,1718212029,202673708,Tupor,Тупор,Тупор,Tupor,false
SA-212019,SA-212,1718212,1718212027,202652622,Namuna,Намуна,Намуна,Namuna,false
SA-212020,SA-212,1718212,1718212030,202666478,Xonaqa,Хонақа,Хонака,Xonaqa,false
SA-212021,SA-212,1718212,1718212021,202666485,Do‘stlik,Дўстлик,Дустлик,Dóstlik,false
SA-212022,SA-212,1718212,1718212031,202673644,Chag‘atoy,Чағатой,Чагатой,Chaǵatoy,false
SA-212023,SA-212,1718212,0,,Barlos,Барлос,Барлос,Barlos,true
SA-212024,SA-212,1718212,1718212022,202680826,Zarband,Зарбанд,Зарбанд,Zarband,false
SA-212025,SA-212,1718212,1718212016,204598284,Beshbola,Бешбола,Бешбола,Beshbola,false
SA-212026,SA-212,1718212,1718212017,202673723,Boytubi,Бойтуби,Бойтуби,Boytubi,false
SA-212027,SA-212,1718212,1718212019,206947948,Bo‘ston,Бўстон,Бустон,Bóston,false
SA-212028,SA-212,1718212,1718212020,202657512,Gulobod (quljamon),Гулобод (қулжамон),Гулобод,Gulobod (quljamon),false
SA-212029,SA-212,1718212,1718212028,202679761,Odil,Одил,Одил,Odil,false
SA-212030,SA-212,1718212,1718212026,202770849,Mirishkor,Миришкор,Миришкор,Mirishkor,false
SA-212031,SA-212,1718212,1718212025,202679818,Qiyot,Қиёт,Киёт,Qiyot,false
SA-212032,SA-212,1718212,0,,G‘.g‘ulom,Ғ.ғулом,Ғ.ғулом,Ǵ.ǵulom,true
SA-212033,SA-212,1718212,1718212041,202657504,Qoraqo‘yli,Қорақўйли,Коракуйли,Qoraqóyli,false
SA-212034,SA-212,1718212,1718212032,202657472,Azamat,Азамат,Азамат,Azamat,false
SA-212035,SA-212,1718212,1718212034,202654058,Boylata,Бойлата,Бойлата,Boylata,false
SA-212036,SA-212,1718212,1718212039,202673754,Qirqyigit,Қирқйигит,Киркйигит,Qirqyigit,false
SA-212037,SA-212,1718212,1718212037,205309016,Dehqonobod,Деҳқонобод,Дехконобод,Dehqonobod,false
SA-212038,SA-212,1718212,1718212045,202654065,Chinortepa,Чинортепа,Чинортепа,Chinortepa,false
SA-212039,SA-212,1718212,0,,Qung‘irot,Қунғирот,Қунғирот,Qunǵirot,true
SA-212040,SA-212,1718212,1718212033,202654041,Baxrin,Бахрин,Бахрин,Baxrin,false
SA-212041,SA-212,1718212,1718212038,202654097,Kutarma,Кутарма,Кутарма,Kutarma,false
SA-212042,SA-212,1718212,1718212040,202657529,Qoraqishloq,Қорақишлоқ,Коракишлок,Qoraqishloq,false
SA-212043,SA-212,1718212,1718212036,202657464,Damariq,Дамариқ,Дамарик,Damariq,false
SA-212044,SA-212,1718212,1718212044,202673651,Toytuyoq,Тойтуёқ,Тойтуёк,Toytuyoq,false
SA-212045,SA-212,1718212,1718212046,202749753,Shayxislom,Шайхислом,Шайхислом,Shayxislom,false
SA-212046,SA-212,1718212,1718212043,202698399,Orlot,Орлот,Орлот,Orlot,false
SA-212047,SA-212,1718212,0,,J.Mahmudov,Ж.маҳмудов,Ж.маҳмудов,J.Mahmudov,true
SA-212048,SA-212,1718212,1718212060,202673747,Sheyxlarkent,Шейхларкент,Шейхларкент,Sheyxlarkent,false
SA-212049,SA-212,1718212,1718212061,202673636,Yug‘ontepa,Юғонтепа,Югонтепа,Yuǵontepa,false
SA-212050,SA-212,1718212,1718212053,202679793,Minglar,Минглар,Минглар,Minglar,false
SA-212051,SA-212,1718212,1718212050,202673668,Zarbuloq (arabxona),Зарбулоқ (арабхона),Зарбулок,Zarbuloq (arabxona),false
SA-212052,SA-212,1718212,1718212059,202652599,Sheyxlar,Шейхлар,Шейхлар,Sheyxlar,false
SA-212053,SA-212,1718212,1718212055,202679785,Moxpar,Мохпар,Мохпар,Moxpar,false
SA-212054,SA-212,1718212,1718212047,205409872,Bog‘bon (qurilish),Боғбон (қурилиш),Богбон,Boǵbon (qurilish),false
SA-212055,SA-212,1718212,1718212051,202654026,Zartepa (tallak),Зартепа (таллак),Зартепа,Zartepa (tallak),false
SA-212056,SA-212,1718212,1718212062,202679825,Yangiravot,Янгиравот,Янгиравот,Yangiravot,false
SA-212057,SA-212,1718212,0,,Hazarbobo,Ҳазарбобо,Ҳазарбобо,Hazarbobo,true
SA-212058,SA-212,1718212,0,,Mirzaqul,Мирзақул,Мирзақул,Mirzaqul,true
SA-212059,SA-212,1718212,1718212048,202673675,Bog‘ixon (boqon),Боғихон (боқон),Богихон,Boǵixon (boqon),false
SA-212060,SA-212,1718212,1718212057,202673683,O‘zbekqo‘rg‘on,Ўзбекқўрғон,Узбеккоргон,Ózbekqórǵon,false
SA-212061,SA-212,1718212,1718212052,202673715,Qayirma,Қайирма,Кайирма,Qayirma,false
SA-212062,SA-212,1718212,1718212056,202680834,Soxibkor (tinibek),Сохибкор (тинибек),Сохибкор,Soxibkor (tinibek),false
SA-14030011,SA-212,1718212,1718212003,202657440,Boro‘nxo‘ja,Бўронхўжа,Боронхожа,Borónxója,false
SA-14030013,SA-212,1718212,1718212035,202654105,G‘afur g‘ulom,Ғафур ғулом,Гафур Гулом,Ǵafur ǵulom,false
SA-14030018,SA-212,1718212,1718212049,202732902,Jura maxmudov,Жура махмудов,Жура Махмудов,Jura maxmudov,false
SA-14030049,SA-212,1718212,1718212058,205309009,Xazarbobo,Хазарбобо,Хазарбобо,Xazarbobo,false
SA-14030031,SA-212,1718212,1718212042,202654073,Qo‘ng‘rot,Қўнғрот,Кунгрот,Qónǵrot,false
SA-14030002,SA-212,1718212,1718212018,202722732,Borlos,Борлос,Борлос,Borlos,false
SA-14030044,SA-212,1718212,1718212009,202673762,Sug‘ot,Суғот,Сугот,Suǵot,false
SA-14030034,SA-212,1718212,1718212054,205852728,Mirzoqul,Мирзоқул,Мирзокул,Mirzoqul,false
SA-14030023,SA-212,1718212,1718212024,202673690,Quchqor qarshiev,Қучқор қаршиeв,Кучкор Каршиeв,Quchqor qarshiev,false
SA-215001,SA-215,1718215,1718215016,202706584,Dustlik,Дустлик,Дустлик,Dustlik,false
SA-215002,SA-215,1718215,1718215017,202706624,Charog‘on,Чароғон,Чарогон,Charoǵon,false
SA-215003,SA-215,1718215,0,,A.Navoiy,А.навоий,А.навоий,A.Navoiy,true
SA-215004,SA-215,1718215,0,,M.Ulugbek,М.улугбек,М.улугбек,M.Ulugbek,true
SA-215005,SA-215,1718215,1718215020,202734091,Bog‘ot,Боғот,Богот,Boǵot,false
SA-215006,SA-215,1718215,1718215021,202713878,Madrasa,Мадраса,Мадраса,Madrasa,false
SA-215007,SA-215,1718215,1718215022,202703011,Kadan,Кадан,Кадан,Kadan,false
SA-215008,SA-215,1718215,1718215023,202702789,Yangiravot,Янгиравот,Янгиравот,Yangiravot,false
SA-215009,SA-215,1718215,1718215024,202702772,Mullotog‘ay,Муллотоғай,Муллотогай,Mullotoǵay,false
SA-215010,SA-215,1718215,1718215025,202734005,Mullakurpa,Муллакурпа,Муллакурпа,Mullakurpa,false
SA-215011,SA-215,1718215,1718215001,202702764,Valijon,Валижон,Валижон,Valijon,false
SA-215012,SA-215,1718215,1718215002,202702757,Qumoq,Қумоқ,Кумок,Qumoq,false
SA-215013,SA-215,1718215,1718215003,202702796,Kattaming,Каттаминг,Каттаминг,Kattaming,false
SA-215014,SA-215,1718215,1718215004,202702740,Muminxo‘ja,Муминхўжа,Муминхожа,Muminxója,false
SA-215015,SA-215,1718215,1718215057,202706664,Jumaboy,Жумабой,Жумабой,Jumaboy,false
SA-215016,SA-215,1718215,1718215058,202706649,Oyjon,Ойжон,Ойжон,Oyjon,false
SA-215017,SA-215,1718215,1718215059,202706656,Nisbat,Нисбат,Нисбат,Nisbat,false
SA-215018,SA-215,1718215,1718215060,202706671,Chig‘atoy,Чиғатой,Чигатой,Chiǵatoy,false
SA-215019,SA-215,1718215,1718215061,202703004,Moybuloq,Мойбулоқ,Мойбулок,Moybuloq,false
SA-215020,SA-215,1718215,1718215062,202713854,Jizmonsoy,Жизмонсой,Жизмонсой,Jizmonsoy,false
SA-215021,SA-215,1718215,1718215063,202702979,Qoqsoy,Қоқсой,Коксой,Qoqsoy,false
SA-215022,SA-215,1718215,1718215064,202706600,Yonboshsoy,Ёнбошсой,Ёнбошсой,Yonboshsoy,false
SA-215023,SA-215,1718215,0,,Qushquton,Қушқутон,Қушқутон,Qushquton,true
SA-215024,SA-215,1718215,1718215066,202734013,Burgansoy,Бургансой,Бургансой,Burgansoy,false
SA-215025,SA-215,1718215,1718215067,202702986,Sebuston,Себустон,Себустон,Sebuston,false
SA-215026,SA-215,1718215,1718215068,202702962,Andoqsoy,Андоқсой,Андоксай,Andoqsoy,false
SA-215027,SA-215,1718215,1718215031,202702725,Balandchordara,Баландчордара,Баландчордара,Balandchordara,false
SA-215028,SA-215,1718215,1718215032,202713839,Zarqo‘rg‘on,Зарқўрғон,Заркургон,Zarqórǵon,false
SA-215029,SA-215,1718215,1718215033,202702733,Navbaxor,Навбахор,Навбахор,Navbaxor,false
SA-215030,SA-215,1718215,1718215034,202733988,Olmazor,Олмазор,Олмазор,Olmazor,false
SA-215031,SA-215,1718215,1718215035,202698422,Kattako‘rpa,Каттакўрпа,Каттакурпа,Kattakórpa,false
SA-215032,SA-215,1718215,1718215005,202702875,Nayman,Найман,Найман,Nayman,false
SA-215033,SA-215,1718215,1718215006,202702890,Vayrot,Вайрот,Вайрот,Vayrot,false
SA-215034,SA-215,1718215,1718215007,202702883,Yovi,Ёви,Ёви,Yovi,false
SA-215035,SA-215,1718215,1718215008,202702868,Fayzikent,Файзикент,Файзикент,Fayzikent,false
SA-215036,SA-215,1718215,1718215009,202698439,Qo‘shtepa,Қўштепа,Куштепа,Qóshtepa,false
SA-215037,SA-215,1718215,1718215010,202758924,Yangiobod,Янгиобод,Янгиобод,Yangiobod,false
SA-215038,SA-215,1718215,0,,Qo‘shxovuz,Қўшховуз,Қўшховуз,Qóshxovuz,true
SA-215039,SA-215,1718215,1718215026,202730976,Javlon,Жавлон,Жавлон,Javlon,false
SA-215040,SA-215,1718215,1718215027,202734109,Chuyanchi,Чуянчи,Чуянчи,Chuyanchi,false
SA-215041,SA-215,1718215,1718215028,202762636,Tarnov,Тарнов,Тарнов,Tarnov,false
SA-215042,SA-215,1718215,1718215029,202733995,Yodgorxo‘ja,Ёдгорхўжа,Ёдгорхожа,Yodgorxója,false
SA-215043,SA-215,1718215,1718215030,202730984,Qiyot,Қиёт,Киёт,Qiyot,false
SA-215044,SA-215,1718215,1718215011,202702844,Mundiyon,Мундиён,Мундиён,Mundiyon,false
SA-215045,SA-215,1718215,1718215012,202702836,Jonkel,Жонкел,Жонкел,Jonkel,false
SA-215046,SA-215,1718215,1718215013,202702829,Qirg‘iz,Қирғиз,Киргиз,Qirǵiz,false
SA-215047,SA-215,1718215,1718215014,202702804,Tavaron,Таварон,Таварон,Tavaron,false
SA-215048,SA-215,1718215,1718215015,202762572,Boltabek,Болтабек,Болтабек,Boltabek,false
SA-215049,SA-215,1718215,1718215036,202734069,Qoradaryo,Қорадарё,Корадарё,Qoradaryo,false
SA-215050,SA-215,1718215,1718215037,202734052,Polvontepa,Полвонтепа,Полвонтепа,Polvontepa,false
SA-215051,SA-215,1718215,1718215038,202734076,Balandravot,Баландравот,Баландравот,Balandravot,false
SA-215052,SA-215,1718215,1718215039,202734020,Yakkabog‘,Яккабоғ,Яккабог,Yakkaboǵ,false
SA-215053,SA-215,1718215,1718215040,204384234,Yangi xayot,Янги хаёт,Янгихаёт,Yangi xayot,false
SA-215054,SA-215,1718215,1718215041,202702915,Qushbegi,Қушбеги,Кушбеги,Qushbegi,false
SA-215055,SA-215,1718215,1718215042,202734084,Uyshun,Уйшун,Уйшун,Uyshun,false
SA-215056,SA-215,1718215,1718215043,202734037,Shurak,Шурак,Шурак,Shurak,false
SA-215057,SA-215,1718215,1718215044,202762644,Yangiqo‘rg‘oncha,Янгиқўрғонча,Янгикоргонча,Yangiqórǵoncha,false
SA-215058,SA-215,1718215,0,,Meylixo‘ja,Мейлихўжа,Мейлихўжа,Meylixója,true
SA-215059,SA-215,1718215,1718215046,205186069,Alijon,Алижон,Алижон,Alijon,false
SA-215060,SA-215,1718215,1718215047,202698478,Omonboyko‘prik,Омонбойкўприк,Омонбой коприк,Omonboykóprik,false
SA-215061,SA-215,1718215,1718215048,202702947,Go‘zal,Гўзал,Гозал,Gózal,false
SA-215062,SA-215,1718215,1718215049,202734131,Saroyqo‘rg‘on,Саройқўрғон,Саройкоргон,Saroyqórǵon,false
SA-215063,SA-215,1718215,1718215050,202702954,Yangiqiyot,Янгиқиёт,Янгикиёт,Yangiqiyot,false
SA-215064,SA-215,1718215,1718215051,202702930,Kumushkent,Кумушкент,Кумушкент,Kumushkent,false
SA-215065,SA-215,1718215,1718215052,202702923,Qorako‘lcha,Қоракўлча,Коракулча,Qorakólcha,false
SA-215066,SA-215,1718215,1718215053,204387088,Bunyodkor,Бунёдкор,Бунёдкор,Bunyodkor,false
SA-215067,SA-215,1718215,1718215054,202702908,Omonkalxat,Омонкалхат,Омонкалхат,Omonkalxat,false
SA-215068,SA-215,1718215,1718215055,202706617,Nomozpolvon,Номозполвон,Номозполвон,Nomozpolvon,false
SA-215069,SA-215,1718215,1718215056,202706592,Kumush qirg‘oq,Кумуш қирғоқ,Кумушкиргок,Kumush qirǵoq,false
SA-14050002,SA-215,1718215,1718215018,202724294,Alisher navoiy,Алишер навоий,Алишер Навоий,Alisher navoiy,false
SA-14050039,SA-215,1718215,1718215019,202734116,Mirzo ulug‘bek,Мирзо улуғбек,Мирзо Улугбек,Mirzo uluǵbek,false
SA-14050036,SA-215,1718215,1718215069,202724334,Qo‘shhovuz,Қўшҳовуз,Кушховуз,Qóshhovuz,false
SA-14050038,SA-215,1718215,1718215045,202734044,Melixo‘ja,Мелихўжа,Мелихужа,Melixója,false
SA-14050034,SA-215,1718215,1718215065,202702994,Qo‘shqo‘ton,Қўшқўтон,Кушкутон,Qóshqóton,false
SA-216001,SA-216,1718216,1718216001,203091276,Qiyqim,Қийқим,Кийким,Qiyqim,false
SA-216002,SA-216,1718216,1718216008,203091284,Shovana,Шована,Шована,Shovana,false
SA-216003,SA-216,1718216,1718216005,203091244,Qo‘rg‘on,Қўрғон,Коргон,Qórǵon,false
SA-216004,SA-216,1718216,1718216007,203091047,Xonnazar,Хонназар,Хонназар,Xonnazar,false
SA-216005,SA-216,1718216,1718216010,306114145,Zarmitan,Зармитан,Зармитан,Zarmitan,false
SA-216006,SA-216,1718216,1718216003,203130685,Zarkent,Заркент,Заркент,Zarkent,false
SA-216007,SA-216,1718216,1718216006,203091079,Mayintepa,Майинтепа,Майинтепа,Mayintepa,false
SA-216008,SA-216,1718216,1718216004,203091180,Kuvkalla,Кувкалла,Кувкалла,Kuvkalla,false
SA-216009,SA-216,1718216,1718216009,203091030,Yuqori saroy,Юқори сарой,Юкори Сарой,Yuqori saroy,false
SA-216010,SA-216,1718216,1718216002,207138505,Boyto‘p,Бойтўп,Бойтуп,Boytóp,false
SA-216011,SA-216,1718216,1718216011,203091094,Jo‘sh ota,Жўш ота,Жуш ота,Jósh ota,false
SA-216012,SA-216,1718216,1718216012,206965507,Katta oqmachit,Катта оқмачит,Катта Oкмачит,Katta oqmachit,false
SA-216013,SA-216,1718216,1718216013,204813886,Qo‘shtamg‘ali,Қўштамғали,Куштамгали,Qóshtamǵali,false
SA-216014,SA-216,1718216,1718216015,203091205,Chimmos,Чиммос,Чиммос,Chimmos,false
SA-216015,SA-216,1718216,1718216022,203091291,Toz,Тоз,Тоз,Toz,false
SA-216016,SA-216,1718216,0,,Yuqori jo‘sh,Юқори жўш,Юқори жўш,Yuqori jósh,true
SA-216017,SA-216,1718216,1718216017,203091220,Urganji,Урганжи,Урганжи,Urganji,false
SA-216018,SA-216,1718216,0,,O‘rtasoy,Ўртасой,Ўртасой,Órtasoy,true
SA-216019,SA-216,1718216,1718216016,203091062,Oqchobsoy,Оқчобсой,Окчобсой,Oqchobsoy,false
SA-216020,SA-216,1718216,1718216019,203091054,Yangiqishloq,Янгиқишлоқ,Янгикишлок,Yangiqishloq,false
SA-216021,SA-216,1718216,1718216014,203091197,Jonbuloq,Жонбулоқ,Жонбулок,Jonbuloq,false
SA-216022,SA-216,1718216,0,,Sorigul,Соригул,Соригул,Sorigul,true
SA-216023,SA-216,1718216,0,,Chinoq,Чиноқ,Чиноқ,Chinoq,true
SA-216024,SA-216,1718216,1718216030,203091158,Minishkor,Минишкор,Минишкор,Minishkor,false
SA-216025,SA-216,1718216,1718216026,203091309,Qo‘shrabot,Қўшработ,Кушработ,Qóshrabot,false
SA-216026,SA-216,1718216,1718216027,203091165,Navkat,Навкат,Навкат,Navkat,false
SA-216027,SA-216,1718216,1718216025,203091237,Qoratosh,Қоратош,Коратош,Qoratosh,false
SA-216028,SA-216,1718216,1718216024,203091252,Qovunchi,Қовунчи,Ковунчи,Qovunchi,false
SA-216029,SA-216,1718216,1718216028,203091126,Pangat,Пангат,Пангат,Pangat,false
SA-216030,SA-216,1718216,0,,Shova,Шова,Шова,Shova,true
SA-216031,SA-216,1718216,1718216023,203091102,Buloqboshi,Булоқбоши,Булокбоши,Buloqboshi,false
SA-216032,SA-216,1718216,1718216032,306063083,Soxibkor,Сохибкор,Сохибкор,Soxibkor,false
SA-216033,SA-216,1718216,1718216034,203091324,Bozorjoy,Бозоржой,Бозоржой,Bozorjoy,false
SA-216034,SA-216,1718216,0,,Boypurushli,Бойпурушли,Бойпурушли,Boypurushli,true
SA-216035,SA-216,1718216,0,,Buloq,Булоқ,Булоқ,Buloq,true
SA-216036,SA-216,1718216,1718216037,206944904,Do‘stlik,Дўстлик,Дустлик,Dóstlik,false
SA-216037,SA-216,1718216,1718216039,203091173,Ozod,Озод,Озод,Ozod,false
SA-216038,SA-216,1718216,1718216040,203091134,Tegirmonovul,Тегирмоновул,Тегирмоновул,Tegirmonovul,false
SA-216039,SA-216,1718216,1718216041,203091086,Chorloq,Чорлоқ,Чорлок,Chorloq,false
SA-216040,SA-216,1718216,1718216043,203091141,Pichot,Пичот,Пичот,Pichot,false
SA-216041,SA-216,1718216,0,,Qo‘rolos,Қўролос,Қўролос,Qórolos,true
SA-216042,SA-216,1718216,1718216038,203425530,Mustaqillik,Мустақиллик,Мустакиллик,Mustaqillik,false
SA-14040017,SA-216,1718216,1718216042,203091119,Qo‘ralos,Қўралос,Коралос,Qóralos,false
SA-218001,SA-218,1718218,1718218044,202837715,Bolg‘ali,Болғали,Болгали,Bolǵali,false
SA-218002,SA-218,1718218,1718218054,202842361,Tepa,Тепа,Тепа,Tepa,false
SA-218003,SA-218,1718218,1718218047,202866363,Mang‘it,Манғит,Мангит,Manǵit,false
SA-218004,SA-218,1718218,1718218049,202842378,Mushkent,Мушкент,Мушкент,Mushkent,false
SA-218005,SA-218,1718218,1718218018,202830037,Yangiariq,Янгиариқ,Янги арик,Yangiariq,false
SA-218006,SA-218,1718218,1718218014,202830005,Tortuvli,Тортувли,Тортувли,Tortuvli,false
SA-218007,SA-218,1718218,1718218006,202830013,Qoziyoqli,Қозиёқли,Козиёкли,Qoziyoqli,false
SA-218008,SA-218,1718218,1718218011,202868320,Olti o‘g‘il,Олти ўғил,Олтиугил,Olti óǵil,false
SA-218009,SA-218,1718218,1718218017,202830020,Umid,Умид,Умид,Umid,false
SA-218010,SA-218,1718218,0,,No‘g‘oy,Нўғой,Нўғой,Nóǵoy,true
SA-218011,SA-218,1718218,1718218001,202835575,Dedan,Дедан,Дедан,Dedan,false
SA-218012,SA-218,1718218,1718218004,202839657,Ipak yo‘li,Ипак йўли,Ипакёли,Ipak yóli,false
SA-218013,SA-218,1718218,1718218007,202837723,Qozikent,Қозикент,Козикент,Qozikent,false
SA-218014,SA-218,1718218,1718218009,202941864,Navruz,Навруз,Навруз,Navruz,false
SA-218015,SA-218,1718218,1718218002,203166237,Do‘stlik,Дўстлик,Дустлик,Dóstlik,false
SA-218016,SA-218,1718218,1718218008,202941871,Mustaqillik,Мустақиллик,Мустакиллик,Mustaqillik,false
SA-218017,SA-218,1718218,1718218016,202884129,O‘zbekiston,Ўзбекистон,Узбекистон,Ózbekiston,false
SA-218018,SA-218,1718218,1718218019,202830131,Beklar,Беклар,Беклар,Beklar,false
SA-218019,SA-218,1718218,1718218028,202830116,Charxin,Чархин,Чархин,Charxin,false
SA-218020,SA-218,1718218,0,,Xo‘jakarzon,Хўжакарзон,Хўжакарзон,Xójakarzon,true
SA-218021,SA-218,1718218,1718218023,202830148,Soxibkor,Сохибкор,Сохибкор,Soxibkor,false
SA-218022,SA-218,1718218,1718218020,202830084,Birlik,Бирлик,Бирлик,Birlik,false
SA-218023,SA-218,1718218,1718218013,202835583,Sarbozor,Сарбозор,Сарбозор,Sarbozor,false
SA-218024,SA-218,1718218,1718218012,202896864,Salovat,Саловат,Саловат,Salovat,false
SA-218025,SA-218,1718218,1718218055,202829993,Totkent,Тоткент,Тоткент,Totkent,false
SA-218026,SA-218,1718218,1718218057,202727274,Chaykal,Чайкал,Чайкал,Chaykal,false
SA-218027,SA-218,1718218,1718218035,202754241,Oq oltin,Оқ олтин,Ок-олтин,Oq oltin,false
SA-218028,SA-218,1718218,1718218034,202830069,Ko‘k ota,Кўк ота,Кук-ота,Kók ota,false
SA-218029,SA-218,1718218,0,,Toshkuprik,Тошкуприк,Тошкуприк,Toshkuprik,true
SA-218030,SA-218,1718218,0,,Xo‘jako‘rg‘on,Хўжакўрғон,Хўжакўрғон,Xójakórǵon,true
SA-218031,SA-218,1718218,1718218003,202830155,Iymon,Иймон,Иймон,Iymon,false
SA-218032,SA-218,1718218,1718218005,202830163,Istiqlol,Истиқлол,Истиклол,Istiqlol,false
SA-218033,SA-218,1718218,1718218015,202892206,Turon,Турон,Турон,Turon,false
SA-218034,SA-218,1718218,0,,Tuxta roziqov,Тухта розиқов,Тухта розиқов,Tuxta roziqov,true
SA-218035,SA-218,1718218,1718218022,202835590,Ravot olchin,Равот олчин,Равот Олчин,Ravot olchin,false
SA-218036,SA-218,1718218,1718218029,202844920,Chorbog‘,Чорбоғ,Чорбог,Chorboǵ,false
SA-218037,SA-218,1718218,1718218026,202727259,O‘zbekkenti,Ўзбеккенти,Узбеккенти,Ózbekkenti,false
SA-218038,SA-218,1718218,1718218024,202837708,Tepaqo‘rg‘on,Тепақўрғон,Тепакургон,Tepaqórǵon,false
SA-218039,SA-218,1718218,0,,Zoir ota,Зоир ота,Зоир ота,Zoir ota,true
SA-218040,SA-218,1718218,1718218050,202727266,Narpay,Нарпай,Нарпай,Narpay,false
SA-218041,SA-218,1718218,1718218042,202830124,Barkamol,Баркамол,Баркамол,Barkamol,false
SA-218042,SA-218,1718218,1718218032,202866348,Guliston,Гулистон,Гулистон,Guliston,false
SA-218043,SA-218,1718218,0,,Baxt,Бахт,Бахт,Baxt,true
SA-218044,SA-218,1718218,0,,Zirabuloq,Зирабулоқ,Зирабулоқ,Zirabuloq,true
SA-218045,SA-218,1718218,0,,A.Temur,А.темур,А.темур,A.Temur,true
SA-218046,SA-218,1718218,0,,I.Shoir,И.шоир,И.шоир,I.Shoir,true
SA-218047,SA-218,1718218,1718218051,202892198,Nog‘araxona,Ноғарахона,Ногарахона,Noǵaraxona,false
SA-218048,SA-218,1718218,0,,A.Navoiy,А.навоий,А.навоий,A.Navoiy,true
SA-218049,SA-218,1718218,1718218048,203053243,Muqimiy,Муқимий,Мукимий,Muqimiy,false
SA-218050,SA-218,1718218,1718218036,202728368,Tinchlik,Тинчлик,Тинчлик,Tinchlik,false
SA-218051,SA-218,1718218,1718218041,202728375,Ahillik,Аҳиллик,Ахиллик,Ahillik,false
SA-218052,SA-218,1718218,0,,Xalqobod,Халқобод,Халқобод,Xalqobod,true
SA-218053,SA-218,1718218,1718218039,202866331,Yangiobod,Янгиобод,Янгиобод,Yangiobod,false
SA-218054,SA-218,1718218,1718218052,202866355,Oqtosh,Оқтош,Октош,Oqtosh,false
SA-218055,SA-218,1718218,0,,Ochil abdiraximov,Очил абдирахимов,Очил абдирахимов,Ochil abdiraximov,true
SA-218056,SA-218,1718218,1718218033,202703050,Islomobod,Исломобод,Исломобод,Islomobod,false
SA-14060029,SA-218,1718218,1718218010,202830044,Nugay,Нугай,Нугай,Nugay,false
SA-14060009,SA-218,1718218,1718218031,207327776,Bo‘ston,Бўстон,Бостон,Bóston,false
SA-14060002,SA-218,1718218,1718218030,203660121,Amir temur,Амир темур,Амир Темур,Amir temur,false
SA-14060016,SA-218,1718218,1718218046,202496262,Islom shoir,Ислом шоир,Ислом Шоир,Islom shoir,false
SA-14060030,SA-218,1718218,1718218021,203053250,Obi hayot,Оби ҳаёт,Оби xаёт,Obi hayot,false
SA-14060050,SA-218,1718218,1718218056,202719576,Xalqabod,Халқабод,Халкабод,Xalqabod,false
SA-14060049,SA-218,1718218,1718218025,202815505,Haqiqat,Ҳақиқат,Хакикат,Haqiqat,false
SA-14060051,SA-218,1718218,1718218027,202830091,Xo‘jakorzon,Хўжакорзон,Хужакорзон,Xójakorzon,false
SA-14060052,SA-218,1718218,1718218038,202830109,Xo‘jaqo‘rg‘on,Хўжақўрғон,Хужакургон,Xójaqórǵon,false
SA-14060043,SA-218,1718218,1718218037,202835568,Toshko‘prik,Тошкўприк,Тошкоприк,Toshkóprik,false
SA-224001,SA-224,1718224,0,,A.Navoiy nomli,А.навоий номли,А.навоий номли,A.Navoiy nomli,true
SA-224002,SA-224,1718224,1718224002,202573713,Guzal,Гузал,Гузал,Guzal,false
SA-224003,SA-224,1718224,1718224003,202884136,Mustakillik,Мустакиллик,Мустакиллик,Mustakillik,false
SA-224004,SA-224,1718224,1718224004,202884151,Farovon,Фаровон,Фаровон,Farovon,false
SA-224005,SA-224,1718224,1718224005,202892238,Fidokor,Фидокор,Фидокор,Fidokor,false
SA-224006,SA-224,1718224,1718224006,202884175,Birlashuv,Бирлашув,Бирлашув,Birlashuv,false
SA-224007,SA-224,1718224,1718224007,202892221,Baxrin,Бахрин,Бахрин,Baxrin,false
SA-224008,SA-224,1718224,1718224008,202879663,Toxirshayx,Тохиршайх,Тохиршайх,Toxirshayx,false
SA-224009,SA-224,1718224,1718224020,202884144,Javshar ota,Жавшар ота,Жавшарота,Javshar ota,false
SA-224010,SA-224,1718224,1718224021,202892253,Darvishik,Дарвишик,Дарвишик,Darvishik,false
SA-224011,SA-224,1718224,1718224022,206984998,Kirkovul,Кирковул,Кирковул,Kirkovul,false
SA-224012,SA-224,1718224,1718224023,202908301,Kupaki,Купаки,Купаки,Kupaki,false
SA-224013,SA-224,1718224,1718224024,202960889,Gulzor,Гулзор,Гулзор,Gulzor,false
SA-224014,SA-224,1718224,1718224025,202884168,Yangiobod,Янгиобод,Янгиобод,Yangiobod,false
SA-224015,SA-224,1718224,1718224009,202925527,Boshkurgon,Бошкургон,Бошкургон,Boshkurgon,false
SA-224016,SA-224,1718224,1718224010,202892245,Xosa,Хоса,Хоса,Xosa,false
SA-224017,SA-224,1718224,1718224011,203313464,Boshchurosh,Бошчурош,Бошчурош,Boshchurosh,false
SA-224018,SA-224,1718224,1718224012,202908293,Guliston,Гулистон,Гулистон,Guliston,false
SA-224019,SA-224,1718224,1718224013,206691438,Beshkurgon,Бешкургон,Бешкургон,Beshkurgon,false
SA-224020,SA-224,1718224,1718224014,202879703,Juvozxona,Жувозхона,Жувозхона,Juvozxona,false
SA-224021,SA-224,1718224,0,,Dexkonobod,Дехконобод,Дехконобод,Dexkonobod,true
SA-224022,SA-224,1718224,1718224016,206985008,Istiklol,Истиклол,Истиклол,Istiklol,false
SA-224023,SA-224,1718224,1718224017,202956171,Oqtosh,Оқтош,Октош,Oqtosh,false
SA-224024,SA-224,1718224,1718224018,202879710,Dustlik,Дустлик,Дустлик,Dustlik,false
SA-224025,SA-224,1718224,1718224026,202896896,Madaniyat,Маданият,Маданият,Madaniyat,false
SA-224026,SA-224,1718224,1718224027,206671114,Baxor,Бахор,Бахор,Baxor,false
SA-224027,SA-224,1718224,1718224028,202900455,Shurtepa,Шуртепа,Шуртепа,Shurtepa,false
SA-224028,SA-224,1718224,1718224029,202893125,Kultusin,Култусин,Култусин,Kultusin,false
SA-224029,SA-224,1718224,1718224030,202893133,Nakurt,Накурт,Накурт,Nakurt,false
SA-224030,SA-224,1718224,1718224031,202892284,Gallakor,Галлакор,Галлакор,Gallakor,false
SA-224031,SA-224,1718224,0,,A.Yassaviy nomli,А.яссавий номли,А.яссавий номли,A.Yassaviy nomli,true
SA-224032,SA-224,1718224,1718224052,202052657,Toshxovuz,Тошховуз,Тошховуз,Toshxovuz,false
SA-224033,SA-224,1718224,1718224053,202052689,Kumchuk,Кумчук,Кумчук,Kumchuk,false
SA-224034,SA-224,1718224,1718224054,202830242,Xujaobod,Хужаобод,Хужаобод,Xujaobod,false
SA-224035,SA-224,1718224,1718224055,202866474,Goyib ota,Гойиб ота,Гойиб ота,Goyib ota,false
SA-224036,SA-224,1718224,0,,M.Ulugbek,М.улугбек,М.улугбек,M.Ulugbek,true
SA-224037,SA-224,1718224,1718224056,202052664,Bunyodkor,Бунёдкор,Бунёдкор,Bunyodkor,false
SA-224038,SA-224,1718224,1718224032,202866498,Aliobod,Алиобод,Алиобод,Aliobod,false
SA-224039,SA-224,1718224,1718224033,202892980,Turkibola,Туркибола,Туркибола,Turkibola,false
SA-224040,SA-224,1718224,1718224036,202052633,Kuktepa,Куктепа,Куктепа,Kuktepa,false
SA-224041,SA-224,1718224,1718224037,202893078,Navbaxor,Навбахор,Навбахор,Navbaxor,false
SA-224042,SA-224,1718224,1718224038,202893085,Polvonarik,Полвонарик,Полвонарик,Polvonarik,false
SA-224043,SA-224,1718224,1718224039,202893061,Dustlarobod,Дустларобод,Дустларобод,Dustlarobod,false
SA-224044,SA-224,1718224,1718224040,202052640,Burqut,Бурқут,Буркут,Burqut,false
SA-224045,SA-224,1718224,0,,X.Ismoil nomli,Х.исмоил номли,Х.исмоил номли,X.Ismoil nomli,true
SA-224046,SA-224,1718224,1718224042,202830266,Maniobod,Маниобод,Маниобод,Maniobod,false
SA-224047,SA-224,1718224,1718224043,202052618,Okkurgon,Оккургон,Оккургон,Okkurgon,false
SA-224048,SA-224,1718224,1718224044,207040874,Sorisuv,Сорисув,Сорисув,Sorisuv,false
SA-224049,SA-224,1718224,1718224045,202893039,Choshtepa,Чоштепа,Чоштепа,Choshtepa,false
SA-224050,SA-224,1718224,1718224046,202866459,Zarafshon,Зарафшон,Зарафшон,Zarafshon,false
SA-224051,SA-224,1718224,1718224047,202893022,Tupolos,Туполос,Туполос,Tupolos,false
SA-224052,SA-224,1718224,1718224048,202328668,Xalkobod,Халкобод,Халкобод,Xalkobod,false
SA-224053,SA-224,1718224,1718224049,202892997,Bobur,Бобур,Бобур,Bobur,false
SA-224054,SA-224,1718224,0,,Ernazarkurgon,Ерназаркургон,Ерназаркургон,Ernazarkurgon,true
SA-224055,SA-224,1718224,1718224051,202893093,Ilgor,Илгор,Илгор,Ilgor,false
SA-224056,SA-224,1718224,1718224057,202052625,Tomoyrot,Томойрот,Томойрот,Tomoyrot,false
SA-224057,SA-224,1718224,1718224058,202866434,Navruz,Навруз,Навруз,Navruz,false
SA-224058,SA-224,1718224,1718224059,202844944,Kattasaydov,Каттасайдов,Каттасайдов,Kattasaydov,false
SA-224059,SA-224,1718224,1718224060,202893054,Sarbozor,Сарбозор,Сарбозор,Sarbozor,false
SA-224060,SA-224,1718224,1718224061,202866506,O‘ymovut,Ўймовут,Уймовут,Óymovut,false
SA-224061,SA-224,1718224,1718224062,202898213,Fitrat,Фитрат,Фитрат,Fitrat,false
SA-224062,SA-224,1718224,1718224019,303218738,Taraqqiyot,Тараққиёт,Тараккиёт,Taraqqiyot,false
SA-224063,SA-224,1718224,1718224063,202893046,O‘zbekiston,Ўзбекистон,Узбекистон,Ózbekiston,false
SA-224064,SA-224,1718224,1718224064,202866466,Olmazor,Олмазор,Олмазор,Olmazor,false
SA-224065,SA-224,1718224,1718224065,202893007,Yangi xayot,Янги хаёт,Янги хаёт,Yangi xayot,false
SA-14090035,SA-224,1718224,1718224035,202844937,Mirzo ulug‘bek,Мирзо улуғбек,Мирзо Улугбек,Mirzo uluǵbek,false
SA-14090002,SA-224,1718224,1718224001,202879727,Alisher navoi,Алишер навоий,Алишер Навоий,Alisher navoi,false
SA-14090063,SA-224,1718224,1718224050,202893014,Ernazarqorg‘on,Эрназарқорғон,Эрназаркоргон,Ernazarqorǵon,false
SA-14090059,SA-224,1718224,1718224041,202866442,Xo‘ja ismoil,Хўжа исмоил,Хужа Исмоил,Xója ismoil,false
SA-14090018,SA-224,1718224,1718224015,202873839,Dehqonobod,Деҳқанобод,Дехканобод,Dehqonobod,false
SA-14090003,SA-224,1718224,1718224034,202052672,Ahmad yassaviy,Аҳмад яссавий,Ахмад Яссавий,Ahmad yassaviy,false
SA-227001,SA-227,1718227,1718227006,202652528,Go‘zalkent,Гўзалкент,Гузалкент,Gózalkent,false
SA-227002,SA-227,1718227,1718227010,202710519,Qarshiobod,Қаршиобод,Каршиобод,Qarshiobod,false
SA-227003,SA-227,1718227,1718227008,202920201,Qorasuv,Қорасув,Корасув,Qorasuv,false
SA-227004,SA-227,1718227,1718227017,207236827,Temiryo‘l,Темирйўл,Темирул,Temiryól,false
SA-227005,SA-227,1718227,0,,Qushquduq,Қушқудуқ,Қушқудуқ,Qushquduq,true
SA-227006,SA-227,1718227,1718227014,205174645,Oshiq ota,Ошиқ ота,Ошик ота,Oshiq ota,false
SA-227007,SA-227,1718227,1718227013,205289604,Oltiqaxramon,Олтиқахрамон,Олти Кахрамон,Oltiqaxramon,false
SA-227008,SA-227,1718227,1718227019,204838388,Mash‘al,Машъал,Машъал,Mash‘al,false
SA-227009,SA-227,1718227,1718227007,206946617,Zormon,Зормон,Зормон,Zormon,false
SA-227010,SA-227,1718227,1718227026,202715448,Yangiravot,Янгиравот,Янгиравот,Yangiravot,false
SA-227011,SA-227,1718227,1718227021,202920218,Uch tepa,Уч тепа,Уч тeпа,Uch tepa,false
SA-227012,SA-227,1718227,1718227024,202706553,Yangiqishloq,Янгиқишлоқ,Янги кишлок,Yangiqishloq,false
SA-227013,SA-227,1718227,1718227022,202702718,Chimboy,Чимбой,Чимбой,Chimboy,false
SA-227014,SA-227,1718227,1718227003,205825958,Bog‘ishamol,Боғишамол,Богишамол,Boǵishamol,false
SA-227015,SA-227,1718227,1718227001,205176849,Bahor,Баҳор,Бахор,Bahor,false
SA-227016,SA-227,1718227,1718227020,202900424,O‘tarchi,Ўтарчи,Утарчи,Ótarchi,false
SA-227017,SA-227,1718227,1718227012,202732783,Navro‘z,Наврўз,Навруз,Navróz,false
SA-227018,SA-227,1718227,1718227015,202759194,Paxtakor,Пахтакор,Пахтакор,Paxtakor,false
SA-227019,SA-227,1718227,1718227011,202685914,Mustaqillik,Мустақиллик,Мустакиллик,Mustaqillik,false
SA-227020,SA-227,1718227,1718227002,202762446,Beklar,Беклар,Беклар,Beklar,false
SA-227021,SA-227,1718227,0,,Tozqulton,Тозқултон,Тозқултон,Tozqulton,true
SA-227022,SA-227,1718227,1718227025,202832445,Yangiobod,Янгиобод,Янгиобод,Yangiobod,false
SA-227023,SA-227,1718227,1718227004,202832414,Boldir,Болдир,Болдир,Boldir,false
SA-227024,SA-227,1718227,0,,Bo‘ston,Бўстон,Бўстон,Bóston,true
SA-227025,SA-227,1718227,0,,Sh.rashidov nomli,Ш.рашидов номли,Ш.рашидов номли,Sh.rashidov nomli,true
SA-227026,SA-227,1718227,1718227016,202832968,Pulatchi,Пулатчи,Пулатчи,Pulatchi,false
SA-227027,SA-227,1718227,0,,O‘rikzor,Ўрикзор,Ўрикзор,Órikzor,true
SA-227028,SA-227,1718227,0,,Quqoni,Қуқони,Қуқони,Quqoni,true
SA-227029,SA-227,1718227,0,,Qoravultepa,Қоравултепа,Қоравултепа,Qoravultepa,true
SA-227030,SA-227,1718227,1718227034,202832406,Qorag‘uppa,Қорағуппа,Корагуппа,Qoraǵuppa,false
SA-227031,SA-227,1718227,1718227031,202832714,Jag‘alboyli,Жағалбойли,Жагалбойли,Jaǵalboyli,false
SA-227032,SA-227,1718227,1718227029,203122172,Beshbola,Бешбола,Бешбола,Beshbola,false
SA-227033,SA-227,1718227,1718227048,202832532,O‘rta charxin,Ўрта чархин,Урта чархин,Órta charxin,false
SA-227034,SA-227,1718227,0,,Qush chinor,Қуш чинор,Қуш чинор,Qush chinor,true
SA-227035,SA-227,1718227,1718227052,202832524,Shombuloq,Шомбулоқ,Шомбулок,Shombuloq,false
SA-227036,SA-227,1718227,1718227040,202832778,Nayman,Найман,Найман,Nayman,false
SA-227037,SA-227,1718227,1718227028,202832785,Balxiyon,Балхиён,Балхиян,Balxiyon,false
SA-227038,SA-227,1718227,1718227051,202832793,Chortut,Чортут,Чортут,Chortut,false
SA-227039,SA-227,1718227,1718227033,202832761,Kamolot,Камолот,Камолот,Kamolot,false
SA-227040,SA-227,1718227,0,,Mirzatup,Мирзатуп,Мирзатуп,Mirzatup,true
SA-227041,SA-227,1718227,0,,Nomozgoh,Номозгоҳ,Номозгоҳ,Nomozgoh,true
SA-227042,SA-227,1718227,0,,M.Ulugbek nomli,М.улугбек номли,М.улугбек номли,M.Ulugbek nomli,true
SA-227043,SA-227,1718227,1718227050,202832556,Charxin,Чархин,Чархин,Charxin,false
SA-227044,SA-227,1718227,1718227042,202832564,Oq oltin,Оқ олтин,Ок олтин,Oq oltin,false
SA-227045,SA-227,1718227,1718227030,202832595,Gulakandoz,Гулакандоз,Гулакандоз,Gulakandoz,false
SA-227046,SA-227,1718227,1718227043,202832588,Tinchlik,Тинчлик,Тинчлик,Tinchlik,false
SA-227047,SA-227,1718227,0,,A.Navoiy nomli,А.навоий номли,А.навоий номли,A.Navoiy nomli,true
SA-227048,SA-227,1718227,0,,Xavuzak,Хавузак,Хавузак,Xavuzak,true
SA-227049,SA-227,1718227,1718227045,202832975,Turon,Турон,Турон,Turon,false
SA-227050,SA-227,1718227,1718227044,202832754,Turkman,Туркман,Туркман,Turkman,false
SA-227051,SA-227,1718227,1718227053,202832746,Yangisanoat,Янгисаноат,Янги саноат,Yangisanoat,false
SA-227052,SA-227,1718227,0,,Madaniy yurish,Маданий юриш,Маданий юриш,Madaniy yurish,true
SA-227053,SA-227,1718227,1718227032,205789909,Imomjon kadimiy yodgorligi,Имомжон кадимий ёдгорлиги,Имомжон кадимий ёдгорлиги,Imomjon kadimiy yodgorligi,false
SA-227054,SA-227,1718227,0,,Tuqboy,Туқбой,Туқбой,Tuqboy,true
SA-227055,SA-227,1718227,1718227056,202832453,Galatut,Галатут,Галатут,Galatut,false
SA-227056,SA-227,1718227,1718227058,202832421,Gumbaz,Гумбаз,Гумбаз,Gumbaz,false
SA-227057,SA-227,1718227,1718227061,202832460,Istiqbol,Истиқбол,Истикбол,Istiqbol,false
SA-227058,SA-227,1718227,0,,Durmonsoy,Дурмонсой,Дурмонсой,Durmonsoy,true
SA-227059,SA-227,1718227,0,,Temirxuja,Темирхужа,Темирхужа,Temirxuja,true
SA-227060,SA-227,1718227,1718227072,202832484,Sanchiqul,Санчиқул,Санчикул,Sanchiqul,false
SA-227061,SA-227,1718227,1718227076,202832517,Xonchorbog‘,Хончорбоғ,Хончорбог,Xonchorboǵ,false
SA-227062,SA-227,1718227,1718227077,203655356,Elbek,Елбек,Элбeк,Elbek,false
SA-227063,SA-227,1718227,1718227075,202832492,Turt tom,Турт том,Турттом,Turt tom,false
SA-227064,SA-227,1718227,1718227060,202796790,Ilm,Илм,Илм,Ilm,false
SA-227065,SA-227,1718227,1718227055,206007652,Bobur nomli,Бобур номли,Бобур,Bobur nomli,false
SA-227066,SA-227,1718227,1718227066,202832477,Mehnat,Меҳнат,Мехнат,Mehnat,false
SA-227067,SA-227,1718227,1718227065,202803773,Qoqsoy,Қоқсой,Коксой,Qoqsoy,false
SA-227068,SA-227,1718227,1718227067,203728217,Navbahor,Навбаҳор,Навбахор,Navbahor,false
SA-227069,SA-227,1718227,1718227079,204882572,Yangiavlod,Янгиавлод,Янги авлод,Yangiavlod,false
SA-227070,SA-227,1718227,1718227057,207236834,Guliston,Гулистон,Гулистон,Guliston,false
SA-227071,SA-227,1718227,1718227070,202832929,Sazag‘on,Сазағон,Сазагон,Sazaǵon,false
SA-227072,SA-227,1718227,0,,A.Temur nomli,А.темур номли,А.темур номли,A.Temur nomli,true
SA-227073,SA-227,1718227,1718227071,207203495,Samarqand,Самарқанд,Самарканд,Samarqand,false
SA-227074,SA-227,1718227,1718227064,202832674,Qatorterak,Қатортерак,Катортерак,Qatorterak,false
SA-227075,SA-227,1718227,1718227069,202832643,Olmazor,Олмазор,Олмазор,Olmazor,false
SA-227076,SA-227,1718227,1718227062,202832604,Katta nayman,Катта найман,Катта найман,Katta nayman,false
SA-227077,SA-227,1718227,1718227068,202832667,Oq mang‘it,Оқ манғит,Ок мангит,Oq manǵit,false
SA-227078,SA-227,1718227,1718227078,202832611,Eski juma,Ески жума,Эски жума,Eski juma,false
SA-227079,SA-227,1718227,1718227063,202832650,Kichik naymancha,Кичик найманча,Кичик найманча,Kichik naymancha,false
SA-227080,SA-227,1718227,1718227084,202832334,Boltali,Болтали,Болтали,Boltali,false
SA-227081,SA-227,1718227,0,,Zangiboy,Зангибой,Зангибой,Zangiboy,true
SA-227082,SA-227,1718227,1718227092,202832366,Lolazor,Лолазор,Лолазор,Lolazor,false
SA-227083,SA-227,1718227,1718227099,202832398,Ravot,Равот,Равот,Ravot,false
SA-227084,SA-227,1718227,1718227090,202832381,Iskandari,Искандари,Искандари,Iskandari,false
SA-227085,SA-227,1718227,1718227081,202832359,Baxshiboyi,Бахшибойи,Бахшибойи,Baxshiboyi,false
SA-227086,SA-227,1718227,0,,Maraqanda,Марақанда,Марақанда,Maraqanda,true
SA-227087,SA-227,1718227,0,,Qo‘yi darg‘om,Қўйи дарғом,Қўйи дарғом,Qóyi darǵom,true
SA-227088,SA-227,1718227,1718227086,207236842,Gulobod,Гулобод,Гулобод,Gulobod,false
SA-227089,SA-227,1718227,0,,Dustlik,Дустлик,Дустлик,Dustlik,true
SA-227090,SA-227,1718227,1718227085,202832857,Buyuk turon,Буюк турон,Буюк турон,Buyuk turon,false
SA-227091,SA-227,1718227,1718227103,207111738,Chandirobod,Чандиробод,Чандиробод,Chandirobod,false
SA-227092,SA-227,1718227,0,,Chandir,Чандир,Чандир,Chandir,true
SA-227093,SA-227,1718227,1718227105,202832840,Esaboy,Есабой,Эсабой,Esaboy,false
SA-227094,SA-227,1718227,0,,Bog‘onali,Боғонали,Боғонали,Boǵonali,true
SA-227095,SA-227,1718227,0,,Agron,Агрон,Агрон,Agron,true
SA-227096,SA-227,1718227,0,,Turt aygir,Турт айгир,Турт айгир,Turt aygir,true
SA-227097,SA-227,1718227,1718227082,202832872,Beshnayman,Бешнайман,Беш найман,Beshnayman,false
SA-227098,SA-227,1718227,0,,Jaul qosim,Жаул қосим,Жаул қосим,Jaul qosim,true
SA-227099,SA-227,1718227,1718227100,207134044,Torariq,Торариқ,Тор-арик,Torariq,false
SA-227100,SA-227,1718227,1718227098,207103485,Paxtachi,Пахтачи,Пахтачи,Paxtachi,false
SA-227101,SA-227,1718227,0,,Yuqori bog‘anali,Юқори боғанали,Юқори боғанали,Yuqori boǵanali,true
SA-227102,SA-227,1718227,1718227097,202832628,Parchaqora,Парчақора,Парчакора,Parchaqora,false
SA-227103,SA-227,1718227,1718227093,204112983,Mang‘itobod,Манғитобод,Мангитобод,Manǵitobod,false
SA-227104,SA-227,1718227,1718227096,202832635,Parcha chandir,Парча чандир,Парча чандир,Parcha chandir,false
SA-227105,SA-227,1718227,1718227095,204597357,Novchandir,Новчандир,Новчандир,Novchandir,false
SA-227106,SA-227,1718227,1718227102,202832904,Furqat,Фурқат,Фуркат,Furqat,false
SA-227107,SA-227,1718227,1718227107,207309434,Qoramang‘it,Қораманғит,Қорамангит,Qoramanǵit,false
SA-14100097,SA-227,1718227,1718227023,202832912,Sharof rashidov,Шароф рашидов,Шароф Рашидов,Sharof rashidov,false
SA-14100077,SA-227,1718227,1718227073,202832500,Temir xo‘ja,Тeмир хўжа,Тeмир хужа,Temir xója,false
SA-14100044,SA-227,1718227,1718227091,202832374,Quyi darg‘om,Қуйи дарғом,Куйи даргом,Quyi darǵom,false
SA-14100102,SA-227,1718227,1718227106,207132885,Yuqari bog‘onali,Юқори боғонали,Юкори богонали,Yuqari boǵonali,false
SA-14100027,SA-227,1718227,1718227089,202832342,Zangiboyi,Зангибойи,Зангибойи,Zangiboyi,false
SA-14100047,SA-227,1718227,1718227037,202832549,Qo‘sh chinor,Қўш чинор,Куш чинор,Qósh chinor,false
SA-14100002,SA-227,1718227,1718227027,202832983,Alisher navoiy,Алишер навоий,Алишер Навоий,Alisher navoiy,false
SA-14100003,SA-227,1718227,1718227054,202832944,Amir temur,Амир темур,Амир Темур,Amir temur,false
SA-14100043,SA-227,1718227,1718227035,202832707,Qorovultepa,Қоровултепа,Коровултепа,Qorovultepa,false
SA-14100055,SA-227,1718227,1718227046,202832571,Mirzo ulug‘bek,Мирзо улуғбек,Мирзо Улугбек,Mirzo uluǵbek,false
SA-14100075,SA-227,1718227,1718227047,202832682,Sinchi,Синчи,Синчи,Sinchi,false
SA-14100023,SA-227,1718227,1718227059,207074412,Durmansoy,Дурмансой,Дурмансой,Durmansoy,false
SA-14100090,SA-227,1718227,1718227049,202832951,Hovuzak,Ҳовузак,Ховузак,Hovuzak,false
SA-14100051,SA-227,1718227,1718227094,206849547,Maroqanda,Мароқанда,Мароканда,Maroqanda,false
SA-14100026,SA-227,1718227,1718227088,202832833,Joul qosim,Жоул қосим,Жоул Косим,Joul qosim,false
SA-14100081,SA-227,1718227,1718227074,202832438,To‘qboy,Тўқбой,Тукбой,Tóqboy,false
SA-14100054,SA-227,1718227,1718227039,202832801,Mirzatut,Мирзатут,Мирзатут,Mirzatut,false
SA-14100046,SA-227,1718227,1718227009,202710526,Qo‘shquduq,Қўшқудуқ,Кушкудук,Qóshquduq,false
SA-14100038,SA-227,1718227,1718227041,204999917,Qozoq nayman,Қозоқ найман,Козок найман,Qozoq nayman,false
SA-14100012,SA-227,1718227,1718227083,202832818,Boganali,Боғанали,Боганалий,Boganali,false
SA-14100045,SA-227,1718227,1718227036,202832722,Qo‘qoni,Қўқони,Кукани,Qóqoni,false
SA-230001,SA-230,1718230,0,,Hudoyberdi,Ҳудойберди,Ҳудойберди,Hudoyberdi,true
SA-230002,SA-230,1718230,1718230010,206815028,Mirzo olim,Мирзо олим,Мирзо Олим,Mirzo olim,false
SA-230003,SA-230,1718230,1718230011,202637323,Sardoba,Сардоба,Сардоба,Sardoba,false
SA-230004,SA-230,1718230,1718230016,202637315,Hunarmand,Ҳунарманд,Хунарманд,Hunarmand,false
SA-230005,SA-230,1718230,1718230003,202637251,Go‘ro‘g‘li,Гўрўғли,Гуругли,Góróǵli,false
SA-230006,SA-230,1718230,0,,Qo‘vondiq,Қўвондиқ,Қўвондиқ,Qóvondiq,true
SA-230007,SA-230,1718230,1718230006,202637290,Ko‘rpa,Кўрпа,Корпа,Kórpa,false
SA-230008,SA-230,1718230,0,,Tinchlik,Тинчлик,Тинчлик,Tinchlik,true
SA-230009,SA-230,1718230,1718230001,202637140,Burqut,Бурқут,Буркут,Burqut,false
SA-230010,SA-230,1718230,0,,To‘g‘olon,Тўғолон,Тўғолон,Tóǵolon,true
SA-230011,SA-230,1718230,0,,Qo‘shxovuz,Қўшховуз,Қўшховуз,Qóshxovuz,true
SA-230012,SA-230,1718230,0,,Gulshan,Гулшан,Гулшан,Gulshan,true
SA-230013,SA-230,1718230,1718230013,202637061,Toma,Тома,Тома,Toma,false
SA-230014,SA-230,1718230,1718230009,206815011,Mirzo nodim,Мирзо нодим,Мирзо Нодим,Mirzo nodim,false
SA-230015,SA-230,1718230,1718230004,202637046,Yobu,Ёбу,Ёбу,Yobu,false
SA-230016,SA-230,1718230,0,,Istiqbol,Истиқбол,Истиқбол,Istiqbol,true
SA-230017,SA-230,1718230,1718230018,202637212,Boltali,Болтали,Болтали,Boltali,false
SA-230018,SA-230,1718230,0,,Urug‘ch,Уруғч,Уруғч,Uruǵch,true
SA-230019,SA-230,1718230,1718230026,202637204,Ukrash,Украш,Украш,Ukrash,false
SA-230020,SA-230,1718230,1718230028,207015999,Farovon yo‘ldoshobod,Фаровон йўлдошобод,Фаровон юлдошобод,Farovon yóldoshobod,false
SA-230021,SA-230,1718230,1718230020,202637244,Jona,Жона,Жона,Jona,false
SA-230022,SA-230,1718230,1718230025,202637308,Nayman,Найман,Найман,Nayman,false
SA-230023,SA-230,1718230,1718230023,202637022,Qaynarbuloq,Қайнарбулоқ,Кайнарбулок,Qaynarbuloq,false
SA-230024,SA-230,1718230,1718230019,202637014,Dabusqal‘a,Дабусқалъа,Дабускалъа,Dabusqal‘a,false
SA-230025,SA-230,1718230,1718230030,202637172,Shamsnazar,Шамсназар,Шамсназар,Shamsnazar,false
SA-230026,SA-230,1718230,1718230029,206826124,Chorgusha,Чоргуша,Чоргуша,Chorgusha,false
SA-230027,SA-230,1718230,1718230024,202637402,Do‘ng,Дўнг,Дунг,Dóng,false
SA-230028,SA-230,1718230,1718230022,206815035,Keshtali,Кештали,Кештали,Keshtali,false
SA-230029,SA-230,1718230,1718230021,202637347,Zarafshon,Зарафшон,Зарафшон,Zarafshon,false
SA-230030,SA-230,1718230,1718230017,202637330,Bog‘oloni,Боғолони,Боголони,Boǵoloni,false
SA-230031,SA-230,1718230,1718230045,202637196,Yangiobod,Янгиобод,Янгиобод,Yangiobod,false
SA-230032,SA-230,1718230,1718230032,202637229,Gulobod,Гулобод,Гулобод,Gulobod,false
SA-230033,SA-230,1718230,1718230042,202637379,Suluvqo‘rg‘on,Сулувқўрғон,Сулувкоргон,Suluvqórǵon,false
SA-230034,SA-230,1718230,0,,Hayit elbegi,Ҳайит елбеги,Ҳайит елбеги,Hayit elbegi,true
SA-230035,SA-230,1718230,1718230043,207015001,Taraqqiyot,Тараққиёт,Тараккиёт,Taraqqiyot,false
SA-230036,SA-230,1718230,1718230033,207133267,Qirguli,Қиргули,Киргули,Qirguli,false
SA-230037,SA-230,1718230,1718230031,202637101,Amirobod,Амиробод,Амиробод,Amirobod,false
SA-230038,SA-230,1718230,1718230041,202637118,Saroy,Сарой,Сарой,Saroy,false
SA-230039,SA-230,1718230,1718230037,202637093,Mojor,Можор,Можор,Mojor,false
SA-230040,SA-230,1718230,0,,Nahripay,Наҳрипай,Наҳрипай,Nahripay,true
SA-230041,SA-230,1718230,1718230040,202637078,Oqtepa,Оқтепа,Октепа,Oqtepa,false
SA-230042,SA-230,1718230,0,,Urganji,Урганжи,Урганжи,Urganji,true
SA-230043,SA-230,1718230,1718230039,202637085,Obodon,Ободон,Ободон,Obodon,false
SA-230044,SA-230,1718230,0,,Mirza salimiy,Мирза салимий,Мирза салимий,Mirza salimiy,true
SA-230045,SA-230,1718230,0,,Nurafshon,Нурафшон,Нурафшон,Nurafshon,true
SA-230046,SA-230,1718230,1718230047,202637236,Bo‘ston,Бўстон,Бостон,Bóston,false
SA-230047,SA-230,1718230,0,,Bodoy,Бодой,Бодой,Bodoy,true
SA-230048,SA-230,1718230,1718230049,207008698,Jahonobod,Жаҳонобод,Жахонобод,Jahonobod,false
SA-230049,SA-230,1718230,1718230052,202637189,Mirkan,Миркан,Миркан,Mirkan,false
SA-230050,SA-230,1718230,1718230048,202637386,Guliston,Гулистон,Гулистон,Guliston,false
SA-230051,SA-230,1718230,1718230054,202637419,Tadbirkor,Тадбиркор,Тадбиркор,Tadbirkor,false
SA-230052,SA-230,1718230,1718230051,207016919,Qoratepa,Қоратепа,Коратепа,Qoratepa,false
SA-230053,SA-230,1718230,1718230055,202637426,Fay,Фай,Фай,Fay,false
SA-230054,SA-230,1718230,1718230050,202637157,Istiqlol,Истиқлол,Истиклол,Istiqlol,false
SA-230055,SA-230,1718230,1718230053,202637354,Qarnabota,Қарнабота,Карнабота,Qarnabota,false
SA-230056,SA-230,1718230,1718230056,202637133,Chashma,Чашма,Чашма,Chashma,false
SA-230057,SA-230,1718230,1718230059,202637362,Mirzo ulug‘bek,Мирзо улуғбек,Мирзо Улугбек,Mirzo uluǵbek,false
SA-230058,SA-230,1718230,1718230057,202637164,Amir temur,Амир темур,Амир Темур,Amir temur,false
SA-230059,SA-230,1718230,1718230058,206816231,Toshko‘prik,Тошкўприк,Тошкоприк,Toshkóprik,false
SA-14110050,SA-230,1718230,1718230027,202637394,Urg‘uch,Урғуч,Ургуч,Urǵuch,false
SA-14110047,SA-230,1718230,1718230014,202637039,Tug‘olon,Туғолон,Туголон,Tuǵolon,false
SA-14110030,SA-230,1718230,1718230035,202637125,Mirzo salimiy,Мирзо салимий,Мирзо Салими,Mirzo salimiy,false
SA-14110025,SA-230,1718230,1718230007,202637268,Quvondiq,Қувондиқ,Кувондик,Quvondiq,false
SA-14110053,SA-230,1718230,1718230034,202637275,Hayit еlbegi,Ҳайит элбеги,Хайит Элбеги,Hayit еlbegi,false
SA-14110027,SA-230,1718230,1718230008,207015714,Qushxovuz,Қушховуз,Кушховуз,Qushxovuz,false
SA-233001,SA-233,1718233,1718233006,203645692,Oxalik,Охалик,Охалик,Oxalik,false
SA-233002,SA-233,1718233,1718233008,203640827,O‘rta ohalik,Ўрта оҳалик,Урта охалик,Órta ohalik,false
SA-233003,SA-233,1718233,1718233004,203643671,Mironqul,Миронқул,Миронкул,Mironqul,false
SA-233004,SA-233,1718233,1718233005,204580213,Parrandachilik,Паррандачилик,Паррандачилик,Parrandachilik,false
SA-233005,SA-233,1718233,1718233016,203640794,Yangijoy,Янгижой,Янгижой,Yangijoy,false
SA-233006,SA-233,1718233,1718233009,203643560,O‘rtashiq,Ўрташиқ,Урташик,Órtashiq,false
SA-233007,SA-233,1718233,1718233002,203643664,Gulbog‘,Гулбоғ,Гулбог,Gulboǵ,false
SA-233008,SA-233,1718233,1718233003,203640859,Ko‘saho,Кўсаҳо,Косахо,Kósaho,false
SA-233009,SA-233,1718233,1718233007,203322675,Sulfakabutak,Сулфакабутак,Сулфакабутак,Sulfakabutak,false
SA-233010,SA-233,1718233,0,,Xo‘ja ahrori vali,Хўжа аҳрори вали,Хўжа аҳрори вали,Xója ahrori vali,true
SA-233011,SA-233,1718233,1718233013,203640842,Mirzo ulug‘bek,Мирзо улуғбек,Мирзо Улугбек,Mirzo uluǵbek,false
SA-233012,SA-233,1718233,1718233010,203640898,Xaymari bolo,Хаймари боло,Хаймари боло,Xaymari bolo,false
SA-233013,SA-233,1718233,1718233011,203645660,Xaymari poyon,Хаймари поён,Хаймари поён,Xaymari poyon,false
SA-233014,SA-233,1718233,1718233014,203639937,Chorshanba,Чоршанба,Чоршанба,Chorshanba,false
SA-233015,SA-233,1718233,1718233001,203643538,Bo‘zi,Бўзи,Бузи,Bózi,false
SA-233016,SA-233,1718233,0,,Yangariq,Янгариқ,Янгариқ,Yangariq,true
SA-233017,SA-233,1718233,1718233017,203146744,Andijoni,Андижони,Андижони,Andijoni,false
SA-233018,SA-233,1718233,0,,Ko‘lba,Кўлба,Кўлба,Kólba,true
SA-233019,SA-233,1718233,1718233027,204580094,Navobod,Навобод,Навобод,Navobod,false
SA-233020,SA-233,1718233,0,,Nayzateppa,Найзатеппа,Найзатеппа,Nayzateppa,true
SA-233021,SA-233,1718233,1718233019,202649442,Diyor,Диёр,Диёр,Diyor,false
SA-233022,SA-233,1718233,1718233037,203441568,Sho‘rboicha,Шўрбоича,Шурбоича,Shórboicha,false
SA-233023,SA-233,1718233,1718233036,203466314,Sho‘rboi,Шўрбои,Шурбои,Shórboi,false
SA-233024,SA-233,1718233,1718233030,203524305,Ravonak,Равонак,Равонак,Ravonak,false
SA-233025,SA-233,1718233,1718233034,203643592,Chaman,Чаман,Чаман,Chaman,false
SA-233026,SA-233,1718233,1718233032,203234112,Talibarzui bolo,Талибарзуи боло,Талибарзуи боло,Talibarzui bolo,false
SA-233027,SA-233,1718233,0,,Talibarzui poyon,Талибарзуи поён,Талибарзуи поён,Talibarzui poyon,true
SA-233028,SA-233,1718233,1718233025,203244274,Qoziqo‘rg‘on,Қозиқўрғон,Козикургон,Qoziqórǵon,false
SA-233029,SA-233,1718233,1718233020,203152800,Jo‘yi abbos,Жўйи аббос,Жуйи Аббос,Jóyi abbos,false
SA-233030,SA-233,1718233,1718233024,203639865,Qoziariq,Қозиариқ,Козиарик,Qoziariq,false
SA-233031,SA-233,1718233,0,,Jo‘yisoy,Жўйисой,Жўйисой,Jóyisoy,true
SA-233032,SA-233,1718233,1718233026,203639873,Qo‘shtamg‘ali,Қўштамғали,Кyштамгали,Qóshtamǵali,false
SA-233033,SA-233,1718233,1718233022,203639897,Konigil,Конигил,Конигил,Konigil,false
SA-233034,SA-233,1718233,1718233031,203640866,Rajabamin,Ражабамин,Ражабамин,Rajabamin,false
SA-233035,SA-233,1718233,1718233029,203361328,Pulimug‘ob,Пулимуғоб,Пулимугоб,Pulimuǵob,false
SA-233036,SA-233,1718233,1718233035,203643617,Chumchuqli,Чумчуқли,Чумчукли,Chumchuqli,false
SA-233037,SA-233,1718233,1718233018,203645653,Badal,Бадал,Бадал,Badal,false
SA-233038,SA-233,1718233,1718233054,203645677,Saxovat,Саховат,Саховат,Saxovat,false
SA-233039,SA-233,1718233,1718233052,203643624,Arabxona,Арабхона,Арабхона,Arabxona,false
SA-233040,SA-233,1718233,0,,Xishrav,Хишрав,Хишрав,Xishrav,true
SA-233041,SA-233,1718233,1718233047,205531177,Nurafshon,Нурафшон,Нурафшон,Nurafshon,false
SA-233042,SA-233,1718233,1718233056,203639969,Yuqori turkman,Юқори туркман,Юкори туркман,Yuqori turkman,false
SA-233043,SA-233,1718233,1718233053,203388578,O‘rta turkman,Ўрта туркман,Урта туркман,Órta turkman,false
SA-233044,SA-233,1718233,1718233045,203639976,Quyi turkman,Қуйи туркман,Куй туркман,Quyi turkman,false
SA-233045,SA-233,1718233,1718233057,203643688,Yuqori chordara,Юқори чордара,Юкори чордара,Yuqori chordara,false
SA-233046,SA-233,1718233,1718233046,203639952,Quyi chordara,Қуйи чордара,Куйи чордара,Quyi chordara,false
SA-233047,SA-233,1718233,1718233051,203317554,Urganji,Урганжи,Урганжи,Urganji,false
SA-233048,SA-233,1718233,1718233038,203643743,Buxori,Бухори,Бухори,Buxori,false
SA-233049,SA-233,1718233,1718233039,204081819,Do‘stlik,Дўстлик,Дустлик,Dóstlik,false
SA-233050,SA-233,1718233,0,,Nayman,Найман,Найман,Nayman,true
SA-233051,SA-233,1718233,1718233044,203643735,Qaynama,Қайнама,Кайнама,Qaynama,false
SA-233052,SA-233,1718233,1718233049,203638946,Navbog‘,Навбоғ,Навбог,Navboǵ,false
SA-233053,SA-233,1718233,1718233040,203638954,Zaxlik,Захлик,Захлик,Zaxlik,false
SA-233054,SA-233,1718233,1718233048,203640787,Mirishkor,Миришкор,Миришкор,Mirishkor,false
SA-233055,SA-233,1718233,1718233041,203640770,Ipakchi,Ипакчи,Ипакчи,Ipakchi,false
SA-233056,SA-233,1718233,1718233059,203645684,Yangiravot,Янгиравот,Янгиравот,Yangiravot,false
SA-233057,SA-233,1718233,1718233058,204579964,Yangiobod,Янгиобод,Янгиобод,Yangiobod,false
SA-233058,SA-233,1718233,1718233050,203643553,O‘zbekkenti,Ўзбеккенти,Узбеккенти,Ózbekkenti,false
SA-233059,SA-233,1718233,0,,Qorasuv,Қорасув,Қорасув,Qorasuv,true
SA-233060,SA-233,1718233,1718233073,203368436,Rustam,Рустам,Рустам,Rustam,false
SA-233061,SA-233,1718233,1718233072,203560934,Oqmachit,Оқмачит,Окмачит,Oqmachit,false
SA-233062,SA-233,1718233,1718233067,203176249,Qumzor,Қумзор,Кумзор,Qumzor,false
SA-233063,SA-233,1718233,1718233068,204275235,Qo‘shko‘prik,Қўшкўприк,Кушкуприк,Qóshkóprik,false
SA-233064,SA-233,1718233,1718233063,203640874,Dehnav,Деҳнав,Дехнав,Dehnav,false
SA-233065,SA-233,1718233,1718233065,204072045,Qavchinon,Қавчинон,Кавчинон,Qavchinon,false
SA-233066,SA-233,1718233,1718233066,203643632,Qavchinoni bolo,Қавчинони боло,Кавчинониболо,Qavchinoni bolo,false
SA-233067,SA-233,1718233,1718233062,203640834,Dashtiobod,Даштиобод,Даштиобод,Dashtiobod,false
SA-233068,SA-233,1718233,1718233064,203643695,Jarqishloq,Жарқишлоқ,Жаркишлак,Jarqishloq,false
SA-233069,SA-233,1718233,1718233060,203661057,Angarolmos,Ангаролмос,Ангаролмос,Angarolmos,false
SA-233070,SA-233,1718233,1718233069,203639905,Qo‘shmachit,Қўшмачит,Кушмачит,Qóshmachit,false
SA-233071,SA-233,1718233,1718233061,203638914,Gulobod,Гулобод,Гулобод,Gulobod,false
SA-233072,SA-233,1718233,1718233071,203272271,Obod,Обод,Обод,Obod,false
SA-233073,SA-233,1718233,1718233074,203640763,Shalg‘amon,Шалғамон,Шалгамон,Shalǵamon,false
SA-233074,SA-233,1718233,1718233070,204019299,Shirinobod,Ширинобод,Ширинобод,Shirinobod,false
SA-14120038,SA-233,1718233,1718233028,203645638,Nayzatepa,Найзатепа,Найзатепа,Nayzatepa,false
SA-14120060,SA-233,1718233,1718233043,203648854,Xishrov,Хишров,Хишров,Xishrov,false
SA-14120061,SA-233,1718233,1718233012,203648879,Xo‘ja ahrori valiy,Хўжа аҳрори валий,Хужа Ахрори Вали,Xója ahrori valiy,false
SA-14120071,SA-233,1718233,1718233015,203640803,Yangiariq,Янгиариқ,Янгиарик,Yangiariq,false
SA-14120027,SA-233,1718233,1718233023,203657654,Qo‘lba,Қўлба,Кулба,Qólba,false
SA-14120024,SA-233,1718233,1718233042,203638922,Sharof rashidov,Шароф рашидов,Шароф Рашидов,Sharof rashidov,false
SA-14120052,SA-233,1718233,1718233033,203514619,Talibarzu poyon,Талибарзу поён,Талибарзу поён,Talibarzu poyon,false
SA-14120014,SA-233,1718233,1718233021,203597904,Jo‘y-soy,Жўй-сой,Жуй-сой,Jóy-soy,false
SA-14120039,SA-233,1718233,1718233055,205653326,Yuqori qaynama,Юқори қайнама,Юкори Кайнама,Yuqori qaynama,false
SA-235001,SA-235,1718235,1718235007,206142257,Saroy,Сарой,Сарой,Saroy,false
SA-235002,SA-235,1718235,1718235005,202639898,Sazag‘on,Сазағон,Сазагон,Sazaǵon,false
SA-235003,SA-235,1718235,1718235008,202639914,Tepaqul,Тепақул,Тепакул,Tepaqul,false
SA-235004,SA-235,1718235,1718235003,202640044,Navro‘z,Наврўз,Навруз,Navróz,false
SA-235005,SA-235,1718235,1718235009,202640051,Sharq yulduzi,Шарқ юлдузи,Шарк Юлдузи,Sharq yulduzi,false
SA-235006,SA-235,1718235,1718235001,202640036,Amir temur nomli,Амир темур номли,Амир Темур,Amir temur nomli,false
SA-235007,SA-235,1718235,1718235002,204269946,Mehnatkash,Меҳнаткаш,Мехнаткаш,Mehnatkash,false
SA-235008,SA-235,1718235,1718235004,202639906,Oqsoy,Оқсой,Оксой,Oqsoy,false
SA-235009,SA-235,1718235,1718235006,202639881,Sarikul,Сарикул,Сарикул,Sarikul,false
SA-235010,SA-235,1718235,1718235018,202639810,Ulus,Улус,Улус,Ulus,false
SA-235011,SA-235,1718235,0,,Xalqobod,Халқобод,Халқобод,Xalqobod,true
SA-235012,SA-235,1718235,1718235011,206200263,Boshquduq,Бошқудуқ,Бошкудук,Boshquduq,false
SA-235013,SA-235,1718235,1718235015,202639803,Oltinsoy,Олтинсой,Олтинсой,Oltinsoy,false
SA-235014,SA-235,1718235,1718235013,206994874,Do‘stlik,Дўстлик,Достлик,Dóstlik,false
SA-235015,SA-235,1718235,1718235014,202639874,Jom,Жом,Жом,Jom,false
SA-235016,SA-235,1718235,0,,Girdiqurgon,Гирдиқургон,Гирдиқургон,Girdiqurgon,true
SA-235017,SA-235,1718235,1718235017,204343482,Tegirmonboshi,Тегирмонбоши,Тегирмонбоши,Tegirmonboshi,false
SA-235018,SA-235,1718235,1718235016,202639866,Omondara,Омондара,Омондара,Omondara,false
SA-235019,SA-235,1718235,0,,Kechkeldik,Кечкелдик,Кечкелдик,Kechkeldik,true
SA-235020,SA-235,1718235,1718235025,202639921,Nurbuloq,Нурбулоқ,Нурбулок,Nurbuloq,false
SA-235021,SA-235,1718235,1718235028,204503014,Pulatchi,Пулатчи,Пулатчи,Pulatchi,false
SA-235022,SA-235,1718235,1718235027,202639945,Nurdum,Нурдум,Нурдум,Nurdum,false
SA-235023,SA-235,1718235,1718235024,202639953,Mash‘al,Машъал,Машъал,Mash‘al,false
SA-235024,SA-235,1718235,1718235022,202639960,Qilichli,Қиличли,Киличли,Qilichli,false
SA-235025,SA-235,1718235,1718235020,202639977,Jarquduq,Жарқудуқ,Жаркудук,Jarquduq,false
SA-235026,SA-235,1718235,1718235026,306314237,Lolazor,Лолазор,Лолазор,Lolazor,false
SA-235027,SA-235,1718235,0,,Qurg‘oncha,Қурғонча,Қурғонча,Qurǵoncha,true
SA-235028,SA-235,1718235,1718235035,202639834,Olg‘a,Олға,Олга,Olǵa,false
SA-235029,SA-235,1718235,1718235038,202639842,Chorvador,Чорвадор,Чорвадор,Chorvador,false
SA-235030,SA-235,1718235,0,,O‘rtabuz,Ўртабуз,Ўртабуз,Órtabuz,true
SA-235031,SA-235,1718235,1718235031,202639992,Arabota,Аработа,Аработа,Arabota,false
SA-235032,SA-235,1718235,1718235033,202639984,Bunyodkor,Бунёдкор,Бунёдкор,Bunyodkor,false
SA-235033,SA-235,1718235,1718235032,202640004,Buloqboshi,Булоқбоши,Булокбоши,Buloqboshi,false
SA-235034,SA-235,1718235,1718235030,202640012,Ag‘ron,Ағрон,Агрон,Aǵron,false
SA-235035,SA-235,1718235,1718235034,207084036,Navbaxor,Навбахор,Навбахор,Navbaxor,false
SA-235036,SA-235,1718235,1718235036,202640029,Sahoba,Саҳоба,Сахоба,Sahoba,false
SA-235037,SA-235,1718235,1718235039,306314252,Nurafshon,Нурафшон,Нурафшон,Nurafshon,false
SA-14070034,SA-235,1718235,1718235037,202639827,Urtabuz,Уртабуз,Уртабуз,Urtabuz,false
SA-14070039,SA-235,1718235,1718235021,202639938,Yuksalish,Юксалиш,Юксалиш,Yuksalish,false
SA-14070037,SA-235,1718235,1718235010,308032491,Chortut,Чортут,Чортут,Chortut,false
SA-14070015,SA-235,1718235,1718235029,308018247,Ittifoq,Иттифоқ,Иттифок,Ittifoq,false
SA-14070011,SA-235,1718235,1718235012,202639859,Girdiqo‘rg‘on,Гирдиқўрғон,Гирдикургон,Girdiqórǵon,false
SA-14070017,SA-235,1718235,1718235023,207084029,Qo‘rg‘oncha,Қўрғонча,Кургонча,Qórǵoncha,false
SA-14070035,SA-235,1718235,1718235019,204309720,Xalqabod,Ҳалқабод,Халкабод,Xalqabod,false
SA-236001,SA-236,1718236,1718236112,202830464,Tosharik,Тошарик,Тошарик,Tosharik,false
SA-236002,SA-236,1718236,1718236103,202818191,Kutarma,Кутарма,Кутарма,Kutarma,false
SA-236003,SA-236,1718236,1718236099,202826619,Jayratepa,Жайратепа,Жайратепа,Jayratepa,false
SA-236004,SA-236,1718236,1718236109,202818310,O‘zbekiston,Ўзбекистон,Узбекистон,Ózbekiston,false
SA-236005,SA-236,1718236,1718236110,202818327,Ispanza,Испанза,Испанза,Ispanza,false
SA-236006,SA-236,1718236,1718236067,202818359,Yetti uylik,Етти уйлик,Етти уйлик,Yetti uylik,false
SA-236007,SA-236,1718236,1718236088,202818366,Urta guzar,Урта гузар,Урта гузар,Urta guzar,false
SA-236008,SA-236,1718236,1718236072,202818334,Kuyi guzar,Куйи гузар,Куйи гузар,Kuyi guzar,false
SA-236009,SA-236,1718236,1718236089,202830360,Xuja guzar,Хужа гузар,Хужа гузар,Xuja guzar,false
SA-236010,SA-236,1718236,1718236081,202818342,Soy guzar,Сой гузар,Сой Гузар,Soy guzar,false
SA-236011,SA-236,1718236,1718236082,202818231,Soygus,Сойгус,Сой Гус,Soygus,false
SA-236012,SA-236,1718236,1718236086,202833032,Turtkul,Турткул,Турткул,Turtkul,false
SA-236013,SA-236,1718236,1718236090,202818303,Choshtepa,Чоштепа,Чоштепа,Choshtepa,false
SA-236014,SA-236,1718236,1718236066,202820452,Gijduvon,Гиждувон,Гиждувон,Gijduvon,false
SA-236015,SA-236,1718236,1718236078,202820444,Murodkishlok,Муродкишлок,Муродкишлок,Murodkishlok,false
SA-236016,SA-236,1718236,0,,Koldivoyjar,Колдивойжар,Колдивойжар,Koldivoyjar,true
SA-236017,SA-236,1718236,1718236077,202820420,Kuyi muminobod,Куйи муминобод,Куйи Муминобод,Kuyi muminobod,false
SA-236018,SA-236,1718236,0,,Muminobod,Муминобод,Муминобод,Muminobod,true
SA-236019,SA-236,1718236,1718236091,202830392,Chumchukli,Чумчукли,Чумчукли,Chumchukli,false
SA-236020,SA-236,1718236,1718236084,202830432,Terak,Терак,Терак,Terak,false
SA-236021,SA-236,1718236,1718236073,202833024,Kuyikishlok,Куйикишлок,Куйикишлок,Kuyikishlok,false
SA-236022,SA-236,1718236,1718236068,202820563,Jarkishlok,Жаркишлок,Жаркишлок,Jarkishlok,false
SA-236023,SA-236,1718236,1718236060,202830384,Beshyogoch,Бешёгоч,Бешёгоч,Beshyogoch,false
SA-236024,SA-236,1718236,0,,Mirzaboglon-chep,Мирзабоглон-чеп,Мирзабоглон-чеп,Mirzaboglon-chep,true
SA-236025,SA-236,1718236,0,,Vatkan-kuzibek,Ваткан-кузибек,Ваткан-кузибек,Vatkan-kuzibek,true
SA-236026,SA-236,1718236,1718236070,202855170,Ishchan,Ишчан,Ишчан,Ishchan,false
SA-236027,SA-236,1718236,1718236080,202837747,Raxmatobod,Рахматобод,Рахматобод,Raxmatobod,false
SA-236028,SA-236,1718236,1718236061,202849107,Boybul,Бойбул,Бойбул,Boybul,false
SA-236029,SA-236,1718236,1718236069,207241949,Jartepa,Жартепа,Жартепа,Jartepa,false
SA-236030,SA-236,1718236,1718236062,202837730,Vatak,Ватак,Ватак,Vatak,false
SA-236031,SA-236,1718236,1718236087,202863866,Uzun,Узун,Узун,Uzun,false
SA-236032,SA-236,1718236,1718236085,203071016,Tinchlik,Тинчлик,Тинчлик,Tinchlik,false
SA-236033,SA-236,1718236,1718236083,202835719,Sufi,Суфи,Суфи,Sufi,false
SA-236034,SA-236,1718236,1718236075,202835694,Mugol,Мугол,Мугол,Mugol,false
SA-236035,SA-236,1718236,1718236023,202818374,Pochvon,Почвон,Почвон,Pochvon,false
SA-236036,SA-236,1718236,1718236028,202818381,Xujabaland,Хужабаланд,Хужабаланд,Xujabaland,false
SA-236037,SA-236,1718236,1718236018,202833049,Kayrokli,Кайрокли,Кайрокли,Kayrokli,false
SA-236038,SA-236,1718236,1718236024,202818216,Sanchiqul,Санчиқул,Санчикул,Sanchiqul,false
SA-236039,SA-236,1718236,1718236007,202830400,Goyibota,Гойибота,Гойибота,Goyibota,false
SA-236040,SA-236,1718236,1718236004,202961981,Yukori beshkapa,Юкори бешкапа,Юкори бешкапа,Yukori beshkapa,false
SA-236041,SA-236,1718236,1718236003,202818224,Beshkapa,Бешкапа,Бешкапа,Beshkapa,false
SA-236042,SA-236,1718236,1718236008,202820548,Gulobod,Гулобод,Гулобод,Gulobod,false
SA-236043,SA-236,1718236,1718236025,202855187,Uramas,Урамас,Урамас,Uramas,false
SA-236044,SA-236,1718236,1718236026,202820484,Urokboyjar,Урокбойжар,Урокбойжар,Urokboyjar,false
SA-236045,SA-236,1718236,0,,Kayrokli,Кайрокли,Кайрокли,Kayrokli,true
SA-236046,SA-236,1718236,1718236009,202818209,Ipakli,Ипакли,Ипакли,Ipakli,false
SA-236047,SA-236,1718236,1718236015,202818184,Kuyi algar,Куйи алгар,Куйи алгар,Kuyi algar,false
SA-236048,SA-236,1718236,1718236017,202855163,Kuyi tegana,Куйи тегана,Куйи тегана,Kuyi tegana,false
SA-236049,SA-236,1718236,1718236030,202820469,Yukori tegana,Юкори тегана,Юкори тегана,Yukori tegana,false
SA-236050,SA-236,1718236,1718236001,202820516,Algar,Алгар,Алгар,Algar,false
SA-236051,SA-236,1718236,1718236021,202820476,Mirzakishlok,Мирзакишлок,Мирзакишлок,Mirzakishlok,false
SA-236052,SA-236,1718236,1718236049,202820627,Mergancha,Мерганча,Мерганча,Mergancha,false
SA-236053,SA-236,1718236,0,,A‘loxotin,Аълохотин,Аълохотин,A‘loxotin,true
SA-236054,SA-236,1718236,1718236011,202839672,Kamongaron,Камонгарон,Камонгарон,Kamongaron,false
SA-236055,SA-236,1718236,0,,Gishmachit,Гишмачит,Гишмачит,Gishmachit,true
SA-236056,SA-236,1718236,1718236022,202835630,Okmachit,Окмачит,Окмачит,Okmachit,false
SA-236057,SA-236,1718236,1718236020,202835647,Mangitobod,Мангитобод,Мангітобод,Mangitobod,false
SA-236058,SA-236,1718236,1718236005,202657884,Birlik,Бирлик,Бирлик,Birlik,false
SA-236059,SA-236,1718236,1718236041,202839736,Jozmon,Жозмон,Жозмон,Jozmon,false
SA-236060,SA-236,1718236,1718236033,202839744,Etak beshkapa,Етак бешкапа,Этак бeшкапа,Etak beshkapa,false
SA-236061,SA-236,1718236,1718236032,202839696,Bekravot,Бекравот,Бекравот,Bekravot,false
SA-236062,SA-236,1718236,1718236042,202826634,Juraptepa,Жураптепа,Жураптепа,Juraptepa,false
SA-236063,SA-236,1718236,1718236035,202835679,Bunyodkor,Бунёдкор,Бунёдкор,Bunyodkor,false
SA-236064,SA-236,1718236,1718236037,202835654,Vagashti,Вагашти,Вагашти,Vagashti,false
SA-236065,SA-236,1718236,1718236053,202835662,Sariktepa,Сариктепа,Сариктепа,Sariktepa,false
SA-236066,SA-236,1718236,0,,Xujayduk,Хужайдук,Хужайдук,Xujayduk,true
SA-236067,SA-236,1718236,0,,Dexkonobod,Дехконобод,Дехконобод,Dexkonobod,true
SA-236068,SA-236,1718236,1718236052,202830449,Yukori sanchikul,Юкори санчикул,Юкори санчикул,Yukori sanchikul,false
SA-236069,SA-236,1718236,1718236050,202830338,Nisbot,Нисбот,Нисбот,Nisbot,false
SA-236070,SA-236,1718236,1718236054,202855210,Sovgon,Совгон,Совгон,Sovgon,false
SA-236071,SA-236,1718236,1718236055,202849099,Tarokli,Тарокли,Тарокли,Tarokli,false
SA-236072,SA-236,1718236,1718236057,202830511,Ukrach,Украч,Украч,Ukrach,false
SA-236073,SA-236,1718236,1718236031,202820587,Baxrin,Бахрин,Бахрин,Baxrin,false
SA-236074,SA-236,1718236,1718236045,202820570,Kenagas,Кенагас,Кенагас,Kenagas,false
SA-236075,SA-236,1718236,1718236044,202820594,Korabulok,Корабулок,Корабулок,Korabulok,false
SA-236076,SA-236,1718236,1718236047,202818287,Koratepa,Коратепа,Коратепа,Koratepa,false
SA-236077,SA-236,1718236,1718236034,202818263,Beshkon,Бешкон,Бешкон,Beshkon,false
SA-236078,SA-236,1718236,0,,Kaynarbulok,Кайнарбулок,Кайнарбулок,Kaynarbulok,true
SA-236079,SA-236,1718236,1718236051,202830417,Omonqo‘tan,Омонқўтан,Омонкутан,Omonqótan,false
SA-236080,SA-236,1718236,1718236056,202818248,Tersak,Терсак,Терсак,Tersak,false
SA-236081,SA-236,1718236,0,,Ipak yuli,Ипак юли,Ипак юли,Ipak yuli,true
SA-236082,SA-236,1718236,1718236048,202818270,Uzunsoy,Узунсой,Узунсой,Uzunsoy,false
SA-236083,SA-236,1718236,1718236117,202855194,Yukori kalangar,Юкори калангар,Юкори калангар,Yukori kalangar,false
SA-236084,SA-236,1718236,1718236111,202830353,Sufiyon,Суфиён,Суфиён,Sufiyon,false
SA-236085,SA-236,1718236,1718236092,202830528,Andak,Андак,Андак,Andak,false
SA-236086,SA-236,1718236,1718236115,202657813,Chorraxa,Чорраха,Чорраха,Chorraxa,false
SA-236087,SA-236,1718236,1718236096,202855203,Guliston,Гулистон,Гулистон,Guliston,false
SA-236088,SA-236,1718236,1718236106,202835702,Pastki kalangar,Пастки калангар,Пастки калангар,Pastki kalangar,false
SA-236089,SA-236,1718236,1718236101,202657955,Kamardon,Камардон,Камардон,Kamardon,false
SA-236090,SA-236,1718236,0,,Shodlik,Шодлик,Шодлик,Shodlik,true
SA-236091,SA-236,1718236,1718236098,202818294,Dustlik,Дустлик,Дустлик,Dustlik,false
SA-236092,SA-236,1718236,1718236114,202839704,Chor-chinor,Чор-чинор,Чор чинор,Chor-chinor,false
SA-236093,SA-236,1718236,1718236104,202658012,Mazortepa,Мазортепа,Мазортепа,Mazortepa,false
SA-236094,SA-236,1718236,1718236105,202833000,Navbog,Навбог,Навбог,Navbog,false
SA-236095,SA-236,1718236,1718236107,202826641,Katta torinjak,Катта торинжак,Катта торинжак,Katta torinjak,false
SA-236096,SA-236,1718236,1718236102,202820603,Kulollik,Кулоллик,Кулоллик,Kulollik,false
SA-236097,SA-236,1718236,1718236097,202820531,Guslik,Гуслик,Гуслик,Guslik,false
SA-236098,SA-236,1718236,0,,Yukori torinjak,Юкори торинжак,Юкори торинжак,Yukori torinjak,true
SA-236099,SA-236,1718236,1718236113,202830471,Chagizmon,Чагизмон,Чагизмон,Chagizmon,false
SA-236100,SA-236,1718236,1718236093,202830488,Bogishamol,Богишамол,Богишамол,Bogishamol,false
SA-236101,SA-236,1718236,1718236118,202849114,Navruz,Навруз,Навруз,Navruz,false
SA-236102,SA-236,1718236,0,,Kamongaroncha,Камонгаронча,Камонгаронча,Kamongaroncha,true
SA-14140118,SA-236,1718236,1718236079,309114000,Buloqboshi,Булоқбоши,Булакбоши,Buloqboshi,false
SA-14140096,SA-236,1718236,1718236058,202835726,Xo‘jaydıq,Хўжайдуқ,Хужайдюк,Xójaydıq,false
SA-14140105,SA-236,1718236,1718236029,202818176,Yuqori qayroqli,Юқори қайроқли,Юкори Кайрокли,Yuqori qayroqli,false
SA-14140119,SA-236,1718236,1718236036,309257812,Beshbuloq,Бешбулоқ,Бешбулак,Beshbuloq,false
SA-14140114,SA-236,1718236,1718236064,202820491,Chep,Чеп,Чеп,Chep,false
SA-14140034,SA-236,1718236,1718236043,202830345,Qaynarbuloq,Қайнарбулоқ,Кайнарбулак,Qaynarbuloq,false
SA-14140029,SA-236,1718236,1718236063,308634763,Zarafshon,Зарафшон,Заравшан,Zarafshon,false
SA-14140121,SA-236,1718236,1718236010,309104274,Xalqobod,Халқобод,Халкобод,Xalqobod,false
SA-14140021,SA-236,1718236,1718236040,202833017,Dehqonobod,Деҳқонобод,Декхконобод,Dehqonobod,false
SA-14140122,SA-236,1718236,1718236094,309268324,Istiqlol,Истиқлол,Истиклол,Istiqlol,false
SA-14140061,SA-236,1718236,1718236076,202820413,Mominobod,Моминобод,Моминобод,Mominobod,false
SA-14140063,SA-236,1718236,1718236016,308631063,Mustaqillik,Мустақиллик,Мустакиллик,Mustaqillik,false
SA-14140112,SA-236,1718236,1718236038,309062074,O‘rta vag‘ashti,Ўрта вағашти,Урта вагашти,Órta vaǵashti,false
SA-14140030,SA-236,1718236,1718236046,202818255,Ipak yoli,Ипак йоли,Ипак йоли,Ipak yoli,false
SA-14140051,SA-236,1718236,1718236027,308639724,Quyi o‘roqboyjar,Қуйи ўроқбойжар,Куйи урокбойжар,Quyi óroqboyjar,false
SA-14140058,SA-236,1718236,1718236074,308673479,Mirzabog‘lon,Мирзабоғлон,Мирзабоглон,Mirzaboǵlon,false
SA-14140109,SA-236,1718236,1718236002,202820509,Yangiobod,Янгиобод,Янгиобод,Yangiobod,false
SA-14140111,SA-236,1718236,1718236019,308660946,Yangihayot,Янгиҳаёт,Янгихаёт,Yangihayot,false
SA-14140043,SA-236,1718236,1718236122,202860640,Mingtepa,Мингтепа,Мингтепа,Mingtepa,false
SA-14140113,SA-236,1718236,1718236108,308128933,Quyi torinjak,Қуйи торинжак,Куйи торинжак,Quyi torinjak,false
SA-14140014,SA-236,1718236,1718236065,202820524,Vatkan-qozibek,Ваткан-қозибeк,Ваткан-Козибeк,Vatkan-qozibek,false
SA-14140093,SA-236,1718236,1718236014,308603026,Xoja axror valiy,Хожа ахрор валий,Хожа Ахрор Валий,Xoja axror valiy,false
SA-14140110,SA-236,1718236,1718236095,309268972,Binokor,Бинокор,Бинокор,Binokor,false
SA-14140115,SA-236,1718236,1718236039,308830149,Yangi vag‘ashti,Янги вағашти,Янги вагашти,Yangi vaǵashti,false
SA-14140117,SA-236,1718236,1718236059,309126516,Shirvoqota,Ширвоқота,Ширвокота,Shirvoqota,false
SA-14140048,SA-236,1718236,1718236013,308602526,Quyi kamongaron,Қуйи камонгарон,Куйи камонгарон,Quyi kamongaron,false
SA-14140016,SA-236,1718236,1718236006,202826626,G‘ishtmachit,Ғиштмачит,Гиштмачит,Ǵishtmachit,false
SA-14140039,SA-236,1718236,1718236012,308605704,Katta kamongaron,Катта камонгарон,Катта камонгарон,Katta kamongaron,false
SA-238001,SA-238,1718238,1718238005,202859839,Zarafshon,Зарафшон,Зарафшон,Zarafshon,false
SA-238002,SA-238,1718238,1718238011,202854419,Xo‘jayuz,Хўжаюз,Хожайуз,Xójayuz,false
SA-238003,SA-238,1718238,1718238004,202832191,Dustlik,Дустлик,Дустлик,Dustlik,false
SA-238004,SA-238,1718238,1718238009,202895787,Uzbekiston,Узбекистон,Узбекистон,Uzbekiston,false
SA-238005,SA-238,1718238,0,,Bogizogon,Богизогон,Богизогон,Bogizogon,true
SA-238006,SA-238,1718238,1718238013,202854402,Yangi xayot,Янги хаёт,Янги Хаёт,Yangi xayot,false
SA-238007,SA-238,1718238,0,,Chorboktepa,Чорбоктепа,Чорбоктепа,Chorboktepa,true
SA-238008,SA-238,1718238,1718238003,202868202,Gulba,Гулба,Гулба,Gulba,false
SA-238009,SA-238,1718238,1718238007,202832169,Olmazor,Олмазор,Олмазор,Olmazor,false
SA-238010,SA-238,1718238,1718238006,202832152,Nuroniy,Нуроний,Нуроний,Nuroniy,false
SA-238011,SA-238,1718238,1718238010,202844675,Uray-elipok,Урай-елипок,Урай элипок,Uray-elipok,false
SA-238012,SA-238,1718238,1718238002,202868219,Galabotir,Галаботир,Галаботир,Galabotir,false
SA-238013,SA-238,1718238,1718238008,202844668,Taraqqiyot,Тараққиёт,Тараккиёт,Taraqqiyot,false
SA-238014,SA-238,1718238,1718238015,202859814,Birlik,Бирлик,Бирлик,Birlik,false
SA-238015,SA-238,1718238,1718238025,202832144,Charog‘bon,Чароғбон,Чарогбон,Charoǵbon,false
SA-238016,SA-238,1718238,1718238016,202931440,Bog‘ichinor,Боғичинор,Богичинор,Boǵichinor,false
SA-238017,SA-238,1718238,1718238019,202844762,Qo‘shchinor,Қўшчинор,Кушчинор,Qóshchinor,false
SA-238018,SA-238,1718238,1718238021,202813871,Muborak,Муборак,Муборак,Muborak,false
SA-238019,SA-238,1718238,1718238022,202844794,Navbahor,Навбаҳор,Навбахор,Navbahor,false
SA-238020,SA-238,1718238,0,,Nurli yo‘l,Нурли йўл,Нурли йўл,Nurli yól,true
SA-238021,SA-238,1718238,1718238018,202844730,Qo‘rg‘oncha,Қўрғонча,Коргонча,Qórǵoncha,false
SA-238022,SA-238,1718238,1718238017,202868226,Vorsin,Ворсин,Ворсин,Vorsin,false
SA-238023,SA-238,1718238,1718238014,202844636,Beklar,Беклар,Беклар,Beklar,false
SA-238024,SA-238,1718238,1718238024,202844612,Xonchorbog‘,Хончорбоғ,Хончорбог,Xonchorboǵ,false
SA-238025,SA-238,1718238,1718238020,202832184,Madaniyat,Маданият,Маданият,Madaniyat,false
SA-238026,SA-238,1718238,1718238031,202844779,Sariosiyo,Сариосиё,Сариосиё,Sariosiyo,false
SA-238027,SA-238,1718238,1718238026,202844708,Adas,Адас,Адас,Adas,false
SA-238028,SA-238,1718238,1718238037,202868115,Shopulot,Шопулот,Шопулот,Shopulot,false
SA-238029,SA-238,1718238,1718238029,202868179,Navzandak,Навзандак,Навзандак,Navzandak,false
SA-238030,SA-238,1718238,1718238038,202863676,Yastepa,Ястепа,Ястепа,Yastepa,false
SA-238031,SA-238,1718238,0,,Xujakishlok,Хужакишлок,Хужакишлок,Xujakishlok,true
SA-238032,SA-238,1718238,1718238030,202863709,Saribozor,Сарибозор,Сарибозор,Saribozor,false
SA-238033,SA-238,1718238,1718238028,202863716,Jumabozor,Жумабозор,Жумабозор,Jumabozor,false
SA-238034,SA-238,1718238,1718238027,202868123,Jalolobod,Жалолобод,Жалолобод,Jalolobod,false
SA-238035,SA-238,1718238,1718238034,202868130,O‘rtaqishloq,Ўртақишлоқ,Уртакишлок,Órtaqishloq,false
SA-238036,SA-238,1718238,1718238033,202868186,Tepakishlok,Тепакишлок,Тепакишлок,Tepakishlok,false
SA-238037,SA-238,1718238,1718238032,202868194,Talliota,Таллиота,Таллиота,Talliota,false
SA-238038,SA-238,1718238,1718238035,202844819,Fayziobod,Файзиобод,Файзиобод,Fayziobod,false
SA-238039,SA-238,1718238,1718238043,202868154,Istiqlol,Истиқлол,Истиклол,Istiqlol,false
SA-238040,SA-238,1718238,1718238047,202844644,Sochak,Сочак,Сочак,Sochak,false
SA-238041,SA-238,1718238,1718238040,202844651,Gulobod,Гулобод,Гулобод,Gulobod,false
SA-238042,SA-238,1718238,1718238048,202844715,Uzunqishloq,Узунқишлоқ,Узункишлок,Uzunqishloq,false
SA-238043,SA-238,1718238,1718238050,202844754,Eskijuma,Ескижума,Эскижума,Eskijuma,false
SA-238044,SA-238,1718238,1718238039,202844690,Bunyodkor,Бунёдкор,Бунёдкор,Bunyodkor,false
SA-238045,SA-238,1718238,1718238049,202844747,Ukrach,Украч,Украч,Ukrach,false
SA-238046,SA-238,1718238,1718238044,202859846,Nayman,Найман,Найман,Nayman,false
SA-238047,SA-238,1718238,1718238042,202844802,Ilmobod,Илмобод,Илмобод,Ilmobod,false
SA-238048,SA-238,1718238,1718238045,202868162,Nurafshon,Нурафшон,Нурафшон,Nurafshon,false
SA-238049,SA-238,1718238,1718238041,202844683,Davlatobod,Давлатобод,Давлатобод,Davlatobod,false
SA-238050,SA-238,1718238,1718238046,202844786,Ravot,Равот,Равот,Ravot,false
SA-14130046,SA-238,1718238,1718238012,202832176,Chorbog‘tepa,Чорбоғтепа,Чорбогтепа,Chorboǵtepa,false
SA-14130043,SA-238,1718238,1718238036,202863691,Xo‘jaqishloq,Хўжақишлоқ,Хожакишлок,Xójaqishloq,false
SA-14130026,SA-238,1718238,1718238023,202844723,Bahshitepa,Бахшитепа,Бахшитепа,Bahshitepa,false
SA-14130004,SA-238,1718238,1718238001,202854394,Bog‘izagon,Боғизағон,Богизагон,Boǵizagon,false
SA-239999,SA-239,0,0,,Mahalla aniqlanmagan,Маҳалла аниқланмаган,Махалля не определена,Máhálle anıqlanbaǵan,true
SA-240999,SA-240,0,0,,Mahalla aniqlanmagan,Маҳалла аниқланмаган,Махалля не определена,Máhálle anıqlanbaǵan,true
SA-241999,SA-241,0,0,,Mahalla aniqlanmagan,Маҳалла аниқланмаган,Махалля не определена,Máhálle anıqlanbaǵan,true
SA-242999,SA-242,0,0,,Mahalla aniqlanmagan,Маҳалла аниқланмаган,Махалля не определена,Máhálle anıqlanbaǵan,true
SA-243999,SA-243,0,0,,Mahalla aniqlanmagan,Маҳалла аниқланмаган,Махалля не определена,Máhálle anıqlanbaǵan,true
SA-401001,SA-401,1718401,0,,A.Navoiy,А.навоий,А.навоий,A.Navoiy,true
SA-401002,SA-401,1718401,0,,A.Yassaviy,А.яссавий,А.яссавий,A.Yassaviy,true
SA-401003,SA-401,1718401,1718401003,202715534,Anxor,Анхор,Анхор,Anxor,false
SA-401004,SA-401,1718401,0,,Axillik,Ахиллик,Ахиллик,Axillik,true
SA-401005,SA-401,1718401,0,,B.Zokirov,Б.зокиров,Б.зокиров,B.Zokirov,true
SA-401006,SA-401,1718401,1718401006,203648862,Bekxo,Бекхо,Бекхо,Bekxo,false
SA-401007,SA-401,1718401,1718401167,202693722,Birlik,Бирлик,Бирлик,Birlik,false
SA-401008,SA-401,1718401,1718401007,202704595,Bogi temur,Боги темур,Боги Тeмур,Bogi temur,false
SA-401009,SA-401,1718401,1718401168,202686904,Bogichinor,Богичинор,Боги Чинор,Bogichinor,false
SA-401010,SA-401,1718401,1718401008,202690386,Bunyodkor,Бунёдкор,Бунёдкор,Bunyodkor,false
SA-401011,SA-401,1718401,0,,Buston,Бустон,Бустон,Buston,true
SA-401012,SA-401,1718401,1718401169,202684836,Gulbaxor,Гулбахор,Гулбахор,Gulbaxor,false
SA-401013,SA-401,1718401,1718401010,202680802,Guliston,Гулистон,Гулистон,Guliston,false
SA-401014,SA-401,1718401,0,,D.Kundalang,Д.кундаланг,Д.кундаланг,D.Kundalang,true
SA-401015,SA-401,1718401,1718401012,203639920,Dukchiyon,Дукчиён,Дукчиён,Dukchiyon,false
SA-401016,SA-401,1718401,0,,Zargartepo,Заргартепо,Заргартепо,Zargartepo,true
SA-401017,SA-401,1718401,0,,K.Bexzod,К.бехзод,К.бехзод,K.Bexzod,true
SA-401018,SA-401,1718401,0,,Kuyi xuja soat,Куйи хужа соат,Куйи хужа соат,Kuyi xuja soat,true
SA-401019,SA-401,1718401,0,,Kuksaroy,Куксарой,Куксарой,Kuksaroy,true
SA-401020,SA-401,1718401,1718401017,202706466,Lolazor,Лолазор,Лолазор,Lolazor,false
SA-401021,SA-401,1718401,1718401170,202646748,Loxutiy,Лохутий,Лохутий,Loxutiy,false
SA-401022,SA-401,1718401,0,,M.Kungirokdor,М.кунгирокдор,М.кунгирокдор,M.Kungirokdor,true
SA-401023,SA-401,1718401,0,,M.S.baraka,М.с.барака,М.с.барака,M.S.baraka,true
SA-401024,SA-401,1718401,0,,M.Ulugbek,М.улугбек,М.улугбек,M.Ulugbek,true
SA-401025,SA-401,1718401,1718401021,202706506,Madadkor,Мададкор,Мададкор,Madadkor,false
SA-401026,SA-401,1718401,1718401022,203644630,Ming tut,Минг тут,Минг тут,Ming tut,false
SA-401027,SA-401,1718401,1718401023,202689433,Mustakillik,Мустакиллик,Мустакиллик,Mustakillik,false
SA-401028,SA-401,1718401,1718401024,202693739,Navbaxor,Навбахор,Навбахор,Navbaxor,false
SA-401029,SA-401,1718401,1718401025,202649394,Navbogchiyon,Навбогчиён,Навбогчиён,Navbogchiyon,false
SA-401030,SA-401,1718401,0,,Nurobod,Нуробод,Нуробод,Nurobod,true
SA-401031,SA-401,1718401,1718401027,202715542,Panjob,Панжоб,Панжоб,Panjob,false
SA-401032,SA-401,1718401,0,,S.Sheroziy,С.шерозий,С.шерозий,S.Sheroziy,true
SA-401033,SA-401,1718401,1718401029,203483373,Said,Саид,Саид,Said,false
SA-401034,SA-401,1718401,1718401030,203640731,Sattepo,Саттепо,Саттепо,Sattepo,false
SA-401035,SA-401,1718401,1718401031,202680819,Siyobcha,Сиёбча,Сиёбча,Siyobcha,false
SA-401036,SA-401,1718401,1718401032,202836692,Tadbirkorlar,Тадбиркорлар,Тадбиркорлар,Tadbirkorlar,false
SA-401037,SA-401,1718401,0,,Qo‘l (tashabbuskorlar),Қўл (ташаббускорлар),Қўл (ташаббускорлар),Qól (tashabbuskorlar),true
SA-401038,SA-401,1718401,0,,Uzbekiston,Узбекистон,Узбекистон,Uzbekiston,true
SA-401039,SA-401,1718401,0,,Urta xuja soat,Урта хужа соат,Урта хужа соат,Urta xuja soat,true
SA-401040,SA-401,1718401,1718401171,202646272,Farovonlik,Фаровонлик,Фаровонлик,Farovonlik,false
SA-401041,SA-401,1718401,0,,X.Olimjon,Х.олимжон,Х.олимжон,X.Olimjon,true
SA-401042,SA-401,1718401,0,,X.Sheroziy,Х.шерозий,Х.шерозий,X.Sheroziy,true
SA-401043,SA-401,1718401,0,,X.Yusuf,Х.юсуф,Х.юсуф,X.Yusuf,true
SA-401044,SA-401,1718401,1718401038,202686872,Xuja soat,Хужа соат,Хужа-Соат,Xuja soat,false
SA-401045,SA-401,1718401,0,,Yukori xuja soat,Юкори хужа соат,Юкори хужа соат,Yukori xuja soat,true
SA-401046,SA-401,1718401,0,,Yangi kurgon,Янги кургон,Янги кургон,Yangi kurgon,true
SA-401047,SA-401,1718401,1718401041,202643926,Yangi xayot,Янги хаёт,Янги Хаёт,Yangi xayot,false
SA-401048,SA-401,1718401,0,,A.Jomiy,А.жомий,А.жомий,A.Jomiy,true
SA-401049,SA-401,1718401,0,,A.Qaxxor,А.қаххор,А.қаххор,A.Qaxxor,true
SA-401050,SA-401,1718401,1718401047,203936228,Afrosiyob,Афросиёб,Афросиёб,Afrosiyob,false
SA-401051,SA-401,1718401,0,,Birdamlik,Бирдамлик,Бирдамлик,Birdamlik,true
SA-401052,SA-401,1718401,1718401049,204580205,Bog‘i mirzo,Боғи мирзо,Боги-Мирзо,Boǵi mirzo,false
SA-401053,SA-401,1718401,1718401050,203399374,Bog‘i safed,Боғи сафед,Боги Сафед,Boǵi safed,false
SA-401054,SA-401,1718401,0,,Bog‘i firuza,Боғи фируза,Боғи фируза,Boǵi firuza,true
SA-401055,SA-401,1718401,1718401052,203643656,Bog‘ibaland,Боғибаланд,Богибаланд,Boǵibaland,false
SA-401056,SA-401,1718401,1718401053,204250354,Bog‘imaydon,Боғимайдон,Богимайдон,Boǵimaydon,false
SA-401057,SA-401,1718401,0,,G‘.g‘ulom,Ғ.ғулом,Ғ.ғулом,Ǵ.ǵulom,true
SA-401058,SA-401,1718401,0,,G‘.jamshid,Ғ.жамшид,Ғ.жамшид,Ǵ.jamshid,true
SA-401059,SA-401,1718401,1718401056,203640906,Galaosiyo,Галаосиё,Гала Осиё,Galaosiyo,false
SA-401060,SA-401,1718401,1718401057,203936378,Geologlar,Геологлар,Геологлар,Geologlar,false
SA-401061,SA-401,1718401,1718401173,203158128,Gulobod,Гулобод,Гулобод,Gulobod,false
SA-401062,SA-401,1718401,0,,Go‘ri amir,Гўри амир,Гўри амир,Góri amir,true
SA-401063,SA-401,1718401,0,,D.Samarqandiy,Д.самарқандий,Д.самарқандий,D.Samarqandiy,true
SA-401064,SA-401,1718401,1718401060,203936891,Dari zanjir,Дари занжир,Дари занжир,Dari zanjir,false
SA-401065,SA-401,1718401,0,,Dahbediy,Даҳбедий,Даҳбедий,Dahbediy,true
SA-401066,SA-401,1718401,0,,Yominiy,Ёминий,Ёминий,Yominiy,true
SA-401067,SA-401,1718401,1718401063,202606124,Jo‘yichuqur,Жўйичуқур,Жуйичукур,Jóyichuqur,false
SA-401068,SA-401,1718401,1718401064,203936401,Zarafshon,Зарафшон,Зарафшон,Zarafshon,false
SA-401069,SA-401,1718401,0,,Zominiy,Зоминий,Зоминий,Zominiy,true
SA-401070,SA-401,1718401,1718401066,203936307,Ibn sino,Ибн сино,Ибн Сино,Ibn sino,false
SA-401071,SA-401,1718401,0,,Ibroxim xo‘ja,Иброхим хўжа,Иброхим хўжа,Ibroxim xója,true
SA-401072,SA-401,1718401,1718401068,203936679,Imom vose,Имом восе,Имом Восе,Imom vose,false
SA-401073,SA-401,1718401,1718401069,203936504,Istiqbol,Истиқбол,Истикбол,Istiqbol,false
SA-401074,SA-401,1718401,1718401070,203640914,Kavola,Кавола,Кавола,Kavola,false
SA-401075,SA-401,1718401,1718401071,203638961,Kaftarxona,Кафтархона,Кафтархона,Kaftarxona,false
SA-401076,SA-401,1718401,0,,Ko‘kmaschid,Кўкмасчид,Кўкмасчид,Kókmaschid,true
SA-401077,SA-401,1718401,1718401073,203936955,Kulollar,Кулоллар,Кулоллар,Kulollar,false
SA-401078,SA-401,1718401,1718401074,203643728,Qir,Қир,Кир,Qir,false
SA-401079,SA-401,1718401,1718401174,202649370,Qo‘rg‘oncha,Қўрғонча,Кургонча,Qórǵoncha,false
SA-401080,SA-401,1718401,1718401075,203937258,Qo‘sh hovuz,Қўш ҳовуз,Куш ховуз,Qósh hovuz,false
SA-401081,SA-401,1718401,0,,Qushbaqqoli,Қушбаққоли,Қушбаққоли,Qushbaqqoli,true
SA-401082,SA-401,1718401,0,,Qo‘shchinor,Қўшчинор,Қўшчинор,Qóshchinor,true
SA-401083,SA-401,1718401,1718401078,203936647,Maroqand,Мароқанд,Мароканд,Maroqand,false
SA-401084,SA-401,1718401,1718401175,203640810,Ma‘rifat,Маърифат,Маърифат,Ma‘rifat,false
SA-401085,SA-401,1718401,1718401176,203645621,Motrid,Мотрид,Мотрид,Motrid,false
SA-401086,SA-401,1718401,1718401079,203936472,Muborak,Муборак,Муборак,Muborak,false
SA-401087,SA-401,1718401,0,,Muliyon,Мулиён,Мулиён,Muliyon,true
SA-401088,SA-401,1718401,0,,Muliyoni poyon,Мулиёни поён,Мулиёни поён,Muliyoni poyon,true
SA-401089,SA-401,1718401,1718401082,203936188,Namozgoh,Намозгоҳ,Намозгох,Namozgoh,false
SA-401090,SA-401,1718401,0,,Obi raxmat,Оби рахмат,Оби рахмат,Obi raxmat,true
SA-401091,SA-401,1718401,0,,Ogahiy,Огаҳий,Огаҳий,Ogahiy,true
SA-401092,SA-401,1718401,1718401177,203936204,Oqsaroy,Оқсарой,Оксарой,Oqsaroy,false
SA-401093,SA-401,1718401,1718401085,203937115,Rasadxona,Расадхона,Расадхона,Rasadxona,false
SA-401094,SA-401,1718401,1718401086,203936590,Registon,Регистон,Регистон,Registon,false
SA-401095,SA-401,1718401,1718401166,207296832,Abdulla avloniy,Абдулла авлоний,Абдулла Авланий,Abdulla avloniy,false
SA-401096,SA-401,1718401,0,,S.Ayniy,С.айний,С.айний,S.Ayniy,true
SA-401097,SA-401,1718401,1718401088,203639880,Sayxun,Сайхун,Сайхун,Sayxun,false
SA-401098,SA-401,1718401,1718401089,203936575,Sarbadorlar,Сарбадорлар,Сарбадорлар,Sarbadorlar,false
SA-401099,SA-401,1718401,0,,Sarbon,Сарбон,Сарбон,Sarbon,true
SA-401100,SA-401,1718401,1718401091,203936425,So‘zangaron,Сўзангарон,Сузангарон,Sózangaron,false
SA-401101,SA-401,1718401,0,,So‘fi roziq,Сўфи розиқ,Сўфи розиқ,Sófi roziq,true
SA-401102,SA-401,1718401,1718401093,203936457,Toshkent,Тошкент,Тошкент,Toshkent,false
SA-401103,SA-401,1718401,0,,Urguti,Ургути,Ургути,Urguti,true
SA-401104,SA-401,1718401,0,,Ustozlar,Устозлар,Устозлар,Ustozlar,true
SA-401105,SA-401,1718401,1718401096,203937029,Fidoyilar,Фидойилар,Фидойилар,Fidoyilar,false
SA-401106,SA-401,1718401,0,,Furqat,Фурқат,Фурқат,Furqat,true
SA-401107,SA-401,1718401,0,,X.A.vali,Х.а.вали,Х.а.вали,X.A.vali,true
SA-401108,SA-401,1718401,0,,X.A.darun,Х.а.дарун,Х.а.дарун,X.A.darun,true
SA-401109,SA-401,1718401,0,,X.Gunjoyish,Х.гунжойиш,Х.гунжойиш,X.Gunjoyish,true
SA-401110,SA-401,1718401,0,,X.Ibroxim,Х.иброхим,Х.иброхим,X.Ibroxim,true
SA-401111,SA-401,1718401,1718401101,203936322,Xo‘ja doniyor,Хўжа дониёр,Хожа Дониёр,Xója doniyor,false
SA-401112,SA-401,1718401,1718401102,203936346,Xo‘ja zudmurod,Хўжа зудмурод,Хожа Зудмурод,Xója zudmurod,false
SA-401113,SA-401,1718401,0,,Xo‘ja qishloq,Хўжа қишлоқ,Хўжа қишлоқ,Xója qishloq,true
SA-401114,SA-401,1718401,1718401180,203651694,Xumo,Хумо,Хумо,Xumo,false
SA-401115,SA-401,1718401,0,,Halqobod,Ҳалқобод,Ҳалқобод,Halqobod,true
SA-401116,SA-401,1718401,0,,Hilol,Ҳилол,Ҳилол,Hilol,true
SA-401117,SA-401,1718401,1718401105,203936876,Chashma,Чашма,Чашма,Chashma,false
SA-401118,SA-401,1718401,1718401106,202649427,Chilstun,Чилстун,Чилстун,Chilstun,false
SA-401119,SA-401,1718401,1718401107,203937075,Sharq,Шарқ,Шарк,Sharq,false
SA-401120,SA-401,1718401,1718401108,203936536,Sharq tongi,Шарқ тонги,Шарк тонги,Sharq tongi,false
SA-401121,SA-401,1718401,1718401109,203936149,Shahriobod,Шаҳриобод,Шахриобод,Shahriobod,false
SA-401122,SA-401,1718401,0,,E.Qalandarxona,Е.қаландархона,Е.қаландархона,E.Qalandarxona,true
SA-401123,SA-401,1718401,1718401111,203936339,Yuksalish,Юксалиш,Юксалиш,Yuksalish,false
SA-401124,SA-401,1718401,0,,Yangi hayrobod,Янги ҳайробод,Янги ҳайробод,Yangi hayrobod,true
SA-401125,SA-401,1718401,1718401181,203019774,Adolat,Адолат,Адолат,Adolat,false
SA-401126,SA-401,1718401,0,,Al xorazmiy,Ал хоразмий,Ал хоразмий,Al xorazmiy,true
SA-401127,SA-401,1718401,1718401118,202949970,Al-buxoriy,Ал-бухорий,Ал-Бухорий,Al-buxoriy,false
SA-401128,SA-401,1718401,1718401182,202949987,Ali qushchi,Али қушчи,Али-Кушчи,Ali qushchi,false
SA-401129,SA-401,1718401,0,,Alizoda,Ализода,Ализода,Alizoda,true
SA-401130,SA-401,1718401,1718401120,202952921,Amir temur,Амир темур,Амир Tемур,Amir temur,false
SA-401131,SA-401,1718401,1718401183,202950133,Baraka,Барака,Барака,Baraka,false
SA-401132,SA-401,1718401,1718401121,202950212,Baxor,Бахор,Бахор,Baxor,false
SA-401133,SA-401,1718401,1718401122,202950039,Beklar,Беклар,Беклар,Beklar,false
SA-401134,SA-401,1718401,0,,A.Beruniy,А.беруний,А.беруний,A.Beruniy,true
SA-401135,SA-401,1718401,1718401123,202950236,Beshchinor,Бешчинор,Бeш чинор,Beshchinor,false
SA-401136,SA-401,1718401,1718401185,202948624,Bog‘bonlar,Боғбонлар,Богбонлар,Boǵbonlar,false
SA-401137,SA-401,1718401,1718401186,202952842,Bog‘dod,Боғдод,Богдод,Boǵdod,false
SA-401138,SA-401,1718401,1718401124,202950022,Bog‘isaroy,Боғисарой,Богисарой,Boǵisaroy,false
SA-401139,SA-401,1718401,1718401187,202948774,Bog‘iston,Боғистон,Богистон,Boǵiston,false
SA-401140,SA-401,1718401,1718401125,202950196,Bog‘ishamol,Боғишамол,Богишамол,Boǵishamol,false
SA-401141,SA-401,1718401,0,,Bog‘ishifo,Боғишифо,Боғишифо,Boǵishifo,true
SA-401142,SA-401,1718401,1718401127,202950007,Vatanparvar,Ватанпарвар,Ватанпарвар,Vatanparvar,false
SA-401143,SA-401,1718401,1718401188,202950229,Gullar bog‘i,Гуллар боғи,Гуллар боги,Gullar boǵi,false
SA-401144,SA-401,1718401,0,,Damarik-,Дамарик-,Дамарик-,Damarik-,true
SA-401145,SA-401,1718401,1718401129,202950054,Do‘stlik,Дўстлик,Дустлик,Dóstlik,false
SA-401146,SA-401,1718401,1718401189,202949931,Yoshlar,Ёшлар,Ёшлар,Yoshlar,false
SA-401147,SA-401,1718401,1718401190,202950204,Ziyokorlar,Зиёкорлар,Зиёкорлар,Ziyokorlar,false
SA-401148,SA-401,1718401,1718401191,202952960,Ziyolilar,Зиёлилар,Зиёлилар,Ziyolilar,false
SA-401149,SA-401,1718401,1718401130,202952945,Zulfiya,Зулфия,Зулфия,Zulfiya,false
SA-401150,SA-401,1718401,1718401131,202948750,Ilg‘or,Илғор,Илгор,Ilǵor,false
SA-401151,SA-401,1718401,1718401132,202979364,Ilmobod,Илмобод,Илмобод,Ilmobod,false
SA-401152,SA-401,1718401,1718401192,202948664,Ipak yo‘li,Ипак йўли,Ипак йули,Ipak yóli,false
SA-401153,SA-401,1718401,1718401133,202952906,Istiqlol,Истиқлол,Истиклол,Istiqlol,false
SA-401154,SA-401,1718401,1718401134,202949948,Kamolot,Камолот,Камолот,Kamolot,false
SA-401155,SA-401,1718401,1718401135,202950101,Katta ariq,Катта ариқ,Катта арик,Katta ariq,false
SA-401156,SA-401,1718401,1718401136,202952938,Kattaqo‘rg‘on,Каттақўрғон,Катта кургон,Kattaqórǵon,false
SA-401157,SA-401,1718401,0,,Qarshi yuli,Қарши юли,Қарши юли,Qarshi yuli,true
SA-401158,SA-401,1718401,0,,M.Bedil,М.бедил,М.бедил,M.Bedil,true
SA-401159,SA-401,1718401,0,,M.Shayxzoda,М.шайхзода,М.шайхзода,M.Shayxzoda,true
SA-401160,SA-401,1718401,1718401194,202948807,Maysazor,Майсазор,Майсазор,Maysazor,false
SA-401161,SA-401,1718401,1718401139,202949963,Marxabo,Мархабо,Мархабо,Marxabo,false
SA-401162,SA-401,1718401,1718401195,202948632,Matonat,Матонат,Матонат,Matonat,false
SA-401163,SA-401,1718401,1718401140,202950061,Mash‘al,Машъал,Машъал,Mash‘al,false
SA-401164,SA-401,1718401,1718401196,202950172,Mevazor,Мевазор,Мевазор,Mevazor,false
SA-401165,SA-401,1718401,1718401197,202948822,Mehnat,Меҳнат,Мехнат,Mehnat,false
SA-401166,SA-401,1718401,0,,Mehriobod,Меҳриобод,Меҳриобод,Mehriobod,true
SA-401167,SA-401,1718401,1718401142,202950157,Nayman,Найман,Найман,Nayman,false
SA-401168,SA-401,1718401,1718401143,203936496,Nafosat,Нафосат,Нафосат,Nafosat,false
SA-401169,SA-401,1718401,1718401144,202952898,Nodirabegim,Нодирабегим,Нодирабегим,Nodirabegim,false
SA-401170,SA-401,1718401,1718401198,202948688,Nurli yo‘l,Нурли йўл,Нурли ёл,Nurli yól,false
SA-401171,SA-401,1718401,1718401199,202966753,Oltin asr,Олтин аср,Олтин аср,Oltin asr,false
SA-401172,SA-401,1718401,1718401200,202948743,Orzu,Орзу,Орзу,Orzu,false
SA-401173,SA-401,1718401,1718401201,202943949,Raxmatobod,Рахматобод,Рахматобод,Raxmatobod,false
SA-401174,SA-401,1718401,0,,A.Rudakiy,А.рудакий,А.рудакий,A.Rudakiy,true
SA-401175,SA-401,1718401,1718401145,202956124,Sadaf,Садаф,Садаф,Sadaf,false
SA-401176,SA-401,1718401,1718401203,202952881,Sayqal,Сайқал,Сайкал,Sayqal,false
SA-401177,SA-401,1718401,1718401146,202948799,Saxovat,Саховат,Саховат,Saxovat,false
SA-401178,SA-401,1718401,1718401204,202950085,Sevali ota,Севали ота,Севали Ота,Sevali ota,false
SA-401179,SA-401,1718401,1718401147,202950164,Semurg‘,Семурғ,Семург,Semurǵ,false
SA-401180,SA-401,1718401,1718401148,202948711,Sug‘diyona,Суғдиёна,Сугдиёна,Suǵdiyona,false
SA-401181,SA-401,1718401,1718401205,202948649,Temiryo‘lchilar,Темирйўлчилар,Темирйулчилар,Temiryólchilar,false
SA-401182,SA-401,1718401,1718401149,202948671,Terakzor,Теракзор,Теракзор,Terakzor,false
SA-401183,SA-401,1718401,1718401150,202951234,Tinchlik,Тинчлик,Тинчлик,Tinchlik,false
SA-401184,SA-401,1718401,1718401151,202979357,Tojmaxal,Тожмахал,Тожмахал,Tojmaxal,false
SA-401185,SA-401,1718401,1718401152,202948735,Tokzor,Токзор,Токзор,Tokzor,false
SA-401186,SA-401,1718401,1718401206,202948695,Turon,Турон,Турон,Turon,false
SA-401187,SA-401,1718401,1718401207,202950189,Tutzor,Тутзор,Тутзор,Tutzor,false
SA-401188,SA-401,1718401,1718401153,202952953,Uvaysiy,Увайсий,Увайсий,Uvaysiy,false
SA-401189,SA-401,1718401,1718401154,202952914,O‘rikzor,Ўрикзор,Урикзор,Órikzor,false
SA-401190,SA-401,1718401,0,,A.Farobiy,А.фаробий,А.фаробий,A.Farobiy,true
SA-401191,SA-401,1718401,0,,Farog‘at,Фароғат,Фароғат,Faroǵat,true
SA-401192,SA-401,1718401,1718401156,202950093,Xazora,Хазора,Хазора,Xazora,false
SA-401193,SA-401,1718401,1718401209,202950014,Hayotobod,Ҳаётобод,Хаётобод,Hayotobod,false
SA-401194,SA-401,1718401,1718401157,202948728,Hunarmandlar,Ҳунармандлар,Хунармандлар,Hunarmandlar,false
SA-401195,SA-401,1718401,1718401158,202948704,Shodlik,Шодлик,Шодлик,Shodlik,false
SA-401196,SA-401,1718401,1718401159,202950118,Yulduz,Юлдуз,Юлдуз,Yulduz,false
SA-401197,SA-401,1718401,1718401113,203936551,Bunyod,Бунёд,Бунёд,Bunyod,false
SA-401198,SA-401,1718401,1718401160,203729326,Darg‘om,Дарғом,Даргом,Darǵom,false
SA-401199,SA-401,1718401,1718401042,202704611,Yoshlik,Ёшлик,Ёшлик,Yoshlik,false
SA-401200,SA-401,1718401,1718401161,203650782,Madaniyat,Маданият,Маданият,Madaniyat,false
SA-401201,SA-401,1718401,1718401043,202710329,Navro‘z,Наврўз,Навруз,Navróz,false
SA-401202,SA-401,1718401,1718401162,203696306,Nurafshon,Нурафшон,Нурафшон,Nurafshon,false
SA-401203,SA-401,1718401,1718401163,203650774,Nurli kelajak,Нурли келажак,Нурли келажак,Nurli kelajak,false
SA-401204,SA-401,1718401,1718401044,203895027,Chilquduq,Чилқудуқ,Чилкудук,Chilquduq,false
SA-401205,SA-401,1718401,1718401164,202649434,Chorbog‘,Чорбоғ,Чорбог,Chorboǵ,false
SA-401206,SA-401,1718401,1718401114,203936440,Cho‘ponota,Чўпонота,Чупон ота,Chóponota,false
SA-401207,SA-401,1718401,1718401115,204062990,Shirin,Ширин,Ширин,Shirin,false
SA-401208,SA-401,1718401,1718401165,203664464,Shukrona,Шукрона,Шукрона,Shukrona,false
SA-401209,SA-401,1718401,1718401210,207291278,Obod maskan,Обод маскан,Обод маскан,Obod maskan,false
SA-401210,SA-401,1718401,1718401211,207286464,Baxtli hayot,Бахтли ҳаёт,Бахтли хаёт,Baxtli hayot,false
SA-14160043,SA-401,1718401,1718401009,202722503,Бостон,Бўстон,Бостон,Бостон,false
SA-14160032,SA-401,1718401,1718401051,203936719,Bog‘i feruza,Боғи фeруза,Боги Фeруза,Boǵi feruza,false
SA-14160184,SA-401,1718401,1718401037,202732450,Xofiz sheroziy,Хофиз шерозий,Хофиз Шерозий,Xofiz sheroziy,false
SA-14160018,SA-401,1718401,1718401212,308019775,Bahodir yalangto‘sh,Баҳодир ялангтўш,Баходир Ялангтуш,Bahodir yalangtósh,false
SA-14160185,SA-401,1718401,1718401099,203936195,Xo‘ja аbdurarun,Хўжа абдударун,Хужа Абдударун,Xója аbdurarun,false
SA-14160011,SA-401,1718401,1718401001,202683742,Alisher navoiy,Алишер навоий,Алишер Навоий,Alisher navoiy,false
SA-14160192,SA-401,1718401,1718401172,202700284,Xo‘ja yusuf,Хўжа юсуф,Хужа Юсуф,Xója yusuf,false
SA-14160187,SA-401,1718401,1718401178,203643577,Xo‘jag‘unjoyish,Хўжағунжойиш,Хужагунжойиш,Xójaǵunjoyish,false
SA-14160115,SA-401,1718401,1718401138,202948814,Mirzo bedil,Мирзо бедил,Мирзо Бедил,Mirzo bedil,false
SA-14160002,SA-401,1718401,1718401046,203936267,Abdulla qahhor,Абдулла қаххор,Абдулла Каххор,Abdulla qahhor,false
SA-14160097,SA-401,1718401,1718401033,202649387,Ko‘l,Кўл,Кул,Kól,false
SA-14160054,SA-401,1718401,1718401059,203936924,Davlatshox samarqandiy,Давлатшох самарқандий,Давлатшох Самаркандий,Davlatshox samarqandiy,false
SA-14160116,SA-401,1718401,1718401020,202956132,Mirzo ulug‘bek,Мирзо улуғбек,Мирзо Улугбек,Mirzo uluǵbek,false
SA-14160145,SA-401,1718401,1718401087,203936299,Sadriddin ayniy,Садриддин айний,Садриддин Айний,Sadriddin ayniy,false
SA-14160209,SA-401,1718401,1718401110,203936765,Eski qalandarxona,Эски қаландархона,Эски Каландархона,Eski qalandarxona,false
SA-14160048,SA-401,1718401,1718401055,203936274,G‘iyosiddin jamshid,Ғиёсиддин жамшид,Гиёсиддин Жамшид,Ǵiyosiddin jamshid,false
SA-14160081,SA-401,1718401,1718401014,202796633,Kamoliddin bexzod,Камолиддин бехзод,Камолиддин Бехзод,Kamoliddin bexzod,false
SA-14160114,SA-401,1718401,1718401019,202635509,Mir said baraka,Мир саид барака,Мир Саид Барака,Mir said baraka,false
SA-14160040,SA-401,1718401,1718401005,202686896,Botirzokirov,Ботир зокиров,Ботирзокиров,Botirzokirov,false
SA-14160083,SA-401,1718401,1718401213,308020966,Qorasuv,Қорасув,Корасув,Qorasuv,false
SA-14160005,SA-401,1718401,1718401215,308646527,Azizon,Азизон,Азизон,Azizon,false
SA-14160003,SA-401,1718401,1718401045,203936164,Abduraxmon jomiy,Абдурахмон жомий,Абдурахмон Жомий,Abduraxmon jomiy,false
SA-14160170,SA-401,1718401,1718401034,202710336,O‘zbekiston,Ўзбекистон,Узбекистан,Ózbekiston,false
SA-14160046,SA-401,1718401,1718401054,203936132,G‘afur g‘ulom,Ғафур ғулом,Гафур Гулом,Ǵafur ǵulom,false
SA-14160007,SA-401,1718401,1718401208,202952834,Al-farobiy,Ал-фаробий,Аль-Фароби,Al-farobiy,false
SA-14160206,SA-401,1718401,1718401214,308616570,Shodiyona,Шодиёна,Шодиёна,Shodiyona,false
SA-14160055,SA-401,1718401,1718401128,202950046,Damariq-1,Дамариқ-1,Дамарик-1,Damariq-1,false
SA-14160053,SA-401,1718401,1718401058,203936837,Guri-amir,Гури-амир,Гури-Амир,Guri-amir,false
SA-14160210,SA-401,1718401,1718401039,203658375,Yuqori xo‘jasaxat,Юқори хўжасахат,Юкорихожасахат,Yuqori xójasaxat,false
SA-14160089,SA-401,1718401,1718401015,203643649,Quyi xo‘jasaxat,Қуйи хўжасахат,Куйи хужасахат,Quyi xójasaxat,false
SA-14160105,SA-401,1718401,1718401018,202694816,Masjidi qo‘ng‘iroqdor,Масжиди қўнғироқдор,Масжиди Кунгирокдор,Masjidi qónǵiroqdor,false
SA-14160186,SA-401,1718401,1718401098,203936529,Xo‘ja ahror vali,Хўжа аҳрор вали,Хожа Ахрор Вали,Xója ahror vali,false
SA-14160091,SA-401,1718401,1718401016,202644537,Ko‘ksaroy,Кўксарой,Коксарой,Kóksaroy,false
SA-14160016,SA-401,1718401,1718401002,202698295,Ahmad yassaviy,Аҳмад яссавий,Ахмад Яссавий,Ahmad yassaviy,false
SA-14160173,SA-401,1718401,1718401035,203443969,O‘rta xo‘jasaxat,Ўрта хўжасахат,Урта хужасахат,Órta xójasaxat,false
SA-14160215,SA-401,1718401,1718401112,203936243,Yangi xayrobod,Янги хайробод,Янги хайробод,Yangi xayrobod,false
SA-14160153,SA-401,1718401,1718401028,203768064,Sa‘diy sheroziy,Саъдий шeрозий,Саъди Шeрози,Sa‘diy sheroziy,false
SA-14160090,SA-401,1718401,1718401072,203937012,Ko‘k masjid,Кўк масжид,Кук масжид,Kók masjid,false
SA-14160067,SA-401,1718401,1718401013,202693746,Zargartepa,Заргартeпа,Заргартeпа,Zargartepa,false
SA-14160180,SA-401,1718401,1718401100,203936235,Xalifa ibrohim,Халифа иброҳим,Халифа Ибрахим,Xalifa ibrohim,false
SA-14160107,SA-401,1718401,1718401193,202950140,Maqsud shayxzoda,Мақсуд шайхзода,Максуд Шайхзoда,Maqsud shayxzoda,false
SA-14160010,SA-401,1718401,1718401119,202952874,Saidrizo alizoda,Саидризо ализода,Саидризо Ализода,Saidrizo alizoda,false
SA-14160059,SA-401,1718401,1718401011,202644513,Devori ko‘ndalang,Дeвори кўндаланг,Дeвори Кундаланг,Devori kóndalang,false
SA-14160084,SA-401,1718401,1718401137,202948656,Qarshi yo‘li,Қарши йўли,Карши йули,Qarshi yóli,false
SA-14160195,SA-401,1718401,1718401095,203936385,Chaqar,Чақар,Чакар,Chaqar,false
SA-14160120,SA-401,1718401,1718401081,203450557,Molyoni poyon,Молёни поён,Молёни поён,Molyoni poyon,false
SA-14160190,SA-401,1718401,1718401179,203639984,Xujaqishloq,Хужақишлоқ,Хужакишлок,Xujaqishloq,false
SA-14160213,SA-401,1718401,1718401040,202708424,Yangiqo‘rg‘on,Янгиқўрғон,Янгикоргoн,Yangiqórǵon,false
SA-14160023,SA-401,1718401,1718401184,202952984,Abu rayxon beruniy,Абу райхон беруний,Абу Райхон Беруний,Abu rayxon beruniy,false
SA-14160143,SA-401,1718401,1718401202,202948782,Abu abdullo rudakiy,Абу абдулло рудакий,Абу Абдулло Рудакий,Abu abdullo rudakiy,false
SA-14160171,SA-401,1718401,1718401094,203936797,Urguti-1,Ургути-1,Ургути-1,Urguti-1,false
SA-14160095,SA-401,1718401,1718401076,203936156,Qo‘shbaqqoli,Қўшбаққоли,Кушбакколи,Qóshbaqqoli,false
SA-14160196,SA-401,1718401,1718401116,308529465,Charmgari,Чармгари,Чармгари,Charmgari,false
SA-14160119,SA-401,1718401,1718401080,203643704,Mo‘liyon,Мўлиён,Молиён,Móliyon,false
SA-14160181,SA-401,1718401,1718401103,203936948,Xalqobod,Халқобод,Халкобод,Xalqobod,false
SA-14160182,SA-401,1718401,1718401036,202652449,Hamid olimjon,Ҳамид олимжон,Хамид Олимжон,Hamid olimjon,false
SA-406001,SA-406,1718406,1718406001,202724254,Chinobod,Чинобод,Чинобод,Chinobod,false
SA-406002,SA-406,1718406,1718406002,202723969,Ko‘hnadam,Кўҳнадам,Кухнадам,Kóhnadam,false
SA-406003,SA-406,1718406,1718406003,202724262,O‘rikzor,Ўрикзор,Урикзор,Órikzor,false
SA-406004,SA-406,1718406,1718406004,202724072,Yermachit,Ермачит,Эрмачит,Yermachit,false
SA-406005,SA-406,1718406,1718406006,202724247,Navbahor,Навбаҳор,Навбахор,Navbahor,false
SA-406006,SA-406,1718406,1718406005,202724279,Damariq,Дамариқ,Дамарик,Damariq,false
SA-406007,SA-406,1718406,0,,Qo‘shxovuz,Қўшховуз,Қўшховуз,Qóshxovuz,true
SA-406008,SA-406,1718406,1718406008,202724040,G‘arb machit,Ғарб мачит,Гарб мачит,Ǵarb machit,false
SA-406009,SA-406,1718406,1718406009,202724033,Chordara,Чордара,Чордара,Chordara,false
SA-406010,SA-406,1718406,1718406010,202724129,Oq oltin,Оқ олтин,Ок олтин,Oq oltin,false
SA-406011,SA-406,1718406,1718406011,202724112,Balandchordara,Баландчордара,Баландч ордара,Balandchordara,false
SA-406012,SA-406,1718406,1718406012,202724136,Do‘stlik,Дўстлик,Дустлик,Dóstlik,false
SA-406013,SA-406,1718406,1718406013,202724096,Miyonkol,Миёнкол,Миёнкол,Miyonkol,false
SA-406014,SA-406,1718406,0,,A navoiy,А навоий,А навоий,A navoiy,true
SA-406015,SA-406,1718406,1718406015,202724215,Qoriravot,Қориравот,Кориравот,Qoriravot,false
SA-406016,SA-406,1718406,1718406016,202724064,Noqis,Ноқис,Нокис,Noqis,false
SA-406017,SA-406,1718406,1718406017,202724151,Bahoriston,Баҳористон,Бахористон,Bahoriston,false
SA-406018,SA-406,1718406,1718406018,202724175,Kunjupay,Кунжупай,Кунжупай,Kunjupay,false
SA-406019,SA-406,1718406,1718406019,202724144,Nurafshon,Нурафшон,Нурафшон,Nurafshon,false
SA-406020,SA-406,1718406,0,,Zarafshon,Зарафшон,Зарафшон,Zarafshon,true
SA-406021,SA-406,1718406,1718406022,202723952,Kattaqo‘rg‘on,Каттақўрғон,Каттакургон,Kattaqórǵon,false
SA-406022,SA-406,1718406,0,,I. shoir nomli,И. шоир номли,И. шоир номли,I. shoir nomli,true
SA-406023,SA-406,1718406,0,,U.Nosir nomli,У.носир номли,У.носир номли,U.Nosir nomli,true
SA-406024,SA-406,1718406,0,,A.Qahhor nomli,А.қаҳҳор номли,А.қаҳҳор номли,A.Qahhor nomli,true
SA-406025,SA-406,1718406,1718406024,202723937,Nurobod,Нуробод,Нуробод,Nurobod,false
SA-406026,SA-406,1718406,0,,A.Temur nomli,А.темур номли,А.темур номли,A.Temur nomli,true
SA-406027,SA-406,1718406,1718406027,202724018,Go‘zalkent,Гўзалкент,Гузалкент,Gózalkent,false
SA-406028,SA-406,1718406,1718406028,202724057,Zarifobod,Зарифобод,Зарифобод,Zarifobod,false
SA-406029,SA-406,1718406,0,,Haydarchaman,Ҳайдарчаман,Ҳайдарчаман,Haydarchaman,true
SA-406030,SA-406,1718406,0,,O.Miriy nomli,О.мирий номли,О.мирий номли,O.Miriy nomli,true
SA-406031,SA-406,1718406,0,,S.Olloyor nomli,С.оллоёр номли,С.оллоёр номли,S.Olloyor nomli,true
SA-406032,SA-406,1718406,1718406032,202724286,Ziyolilar,Зиёлилар,Зиёлилар,Ziyolilar,false
SA-406033,SA-406,1718406,0,,Zomin,Зомин,Зомин,Zomin,true
SA-406034,SA-406,1718406,1718406034,202724183,Mehrjon,Меҳржон,Мехржон,Mehrjon,false
SA-406035,SA-406,1718406,1718406035,202723984,Yakkabog‘,Яккабоғ,Яккабог,Yakkaboǵ,false
SA-406036,SA-406,1718406,1718406036,207302468,Vatanparvar,Ватанпарвар,Ватанпарвар,Vatanparvar,false
SA-14150032,SA-406,1718406,1718406025,202723944,Usmon nosir,Усмон носир,Усмон Носир,Usmon nosir,false
SA-14150016,SA-406,1718406,1718406023,202724001,Islom shoir,Ислом шоир,Ислом Шоир,Islom shoir,false
SA-14150001,SA-406,1718406,1718406021,202723991,Abdullo qahhor,Абдулло қаҳҳор,Абдулло Каххор,Abdullo qahhor,false
SA-14150003,SA-406,1718406,1718406026,202724025,Amir temur,Амир темур,Амир Темур,Amir temur,false
SA-14150021,SA-406,1718406,1718406007,202724168,Qo‘shhovuz,Қўшҳовуз,Кушховуз,Qóshhovuz,false
SA-407999,SA-407,0,0,,Mahalla aniqlanmagan,Маҳалла аниқланмаган,Махалля не определена,Máhálle anıqlanbaǵan,true
SA-408999,SA-408,0,0,,Mahalla aniqlanmagan,Маҳалла аниқланмаган,Махалля не определена,Máhálle anıqlanbaǵan,true
SI-206001,SI-206,1724206,1724206004,202922744,Ko‘rkam diyor,Кўркам диёр,Коркамдиёр,Kórkam diyor,false
SI-206002,SI-206,1724206,0,,A.Navoiy,А.навоий,А.навоий,A.Navoiy,true
SI-206003,SI-206,1724206,1724206013,202922776,Saxovat,Саховат,Саховат,Saxovat,false
SI-206004,SI-206,1724206,1724206011,202922752,Yangi davr,Янги давр,Янги давр,Yangi davr,false
SI-206005,SI-206,1724206,1724206007,202922809,Obod,Обод,Обод,Obod,false
SI-206006,SI-206,1724206,1724206008,202922816,Yangi xayot,Янги хаёт,Янги хаёт,Yangi xayot,false
SI-206007,SI-206,1724206,0,,Toshkent,Тошкент,Тошкент,Toshkent,true
SI-206008,SI-206,1724206,1724206010,202922831,Mustaqillik,Мустақиллик,Мустакиллик,Mustaqillik,false
SI-206009,SI-206,1724206,1724206012,202327424,Andijon,Андижон,Андижон,Andijon,false
SI-206010,SI-206,1724206,1724206005,202890217,Axillik,Ахиллик,Ахиллик,Axillik,false
SI-206011,SI-206,1724206,1724206006,202890200,Bo‘ston,Бўстон,Бустон,Bóston,false
SI-206012,SI-206,1724206,1724206003,202890224,Shodlik,Шодлик,Шодлик,Shodlik,false
SI-12040001,SI-206,1724206,1724206001,202922769,Alisher navoiy,Алишер навоий,Алишер Навоий,Alisher navoiy,false
SI-212001,SI-212,1724212,1724212024,202890295,Madaniyat,Маданият,Маданият,Madaniyat,false
SI-212002,SI-212,1724212,1724212017,202890264,Ijodkor,Ижодкор,Ижодкор,Ijodkor,false
SI-212003,SI-212,1724212,1724212025,202890256,Soxil,Сохил,Сохил,Soxil,false
SI-212004,SI-212,1724212,1724212034,202890249,Beruniy,Беруний,Беруний,Beruniy,false
SI-212005,SI-212,1724212,1724212018,202890288,Uchturgon,Учтургон,Учтургон,Uchturgon,false
SI-212006,SI-212,1724212,0,,Farxod,Фарход,Фарход,Farxod,true
SI-212007,SI-212,1724212,0,,Navro‘z,Наврўз,Наврўз,Navróz,true
SI-212008,SI-212,1724212,1724212019,302778074,Ma‘naviyat,Маънавият,Манавият,Ma‘naviyat,false
SI-212009,SI-212,1724212,1724212020,202890446,Sarmich,Сармич,Сармич,Sarmich,false
SI-212010,SI-212,1724212,1724212021,202890439,Jo‘langar,Жўлангар,Жолангар,Jólangar,false
SI-212011,SI-212,1724212,0,,A.Navoiy,А.навоий,А.навоий,A.Navoiy,true
SI-212012,SI-212,1724212,1724212035,202890422,Olmazor,Олмазор,Олмазор,Olmazor,false
SI-212013,SI-212,1724212,0,,Sovotobod,Совотобод,Совотобод,Sovotobod,true
SI-212014,SI-212,1724212,0,,Tinchlik,Тинчлик,Тинчлик,Tinchlik,true
SI-212015,SI-212,1724212,1724212003,202890304,Anorzor,Анорзор,Анорзор,Anorzor,false
SI-212016,SI-212,1724212,1724212004,202890407,Bekat,Бекат,Бекат,Bekat,false
SI-212017,SI-212,1724212,1724212005,202890414,Karapchi,Карапчи,Карапчи,Karapchi,false
SI-212018,SI-212,1724212,0,,Laylakko‘l,Лайлаккўл,Лайлаккўл,Laylakkól,true
SI-212019,SI-212,1724212,1724212007,202890311,Mukumiy,Мукумий,Мукумий,Mukumiy,false
SI-212020,SI-212,1724212,1724212008,202890399,Boboyurt,Бобоюрт,Бобоюрт,Boboyurt,false
SI-212021,SI-212,1724212,1724212009,202890232,Markaz,Марказ,Марказ,Markaz,false
SI-212022,SI-212,1724212,1724212010,202890335,Paxtakor,Пахтакор,Пахтакор,Paxtakor,false
SI-212023,SI-212,1724212,1724212011,202890343,O‘zbekiston,Ўзбекистон,Узбекистон,Ózbekiston,false
SI-212024,SI-212,1724212,0,,Ozodlik,Озодлик,Озодлик,Ozodlik,true
SI-212025,SI-212,1724212,0,,Istiqlol,Истиқлол,Истиқлол,Istiqlol,true
SI-212026,SI-212,1724212,1724212026,202890454,Mirishkor,Миришкор,Миришкор,Mirishkor,false
SI-212027,SI-212,1724212,1724212027,202890461,Bunyodkor,Бунёдкор,Бунёдкор,Bunyodkor,false
SI-212028,SI-212,1724212,0,,Xosilobod,Хосилобод,Хосилобод,Xosilobod,true
SI-212029,SI-212,1724212,1724212029,202890525,Yangibo‘ston,Янгибўстон,Янги бустон,Yangibóston,false
SI-212030,SI-212,1724212,1724212030,202890518,Do‘stlik,Дўстлик,Дустлик,Dóstlik,false
SI-212031,SI-212,1724212,0,,S.Ayniy,С.айний,С.айний,S.Ayniy,true
SI-212032,SI-212,1724212,0,,A.Temur,А.темур,А.темур,A.Temur,true
SI-212033,SI-212,1724212,0,,Gulbog,Гулбог,Гулбог,Gulbog,true
SI-212034,SI-212,1724212,1724212015,202890350,Iftixor,Ифтихор,Ифтихор,Iftixor,false
SI-212035,SI-212,1724212,1724212033,202890374,Yangiobod,Янгиобод,Янгиобод,Yangiobod,false
SI-212036,SI-212,1724212,1724212037,202894504,Ziyokor,Зиёкор,Зиёкор,Ziyokor,false
SI-212037,SI-212,1724212,1724212038,202894471,Navbaxor,Навбахор,Навбахор,Navbaxor,false
SI-212038,SI-212,1724212,1724212039,205084385,Shirin,Ширин,Ширин,Shirin,false
SI-12010001,SI-212,1724212,1724212022,202890485,Alisher navoiy,Алишер навоий,Алишер Навоий,Alisher navoiy,false
SI-12010037,SI-212,1724212,1724212016,207333460,Yangi avlod,Янги авлод,Янги авлод,Yangi avlod,false
SI-12010027,SI-212,1724212,1724212031,202890501,Sadriddin ayniy,Садриддин айний,Садриддин Айний,Sadriddin ayniy,false
SI-12010023,SI-212,1724212,1724212002,302778059,Navruz,Навруз,Навруз,Navruz,false
SI-12010032,SI-212,1724212,1724212028,202890478,Usmon yusupov,Усмон юсупов,Усмон Юсупов,Usmon yusupov,false
SI-216001,SI-216,1724216,1724216010,202905069,Shodlik,Шодлик,Шодлик,Shodlik,false
SI-216002,SI-216,1724216,1724216011,202905052,Turon,Турон,Турон,Turon,false
SI-216003,SI-216,1724216,1724216012,202905400,Gulbuloq,Гулбулоқ,Гулбулок,Gulbuloq,false
SI-216004,SI-216,1724216,0,,Paxtakon,Пахтакон,Пахтакон,Paxtakon,true
SI-216005,SI-216,1724216,1724216014,202905417,Do‘stlik,Дўстлик,Дустлик,Dóstlik,false
SI-216006,SI-216,1724216,1724216009,202905345,Paxtaobod,Пахтаобод,Пахтаобод,Paxtaobod,false
SI-216007,SI-216,1724216,1724216008,202905353,Olg‘abos,Олғабос,Олгабос,Olǵabos,false
SI-216008,SI-216,1724216,1724216015,202905377,Sintob,Синтоб,Синтоб,Sintob,false
SI-216009,SI-216,1724216,1724216006,202905131,Ittifoq,Иттифоқ,Иттифок,Ittifoq,false
SI-216010,SI-216,1724216,1724216007,202905163,Nurobod,Нуробод,Нуробод,Nurobod,false
SI-216011,SI-216,1724216,1724216004,303785714,O‘zbekiston,Ўзбекистон,Узбекистон,Ózbekiston,false
SI-216012,SI-216,1724216,1724216003,202905227,Paymard,Паймард,Паймард,Paymard,false
SI-216013,SI-216,1724216,1724216005,202905234,Farovon,Фаровон,Фаровон,Farovon,false
SI-216014,SI-216,1724216,1724216001,202905274,Baxmalsoy,Бахмалсой,Бахмалсой,Baxmalsoy,false
SI-216015,SI-216,1724216,1724216002,202905321,Nurli yo‘l,Нурли йўл,Нурли йул,Nurli yól,false
SI-216016,SI-216,1724216,1724216016,202905076,Guliston,Гулистон,Гулистон,Guliston,false
SI-216017,SI-216,1724216,1724216017,202905116,Mustaqillik,Мустақиллик,Мустакиллик,Mustaqillik,false
SI-216018,SI-216,1724216,1724216018,202905109,O‘rikzor,Ўрикзор,Урикзор,Órikzor,false
SI-216019,SI-216,1724216,1724216019,303798001,Yangi xayot,Янги хаёт,Янги хаёт,Yangi xayot,false
SI-220001,SI-220,1724220,1724220002,202904766,Zarbdor,Зарбдор,Зарбдор,Zarbdor,false
SI-220002,SI-220,1724220,1724220009,202904759,Yulduz,Юлдуз,Юлдуз,Yulduz,false
SI-220003,SI-220,1724220,1724220004,202904781,Mevazor,Мевазор,Мевазор,Mevazor,false
SI-220004,SI-220,1724220,1724220003,202904774,Ishonch,Ишонч,Ишонч,Ishonch,false
SI-220005,SI-220,1724220,0,,H.Olimjon,Ҳ.олимжон,Ҳ.олимжон,H.Olimjon,true
SI-220006,SI-220,1724220,1724220001,202904971,Baxmal,Бахмал,Бахмал,Baxmal,false
SI-220007,SI-220,1724220,0,,Oqoltin,Оқолтин,Оқолтин,Oqoltin,true
SI-220008,SI-220,1724220,1724220007,202904687,Tajribakor,Тажрибакор,Тажрибакор,Tajribakor,false
SI-220009,SI-220,1724220,1724220006,205872419,Soyibobod QFY,Сойибобод ҚФЙ,Сойибобод,Soyibobod QFY,false
SI-220010,SI-220,1724220,1724220014,202904956,Terakzor,Теракзор,Теракзор,Terakzor,false
SI-220011,SI-220,1724220,1724220010,202904964,Boyovut,Боёвут,Боёвут,Boyovut,false
SI-220012,SI-220,1724220,0,,Sohil,Соҳил,Соҳил,Sohil,true
SI-220013,SI-220,1724220,1724220011,202904877,Oltin vodiy,Олтин водий,Олтин водий,Oltin vodiy,false
SI-220014,SI-220,1724220,1724220015,202904884,Furqat,Фурқат,Фуркат,Furqat,false
SI-220015,SI-220,1724220,0,,Sharq haqiqati,Шарқ ҳақиқати,Шарқ ҳақиқати,Sharq haqiqati,true
SI-220016,SI-220,1724220,1724220013,202904576,Sohilobod QFY,Соҳилобод ҚФЙ,Сохилобод,Sohilobod QFY,false
SI-220017,SI-220,1724220,1724220017,205872458,Beshbuloq QFY,Бешбулоқ ҚФЙ,Бешбулок,Beshbuloq QFY,false
SI-220018,SI-220,1724220,1724220019,202904648,Chortoq QFY,Чортоқ ҚФЙ,Чорток,Chortoq QFY,false
SI-220019,SI-220,1724220,1724220018,202904860,Mustaqillik,Мустақиллик,Мустакиллик,Mustaqillik,false
SI-220020,SI-220,1724220,1724220023,202904584,Birlashgan,Бирлашган,Бирлашган,Birlashgan,false
SI-220021,SI-220,1724220,0,,A.Navoiy,А.навоий,А.навоий,A.Navoiy,true
SI-220022,SI-220,1724220,1724220022,202904631,Ahillik,Аҳиллик,Ахиллик,Ahillik,false
SI-220023,SI-220,1724220,1724220024,310097769,Do‘stlik,Дўстлик,Достлик,Dóstlik,false
SI-220024,SI-220,1724220,0,,A.Yassaviy,А.яссавий,А.яссавий,A.Yassaviy,true
SI-220025,SI-220,1724220,1724220025,202904806,Ibrat,Ибрат,Ибрат,Ibrat,false
SI-12020026,SI-220,1724220,1724220026,310245156,Inoqlik,Иноқлик,Иноклик,Inoqlik,false
SI-12020002,SI-220,1724220,1724220021,202904814,Ahmad yassaviy,Аҳмад яссавий,Ахмад Яссавий,Ahmad yassaviy,false
SI-12020022,SI-220,1724220,1724220008,202904734,Xamid оlimjon,Хамид олимжон,Хамид Олимжон,Xamid оlimjon,false
SI-12020024,SI-220,1724220,1724220016,202904892,Sharq xaqiqati,Шарқ хақиқати,Шарк хакикати,Sharq xaqiqati,false
SI-12020001,SI-220,1724220,1724220020,202904609,Alisher navoiy,Алишер навоий,Алишер Навоий,Alisher navoiy,false
SI-226001,SI-226,1724226,1724226001,202930695,Yurtdosh,Юртдош,Юртдош,Yurtdosh,false
SI-226002,SI-226,1724226,1724226002,202930688,Do‘stlik,Дўстлик,Дустлик,Dóstlik,false
SI-226003,SI-226,1724226,1724226003,202930767,Qo‘rg‘ontepa,Қўрғонтепа,Кургонтепа,Qórǵontepa,false
SI-226004,SI-226,1724226,1724226005,202930728,Birlik,Бирлик,Бирлик,Birlik,false
SI-226005,SI-226,1724226,1724226004,202930711,Otayurt,Отаюрт,Отаюрт,Otayurt,false
SI-226006,SI-226,1724226,1724226006,200317034,Yangiqishloq,Янгиқишлоқ,Янгикишлок,Yangiqishloq,false
SI-226007,SI-226,1724226,0,,Xalqaobod,Халқаобод,Халқаобод,Xalqaobod,true
SI-226008,SI-226,1724226,1724226008,202930545,Quyitosh,Қуйитош,Куйитош,Quyitosh,false
SI-226009,SI-226,1724226,1724226009,202930538,Fayzliobod,Файзлиобод,Файзлиобод,Fayzliobod,false
SI-226010,SI-226,1724226,1724226010,202930521,Navro‘z,Наврўз,Навруз,Navróz,false
SI-226011,SI-226,1724226,1724226011,202930584,Paxtakor,Пахтакор,Пахтакор,Paxtakor,false
SI-226012,SI-226,1724226,1724226012,202930592,Birlashgan,Бирлашган,Бирлашган,Birlashgan,false
SI-226013,SI-226,1724226,0,,Zomin,Зомин,Зомин,Zomin,true
SI-226014,SI-226,1724226,0,,Rovot,Ровот,Ровот,Rovot,true
SI-226015,SI-226,1724226,1724226015,202930624,Bo‘ston,Бўстон,Бустон,Bóston,false
SI-12050013,SI-226,1724226,1724226007,202930553,Xalqobod,Халқобод,Халкобод,Xalqobod,false
SI-12050011,SI-226,1724226,1724226014,202930632,Ravot,Равот,Равот,Ravot,false
SI-228001,SI-228,1724228,1724228001,202876059,Baxoriston,Бахористон,Бахористон,Baxoriston,false
SI-228002,SI-228,1724228,1724228002,202876042,Yo‘ldoshobod,Йўлдошобод,Йулдошобод,Yóldoshobod,false
SI-228003,SI-228,1724228,1724228003,202905013,Navbaxor,Навбахор,Навбахор,Navbaxor,false
SI-228004,SI-228,1724228,0,,Haqiqat,Ҳақиқат,Ҳақиқат,Haqiqat,true
SI-228005,SI-228,1724228,1724228006,202945859,Bog‘iston,Боғистон,Богистон,Boǵiston,false
SI-228006,SI-228,1724228,1724228007,202927817,Do‘ngariq,Дўнгариқ,Донгарик,Dóngariq,false
SI-228007,SI-228,1724228,1724228008,202924575,Navro‘z,Наврўз,Навроз,Navróz,false
SI-228008,SI-228,1724228,1724228009,202905020,Nurafshon,Нурафшон,Нурафшон,Nurafshon,false
SI-228009,SI-228,1724228,1724228010,202962331,Mirzacho‘l,Мирзачўл,Мирзачул,Mirzachól,false
SI-228010,SI-228,1724228,1724228011,202924512,Dexqonobod,Дехқонобод,Дехконобод,Dexqonobod,false
SI-228011,SI-228,1724228,1724228012,202965098,Oydin,Ойдин,Ойдин,Oydin,false
SI-228012,SI-228,1724228,1724228013,202924551,Oqoltin,Оқолтин,Околтин,Oqoltin,false
SI-228013,SI-228,1724228,0,,T.Axmedov,Т.ахмедов,Т.ахмедов,T.Axmedov,true
SI-228014,SI-228,1724228,1724228015,202935450,Tinchlik,Тинчлик,Тинчлик,Tinchlik,false
SI-228015,SI-228,1724228,1724228016,202924529,Toshkent,Тошкент,Тошкент,Toshkent,false
SI-228016,SI-228,1724228,0,,M.Ulug‘bek,М.улуғбек,М.улуғбек,M.Uluǵbek,true
SI-228017,SI-228,1724228,1724228018,202924536,Yangixayot,Янгихаёт,Янги хаёт,Yangixayot,false
SI-12030006,SI-228,1724228,1724228017,202924568,Mirzo ulug‘bek,Мирзо улуғбек,Мирзо Улугбек,Mirzo uluǵbek,false
SI-12030017,SI-228,1724228,1724228005,207336267,Yangi o‘zbekiston,Янги ўзбекистон,Янги Узбекистон,Yangi ózbekiston,false
SI-12030013,SI-228,1724228,1724228014,202924544,Turgun ahmedov,Турғун ахмедов,Тургун Ахмедов,Turgun ahmedov,false
SI-231001,SI-231,1724231,1724231001,202893853,Baxmal,Бахмал,Бахмал,Baxmal,false
SI-231002,SI-231,1724231,1724231002,202893798,Bunyodkor,Бунёдкор,Бунёдкор,Bunyodkor,false
SI-231003,SI-231,1724231,1724231031,202893734,Yoshlik,Ёшлик,Ёшлик,Yoshlik,false
SI-231004,SI-231,1724231,1724231009,203300609,Ishonch,Ишонч,Ишонч,Ishonch,false
SI-231005,SI-231,1724231,0,,Kamolat,Камолат,Камолат,Kamolat,true
SI-231006,SI-231,1724231,1724231010,202893838,Tadbirkor,Тадбиркор,Тадбиркор,Tadbirkor,false
SI-231007,SI-231,1724231,1724231004,202893988,Taraqqiyot,Тараққиёт,Тараккиёт,Taraqqiyot,false
SI-231008,SI-231,1724231,1724231005,202893845,Ulug‘bek,Улуғбек,Улугбек,Uluǵbek,false
SI-231009,SI-231,1724231,1724231006,202893932,Hikmatli,Ҳикматли,Хикматли,Hikmatli,false
SI-231010,SI-231,1724231,1724231011,202893917,Axillik,Ахиллик,Ахиллик,Axillik,false
SI-231011,SI-231,1724231,1724231032,202893727,Baxor,Бахор,Бахор,Baxor,false
SI-231012,SI-231,1724231,1724231012,202894109,Istiqbol,Истиқбол,Истикбол,Istiqbol,false
SI-231013,SI-231,1724231,1724231013,202893900,Orzu,Орзу,Орзу,Orzu,false
SI-231014,SI-231,1724231,1724231014,202893806,Tinchlik,Тинчлик,Тинчлик,Tinchlik,false
SI-231015,SI-231,1724231,1724231015,205884893,Turkiston,Туркистон,Туркистон,Turkiston,false
SI-231016,SI-231,1724231,1724231016,202893821,Xazina,Хазина,Хазина,Xazina,false
SI-231017,SI-231,1724231,1724231017,202894091,Yangiobod,Янгиобод,Янгиобод,Yangiobod,false
SI-231018,SI-231,1724231,1724231007,202893781,Adolat,Адолат,Адолат,Adolat,false
SI-231019,SI-231,1724231,1724231033,202894187,Beshbuloq,Бешбулоқ,Бешбулок,Beshbuloq,false
SI-231020,SI-231,1724231,1724231020,202894044,Zarshunos,Заршунос,Заршунос,Zarshunos,false
SI-231021,SI-231,1724231,1724231021,202894005,Ilg‘or,Илғор,Илгор,Ilǵor,false
SI-231022,SI-231,1724231,1724231022,202894148,Intilish,Интилиш,Интилиш,Intilish,false
SI-231023,SI-231,1724231,1724231023,202894037,Quyosh,Қуёш,Куёш,Quyosh,false
SI-231024,SI-231,1724231,1724231024,202894170,Navro‘z,Наврўз,Навроз,Navróz,false
SI-231025,SI-231,1724231,1724231025,202894163,Oq yo‘l,Оқ йўл,Ок йул,Oq yól,false
SI-231026,SI-231,1724231,0,,Faravon,Фаравон,Фаравон,Faravon,true
SI-231027,SI-231,1724231,1724231027,202893860,Furqat,Фурқат,Фуркат,Furqat,false
SI-231028,SI-231,1724231,1724231028,202893703,Sholikor,Шоликор,Шоликор,Sholikor,false
SI-231029,SI-231,1724231,1724231029,202894020,Elobod,Елобод,Элобод,Elobod,false
SI-231030,SI-231,1724231,0,,Dexqonobod,Дехқонобод,Дехқонобод,Dexqonobod,true
SI-231031,SI-231,1724231,1724231008,202893814,Do‘stlik,Дўстлик,Дустлик,Dóstlik,false
SI-231032,SI-231,1724231,1724231034,202893956,Ziyokor,Зиёкор,Зиёкор,Ziyokor,false
SI-231033,SI-231,1724231,1724231035,202893964,Islomobod,Исломобод,Исломобод,Islomobod,false
SI-231034,SI-231,1724231,1724231036,202893971,Matonat,Матонат,Матонат,Matonat,false
SI-231035,SI-231,1724231,1724231019,202894084,Navoiy,Навоий,Навоий,Navoiy,false
SI-231036,SI-231,1724231,1724231037,202893759,Paxtakor,Пахтакор,Пахтакор,Paxtakor,false
SI-231037,SI-231,1724231,1724231030,202893766,Shirin,Ширин,Ширин,Shirin,false
SI-231038,SI-231,1724231,1724231038,202893742,Oqibat,Оқибат,Окибат,Oqibat,false
SI-12070031,SI-231,1724231,1724231026,202893995,Farovon,Фаровон,Фаровон,Farovon,false
SI-12070018,SI-231,1724231,1724231003,202894013,Kamolot,Камолот,Камолот,Kamolot,false
SI-12070008,SI-231,1724231,1724231018,202894076,Dehqonobod,Деҳқонобод,Дехконобод,Dehqonobod,false
SI-235001,SI-235,1724235,1724235002,202715241,Istiqlol,Истиқлол,Истиклол,Istiqlol,false
SI-235002,SI-235,1724235,1724235001,202697470,Chamanzor,Чаманзор,Чаманзор,Chamanzor,false
SI-235003,SI-235,1724235,1724235004,202680976,Tinchlik,Тинчлик,Тинчлик,Tinchlik,false
SI-235004,SI-235,1724235,1724235022,202680952,Karvonsaroy,Карвонсарой,Карвонсарой,Karvonsaroy,false
SI-235005,SI-235,1724235,1724235023,202680969,Yettiguzar,Еттигузар,Етти гузар,Yettiguzar,false
SI-235006,SI-235,1724235,1724235003,202684954,Do‘stlik,Дўстлик,Дустлик,Dóstlik,false
SI-235007,SI-235,1724235,1724235005,303741832,Bunyodkor,Бунёдкор,Бунёдкор,Bunyodkor,false
SI-235008,SI-235,1724235,1724235011,202894266,Mustaqillikning 25 yilligi,Мустақилликнинг 25 йиллиги,Мустакилликнинг 25-Йиллиги,Mustaqillikning 25 yilligi,false
SI-235009,SI-235,1724235,1724235008,202894574,Farxod,Фарход,Фарход,Farxod,false
SI-235010,SI-235,1724235,1724235010,202894203,Gulbaxor,Гулбахор,Гулбахор,Gulbaxor,false
SI-235011,SI-235,1724235,1724235009,202894639,Obod turmush,Обод турмуш,Ободтурмуш,Obod turmush,false
SI-235012,SI-235,1724235,1724235014,303336228,Soxibkor,Сохибкор,Сохибкор,Soxibkor,false
SI-235013,SI-235,1724235,1724235015,205206707,Qoraqum,Қорақум,Коракум,Qoraqum,false
SI-235014,SI-235,1724235,1724235012,203222254,Qayirma,Қайирма,Кайирма,Qayirma,false
SI-235015,SI-235,1724235,1724235013,205206699,Sharkobod,Шаркобод,Шаркобод,Sharkobod,false
SI-235016,SI-235,1724235,1724235019,202894424,Afrosiyob,Афросиёб,Афросиёб,Afrosiyob,false
SI-235017,SI-235,1724235,0,,O‘zbekiston to‘kinchilik,Ўзбекистон тўкинчилик,Ўзбекистон тўкинчилик,Ózbekiston tókinchilik,true
SI-235018,SI-235,1724235,1724235017,303312677,Mustaqillik,Мустақиллик,Мустакиллик,Mustaqillik,false
SI-235019,SI-235,1724235,0,,Oichangal,Оичангал,Оичангал,Oichangal,true
SI-235020,SI-235,1724235,1724235021,202894345,Xovosobod,Ховособод,Ховособод,Xovosobod,false
SI-235021,SI-235,1724235,1724235006,202888067,Yangier,Янгиер,Янгиер,Yangier,false
SI-235022,SI-235,1724235,1724235007,202882273,Paxtakor,Пахтакор,Пахтакор,Paxtakor,false
SI-235023,SI-235,1724235,1724235025,202874647,Xusnobod,Хуснобод,Хуснобод,Xusnobod,false
SI-235024,SI-235,1724235,1724235024,202876034,Qaxramon,Қахрамон,Кахрамон,Qaxramon,false
SI-235025,SI-235,1724235,1724235026,202895534,Bo‘ston,Бўстон,Бустон,Bóston,false
SI-235026,SI-235,1724235,1724235027,202876066,Binokor,Бинокор,Бинокор,Binokor,false
SI-12080021,SI-235,1724235,1724235020,202894464,O‘zbekiston to‘kinchiligi,Ўзбекистон тўкинчилиги,Узбекистон тукинчилиги,Ózbekiston tókinchiligi,false
SI-12080017,SI-235,1724235,1724235018,202894456,Oqchangal,Оқчангал,Окчангал,Oqchangal,false
SI-236999,SI-236,0,0,,Mahalla aniqlanmagan,Маҳалла аниқланмаган,Махалля не определена,Máhálle anıqlanbaǵan,true
SI-401001,SI-401,1724401,1724401001,202933564,Ahillik,Аҳиллик,Ахиллик,Ahillik,false
SI-401002,SI-401,1724401,1724401002,202886022,Do‘stlik,Дўстлик,Дустлик,Dóstlik,false
SI-401003,SI-401,1724401,1724401003,202922966,Navbahor,Навбаҳор,Навбахор,Navbahor,false
SI-401004,SI-401,1724401,1724401014,202933612,Namuna,Намуна,Намуна,Namuna,false
SI-401005,SI-401,1724401,1724401017,202930782,Taraqqiyot,Тараққиёт,Тараккиёт,Taraqqiyot,false
SI-401006,SI-401,1724401,1724401006,202922974,Shodlik,Шодлик,Шодлик,Shodlik,false
SI-401007,SI-401,1724401,1724401007,202933629,Yangi hayot,Янги ҳаёт,Янгихаёт,Yangi hayot,false
SI-401008,SI-401,1724401,1724401009,202933596,Bo‘ston,Бўстон,Бустон,Bóston,false
SI-401009,SI-401,1724401,1724401011,205101893,Istiqlol,Истиқлол,Истиклол,Istiqlol,false
SI-401010,SI-401,1724401,1724401012,202934570,Ulug‘obod,Улуғобод,Улугобод,Uluǵobod,false
SI-401011,SI-401,1724401,1724401018,202933604,Bahor,Баҳор,Бахор,Bahor,false
SI-401012,SI-401,1724401,1724401020,202941484,Madaniyat,Маданият,Маданият,Madaniyat,false
SI-401013,SI-401,1724401,1724401021,202933572,Ma‘naviyat,Маънавият,Манавият,Ma‘naviyat,false
SI-401014,SI-401,1724401,1724401015,202933589,Obod yurt,Обод юрт,Обод юрт,Obod yurt,false
SI-401015,SI-401,1724401,1724401023,202967332,Ulug‘ yo‘l,Улуғ йўл,Улугйул,Uluǵ yól,false
SI-401016,SI-401,1724401,1724401013,202917970,Bog‘ishamol,Боғишамол,Богишамол,Boǵishamol,false
SI-401017,SI-401,1724401,1724401019,207305684,Ibratli,Ибратли,Ибратли,Ibratli,false
SI-401018,SI-401,1724401,0,,Yuksalish,Юксалиш,Юксалиш,Yuksalish,true
SI-401019,SI-401,1724401,1724401016,202922981,Sayqal,Сайқал,Сайкал,Sayqal,false
SI-401920,SI-401,1724401,0,,Nihol,Ниҳол,Ниҳол,Nihol,true
SI-12100003,SI-401,1724401,1724401008,207333398,Baxt,Бахт,Бахт,Baxt,false
SI-12100006,SI-401,1724401,1724401010,207333366,Buyuk kelajak,Буюк келажак,Буюк келажак,Buyuk kelajak,false
SI-12100015,SI-401,1724401,1724401022,207333406,Nixol,Нихол,Нихол,Nixol,false
SI-12100016,SI-401,1724401,1724401004,207333359,Nurafshon,Нурафшон,Нурафшон,Nurafshon,false
SI-12100019,SI-401,1724401,1724401005,207333381,Sohil,Соҳил,Сохил,Sohil,false
SI-410001,SI-410,1724410,1724410001,204081114,Do‘stlik,Дўстлик,Дустлик,Dóstlik,false
SI-410002,SI-410,1724410,0,,Amir temur,Амир темур,Амир темур,Amir temur,true
SI-410003,SI-410,1724410,1724410003,204081106,Mirzo ulug‘bek,Мирзо улуғбек,Мирзоулугбек,Mirzo uluǵbek,false
SI-410004,SI-410,1724410,1724410004,202902792,Bunyodkor,Бунёдкор,Бунёдкор,Bunyodkor,false
SI-410005,SI-410,1724410,1724410005,202902784,Farxod,Фарход,Фарход,Farxod,false
SI-410006,SI-410,1724410,1724410006,204081138,Nurobod,Нуробод,Нуробод,Nurobod,false
SI-410007,SI-410,1724410,1724410007,305966653,Vatanparvar,Ватанпарвар,Ватанпарвар,Vatanparvar,false
SI-12090001,SI-410,1724410,1724410002,204081121,Amur temur,Амур темур,Амур Темур,Amur temur,false
SI-413001,SI-413,1724413,1724413002,202818944,Temur malik nomli,Темур малик номли,Темурмалик,Temur malik nomli,false
SI-413002,SI-413,1724413,0,,Z. bobur nomli,З. бобур номли,З. бобур номли,Z. bobur nomli,true
SI-413003,SI-413,1724413,0,,A.Jomiy nomli,А.жомий номли,А.жомий номли,A.Jomiy nomli,true
SI-413004,SI-413,1724413,0,,Obod yurt,Обод юрт,Обод юрт,Obod yurt,true
SI-413005,SI-413,1724413,0,,Shodlik,Шодлик,Шодлик,Shodlik,true
SI-413006,SI-413,1724413,1724413008,202684979,Marifat,Марифат,Марифат,Marifat,false
SI-413007,SI-413,1724413,1724413010,202691836,Binokor,Бинокор,Бинокор,Binokor,false
SI-413008,SI-413,1724413,1724413011,202684962,Navro‘zobod,Наврўзобод,Наврузобод,Navrózobod,false
SI-12110009,SI-413,1724413,1724413007,202836012,Shodiyona,Шодиёна,Шодиёна,Shodiyona,false
SI-12110008,SI-413,1724413,1724413005,207333231,Fazilat,Фазилат,Фазилат,Fazilat,false
SI-12110011,SI-413,1724413,1724413009,207333414,Yuksalish,Юксалиш,Юксалиш,Yuksalish,false
SI-12110012,SI-413,1724413,1724413012,310116355,Yangiobod,Янгиобод,Янгиобод,Yangiobod,false
SI-12110010,SI-413,1724413,1724413004,201306664,Shukrona,Шукрона,Шукрона,Shukrona,false
SI-12110003,SI-413,1724413,1724413006,207333248,Davlatobod,Давлатобод,Давлатобод,Davlatobod,false
SI-12110004,SI-413,1724413,1724413001,200330921,Zahiriddin muhammad bobur,Заҳириддин муҳаммад бобур,Захириддин Мухаммад Бобур,Zahiriddin muhammad bobur,false
SI-12110001,SI-413,1724413,1724413003,202757704,Abdurahmon jomiy,Абдураҳмон жомий,Абдурахмон Жоми,Abdurahmon jomiy,false
SI-414999,SI-414,0,0,,Mahalla aniqlanmagan,Маҳалла аниқланмаган,Махалля не определена,Máhálle anıqlanbaǵan,true
SI-415999,SI-415,0,0,,Mahalla aniqlanmagan,Маҳалла аниқланмаган,Махалля не определена,Máhálle anıqlanbaǵan,true
SU-201001,SU-201,1722201,1722201044,202712547,Zardakul,Зардакул,Зардакул,Zardakul,false
SU-201002,SU-201,1722201,0,,Ko‘sharcha,Кўшарча,Кўшарча,Kósharcha,true
SU-201003,SU-201,1722201,0,,To‘xtamish,Тўхтамиш,Тўхтамиш,Tóxtamish,true
SU-201004,SU-201,1722201,1722201047,207310861,Soxibkor,Сохибкор,Сохибкор,Soxibkor,false
SU-201005,SU-201,1722201,1722201048,202504805,Chinor,Чинор,Чинор,Chinor,false
SU-201006,SU-201,1722201,0,,Vaxshivor-1,Вахшивор-1,Вахшивор-1,Vaxshivor-1,true
SU-201007,SU-201,1722201,0,,Vaxshivor-2,Вахшивор-2,Вахшивор-2,Vaxshivor-2,true
SU-201008,SU-201,1722201,1722201051,202712523,Xayrandara,Хайрандара,Хайрандара,Xayrandara,false
SU-201009,SU-201,1722201,0,,Paxlovon,Пахловон,Пахловон,Paxlovon,true
SU-201010,SU-201,1722201,1722201027,202712490,Tog‘ay murod,Тоғай мурод,Тогай Мурод,Toǵay murod,false
SU-201011,SU-201,1722201,1722201028,202694998,Mingchinor,Мингчинор,Мингчинор,Mingchinor,false
SU-201012,SU-201,1722201,1722201029,202491641,Yakka-tut,Якка-тут,Яккатут,Yakka-tut,false
SU-201013,SU-201,1722201,1722201030,203882043,Shakar–kamish,Шакар–камиш,Шакаркамиш,Shakar–kamish,false
SU-201014,SU-201,1722201,1722201031,202493339,Olmazor,Олмазор,Олмазор,Olmazor,false
SU-201015,SU-201,1722201,1722201032,202501414,Xidirsho,Хидиршо,Хидиршо,Xidirsho,false
SU-201016,SU-201,1722201,1722201033,202511630,Do‘g‘oba,Дўғоба,Дугоба,Dóǵoba,false
SU-201017,SU-201,1722201,1722201034,202501406,Ekraz,Екраз,Екраз,Ekraz,false
SU-201018,SU-201,1722201,1722201035,202493361,Sayrak,Сайрак,Сайрак,Sayrak,false
SU-201019,SU-201,1722201,1722201036,202493354,Ovchi,Овчи,Овчи,Ovchi,false
SU-201020,SU-201,1722201,1722201013,204814734,Koratepa,Коратепа,Коратепа,Koratepa,false
SU-201021,SU-201,1722201,1722201014,202712429,Madaniyat,Маданият,Маданият,Madaniyat,false
SU-201022,SU-201,1722201,1722201015,202712436,Jiyanbobo,Жиянбобо,Жиянбобо,Jiyanbobo,false
SU-201023,SU-201,1722201,1722201016,202712412,Guliston,Гулистон,Гулистон,Guliston,false
SU-201024,SU-201,1722201,0,,Navryz,Наврйз,Наврйз,Navryz,true
SU-201025,SU-201,1722201,0,,Yangi kurylish,Янги курйлиш,Янги курйлиш,Yangi kurylish,true
SU-201026,SU-201,1722201,1722201052,202493322,Korlik,Корлик,Корлик,Korlik,false
SU-201027,SU-201,1722201,1722201053,202491658,Bo‘ston,Бўстон,Бустон,Bóston,false
SU-201028,SU-201,1722201,1722201054,202694981,Kumpaykal,Кумпайкал,Кумпайкал,Kumpaykal,false
SU-201029,SU-201,1722201,1722201001,202712389,Jilibulok,Жилибулок,Жилибулок,Jilibulok,false
SU-201030,SU-201,1722201,1722201002,202504820,Botosh,Ботош,Ботош,Botosh,false
SU-201031,SU-201,1722201,1722201003,202712372,Bibizaynab,Бибизайнаб,Бибизайнаб,Bibizaynab,false
SU-201032,SU-201,1722201,1722201004,202712396,Okarbulok,Окарбулок,Окарбулок,Okarbulok,false
SU-201033,SU-201,1722201,0,,A.Bo‘taev,А.бўтаев,А.бўтаев,A.Bótaev,true
SU-201034,SU-201,1722201,0,,Mo‘minkul,Мўминкул,Мўминкул,Móminkul,true
SU-201035,SU-201,1722201,0,,Marmin,Мармин,Мармин,Marmin,true
SU-201036,SU-201,1722201,1722201040,202511615,Jobu,Жобу,Жобу,Jobu,false
SU-201037,SU-201,1722201,0,,Jobu-1,Жобу-1,Жобу-1,Jobu-1,true
SU-201038,SU-201,1722201,1722201041,202712451,Ipoq,Ипоқ,Ипок,Ipoq,false
SU-201039,SU-201,1722201,1722201042,202712444,Chep,Чеп,Чеп,Chep,false
SU-201040,SU-201,1722201,1722201043,204031404,Obshir,Обшир,Обшир,Obshir,false
SU-201041,SU-201,1722201,1722201006,202493346,Gulobod,Гулобод,Гулобод,Gulobod,false
SU-201042,SU-201,1722201,1722201007,205614089,Xalkobod,Халкобод,Халкобод,Xalkobod,false
SU-201043,SU-201,1722201,1722201008,202712357,Mirshodi,Миршоди,Миршоди,Mirshodi,false
SU-201044,SU-201,1722201,1722201009,203480464,Shoxcha,Шохча,Шохча,Shoxcha,false
SU-201045,SU-201,1722201,1722201010,202712364,Karsagan,Карсаган,Карсаган,Karsagan,false
SU-201046,SU-201,1722201,1722201011,202712508,Yangiarik,Янгиарик,Янгиарик,Yangiarik,false
SU-201047,SU-201,1722201,0,,Xujaypok,Хужайпок,Хужайпок,Xujaypok,true
SU-201048,SU-201,1722201,1722201019,204134078,Beshbola paxlavon,Бешбола пахлавон,Беш Бола Пахлавон,Beshbola paxlavon,false
SU-201049,SU-201,1722201,1722201020,203505613,Mustaqillik-10 yilligi,Мустақиллик-10 йиллиги,Мустакиллик 10- йиллиги,Mustaqillik-10 yilligi,false
SU-201050,SU-201,1722201,1722201021,202712325,Kurama-1,Курама-1,Курама-1,Kurama-1,false
SU-201051,SU-201,1722201,1722201022,202712333,Obod turmush,Обод турмуш,Обод Турмуш,Obod turmush,false
SU-201052,SU-201,1722201,1722201023,202712340,Kiziltepa,Кизилтепа,Кизилтепа,Kiziltepa,false
SU-201053,SU-201,1722201,1722201024,203948576,Gulchechak,Гулчечак,Гулчечак,Gulchechak,false
SU-201054,SU-201,1722201,1722201025,207063917,Barkamol avlod,Баркамол авлод,Баркамол Авлод,Barkamol avlod,false
SU-19090046,SU-201,1722201,1722201012,207100814,Xo‘jaypok,Хўжайпок,Ходжайпок,Xójaypok,false
SU-19090042,SU-201,1722201,1722201046,202504813,Tuxtamish,Тухтамиш,Тухтамиш,Tuxtamish,false
SU-19090038,SU-201,1722201,1722201026,202712483,Xo‘jasoat,Хўжасоат,Хужасоат,Xójasoat,false
SU-19090025,SU-201,1722201,1722201045,203531154,Qo‘sharcha,Қўшарча,Кушарча,Qósharcha,false
SU-19090030,SU-201,1722201,1722201037,202712475,Mo‘minqul,Мўминқул,Муминкул,Móminqul,false
SU-19090016,SU-201,1722201,1722201039,204029895,Nurafshon,Нурафшон,Нурафшон,Nurafshon,false
SU-19090008,SU-201,1722201,1722201050,203954317,Obod vaxshivor,Обод вахшивор,Обод Вахшивор,Obod vaxshivor,false
SU-19090007,SU-201,1722201,1722201049,202511647,Katta vaxshivor,Катта вахшивор,Катта вахшивор,Katta vaxshivor,false
SU-19090001,SU-201,1722201,1722201005,203964368,Shodlik,Шодлик,Шодлик,Shodlik,false
SU-19090027,SU-201,1722201,1722201038,202712468,Marmun,Мармун,Мармун,Marmun,false
SU-19090054,SU-201,1722201,1722201018,202694974,Yangiqurilish,Янгиқурилиш,Янгикурилиш,Yangiqurilish,false
SU-19090032,SU-201,1722201,1722201017,203914397,Navro‘z,Наврўз,Навроз,Navróz,false
SU-202001,SU-202,1722202,1722202001,201318016,Ulug‘bek,Улуғбек,Улугбек,Uluǵbek,false
SU-202002,SU-202,1722202,1722202002,202309120,Xo‘janqon,Хўжанқон,Хожанкон,Xójanqon,false
SU-202003,SU-202,1722202,1722202003,202299894,Gulzor,Гулзор,Гулзор,Gulzor,false
SU-202004,SU-202,1722202,1722202004,201318206,Yangiobod,Янгиобод,Янгиобод,Yangiobod,false
SU-202005,SU-202,1722202,1722202005,202308842,Qorasuv,Қорасув,Корасув,Qorasuv,false
SU-202006,SU-202,1722202,1722202006,201318198,Guliston,Гулистон,Гулистон,Guliston,false
SU-202007,SU-202,1722202,1722202007,201318181,Yuqori tallimaron,Юқори таллимарон,Юкори Таллимарон,Yuqori tallimaron,false
SU-202008,SU-202,1722202,1722202008,201317974,To‘lqin,Тўлқин,Толкин,Tólqin,false
SU-202009,SU-202,1722202,0,,Yuqori xo‘jakiya,Юқори хўжакия,Юқори хўжакия,Yuqori xójakiya,true
SU-202010,SU-202,1722202,1722202010,202314757,Yuqori tallashqon,Юқори таллашқон,Юкори Таллашкон,Yuqori tallashqon,false
SU-202011,SU-202,1722202,1722202011,202759994,Gilambob,Гиламбоб,Гиламбоб,Gilambob,false
SU-202012,SU-202,1722202,1722202012,201318166,Xomkon,Хомкон,Хомкон,Xomkon,false
SU-202013,SU-202,1722202,1722202013,201318238,Karvon,Карвон,Карвон,Karvon,false
SU-202014,SU-202,1722202,1722202014,202760006,Tallashkon,Таллашкон,Таллашкон,Tallashkon,false
SU-202015,SU-202,1722202,0,,Dexkonbirlashuv,Дехконбирлашув,Дехконбирлашув,Dexkonbirlashuv,true
SU-202016,SU-202,1722202,1722202016,202760014,Zartepa,Зартепа,Зартепа,Zartepa,false
SU-202017,SU-202,1722202,1722202017,202760021,Zang gilambob,Занг гиламбоб,Занг-Гиламбоб,Zang gilambob,false
SU-202018,SU-202,1722202,1722202018,201318174,Kattakum,Каттакум,Каттакум,Kattakum,false
SU-202019,SU-202,1722202,1722202019,201317999,Chinobod,Чинобод,Чинобод,Chinobod,false
SU-202020,SU-202,1722202,0,,Y.Oxunboboev,Й.охунбобоев,Й.охунбобоев,Y.Oxunboboev,true
SU-202021,SU-202,1722202,0,,Navshaxar,Навшахар,Навшахар,Navshaxar,true
SU-202022,SU-202,1722202,1722202022,202797204,Madaniyat,Маданият,Маданият,Madaniyat,false
SU-202023,SU-202,1722202,1722202023,201318221,Markaz,Марказ,Марказ,Markaz,false
SU-202024,SU-202,1722202,1722202024,202316912,Kayran,Кайран,Кайран,Kayran,false
SU-202025,SU-202,1722202,1722202025,201318063,Qadimiy angor,Қадимий ангор,Кадимий Ангор,Qadimiy angor,false
SU-202026,SU-202,1722202,0,,Kushtegirmon,Куштегирмон,Куштегирмон,Kushtegirmon,true
SU-202027,SU-202,1722202,0,,Dexqonittifoq,Дехқониттифоқ,Дехқониттифоқ,Dexqonittifoq,true
SU-202028,SU-202,1722202,1722202028,202308960,Yangi turmush,Янги турмуш,Янги турмуш,Yangi turmush,false
SU-202029,SU-202,1722202,0,,Korabog‘,Корабоғ,Корабоғ,Koraboǵ,true
SU-202030,SU-202,1722202,1722202030,202308984,Faravon,Фаравон,Фаравон,Faravon,false
SU-202031,SU-202,1722202,1722202031,201299610,Ilgor,Илгор,Илгор,Ilgor,false
SU-202032,SU-202,1722202,1722202032,202309097,Bahor,Баҳор,Бахор,Bahor,false
SU-202033,SU-202,1722202,1722202033,202299903,Navro‘z,Наврўз,Навроз,Navróz,false
SU-202034,SU-202,1722202,1722202034,202308881,O‘zbekiston,Ўзбекистон,Узбекистон,Ózbekiston,false
SU-202035,SU-202,1722202,0,,Navbahor,Навбаҳор,Навбаҳор,Navbahor,true
SU-202036,SU-202,1722202,1722202036,204315184,Sharq guli,Шарқ гули,Шаркгули,Sharq guli,false
SU-19010019,SU-202,1722202,1722202035,202308866,Navbaxor,Навбахор,Навбахор,Navbaxor,false
SU-19010021,SU-202,1722202,1722202021,202308945,Novshahar,Новшахар,Новшахар,Novshahar,false
SU-19010006,SU-202,1722202,1722202027,202316896,Yangihayot,Янгиҳаёт,Янгихаёт,Yangihayot,false
SU-19010016,SU-202,1722202,1722202026,202316929,Qo‘shtegirmon,Қўштегирмон,Коштегирмон,Qóshtegirmon,false
SU-19010022,SU-202,1722202,1722202020,202309080,Do‘stlik,Дўстлик,Дустлик,Dóstlik,false
SU-19010014,SU-202,1722202,1722202029,202316904,Qorabog‘,Қорабоғ,Корабог,Qoraboǵ,false
SU-19010034,SU-202,1722202,1722202009,202314764,Yuqori хo‘jakiya,Юқори хўжақия,Юкори Хожакия,Yuqori хójakiya,false
SU-19010005,SU-202,1722202,1722202015,202316936,Qoraqir,Қорақир,Коракир,Qoraqir,false
SU-203001,SU-203,1722203,1722203015,202754961,Bag‘rikeng,Бағрикенг,Багрикенг,Baǵrikeng,false
SU-203002,SU-203,1722203,1722203001,202748232,Bandixon,Бандихон,Бандихон,Bandixon,false
SU-203003,SU-203,1722203,0,,Baxoriston,Бахористон,Бахористон,Baxoriston,true
SU-203004,SU-203,1722203,1722203008,203124580,Bektepa,Бектепа,Бектепа,Bektepa,false
SU-203005,SU-203,1722203,1722203004,202754899,Birdamlik,Бирдамлик,Бирдамлик,Birdamlik,false
SU-203006,SU-203,1722203,1722203020,202754954,Gulbog‘,Гулбоғ,Гулбог,Gulboǵ,false
SU-203007,SU-203,1722203,1722203013,203606922,Zevar,Зевар,Зевар,Zevar,false
SU-203008,SU-203,1722203,1722203021,202754946,Qaldirg‘och,Қалдирғоч,Калдиргоч,Qaldirǵoch,false
SU-203009,SU-203,1722203,1722203010,300084465,Quduqsoy,Қудуқсой,Кудуксой,Quduqsoy,false
SU-203010,SU-203,1722203,1722203012,202687887,Navro‘z,Наврўз,Навроз,Navróz,false
SU-203011,SU-203,1722203,0,,Novbaxor,Новбахор,Новбахор,Novbaxor,true
SU-203012,SU-203,1722203,1722203011,202671385,Obikor,Обикор,Обикор,Obikor,false
SU-203013,SU-203,1722203,1722203009,202754882,Obod turmush,Обод турмуш,Обод Турмуш,Obod turmush,false
SU-203014,SU-203,1722203,1722203016,202754978,Obod yurt,Обод юрт,Обод Юрт,Obod yurt,false
SU-203015,SU-203,1722203,1722203007,202754914,Paxtakor,Пахтакор,Пахтакор,Paxtakor,false
SU-203016,SU-203,1722203,1722203003,204638264,Polvontosh,Полвонтош,Полвонтош,Polvontosh,false
SU-203017,SU-203,1722203,1722203002,202754874,Saroy,Сарой,Сарой,Saroy,false
SU-203018,SU-203,1722203,0,,O‘rg‘ilsoy,Ўрғилсой,Ўрғилсой,Órǵilsoy,true
SU-203019,SU-203,1722203,1722203017,202754922,Farovon,Фаровон,Фаровон,Farovon,false
SU-203020,SU-203,1722203,0,,Xo‘jaipok,Хўжаипок,Хўжаипок,Xójaipok,true
SU-203021,SU-203,1722203,1722203005,204769592,Chinor,Чинор,Чинор,Chinor,false
SU-203022,SU-203,1722203,0,,Elobod,Елобод,Елобод,Elobod,true
SU-19020010,SU-203,1722203,1722203022,202687658,Limonzor,Лимонзор,Лимонзор,Limonzor,false
SU-19020003,SU-203,1722203,1722203018,202754939,Bahoriston,Баҳористон,Бахористан,Bahoriston,false
SU-19020019,SU-203,1722203,1722203019,205412973,O‘rg‘ulsoy,Ўрғулсой,Ургулсой,Órǵulsoy,false
SU-19020011,SU-203,1722203,1722203006,202754907,Navbahor,Навбаҳор,Навбахор,Navbahor,false
SU-19020021,SU-203,1722203,1722203014,205726004,Xojaypok,Хўжайпок,Ходжаипок,Xojaypok,false
SU-204001,SU-204,1722204,1722204001,202709224,Gaza,Газа,Газа,Gaza,false
SU-204002,SU-204,1722204,1722204002,202709217,Dashtig‘oz,Даштиғоз,Даштигоз,Dashtiǵoz,false
SU-204003,SU-204,1722204,0,,Dehibolo,Деҳиболо,Деҳиболо,Dehibolo,true
SU-204004,SU-204,1722204,1722204004,202671314,Duoba,Дуоба,Дуоба,Duoba,false
SU-204005,SU-204,1722204,1722204005,203671338,Inkabod,Инкабод,Инкабод,Inkabod,false
SU-204006,SU-204,1722204,1722204006,202671267,Pulhokim,Пулҳоким,Пулхоким,Pulhokim,false
SU-204007,SU-204,1722204,1722204007,204360082,O‘rmonchi,Ўрмончи,Ормончи,Órmonchi,false
SU-204008,SU-204,1722204,1722204008,202671299,Xo‘jaidod,Хўжаидод,Хужаидод,Xójaidod,false
SU-204009,SU-204,1722204,1722204009,206841882,Bibishirin,Бибиширин,Бибиширин,Bibishirin,false
SU-204010,SU-204,1722204,1722204010,203645771,Bog‘ibolo,Боғиболо,Богиболо,Boǵibolo,false
SU-204011,SU-204,1722204,1722204011,202671250,Boshrabot,Бошработ,Бошработ,Boshrabot,false
SU-204012,SU-204,1722204,0,,Ko‘lqamish,Кўлқамиш,Кўлқамиш,Kólqamish,true
SU-204013,SU-204,1722204,1722204013,202671378,Ko‘chkak,Кўчкак,Кочкак,Kóchkak,false
SU-204014,SU-204,1722204,0,,Mehriobod,Меҳриобод,Меҳриобод,Mehriobod,true
SU-204015,SU-204,1722204,1722204015,202671393,Pasurxi,Пасурхи,Пасурхи,Pasurxi,false
SU-204016,SU-204,1722204,1722204016,205205691,To‘da,Тўда,Тода,Tóda,false
SU-204017,SU-204,1722204,0,,Hunarmandlar,Ҳунармандлар,Ҳунармандлар,Hunarmandlar,true
SU-204018,SU-204,1722204,1722204018,202671401,Shirinobod,Ширинобод,Ширинобод,Shirinobod,false
SU-204019,SU-204,1722204,1722204019,202659841,Darband (sangchil),Дарбанд (сангчил),Дарбанд,Darband (sangchil),false
SU-204020,SU-204,1722204,0,,Dahnaijom,Даҳнаижом,Даҳнаижом,Dahnaijom,true
SU-204021,SU-204,1722204,1722204021,203653399,Qizilnavr,Қизилнавр,Кизилнавр,Qizilnavr,false
SU-204022,SU-204,1722204,1722204022,202671228,Munchoq,Мунчоқ,Мунчок,Munchoq,false
SU-204023,SU-204,1722204,1722204023,202671418,Sayrob (qo‘shchinor),Сайроб (қўшчинор),Сайроб,Sayrob (qóshchinor),false
SU-204024,SU-204,1722204,1722204024,202659819,Temir darvoza,Темир дарвоза,Темир Дарвоза,Temir darvoza,false
SU-204025,SU-204,1722204,1722204025,207291515,Tillokamar,Тиллокамар,Тиллокамар,Tillokamar,false
SU-204026,SU-204,1722204,1722204026,202659834,O‘rta machay,Ўрта мачай,Урта Мачай,Órta machay,false
SU-204027,SU-204,1722204,1722204027,202671361,Xo‘jabulg‘on,Хўжабулғон,Хожабулгон,Xójabulǵon,false
SU-204028,SU-204,1722204,1722204028,202671274,Chilonzor,Чилонзор,Чилонзор,Chilonzor,false
SU-204029,SU-204,1722204,1722204029,203655435,Shifobuloq,Шифобулоқ,Шифобулок,Shifobuloq,false
SU-204030,SU-204,1722204,1722204030,202659826,Yuqori machay,Юқори мачай,Юкори мачай,Yuqori machay,false
SU-204031,SU-204,1722204,1722204031,203654531,Ariq usti,Ариқ усти,Арик Усти,Ariq usti,false
SU-204032,SU-204,1722204,1722204032,202671425,Kosiblar,Косиблар,Косиблар,Kosiblar,false
SU-204033,SU-204,1722204,1722204033,203665613,Mustaqillik,Мустақиллик,Мустакиллик,Mustaqillik,false
SU-204034,SU-204,1722204,1722204034,202671354,Obi,Оби,Оби,Obi,false
SU-204035,SU-204,1722204,1722204035,202671307,Poygaboshi,Пойгабоши,Пойгабоши,Poygaboshi,false
SU-204036,SU-204,1722204,1722204036,202659865,Tog‘chi,Тоғчи,Тогчи,Toǵchi,false
SU-204037,SU-204,1722204,1722204037,202671243,Tuzbozor,Тузбозор,Тузбозор,Tuzbozor,false
SU-204038,SU-204,1722204,1722204038,202671339,Chorchinor,Чорчинор,Чорчинор,Chorchinor,false
SU-204039,SU-204,1722204,1722204039,202659858,Sho‘rsoy,Шўрсой,Шорсой,Shórsoy,false
SU-19030008,SU-204,1722204,1722204020,304476385,Daxnaijom,Дахнаижом,Дахнаижом,Daxnaijom,false
SU-19030001,SU-204,1722204,1722204040,202671282,Avlod,Авлод,Авлод,Avlod,false
SU-19030033,SU-204,1722204,1722204017,202671346,Sariosiyo,Сариосиё,Сариосиё,Sariosiyo,false
SU-19030010,SU-204,1722204,1722204003,203664511,Dexibolo,Дехиболо,Дехиболо,Dexibolo,false
SU-19030015,SU-204,1722204,1722204012,202671322,Kofrun,Кофрун,Кофрун,Kofrun,false
SU-207001,SU-207,1722207,1722207001,202731144,Sopollitepa,Сополлитепа,Сополлитепа,Sopollitepa,false
SU-207002,SU-207,1722207,1722207002,202731151,Alpomish,Алпомиш,Алпомиш,Alpomish,false
SU-207003,SU-207,1722207,1722207003,204056658,Navro‘z,Наврўз,Навроз,Navróz,false
SU-207004,SU-207,1722207,1722207004,202731168,Do‘stlik,Дўстлик,Достлик,Dóstlik,false
SU-207005,SU-207,1722207,1722207005,202731129,Olmazor,Олмазор,Олмазор,Olmazor,false
SU-207006,SU-207,1722207,1722207006,202731112,Mehrigiyoh,Меҳригиёҳ,Мехригиёх,Mehrigiyoh,false
SU-207007,SU-207,1722207,0,,Halq yo‘li,Ҳалқ йўли,Ҳалқ йўли,Halq yóli,true
SU-207008,SU-207,1722207,1722207008,202760132,Tong yulduzi,Тонг юлдузи,Тонг юлдузи,Tong yulduzi,false
SU-207009,SU-207,1722207,1722207009,202316975,Muzrabot darvoza,Музработ дарвоза,Музработ Дарвоза,Muzrabot darvoza,false
SU-207010,SU-207,1722207,1722207010,202695015,Obod turmush,Обод турмуш,Обод турмуш,Obod turmush,false
SU-207011,SU-207,1722207,1722207011,202316968,Obi xayot,Оби хаёт,Оби хаёт,Obi xayot,false
SU-207012,SU-207,1722207,1722207012,202310200,Mustaqillik,Мустақиллик,Мустакиллик,Mustaqillik,false
SU-207013,SU-207,1722207,1722207013,202695008,Bodomzor,Бодомзор,Бодомзор,Bodomzor,false
SU-207014,SU-207,1722207,1722207014,202310264,Madaniyat,Маданият,Маданият,Madaniyat,false
SU-207015,SU-207,1722207,1722207015,202316983,Dehqonobod,Деҳқонобод,Дехконобод,Dehqonobod,false
SU-207016,SU-207,1722207,1722207016,202285010,Anorzor,Анорзор,Анорзор,Anorzor,false
SU-207017,SU-207,1722207,1722207017,206947955,Duoba,Дуоба,Дуоба,Duoba,false
SU-207018,SU-207,1722207,1722207018,202760124,Gulobod,Гулобод,Гулобод,Gulobod,false
SU-207019,SU-207,1722207,1722207019,203636506,Yakkatol,Яккатол,Якка тол,Yakkatol,false
SU-207020,SU-207,1722207,1722207020,202349776,Fidokor,Фидокор,Фидокор,Fidokor,false
SU-207021,SU-207,1722207,1722207021,202349784,Buyuk ipak yo‘li,Буюк ипак йўли,Буюк ипак йули,Buyuk ipak yóli,false
SU-207022,SU-207,1722207,1722207022,202284993,Yurtim jamoli,Юртим жамоли,Юртим жамоли,Yurtim jamoli,false
SU-207023,SU-207,1722207,0,,At-termiziy,Ат-термизий,Ат-термизий,At-termiziy,true
SU-207024,SU-207,1722207,1722207024,202310184,Yangi diyor,Янги диёр,Янги диёр,Yangi diyor,false
SU-207025,SU-207,1722207,1722207025,202687032,Shaffof,Шаффоф,Шаффоф,Shaffof,false
SU-207026,SU-207,1722207,1722207026,202731136,Yo‘lchi,Йўлчи,Ёлчи,Yólchi,false
SU-207027,SU-207,1722207,1722207027,202391268,Yangi hayot,Янги ҳаёт,Янги хаёт,Yangi hayot,false
SU-207028,SU-207,1722207,1722207028,202349769,Nurli hayot,Нурли ҳаёт,Нурли Хаёт,Nurli hayot,false
SU-207029,SU-207,1722207,1722207029,202391236,Darband,Дарбанд,Дарбанд,Darband,false
SU-207030,SU-207,1722207,1722207030,202349737,Mehnatobod,Меҳнатобод,Мехнатобод,Mehnatobod,false
SU-207031,SU-207,1722207,1722207031,202285027,Oriyat,Орият,Орият,Oriyat,false
SU-207032,SU-207,1722207,1722207032,202273327,Yangier,Янгиер,Янги ер,Yangier,false
SU-207033,SU-207,1722207,1722207033,202445318,Guliston,Гулистон,Гулистон,Guliston,false
SU-207034,SU-207,1722207,1722207034,202445333,Bog‘i eram,Боғи ерам,БоГи эрам,Boǵi eram,false
SU-207035,SU-207,1722207,1722207035,202445325,Fayziobod,Файзиобод,Файзиобод,Fayziobod,false
SU-207036,SU-207,1722207,1722207036,202760149,Chegarachi,Чегарачи,Чегарачи,Chegarachi,false
SU-207037,SU-207,1722207,1722207037,202760100,Mohiyat,Моҳият,Мохият,Mohiyat,false
SU-19080003,SU-207,1722207,1722207023,202285003,Al-hakim at-termiziy,Ал-ҳаким ат-термизий,ал-хаким ат-Термизий,Al-hakim at-termiziy,false
SU-19080030,SU-207,1722207,1722207007,202448510,Xalq yo‘li,Халқ йўли,Халк йули,Xalq yóli,false
SU-210001,SU-210,1722210,1722210001,202688015,Bog‘i nav (8-son a.ikromov),Боғи нав (8-сон а.икромов),Боги Нав,Boǵi nav (8-son a.ikromov),false
SU-210002,SU-210,1722210,1722210002,202687562,Bog‘i eram,Боғи ерам,Боги Эрам,Boǵi eram,false
SU-210003,SU-210,1722210,1722210003,202687697,Dunyotepa,Дунётепа,Дунё тепа,Dunyotepa,false
SU-210004,SU-210,1722210,1722210004,202687246,Jamatak,Жаматак,Жаматак,Jamatak,false
SU-210005,SU-210,1722210,1722210005,205944098,Istikbol,Истикбол,Истикбол,Istikbol,false
SU-210006,SU-210,1722210,1722210006,202687167,Kovunlisoy,Ковунлисой,Ковунлисой,Kovunlisoy,false
SU-210007,SU-210,1722210,1722210007,202688094,Quyoshli yurt (16-son x.murodov),Қуёшли юрт (16-сон х.муродов),Куёшли Юрт,Quyoshli yurt (16-son x.murodov),false
SU-210008,SU-210,1722210,1722210008,203225012,Mehr-oqibat,Меҳр-оқибат,Мехр окибат,Mehr-oqibat,false
SU-210009,SU-210,1722210,1722210009,202687285,Navbaxor,Навбахор,Навбахор,Navbaxor,false
SU-210010,SU-210,1722210,0,,Oq tom,Оқ том,Оқ том,Oq tom,true
SU-210011,SU-210,1722210,1722210011,202687831,Tasmasoy,Тасмасой,Тасмасой,Tasmasoy,false
SU-210012,SU-210,1722210,1722210012,202688023,O‘rikzor,Ўрикзор,Орикзор,Órikzor,false
SU-210013,SU-210,1722210,1722210013,202687261,Chambil,Чамбил,Чамбил,Chambil,false
SU-210014,SU-210,1722210,1722210014,202687705,Chim,Чим,Чим,Chim,false
SU-210015,SU-210,1722210,1722210015,202687293,Chorgul,Чоргул,Чоргул,Chorgul,false
SU-210016,SU-210,1722210,1722210016,202687239,Yangi qishloq,Янги қишлоқ,Янги Кишлок,Yangi qishloq,false
SU-210017,SU-210,1722210,0,,Yangi xazarbog‘,Янги хазарбоғ,Янги хазарбоғ,Yangi xazarboǵ,true
SU-210018,SU-210,1722210,0,,Guliston 13-son,Гулистон 13-сон,Гулистон 13-сон,Guliston 13-son,true
SU-210019,SU-210,1722210,1722210018,202687483,Bog‘i shamol,Боғи шамол,Боги шамол,Boǵi shamol,false
SU-210020,SU-210,1722210,1722210019,202687301,Bo‘ston (yangiobod),Бўстон (янгиобод),Бостон,Bóston (yangiobod),false
SU-210021,SU-210,1722210,1722210020,202687680,Buyuk zamin,Буюк замин,Буюк Замин,Buyuk zamin,false
SU-210022,SU-210,1722210,1722210021,202687451,Buyuk ipak yo‘li,Буюк ипак йўли,Буюк Ипак Йули,Buyuk ipak yóli,false
SU-210023,SU-210,1722210,1722210022,202687475,Vodiy,Водий,Водий,Vodiy,false
SU-210024,SU-210,1722210,1722210023,202688062,Guliston,Гулистон,Гулистон,Guliston,false
SU-210025,SU-210,1722210,1722210024,202687855,Gulobod,Гулобод,Гулобод,Gulobod,false
SU-210026,SU-210,1722210,0,,Dugob,Дугоб,Дугоб,Dugob,true
SU-210027,SU-210,1722210,1722210025,202687357,Do‘stlik,Дўстлик,Достлик,Dóstlik,false
SU-210028,SU-210,1722210,0,,Jiydabuloq,Жийдабулоқ,Жийдабулоқ,Jiydabuloq,true
SU-210029,SU-210,1722210,0,,Z.M.bobur,З.м.бобур,З.м.бобур,Z.M.bobur,true
SU-210030,SU-210,1722210,1722210027,202688008,Ibn sino,Ибн сино,Ибн Сино,Ibn sino,false
SU-210031,SU-210,1722210,0,,Kata-karshi,Ката-карши,Ката-карши,Kata-karshi,true
SU-210032,SU-210,1722210,1722210029,202687444,Qaytmas,Қайтмас,Кайтмас,Qaytmas,false
SU-210033,SU-210,1722210,1722210030,202687824,Qiziljar,Қизилжар,Кизилжар,Qiziljar,false
SU-210034,SU-210,1722210,1722210031,202687389,Qoraxon,Қорахон,Корахон,Qoraxon,false
SU-210035,SU-210,1722210,1722210032,202687554,Lagmon ota,Лагмон ота,Лагмон Ота,Lagmon ota,false
SU-210036,SU-210,1722210,1722210033,202687809,Lupon,Лупон,Лупон,Lupon,false
SU-210037,SU-210,1722210,1722210034,202687523,Minora,Минора,Минора,Minora,false
SU-210038,SU-210,1722210,1722210035,202687199,Namuna,Намуна,Намуна,Namuna,false
SU-210039,SU-210,1722210,1722210036,202687974,Nurli manzil,Нурли манзил,Нурли Манзил,Nurli manzil,false
SU-210040,SU-210,1722210,1722210037,202687713,Obodon,Ободон,Ободон,Obodon,false
SU-210041,SU-210,1722210,1722210038,202687182,Olovuddin,Оловуддин,Оловуддин,Olovuddin,false
SU-210042,SU-210,1722210,0,,Istiqlol yulduzi (oxlar),Истиқлол юлдузи (охлар),Истиқлол юлдузи (охлар),Istiqlol yulduzi (oxlar),true
SU-210043,SU-210,1722210,1722210040,202687870,Pojur,Пожур,Пожур,Pojur,false
SU-210044,SU-210,1722210,1722210041,202687547,Sebzor,Себзор,Себзор,Sebzor,false
SU-210045,SU-210,1722210,0,,So‘fiy ollohyor (2-son x.ostonaqulov),Сўфий оллоҳёр (2-сон х.остонақулов),Сўфий оллоҳёр (2-сон х.остонақулов),Sófiy ollohyor (2-son x.ostonaqulov),true
SU-210046,SU-210,1722210,1722210043,202687784,O‘zbekiston,Ўзбекистон,Узбекистон,Ózbekiston,false
SU-210047,SU-210,1722210,1722210044,202687579,O‘zgarish,Ўзгариш,Узгариш,Ózgarish,false
SU-210048,SU-210,1722210,0,,Urta kishloq,Урта кишлоқ,Урта кишлоқ,Urta kishloq,true
SU-210049,SU-210,1722210,1722210046,202687412,Fayzli (paxtachilik),Файзли (пахтачилик),Файзли,Fayzli (paxtachilik),false
SU-210050,SU-210,1722210,1722210047,202687816,Chuntosh,Чунтош,Чунтош,Chuntosh,false
SU-210051,SU-210,1722210,1722210048,202687150,Shaxrinav,Шахринав,Шахринав,Shaxrinav,false
SU-210052,SU-210,1722210,1722210049,202687207,Elobod,Елобод,Елобод,Elobod,false
SU-210053,SU-210,1722210,1722210050,202687619,Yurchi,Юрчи,Юрчи,Yurchi,false
SU-210054,SU-210,1722210,1722210051,202687364,Yangiobod,Янгиобод,Янгиобод,Yangiobod,false
SU-210055,SU-210,1722210,0,,Bobotog,Боботог,Боботог,Bobotog,true
SU-210056,SU-210,1722210,0,,Bohariston,Боҳаристон,Боҳаристон,Bohariston,true
SU-210057,SU-210,1722210,1722210054,202687174,Yoshlik,Ёшлик,Ёшлик,Yoshlik,false
SU-210058,SU-210,1722210,1722210055,202687744,Zarafshon,Зарафшон,Зарафшон,Zarafshon,false
SU-210059,SU-210,1722210,1722210056,202687586,Zaxartepa,Захартепа,Захартепа,Zaxartepa,false
SU-210060,SU-210,1722210,0,,Ziyokor,Зиёкор,Зиёкор,Ziyokor,true
SU-210061,SU-210,1722210,1722210058,202687673,Qizilgul,Қизилгул,Кизилгул,Qizilgul,false
SU-210062,SU-210,1722210,1722210059,202687490,Qorabog‘tepa,Қорабоғтепа,Корабогтепа,Qoraboǵtepa,false
SU-210063,SU-210,1722210,0,,Qorakuz,Қоракуз,Қоракуз,Qorakuz,true
SU-210064,SU-210,1722210,1722210061,202687848,Qo‘zichoqli,Қўзичоқли,Кузичокли,Qózichoqli,false
SU-210065,SU-210,1722210,1722210062,207111531,Lochin,Лочин,Лочин,Lochin,false
SU-210066,SU-210,1722210,1722210063,202687278,Mingbuloq,Мингбулоқ,Мингбулок,Mingbuloq,false
SU-210067,SU-210,1722210,1722210064,202687468,Mukumiy,Мукумий,Мукумий,Mukumiy,false
SU-210068,SU-210,1722210,0,,Navnihol (a.shukurov),Навниҳол (а.шукуров),Навниҳол (а.шукуров),Navnihol (a.shukurov),true
SU-210069,SU-210,1722210,1722210066,202687863,Namozgox,Намозгох,Намозгох,Namozgox,false
SU-210070,SU-210,1722210,1722210067,202687318,Obod turmush,Обод турмуш,Обод Турмуш,Obod turmush,false
SU-210071,SU-210,1722210,1722210068,202687214,Ozod,Озод,Озод,Ozod,false
SU-210072,SU-210,1722210,1722210069,202687222,Oqqo‘rg‘on (sh.norqobilov),Оққўрғон (ш.норқобилов),Оккоргон,Oqqórǵon (sh.norqobilov),false
SU-210073,SU-210,1722210,1722210070,202687626,Ostona,Остона,Остона,Ostona,false
SU-210074,SU-210,1722210,0,,Paxlovon,Пахловон,Пахловон,Paxlovon,true
SU-210075,SU-210,1722210,1722210071,202687641,Paxtakurash,Пахтакураш,Пахтакураш,Paxtakurash,false
SU-210076,SU-210,1722210,1722210072,202687665,Surnaytepa,Сурнайтепа,Сурнайтепа,Surnaytepa,false
SU-210077,SU-210,1722210,1722210073,202687594,Surxon,Сурхон,Сурхон,Surxon,false
SU-210078,SU-210,1722210,1722210074,202687333,Surxon-diyor,Сурхон-диёр,Сурхон-Диёр,Surxon-diyor,false
SU-210079,SU-210,1722210,1722210075,202687737,Tinchlik,Тинчлик,Тинчлик,Tinchlik,false
SU-210080,SU-210,1722210,1722210076,202688054,Totuvlik,Тотувлик,Тотувлик,Totuvlik,false
SU-210081,SU-210,1722210,0,,Nurli kelajak (chagam),Нурли келажак (чагам),Нурли келажак (чагам),Nurli kelajak (chagam),true
SU-210082,SU-210,1722210,0,,Chag‘oniyon yangiobod-1,Чағониён янгиобод-1,Чағониён янгиобод-1,Chaǵoniyon yangiobod-1,true
SU-210083,SU-210,1722210,0,,Chukur kishloq,Чукур кишлоқ,Чукур кишлоқ,Chukur kishloq,true
SU-210084,SU-210,1722210,1722210079,202687769,Shamoli,Шамоли,Шамоли,Shamoli,false
SU-210085,SU-210,1722210,0,,Yangi ariq (yangiobod-2),Янги ариқ (янгиобод-2),Янги ариқ (янгиобод-2),Yangi ariq (yangiobod-2),true
SU-210086,SU-210,1722210,1722210081,202687404,Yangikuch,Янгикуч,Янги Куч,Yangikuch,false
SU-210087,SU-210,1722210,1722210082,202687966,Yangihayot,Янгиҳаёт,Янги Хаёт,Yangihayot,false
SU-210088,SU-210,1722210,1722210083,202688086,A.Jomiy,А.жомий,А.Жоми,A.Jomiy,false
SU-210089,SU-210,1722210,1722210084,202688030,Buyuk kelajak,Буюк келажак,Буюк Келажак,Buyuk kelajak,false
SU-210090,SU-210,1722210,1722210085,202687720,Daxana,Дахана,Дахана,Daxana,false
SU-210091,SU-210,1722210,1722210086,206989524,Dashti chinor,Дашти чинор,Дашти-Чинор,Dashti chinor,false
SU-210092,SU-210,1722210,0,,Kuyovsus (ko‘xsor),Куёвсус (кўхсор),Куёвсус (кўхсор),Kuyovsus (kóxsor),true
SU-210093,SU-210,1722210,0,,Kukabuloq,Кукабулоқ,Кукабулоқ,Kukabuloq,true
SU-210094,SU-210,1722210,1722210089,202688047,Lolazor,Лолазор,Лолазор,Lolazor,false
SU-210095,SU-210,1722210,1722210090,203127355,Mexnatobod,Мехнатобод,Мехнатобод,Mexnatobod,false
SU-210096,SU-210,1722210,1722210091,202688079,Nuriston (14-son bog‘dod),Нуристон (14-сон боғдод),Нуристон,Nuriston (14-son boǵdod),false
SU-210097,SU-210,1722210,1722210092,202687372,Oybarak,Ойбарак,Ойбарак,Oybarak,false
SU-210098,SU-210,1722210,1722210093,202687910,(Rizq-nasiba) sina-1,(Ризқ-насиба) сина-1,Сина-1,(Rizq-nasiba) sina-1,false
SU-210099,SU-210,1722210,1722210094,202687942,Sanoatchilik,Саноатчилик,Саноатчилик,Sanoatchilik,false
SU-210100,SU-210,1722210,1722210095,202687436,Sohibkor,Соҳибкор,Сохибкор,Sohibkor,false
SU-210101,SU-210,1722210,1722210096,202687927,Sumbula,Сумбула,Сумбула,Sumbula,false
SU-210102,SU-210,1722210,1722210097,202687776,Ushor,Ушор,Ушор,Ushor,false
SU-210103,SU-210,1722210,1722210098,202687934,Fayzobod,Файзобод,Файзобод,Fayzobod,false
SU-19040012,SU-210,1722210,1722210052,202687254,Yuksalish,Юксалиш,Юксалиш,Yuksalish,false
SU-19040082,SU-210,1722210,1722210057,202687429,Xo‘jaxalqi,Хўжахалқи,Хужахалки,Xójaxalqi,false
SU-19040057,SU-210,1722210,1722210010,202687602,Oxtom,Охтом,Охтом,Oxtom,false
SU-19040095,SU-210,1722210,1722210017,202687396,Yangi hazorbog‘,Янги ҳазорбоғ,Янги Хазорбог,Yangi hazorboǵ,false
SU-19040048,SU-210,1722210,1722210065,205295234,Navnixol,Навнихол,Навнихол,Navnixol,false
SU-19040083,SU-210,1722210,1722210077,202687325,Chag‘oniyon,Чағониён,Чагониён,Chaǵoniyon,false
SU-19040093,SU-210,1722210,1722210080,202687340,Yangiobod-2,Янгиобод-2,Янгиобод-2,Yangiobod-2,false
SU-19040025,SU-210,1722210,1722210039,202687143,Kenagas,Кенагас,Кенагас,Kenagas,false
SU-19040087,SU-210,1722210,1722210078,202687634,Chuqur qishloq,Чуқур қишлоқ,Чукур кишлок,Chuqur qishloq,false
SU-19040027,SU-210,1722210,1722210028,202687508,Katta-qarshi,Катта-қарши,Катта-Карши,Katta-qarshi,false
SU-19040071,SU-210,1722210,1722210042,202687959,Sofi olloyor,Сўфи оллоёр,Софи Оллоёр,Sofi olloyor,false
SU-19040002,SU-210,1722210,1722210053,202687998,Bahoriston,Баҳористон,Бахористон,Bahoriston,false
SU-19040078,SU-210,1722210,1722210045,202687791,O‘rta qishloq,Ўрта қишлоқ,Урта кишлок,Órta qishloq,false
SU-19040036,SU-210,1722210,1722210088,202687515,Ko‘kabuloq,Кўкабулоқ,Кокабулок,Kókabuloq,false
SU-19040037,SU-210,1722210,1722210087,202687752,Kuyovsuv,Куёвсув,Куёвсув,Kuyovsuv,false
SU-19040020,SU-210,1722210,1722210026,202687981,Bobur,Бобур,Бобур,Bobur,false
SU-19040032,SU-210,1722210,1722210060,203485480,Qorako‘z,Қоракўз,Коракуз,Qorakóz,false
SU-212001,SU-212,1722212,0,,Dustlik,Дустлик,Дустлик,Dustlik,true
SU-212002,SU-212,1722212,1722212002,202243498,Istiklol,Истиклол,Истиклол,Istiklol,false
SU-212003,SU-212,1722212,1722212003,202243506,Yangiobod,Янгиобод,Янгиобод,Yangiobod,false
SU-212004,SU-212,1722212,1722212004,202243584,Paxtazavod,Пахтазавод,Пахта завод,Paxtazavod,false
SU-212005,SU-212,1722212,1722212005,202229688,Nurli-diyor,Нурли-диёр,Нурли Диёр,Nurli-diyor,false
SU-212006,SU-212,1722212,1722212006,203954364,Surxon-soxili,Сурхон-сохили,Сурхон сохили,Surxon-soxili,false
SU-212007,SU-212,1722212,0,,Navruz,Навруз,Навруз,Navruz,true
SU-212008,SU-212,1722212,1722212008,202243521,Ulug‘bek,Улуғбек,Улугбек,Uluǵbek,false
SU-212009,SU-212,1722212,1722212009,202724824,Maslaxattepa,Маслахаттепа,Маслахаттепа,Maslaxattepa,false
SU-212010,SU-212,1722212,1722212010,203016138,O‘rikli,Ўрикли,Орикли,Órikli,false
SU-212011,SU-212,1722212,0,,Markaziy,Марказий,Марказий,Markaziy,true
SU-212012,SU-212,1722212,1722212012,202724871,Kunchikish,Кунчикиш,Кунчикиш,Kunchikish,false
SU-212013,SU-212,1722212,0,,Porloq-yulduz,Порлоқ-юлдуз,Порлоқ-юлдуз,Porloq-yulduz,true
SU-212014,SU-212,1722212,1722212014,202724817,Mingchinor,Мингчинор,Мингчинор,Mingchinor,false
SU-212015,SU-212,1722212,1722212015,202724832,Xujakishlok,Хужакишлок,Хужа кишлок,Xujakishlok,false
SU-212016,SU-212,1722212,1722212016,202724856,Mexnatobod,Мехнатобод,Мехнатобод,Mexnatobod,false
SU-212017,SU-212,1722212,1722212017,202724888,Boymokli,Боймокли,Боймокли,Boymokli,false
SU-212018,SU-212,1722212,1722212018,202724784,Yangiarik,Янгиарик,Янгиарик,Yangiarik,false
SU-212019,SU-212,1722212,1722212019,203640984,Eskikishlok,Ескикишлок,Ескикишлок,Eskikishlok,false
SU-212020,SU-212,1722212,1722212020,202724864,Kumkishlok,Кумкишлок,Кумкишлок,Kumkishlok,false
SU-212021,SU-212,1722212,1722212021,205241388,Avlod,Авлод,Авлод,Avlod,false
SU-212022,SU-212,1722212,1722212022,207078944,Jinjaktepa,Жинжактепа,Жинжактепа,Jinjaktepa,false
SU-212023,SU-212,1722212,1722212023,202724587,Korayogoch,Кораёгоч,Кораёгоч,Korayogoch,false
SU-212024,SU-212,1722212,1722212024,202724594,Madaniyat,Маданият,Маданият,Madaniyat,false
SU-212025,SU-212,1722212,1722212025,202724603,Xayitobod,Хайитобод,Хайитобод,Xayitobod,false
SU-212026,SU-212,1722212,1722212026,202724610,Korakursok,Коракурсок,Коракурсок,Korakursok,false
SU-212027,SU-212,1722212,1722212027,202724627,Korayontok,Кораёнток,Кораёнток,Korayontok,false
SU-212028,SU-212,1722212,1722212028,202725016,Oq tepa,Оқ тепа,Октепа,Oq tepa,false
SU-212029,SU-212,1722212,1722212029,202724967,Dam,Дам,Дам,Dam,false
SU-212030,SU-212,1722212,1722212030,202724974,Kuldovli,Кулдовли,Кулдовли,Kuldovli,false
SU-212031,SU-212,1722212,0,,Kiron,Кирон,Кирон,Kiron,true
SU-212032,SU-212,1722212,1722212032,202724999,Kamar,Камар,Камар,Kamar,false
SU-212033,SU-212,1722212,1722212033,202724982,Ismoil tepa,Исмоил тепа,Исмоил-тепа,Ismoil tepa,false
SU-212034,SU-212,1722212,1722212034,202724950,Mexnat roxat,Мехнат рохат,Мехнат-рохат,Mexnat roxat,false
SU-212035,SU-212,1722212,1722212035,206850247,Beshbuloq,Бешбулоқ,Бешбулок,Beshbuloq,false
SU-212036,SU-212,1722212,1722212036,202724698,O‘zbekiston,Ўзбекистон,Узбекистон,Ózbekiston,false
SU-212037,SU-212,1722212,1722212037,202724706,Loykand,Лойканд,Лойканд,Loykand,false
SU-212038,SU-212,1722212,1722212038,202724714,Dexkonobod,Дехконобод,Дехконобод,Dexkonobod,false
SU-212039,SU-212,1722212,1722212039,202724721,Guliston,Гулистон,Гулистон,Guliston,false
SU-212040,SU-212,1722212,1722212040,202724738,Oltintepa,Олтинтепа,Олтинтепа,Oltintepa,false
SU-212041,SU-212,1722212,1722212041,204960436,Kushtepa,Куштепа,Куштепа,Kushtepa,false
SU-212042,SU-212,1722212,1722212042,207106892,Polvonlar-yurti,Полвонлар-юрти,Полвонлар юрти,Polvonlar-yurti,false
SU-212043,SU-212,1722212,0,,A.Navoiy,А.навоий,А.навоий,A.Navoiy,true
SU-212044,SU-212,1722212,1722212044,202724753,Jarqo‘rg‘on minorasi,Жарқўрғон минораси,Жаркоргон минораси,Jarqórǵon minorasi,false
SU-212045,SU-212,1722212,1722212045,203964408,Zartepa,Зартепа,Зартепа,Zartepa,false
SU-212046,SU-212,1722212,1722212046,202724760,Gulxovuz,Гулховуз,Гулховуз,Gulxovuz,false
SU-212047,SU-212,1722212,1722212047,202724777,Namuna,Намуна,Намуна,Namuna,false
SU-212048,SU-212,1722212,0,,Korabura,Корабура,Корабура,Korabura,true
SU-212049,SU-212,1722212,1722212049,202724792,Sokchi,Сокчи,Сокчи,Sokchi,false
SU-212050,SU-212,1722212,1722212050,202724935,Gur-gur,Гур-гур,Гур-Гур,Gur-gur,false
SU-212051,SU-212,1722212,1722212051,202724943,Obi-xayot,Оби-хаёт,Оби хаёт,Obi-xayot,false
SU-212052,SU-212,1722212,1722212052,202724928,Obod-guzar,Обод-гузар,Обод Гузар,Obod-guzar,false
SU-212053,SU-212,1722212,1722212053,202724548,Paxtaobod,Пахтаобод,Пахтаобод,Paxtaobod,false
SU-212054,SU-212,1722212,1722212054,202724555,Yoshlik,Ёшлик,Ёшлик,Yoshlik,false
SU-212055,SU-212,1722212,1722212055,202724563,Matonat,Матонат,Матонат,Matonat,false
SU-212056,SU-212,1722212,1722212056,202724570,Oftobqo‘rg‘on,Офтобқўрғон,Офтобкургон,Oftobqórǵon,false
SU-212057,SU-212,1722212,1722212057,205260713,Uzumzor,Узумзор,Узумзор,Uzumzor,false
SU-212058,SU-212,1722212,1722212058,202724745,Neftchilar,Нефтчилар,Нефтчилар,Neftchilar,false
SU-212059,SU-212,1722212,1722212059,203629695,Bobur,Бобур,Бобур,Bobur,false
SU-212060,SU-212,1722212,1722212060,202724642,Yangiusul,Янгиусул,Янги усул,Yangiusul,false
SU-212061,SU-212,1722212,1722212061,202724666,Yangi-turmush,Янги-турмуш,Янги турмуш,Yangi-turmush,false
SU-212062,SU-212,1722212,1722212062,202724674,Bobotog‘,Боботоғ,Боботог,Bobotoǵ,false
SU-212063,SU-212,1722212,1722212063,202724659,Yangi qishloq,Янги қишлоқ,Янги Кишлок,Yangi qishloq,false
SU-212064,SU-212,1722212,0,,Xalqobod,Халқобод,Халқобод,Xalqobod,true
SU-212065,SU-212,1722212,1722212065,203600187,Mustaqillik,Мустақиллик,Мустакиллик,Mustaqillik,false
SU-212066,SU-212,1722212,0,,Janub kolkonlari,Жануб колконлари,Жануб колконлари,Janub kolkonlari,true
SU-19050012,SU-212,1722212,1722212001,202243514,Do‘stlik,Дўстлик,Достлик,Dóstlik,false
SU-19050021,SU-212,1722212,1722212031,202725009,Yashnaobod,Яшнаобод,Яшнаобод,Yashnaobod,false
SU-19050032,SU-212,1722212,1722212011,202724800,Markaziy surxon,Марказий сурхон,Марказий сурхон,Markaziy surxon,false
SU-19050039,SU-212,1722212,1722212007,202229861,Navro‘z,Наврўз,Навроз,Navróz,false
SU-19050059,SU-212,1722212,1722212064,202724681,Xalqabod,Халқабод,Халкабод,Xalqabod,false
SU-19050051,SU-212,1722212,1722212013,202724895,Porloq yulduzi,Порлоқ юлдузи,Порлок юлдузи,Porloq yulduzi,false
SU-19050014,SU-212,1722212,1722212066,308837240,Janub qalqonlari,Жануб қалқонлари,Жануб калконлари,Janub qalqonlari,false
SU-19050022,SU-212,1722212,1722212048,202724904,Qoraburo,Қорабуро,Корабуро,Qoraburo,false
SU-19050001,SU-212,1722212,1722212043,202229878,Alisher navoiy,Алишер навоий,Алишер Навоий,Alisher navoiy,false
SU-214001,SU-214,1722214,1722214001,202285074,Bobolochin,Боболочин,Боболочин,Bobolochin,false
SU-214002,SU-214,1722214,1722214002,202294063,Bo‘ston,Бўстон,Бостон,Bóston,false
SU-214003,SU-214,1722214,1722214003,202330041,Guliston,Гулистон,Гулистон,Guliston,false
SU-214004,SU-214,1722214,1722214004,202285098,Jaloir,Жалоир,Жалоир,Jaloir,false
SU-214005,SU-214,1722214,1722214005,206979472,Imomtepa,Имомтепа,Имомтепа,Imomtepa,false
SU-214006,SU-214,1722214,1722214006,203634990,Istiqlol,Истиқлол,Истиклол,Istiqlol,false
SU-214007,SU-214,1722214,1722214007,202285160,Qarsoqli,Қарсоқли,Карсокли,Qarsoqli,false
SU-214008,SU-214,1722214,1722214008,202313513,Mustaqillik,Мустақиллик,Мустакиллик,Mustaqillik,false
SU-214009,SU-214,1722214,1722214009,206980648,Nurlidiyor,Нурлидиёр,Нурли диёр,Nurlidiyor,false
SU-214010,SU-214,1722214,1722214010,202285059,Paxtaobod,Пахтаобод,Пахтаобод,Paxtaobod,false
SU-214011,SU-214,1722214,1722214011,202285066,To‘g‘on,Тўғон,Тугон,Tóǵon,false
SU-214012,SU-214,1722214,1722214012,202289131,O‘zbekiston 5 yilligi,Ўзбекистон 5 йиллиги,Узбекистон 5 йиллиги,Ózbekiston 5 yilligi,false
SU-214013,SU-214,1722214,1722214013,202287790,Umid nihollari,Умид ниҳоллари,Умид нихоллари,Umid nihollari,false
SU-214014,SU-214,1722214,1722214014,202337862,Uyas,Уяс,Уяс,Uyas,false
SU-214015,SU-214,1722214,1722214015,202285232,Xo‘jamulki,Хўжамулки,Хужамулки,Xójamulki,false
SU-214016,SU-214,1722214,0,,Chayontepa,Чаёнтепа,Чаёнтепа,Chayontepa,true
SU-214017,SU-214,1722214,1722214017,207079928,Yangi avlod,Янги авлод,Янги авлод,Yangi avlod,false
SU-214018,SU-214,1722214,1722214018,202313520,Yangier,Янгиер,Янгиер,Yangier,false
SU-214019,SU-214,1722214,1722214019,202313458,Ulug‘bek,Улуғбек,Улугбек,Uluǵbek,false
SU-214020,SU-214,1722214,1722214020,202287808,Surxon sohili,Сурхон соҳили,Сурхон сохили,Surxon sohili,false
SU-214021,SU-214,1722214,1722214021,202285106,Arpapoya,Арпапоя,Арпапоя,Arpapoya,false
SU-214022,SU-214,1722214,1722214022,202285153,Arslonboyli,Арслонбойли,Арслонбойли,Arslonboyli,false
SU-214023,SU-214,1722214,1722214023,202330019,Achamoyli,Ачамойли,Ачамойли,Achamoyli,false
SU-214024,SU-214,1722214,1722214024,202330026,Bobotog‘,Боботоғ,Боботог,Bobotoǵ,false
SU-214025,SU-214,1722214,1722214025,202330058,Boymoqli,Боймоқли,БоймоКли,Boymoqli,false
SU-214026,SU-214,1722214,1722214026,202294087,Xo‘jaqishloq,Хўжақишлоқ,Хужа кишлок,Xójaqishloq,false
SU-214027,SU-214,1722214,0,,Halaki,Ҳалаки,Ҳалаки,Halaki,true
SU-214028,SU-214,1722214,0,,Halqobod,Ҳалқобод,Ҳалқобод,Halqobod,true
SU-214029,SU-214,1722214,1722214029,202285114,Yangi qishloq,Янги қишлоқ,Янги кишлок,Yangi qishloq,false
SU-214030,SU-214,1722214,1722214030,202285200,Neftchilar,Нефтчилар,Нефтчилар,Neftchilar,false
SU-214031,SU-214,1722214,1722214031,202300158,Do‘stlik,Дўстлик,Дустлик,Dóstlik,false
SU-214032,SU-214,1722214,1722214032,207081278,Arig‘oshgan,Ариғошган,Аригошган,Ariǵoshgan,false
SU-214033,SU-214,1722214,1722214033,202335399,G‘alaba,Ғалаба,Галаба,Ǵalaba,false
SU-214034,SU-214,1722214,1722214034,202687903,Davlatsoy,Давлацой,Давлацой,Davlatsoy,false
SU-214035,SU-214,1722214,1722214035,202289155,Islomobod,Исломобод,Исломобод,Islomobod,false
SU-214036,SU-214,1722214,1722214036,202285184,Kattako‘l,Каттакўл,Каттакол,Kattakól,false
SU-214037,SU-214,1722214,1722214037,202285192,Ko‘ganli,Кўганли,Куганли,Kóganli,false
SU-214038,SU-214,1722214,1722214038,202289124,Oqtom,Оқтом,Октом,Oqtom,false
SU-214039,SU-214,1722214,0,,Pastxam,Пастхам,Пастхам,Pastxam,true
SU-214040,SU-214,1722214,1722214040,207081325,To‘da,Тўда,Туда,Tóda,false
SU-214041,SU-214,1722214,1722214041,202289163,Cho‘kirli,Чўкирли,Чукирли,Chókirli,false
SU-214042,SU-214,1722214,1722214042,202285256,Sherozi,Шерози,Шерози,Sherozi,false
SU-214043,SU-214,1722214,1722214043,202285121,Yangi shahar,Янги шаҳар,Янги шахар,Yangi shahar,false
SU-214044,SU-214,1722214,1722214044,202287768,Azlarsoy,Азларсой,Азларсой,Azlarsoy,false
SU-214045,SU-214,1722214,0,,Bog‘ora,Боғора,Боғора,Boǵora,true
SU-214046,SU-214,1722214,1722214046,202287751,Gultepa,Гултепа,Гултепа,Gultepa,false
SU-214047,SU-214,1722214,1722214047,202285138,Jarqishloq,Жарқишлоқ,Жаркишлок,Jarqishloq,false
SU-214048,SU-214,1722214,1722214048,202285145,Jiydali,Жийдали,Жийдали,Jiydali,false
SU-214049,SU-214,1722214,1722214049,202287729,Joziba,Жозиба,Жозиба,Joziba,false
SU-214050,SU-214,1722214,0,,Kindiktepa,Киндиктепа,Киндиктепа,Kindiktepa,true
SU-214051,SU-214,1722214,0,,Mehrobod,Меҳробод,Меҳробод,Mehrobod,true
SU-214052,SU-214,1722214,1722214052,202287736,Munchoqtepa,Мунчоқтепа,Мунчоктепа,Munchoqtepa,false
SU-214053,SU-214,1722214,1722214053,202285081,Navbaxor,Навбахор,Навбахор,Navbaxor,false
SU-214054,SU-214,1722214,0,,Oksoy,Оксой,Оксой,Oksoy,true
SU-214055,SU-214,1722214,0,,Saxovot,Саховот,Саховот,Saxovot,true
SU-214056,SU-214,1722214,0,,Tayfang,Тайфанг,Тайфанг,Tayfang,true
SU-214057,SU-214,1722214,0,,Tebat,Тебат,Тебат,Tebat,true
SU-214058,SU-214,1722214,1722214058,202285217,Elobod,Елобод,Елобод,Elobod,false
SU-214059,SU-214,1722214,1722214059,203658423,Yangi hayot,Янги ҳаёт,Янги xаёт,Yangi hayot,false
SU-214060,SU-214,1722214,1722214060,202289148,Yangiobod,Янгиобод,Янгиобод,Yangiobod,false
SU-214061,SU-214,1722214,1722214061,202289170,Xurriyat,Хуррият,Хуррият,Xurriyat,false
SU-19070037,SU-214,1722214,1722214055,202290267,Sahovat,Саховат,Саховат,Sahovat,false
SU-19070047,SU-214,1722214,1722214027,202285224,Xalaki,Халаки,Халаки,Xalaki,false
SU-19070035,SU-214,1722214,1722214039,203600203,Yangi o‘zbekiston,Янги ўзбекистон,Янги Узбекистон,Yangi ózbekiston,false
SU-19070026,SU-214,1722214,1722214050,202287783,Hunarmandlar,Ҳунармандлар,Хунармандлар,Hunarmandlar,false
SU-19070006,SU-214,1722214,1722214054,202285177,Besh qahramon,Беш қаҳрамон,Беш кахрамон,Besh qahramon,false
SU-19070028,SU-214,1722214,1722214051,202287744,Mexrabod,Мехрабод,Мехрабод,Mexrabod,false
SU-19070039,SU-214,1722214,1722214056,202290250,Toyfang,Тойфанг,Тойфанг,Toyfang,false
SU-19070052,SU-214,1722214,1722214016,202285249,Yuksalish,Юксалиш,Юксалиш,Yuksalish,false
SU-19070048,SU-214,1722214,1722214028,207082173,Xalqobod,Халқобод,Халкобод,Xalqobod,false
SU-19070009,SU-214,1722214,1722214045,202287775,Bog‘aro,Боғаро,Богаро,Boǵaro,false
SU-215001,SU-215,1722215,1722215002,202700428,Gulobod,Гулобод,Гулобод,Gulobod,false
SU-215002,SU-215,1722215,1722215008,202746188,Istiqlol,Истиқлол,Истиклол,Istiqlol,false
SU-215003,SU-215,1722215,1722215001,202705095,Qorasuv,Қорасув,Корасув,Qorasuv,false
SU-215004,SU-215,1722215,1722215006,202803916,Navro‘z,Наврўз,Навроз,Navróz,false
SU-215005,SU-215,1722215,1722215004,202760654,Takiya,Такия,Такия,Takiya,false
SU-215006,SU-215,1722215,1722215009,206932279,Tinchlik,Тинчлик,Тинчлик,Tinchlik,false
SU-215007,SU-215,1722215,1722215005,202820935,Xomkon,Хомкон,Хомкон,Xomkon,false
SU-215008,SU-215,1722215,1722215007,202748224,Yangiobod,Янгиобод,Янгиобод,Yangiobod,false
SU-215009,SU-215,1722215,1722215003,202760647,Zarobod,Заробод,Заробод,Zarobod,false
SU-215010,SU-215,1722215,1722215010,202731230,Bog‘bonlar yurti,Боғбонлар юрти,Богбонлар юрти,Boǵbonlar yurti,false
SU-215011,SU-215,1722215,1722215011,202709295,Bog‘iston,Боғистон,Богистон,Boǵiston,false
SU-215012,SU-215,1722215,1722215012,202724634,Buyuk kelajak,Буюк келажак,Буюк келажак,Buyuk kelajak,false
SU-215013,SU-215,1722215,1722215013,202731208,Gulzor,Гулзор,Гулзор,Gulzor,false
SU-215014,SU-215,1722215,1722215015,202760662,Istara,Истара,Истара,Istara,false
SU-215015,SU-215,1722215,1722215016,202717555,Karmaki,Кармаки,Кармаки,Karmaki,false
SU-215016,SU-215,1722215,1722215018,207075197,Mustaqillik,Мустақиллик,Мустакиллик,Mustaqillik,false
SU-215017,SU-215,1722215,1722215019,202717563,Oqjar,Оқжар,Окжар,Oqjar,false
SU-215018,SU-215,1722215,1722215017,201392021,Yakka-terak,Якка-терак,Якка-Терак,Yakka-terak,false
SU-215019,SU-215,1722215,1722215014,202717570,Yangi hayot,Янги ҳаёт,Янги хаёт,Yangi hayot,false
SU-215020,SU-215,1722215,1722215020,202705111,Gilambob,Гиламбоб,Гиламбоб,Gilambob,false
SU-215021,SU-215,1722215,1722215022,202731247,Yetimqum,Етимқум,ЕтимКум,Yetimqum,false
SU-215022,SU-215,1722215,1722215023,202746211,Zarbdor,Зарбдор,Зарбдор,Zarbdor,false
SU-215023,SU-215,1722215,1722215026,202958612,Xalqobod,Халқобод,Халкобод,Xalqobod,false
SU-215024,SU-215,1722215,1722215025,202746195,Yangikent,Янгикент,Янгикент,Yangikent,false
SU-215025,SU-215,1722215,1722215024,202746204,Zartepa,Зартепа,Зартепа,Zartepa,false
SU-215026,SU-215,1722215,1722215021,202717594,Kunchiqish,Кунчиқиш,Кунчикиш,Kunchiqish,false
SU-215027,SU-215,1722215,1722215029,203499455,Do‘stlik,Дўстлик,Достлик,Dóstlik,false
SU-215028,SU-215,1722215,1722215027,202695030,Qishloqozon,Қишлоқозон,Кишлокозон,Qishloqozon,false
SU-215029,SU-215,1722215,1722215028,202712579,Rabotak,Работак,Работак,Rabotak,false
SU-215030,SU-215,1722215,1722215030,206932413,Shodlik,Шодлик,Шодлик,Shodlik,false
SU-215031,SU-215,1722215,1722215031,202705104,Yangi turmush,Янги турмуш,Янги турмуш,Yangi turmush,false
SU-217001,SU-217,1722217,1722217001,202649624,Gulobod,Гулобод,Гулобод,Gulobod,false
SU-217002,SU-217,1722217,0,,Xumoyun,Хумоюн,Хумоюн,Xumoyun,true
SU-217003,SU-217,1722217,1722217003,202649617,Yangixayot,Янгихаёт,Янги-Хаёт,Yangixayot,false
SU-217004,SU-217,1722217,1722217004,202649688,Nurobod,Нуробод,Нуробод,Nurobod,false
SU-217005,SU-217,1722217,1722217005,202649664,Sebzor,Себзор,Себзор,Sebzor,false
SU-217006,SU-217,1722217,1722217006,202649632,Nodirabegim,Нодирабегим,Нодирабегим,Nodirabegim,false
SU-217007,SU-217,1722217,1722217007,202649656,Extirom,Ехтиром,Эхтиром,Extirom,false
SU-217008,SU-217,1722217,1722217008,202649649,Bog‘iobod,Боғиобод,Богиобод,Boǵiobod,false
SU-217009,SU-217,1722217,1722217009,303759681,Nilu,Нилу,Нилу,Nilu,false
SU-217010,SU-217,1722217,1722217010,202688276,Xonjiza,Хонжиза,Хонжиза,Xonjiza,false
SU-217011,SU-217,1722217,1722217011,202708068,Chosh,Чош,Чош,Chosh,false
SU-217012,SU-217,1722217,1722217012,202660161,Maland,Маланд,Маланд,Maland,false
SU-217013,SU-217,1722217,1722217013,206926467,Karsh,Карш,Карш,Karsh,false
SU-217014,SU-217,1722217,0,,Subhidam,Субҳидам,Субҳидам,Subhidam,true
SU-217015,SU-217,1722217,1722217015,202650048,Sangardak,Сангардак,Сангардак,Sangardak,false
SU-217016,SU-217,1722217,1722217016,202649704,Do‘stlik,Дўстлик,Достлик,Dóstlik,false
SU-217017,SU-217,1722217,0,,Tortuli,Тортули,Тортули,Tortuli,true
SU-217018,SU-217,1722217,1722217018,202649743,Bog‘iston,Боғистон,Богистон,Boǵiston,false
SU-217019,SU-217,1722217,1722217019,202649735,Chilonzor,Чилонзор,Чилонзор,Chilonzor,false
SU-217020,SU-217,1722217,1722217020,202649728,Shabnam,Шабнам,Шабнам,Shabnam,false
SU-217021,SU-217,1722217,1722217021,202649695,Bog‘ishirin,Боғиширин,Боги Ширин,Boǵishirin,false
SU-217022,SU-217,1722217,0,,Xalqabod,Халқабод,Халқабод,Xalqabod,true
SU-217023,SU-217,1722217,1722217023,202649767,Lochin,Лочин,Лочин,Lochin,false
SU-217024,SU-217,1722217,1722217024,202649774,Jannatmakon,Жаннатмакон,Жаннатмакон,Jannatmakon,false
SU-217025,SU-217,1722217,1722217025,202649782,Xulkar,Хулкар,Хулкар,Xulkar,false
SU-217026,SU-217,1722217,1722217026,202649799,Marjona,Маржона,Маржона,Marjona,false
SU-217027,SU-217,1722217,1722217027,202649861,Yoqutlibog‘,Ёқутлибоғ,Ёкутли бог,Yoqutliboǵ,false
SU-217028,SU-217,1722217,1722217028,202649854,Terakzor,Теракзор,Теракзор,Terakzor,false
SU-217029,SU-217,1722217,1722217029,202649878,Shoxjaxon,Шохжахон,Шохжахон,Shoxjaxon,false
SU-217030,SU-217,1722217,1722217030,202649885,Sharofobod,Шарофобод,Шарофобод,Sharofobod,false
SU-217031,SU-217,1722217,1722217031,202649807,Sarijar,Сарижар,Сарижар,Sarijar,false
SU-217032,SU-217,1722217,1722217032,202649814,Kelajak sari,Келажак сари,Келажак Сари,Kelajak sari,false
SU-217033,SU-217,1722217,1722217033,202649822,Anorzor,Анорзор,Анорзор,Anorzor,false
SU-217034,SU-217,1722217,1722217034,202649839,Bo‘yrapush,Бўйрапуш,Бойрапуш,Bóyrapush,false
SU-217035,SU-217,1722217,0,,Nelova,Нелова,Нелова,Nelova,true
SU-217036,SU-217,1722217,1722217036,306466855,Bog‘isamarqand,Боғисамарқанд,Богисамарканд,Boǵisamarqand,false
SU-217037,SU-217,1722217,1722217037,202649893,Shoqishloq,Шоқишлоқ,Шокишлок,Shoqishloq,false
SU-217038,SU-217,1722217,1722217038,202649901,Shirin,Ширин,Ширин,Shirin,false
SU-217039,SU-217,1722217,0,,Hamkorlik,Ҳамкорлик,Ҳамкорлик,Hamkorlik,true
SU-217040,SU-217,1722217,1722217040,202649918,Xurshid,Хуршид,Хуршид,Xurshid,false
SU-217041,SU-217,1722217,1722217041,202649925,Nixolzor,Нихолзор,Нихолзор,Nixolzor,false
SU-217042,SU-217,1722217,1722217042,306502160,Daragiston,Дарагистон,Дарагистон,Daragiston,false
SU-217043,SU-217,1722217,1722217043,202650134,Konchilar,Кончилар,Кончилар,Konchilar,false
SU-217044,SU-217,1722217,1722217044,202650103,Bog‘ishamol,Боғишамол,Боги Шамол,Boǵishamol,false
SU-217045,SU-217,1722217,1722217045,202650142,Boysunobod,Бойсунобод,Бойсунобод,Boysunobod,false
SU-217046,SU-217,1722217,1722217046,202650127,Feruz,Феруз,Феруз,Feruz,false
SU-217047,SU-217,1722217,1722217047,202650110,Madankon,Маданкон,Маданкон,Madankon,false
SU-217048,SU-217,1722217,0,,Sharq yulduzi,Шарқ юлдузи,Шарқ юлдузи,Sharq yulduzi,true
SU-217049,SU-217,1722217,1722217049,202649996,Billur,Биллур,Биллур,Billur,false
SU-217050,SU-217,1722217,0,,Mahrshavqat,Маҳршавқат,Маҳршавқат,Mahrshavqat,true
SU-217051,SU-217,1722217,1722217051,202650024,Shaxriobod,Шахриобод,Шахри обод,Shaxriobod,false
SU-217052,SU-217,1722217,0,,Lutifkor,Лутифкор,Лутифкор,Lutifkor,true
SU-217053,SU-217,1722217,1722217053,202650094,A.Navoiy,А.навоий,А.Навои,A.Navoiy,false
SU-217054,SU-217,1722217,0,,Aeroport,Аеропорт,Аеропорт,Aeroport,true
SU-217055,SU-217,1722217,1722217055,202650087,Afrosiyob,Афросиёб,Афросиёб,Afrosiyob,false
SU-217056,SU-217,1722217,1722217056,202650055,M.Ulug‘bek,М.улуғбек,М.Улугбек,M.Uluǵbek,false
SU-217057,SU-217,1722217,0,,S.Sheroziy,С.шерозий,С.шерозий,S.Sheroziy,true
SU-217058,SU-217,1722217,1722217058,202649940,Turmushobod,Турмушобод,Турмушобод,Turmushobod,false
SU-217059,SU-217,1722217,1722217059,202649957,Galabutta,Галабутта,Галабутта,Galabutta,false
SU-217060,SU-217,1722217,1722217060,202649964,Diydor,Дийдор,Дийдор,Diydor,false
SU-217061,SU-217,1722217,1722217061,202649972,Nurbuloq,Нурбулоқ,Нурбулок,Nurbuloq,false
SU-19100024,SU-217,1722217,1722217052,202650009,Lutfkor,Лутфкор,Лутфкор,Lutfkor,false
SU-19100040,SU-217,1722217,1722217014,202650031,Subxidam,Субхидам,Субхидам,Subxidam,false
SU-19100045,SU-217,1722217,1722217022,202649750,Halqabod,Ҳалқабод,Халкабод,Halqabod,false
SU-19100046,SU-217,1722217,1722217039,202649933,Xamkorlik,Хамкорлик,Хамкорлик,Xamkorlik,false
SU-19100030,SU-217,1722217,1722217035,202649846,Nilova,Нилова,Нилова,Nilova,false
SU-19100004,SU-217,1722217,1722217054,202650070,Ayroport,Айропорт,Айропорт,Ayroport,false
SU-19100036,SU-217,1722217,1722217057,202650063,Sadiy sheroziy,Садий шерозий,Сади Шерози,Sadiy sheroziy,false
SU-19100054,SU-217,1722217,1722217048,202649989,Shark yulduzi,Шарк юлдузи,Шарк юлдузи,Shark yulduzi,false
SU-19100042,SU-217,1722217,1722217017,202649711,Tortuvli,Тортувли,Тортувли,Tortuvli,false
SU-19100049,SU-217,1722217,1722217002,202649671,Xufar,Хуфар,Хуфар,Xufar,false
SU-19100029,SU-217,1722217,1722217050,202650016,Mexrshavqat,Мехршавқат,Мехршавкат,Mexrshavqat,false
SU-220001,SU-220,1722220,0,,Qaxramon,Қахрамон,Қахрамон,Qaxramon,true
SU-220002,SU-220,1722220,1722220006,204123320,Nurli diyor,Нурли диёр,Нурли Диёр,Nurli diyor,false
SU-220003,SU-220,1722220,1722220002,202695094,At-termiziy,Ат-термизий,Ат-Термизий,At-termiziy,false
SU-220004,SU-220,1722220,1722220004,204281173,Qo‘ng‘irot,Қўнғирот,Конгирот,Qónǵirot,false
SU-220005,SU-220,1722220,0,,M.Eshtimerov,М.ештимеров,М.ештимеров,M.Eshtimerov,true
SU-220006,SU-220,1722220,1722220007,204294624,Namuna,Намуна,Намуна,Namuna,false
SU-220007,SU-220,1722220,1722220008,202695062,Mustaqillik,Мустақиллик,Мустакиллик,Mustaqillik,false
SU-220008,SU-220,1722220,1722220003,207321057,Yangi yer,Янги ер,Янгиер,Yangi yer,false
SU-220009,SU-220,1722220,1722220010,204364884,Ayritom,Айритом,Айритом,Ayritom,false
SU-220010,SU-220,1722220,1722220011,202660050,Quyoshli yurt,Қуёшли юрт,Куёшли юрт,Quyoshli yurt,false
SU-220011,SU-220,1722220,0,,Sh.rashidov,Ш.рашидов,Ш.рашидов,Sh.rashidov,true
SU-220012,SU-220,1722220,1722220013,202660035,Amir temur,Амир темур,Амир Темур,Amir temur,false
SU-220013,SU-220,1722220,1722220014,202660028,Qoraxon,Қорахон,Корахон,Qoraxon,false
SU-220014,SU-220,1722220,1722220015,202738957,Do‘stlik,Дўстлик,Достлик,Dóstlik,false
SU-220015,SU-220,1722220,1722220016,202660043,Istiqlol,Истиқлол,Истиклол,Istiqlol,false
SU-220016,SU-220,1722220,1722220017,207250770,Termiz,Термиз,Термиз,Termiz,false
SU-220017,SU-220,1722220,1722220018,202674476,Uchqizil,Учқизил,Учкизил,Uchqizil,false
SU-220018,SU-220,1722220,1722220019,204136146,Yangi-xayot,Янги-хаёт,Янгихаёт,Yangi-xayot,false
SU-220019,SU-220,1722220,0,,Halqabod,Ҳалқабод,Ҳалқабод,Halqabod,true
SU-220020,SU-220,1722220,1722220020,202784538,Orol,Орол,Орол,Orol,false
SU-220021,SU-220,1722220,1722220022,202784553,Nurafshon,Нурафшон,Нурафшон,Nurafshon,false
SU-220022,SU-220,1722220,1722220023,303245508,Yangiobod,Янгиобод,Янгиобод,Yangiobod,false
SU-220023,SU-220,1722220,1722220024,202695054,Gulbaxor,Гулбахор,Гулбахор,Gulbaxor,false
SU-220024,SU-220,1722220,1722220025,202671512,Guliston,Гулистон,Гулистон,Guliston,false
SU-220025,SU-220,1722220,1722220027,305016473,Sabzipoya,Сабзипоя,Сабзипоя,Sabzipoya,false
SU-220026,SU-220,1722220,1722220026,202660011,Soliobod,Солиобод,Солиобод,Soliobod,false
SU-220027,SU-220,1722220,1722220028,204126356,Navro‘z,Наврўз,Навроз,Navróz,false
SU-220028,SU-220,1722220,1722220029,202784545,Juyjangal,Жуйжангал,Жуйжангал,Juyjangal,false
SU-220029,SU-220,1722220,1722220009,207323007,Bunyodkor,Бунёдкор,Бунёдкор,Bunyodkor,false
SU-19110030,SU-220,1722220,1722220030,309908104,Kelajak,Келажак,Келажак,Kelajak,false
SU-19110015,SU-220,1722220,1722220005,202725063,Muxiddin eshtemirov,Мухиддин эштемиров,Мухиддин Эштемиров,Muxiddin eshtemirov,false
SU-19110026,SU-220,1722220,1722220012,202777688,Sharof rashidov,Шароф рашидов,Шароф Рашидов,Sharof rashidov,false
SU-19110025,SU-220,1722220,1722220021,202784521,Xalqabod,Халқабод,Халкабод,Xalqabod,false
SU-19110010,SU-220,1722220,1722220001,202777695,Qahramon,Қаҳрамон,Кахрамон,Qahramon,false
SU-221001,SU-221,1722221,1722221045,202688284,O‘zbekiston,Ўзбекистон,Узбекистон,Ózbekiston,false
SU-221002,SU-221,1722221,1722221046,206947164,Yoshlik,Ёшлик,Ёшлик,Yoshlik,false
SU-221003,SU-221,1722221,1722221047,201066544,Navro‘z,Наврўз,Навроз,Navróz,false
SU-221004,SU-221,1722221,1722221048,202750105,Erkinlik,Еркинлик,Еркинлик,Erkinlik,false
SU-221005,SU-221,1722221,1722221049,202660107,Bahoriston,Баҳористон,Бохористон,Bahoriston,false
SU-221006,SU-221,1722221,1722221027,202688197,Malandiyon,Маландиён,Маландиён,Malandiyon,false
SU-221007,SU-221,1722221,1722221025,202673969,Yangiro‘zg‘or,Янгирўзғор,Янги рузгор,Yangirózǵor,false
SU-221008,SU-221,1722221,1722221026,202660139,Mehnat,Меҳнат,Мехнат,Mehnat,false
SU-221009,SU-221,1722221,1722221013,202821221,Obizarang,Обизаранг,Обизаранг,Obizarang,false
SU-221010,SU-221,1722221,1722221012,206947171,Yangishahar,Янгишаҳар,Янги шахар,Yangishahar,false
SU-221011,SU-221,1722221,1722221014,202653938,Qarashiq,Қарашиқ,Карашик,Qarashiq,false
SU-221012,SU-221,1722221,1722221015,201066552,Yangi yo‘l,Янги йўл,Янги йул,Yangi yól,false
SU-221013,SU-221,1722221,1722221016,202688252,Do‘stlik,Дўстлик,Дустлик,Dóstlik,false
SU-221014,SU-221,1722221,1722221017,202660114,Istiqlol,Истиқлол,Истиклол,Istiqlol,false
SU-221015,SU-221,1722221,0,,Xatip qahramon,Хатип қаҳрамон,Хатип қаҳрамон,Xatip qahramon,true
SU-221016,SU-221,1722221,1722221019,202708090,Tojikobod,Тожикобод,Тожикобод,Tojikobod,false
SU-221017,SU-221,1722221,1722221020,202653953,Yangi kuch,Янги куч,Янги куч,Yangi kuch,false
SU-221018,SU-221,1722221,1722221021,202673944,Yangi hayot,Янги ҳаёт,Янги хаёт,Yangi hayot,false
SU-221019,SU-221,1722221,1722221022,202660154,Guliston,Гулистон,Гулистон,Guliston,false
SU-221020,SU-221,1722221,1722221023,202673905,Uzunqishloq,Узунқишлоқ,Узун кишлок,Uzunqishloq,false
SU-221021,SU-221,1722221,1722221024,202688180,Tomchi,Томчи,Томчи,Tomchi,false
SU-221022,SU-221,1722221,1722221001,202673897,Chinor,Чинор,Чинор,Chinor,false
SU-221023,SU-221,1722221,1722221002,202673952,Kichik jonchekka,Кичик жончекка,Кичик жончекка,Kichik jonchekka,false
SU-221024,SU-221,1722221,1722221003,202688213,Obod yurt,Обод юрт,Обод юрт,Obod yurt,false
SU-221025,SU-221,1722221,1722221005,202688237,Dehqon,Деҳқон,Дехкон,Dehqon,false
SU-221026,SU-221,1722221,0,,Beshkapa,Бешкапа,Бешкапа,Beshkapa,true
SU-221027,SU-221,1722221,1722221004,202688205,Chaqar,Чақар,Чакар,Chaqar,false
SU-221028,SU-221,1722221,1722221007,202688220,Mustaqillikning 22 yilligi,Мустақилликнинг 22 йиллиги,Мустакилликнинг 22 Йиллиги,Mustaqillikning 22 yilligi,false
SU-221029,SU-221,1722221,1722221008,202666010,Oqostona,Оқостона,Ок остона,Oqostona,false
SU-221030,SU-221,1722221,1722221009,202660146,Serharakat,Серҳаракат,Серхаракат,Serharakat,false
SU-221031,SU-221,1722221,1722221010,202666034,Mustaqillik,Мустақиллик,Мустакиллик,Mustaqillik,false
SU-221032,SU-221,1722221,1722221011,207315997,Sahovat,Саҳоват,Саховат,Sahovat,false
SU-221033,SU-221,1722221,0,,O‘lanqul,Ўланқул,Ўланқул,Ólanqul,true
SU-221034,SU-221,1722221,0,,Oqtumshuq,Оқтумшуқ,Оқтумшуқ,Oqtumshuq,true
SU-221035,SU-221,1722221,1722221030,202673984,Fayzova,Файзова,Файзова,Fayzova,false
SU-221036,SU-221,1722221,1722221031,202688244,Fayzobod,Файзобод,Файзобод,Fayzobod,false
SU-221037,SU-221,1722221,1722221032,202666042,Madaniy turmush,Маданий турмуш,Маданий Турмуш,Madaniy turmush,false
SU-221038,SU-221,1722221,1722221033,202666027,Xursand,Хурсанд,Хурсанд,Xursand,false
SU-221039,SU-221,1722221,1722221034,202715337,Yangi obod,Янги обод,Янгиобод,Yangi obod,false
SU-221040,SU-221,1722221,1722221036,304973155,Bobotog‘,Боботоғ,Боботог,Bobotoǵ,false
SU-221041,SU-221,1722221,1722221035,202750120,Oqmachit,Оқмачит,Окмачит,Oqmachit,false
SU-221042,SU-221,1722221,0,,Toltug‘ay,Толтуғай,Толтуғай,Toltuǵay,true
SU-221043,SU-221,1722221,0,,Xo‘jaqulsin,Хўжақулсин,Хўжақулсин,Xójaqulsin,true
SU-221044,SU-221,1722221,1722221038,203969179,O‘rmonchi,Ўрмончи,Ормончи,Órmonchi,false
SU-19120011,SU-221,1722221,1722221042,203378226,Zarkamar,Заркамар,Заркамар,Zarkamar,false
SU-19120021,SU-221,1722221,1722221044,203793716,Nurli kelajak,Нурли келажак,Нурли Келажак,Nurli kelajak,false
SU-19120010,SU-221,1722221,1722221041,202687530,Jiydabuloq,Жийдабулоқ,Жийдабулок,Jiydabuloq,false
SU-19120052,SU-221,1722221,1722221051,309668640,Surхon,Сурхон,Сурхон,Surхon,false
SU-19120007,SU-221,1722221,1722221040,203378234,Dug‘ob,Дуғоб,Дугоб,Duǵob,false
SU-19120051,SU-221,1722221,1722221050,309665297,Ittifoq,Иттифоқ,Иттифок,Ittifoq,false
SU-19120026,SU-221,1722221,1722221029,206947188,Nurafshon,Нурафшон,Нурафшон,Nurafshon,false
SU-19120027,SU-221,1722221,1722221043,203576430,Paxtlavon,Пахлавон,Пахлавон,Paxtlavon,false
SU-19120003,SU-221,1722221,1722221006,202695126,Beshkappa,Бешкаппа,Бешкаппа,Beshkappa,false
SU-19120031,SU-221,1722221,1722221037,202750113,Tolto‘g‘ay,Толтўғай,Толтугай,Toltóǵay,false
SU-19120035,SU-221,1722221,1722221028,202688173,Ulanqul,Уланқул,Уланкул,Ulanqul,false
SU-19120039,SU-221,1722221,1722221018,202708075,Xatib qahramon,Хатиб қаҳрамон,Хатиб Кахрамон,Xatib qahramon,false
SU-19120001,SU-221,1722221,1722221039,203411414,Xo‘jakulsin,Хўжакулсин,Хужакулсин,Xójakulsin,false
SU-223001,SU-223,1722223,1722223043,202799082,Bog‘iobod,Боғиобод,Богиобод,Boǵiobod,false
SU-223002,SU-223,1722223,1722223040,202799099,Boyqishloq,Бойқишлоқ,Бойкишлок,Boyqishloq,false
SU-223003,SU-223,1722223,1722223045,202870534,Vandob,Вандоб,Вандоб,Vandob,false
SU-223004,SU-223,1722223,1722223042,202798994,Guliston,Гулистон,Гулистон,Guliston,false
SU-223005,SU-223,1722223,1722223035,202777743,G‘urjak-2,Ғуржак-2,Гуржак-2,Ǵurjak-2,false
SU-223006,SU-223,1722223,1722223041,202799139,Zarabog‘,Зарабоғ,Зарабог,Zaraboǵ,false
SU-223007,SU-223,1722223,1722223046,202857342,Qizilolma,Қизилолма,Кизилолма,Qizilolma,false
SU-223008,SU-223,1722223,1722223037,202876969,Qorabog‘,Қорабоғ,Корабог,Qoraboǵ,false
SU-223009,SU-223,1722223,1722223038,202799074,Oyinli,Ойинли,Ойинли,Oyinli,false
SU-223010,SU-223,1722223,1722223044,202799043,Poshxurt,Пошхурт,Пошхурт,Poshxurt,false
SU-223011,SU-223,1722223,1722223036,202777728,Uzunsoy,Узунсой,Узунсой,Uzunsoy,false
SU-223012,SU-223,1722223,1722223048,202799035,Uch yog‘och,Уч ёғоч,Уч ёгоч,Uch yoǵoch,false
SU-223013,SU-223,1722223,1722223039,202798962,Xo‘jaqiya-2,Хўжақия-2,Хожакия-2,Xójaqiya-2,false
SU-223014,SU-223,1722223,1722223047,202864968,Chorbog‘,Чорбоғ,Чорбог,Chorboǵ,false
SU-223015,SU-223,1722223,0,,Balxiguzar mahalla fuqarolar yigini,Балхигузар маҳалла фуқаролар йигини,Балхигузар маҳалла фуқаролар йигини,Balxiguzar mahalla fuqarolar yigini,true
SU-223016,SU-223,1722223,1722223022,202777822,Boybuloq,Бойбулоқ,Бойбулок,Boybuloq,false
SU-223017,SU-223,1722223,1722223020,204071387,Galaguzar,Галагузар,Галагузар,Galaguzar,false
SU-223018,SU-223,1722223,1722223012,202843795,Gulchinor,Гулчинор,Гулчинор,Gulchinor,false
SU-223019,SU-223,1722223,1722223010,202777767,G‘o‘rin gilambob,Ғўрин гиламбоб,Горин-Гиламбоб,Ǵórin gilambob,false
SU-223020,SU-223,1722223,1722223016,202843804,Dehqonariq,Деҳқонариқ,Дехконарик,Dehqonariq,false
SU-223021,SU-223,1722223,1722223017,202725070,Majnuntol,Мажнунтол,Мажмунтол,Majnuntol,false
SU-223022,SU-223,1722223,1722223013,202802205,Mehnatobod,Меҳнатобод,Мехнатобод,Mehnatobod,false
SU-223023,SU-223,1722223,1722223015,203833364,Navbur,Навбур,Навбур,Navbur,false
SU-223024,SU-223,1722223,1722223021,202683039,Taroqli,Тароқли,Тарокли,Taroqli,false
SU-223025,SU-223,1722223,1722223014,202843811,Hakimobod,Ҳакимобод,Хакимобод,Hakimobod,false
SU-223026,SU-223,1722223,1722223019,202777750,Chag‘atoy,Чағатой,Чагатой,Chaǵatoy,false
SU-223027,SU-223,1722223,1722223009,202799107,Chuqurko‘l,Чуқуркўл,Чукуркол,Chuqurkól,false
SU-223028,SU-223,1722223,1722223011,202777782,Cho‘mishli,Чўмишли,Чомишли,Chómishli,false
SU-223029,SU-223,1722223,1722223027,202833167,G‘urjak-1,Ғуржак-1,Гуржак-1,Ǵurjak-1,false
SU-223030,SU-223,1722223,1722223024,203486868,Istiqbol,Истиқбол,Истикбол,Istiqbol,false
SU-223031,SU-223,1722223,1722223032,202799004,Kattabog‘,Каттабоғ,Каттабог,Kattaboǵ,false
SU-223032,SU-223,1722223,1722223033,202821031,Qishloqbozor,Қишлоқбозор,Кишлок бозор,Qishloqbozor,false
SU-223033,SU-223,1722223,1722223028,202799011,Qulluqsho,Қуллуқшо,Куллукшо,Qulluqsho,false
SU-223034,SU-223,1722223,1722223029,202843828,Mexrobod,Мехробод,Мехробод,Mexrobod,false
SU-223035,SU-223,1722223,1722223026,202777839,Nurtepa,Нуртепа,Нуртепа,Nurtepa,false
SU-223036,SU-223,1722223,1722223034,204964873,Oqtepa,Оқтепа,Октепа,Oqtepa,false
SU-223037,SU-223,1722223,1722223030,202802102,Oltinvoha,Олтинвоҳа,Олтинвоха,Oltinvoha,false
SU-223038,SU-223,1722223,1722223023,202798954,Xo‘jaqiya-1,Хўжақия-1,Хожакия-1,Xójaqiya-1,false
SU-223039,SU-223,1722223,1722223031,202799067,Cho‘yinchi,Чўйинчи,Чойинчи,Chóyinchi,false
SU-223040,SU-223,1722223,1722223025,205008295,Sherobod,Шеробод,Шеробод,Sherobod,false
SU-223041,SU-223,1722223,1722223005,202843771,Baxor,Бахор,Бахор,Baxor,false
SU-223042,SU-223,1722223,1722223004,202799028,Buyuk ipak yo‘li,Буюк ипак йўли,Буюк ипак йули,Buyuk ipak yóli,false
SU-223043,SU-223,1722223,1722223002,202797290,G‘ambur,Ғамбур,Гамбур,Ǵambur,false
SU-223044,SU-223,1722223,1722223007,202798986,Do‘stlik,Дўстлик,Достлик,Dóstlik,false
SU-223045,SU-223,1722223,1722223001,202798979,Yoshlik,Ёшлик,Ёшлик,Yoshlik,false
SU-223046,SU-223,1722223,1722223008,202777735,Katta xayot,Катта хаёт,Катта хаёт,Katta xayot,false
SU-223047,SU-223,1722223,1722223003,202777774,Qo‘rg‘on,Қўрғон,Коргон,Qórǵon,false
SU-223048,SU-223,1722223,1722223006,202777814,Xo‘jgi,Хўжги,Хожги,Xójgi,false
SU-19130001,SU-223,1722223,1722223018,204421726,Balxiguzar,Балхигузар,Балхигузар,Balxiguzar,false
SU-226001,SU-226,1722226,1722226001,202720782,Bobotog‘,Боботоғ,Боботог,Bobotoǵ,false
SU-226002,SU-226,1722226,1722226002,202688822,Navro‘z,Наврўз,Навруз,Navróz,false
SU-226003,SU-226,1722226,1722226003,203466805,Shakarko‘l,Шакаркўл,Шакаркул,Shakarkól,false
SU-226004,SU-226,1722226,1722226004,202720807,Konobod,Конобод,Конобод,Konobod,false
SU-226005,SU-226,1722226,1722226005,202688735,Tolli,Толли,Толли,Tolli,false
SU-226006,SU-226,1722226,1722226006,202760916,Oliy ximmat,Олий химмат,Олийхиммат,Oliy ximmat,false
SU-226007,SU-226,1722226,1722226007,202688728,Guliston,Гулистон,Гулистон,Guliston,false
SU-226008,SU-226,1722226,0,,Qo‘shtegirmon,Қўштегирмон,Қўштегирмон,Qóshtegirmon,true
SU-226009,SU-226,1722226,1722226009,202760805,Tamaddun,Тамаддун,Тамаддун,Tamaddun,false
SU-226010,SU-226,1722226,1722226010,202760813,Oftobmakon,Офтобмакон,Офтобмакон,Oftobmakon,false
SU-226011,SU-226,1722226,1722226011,202688814,To‘la,Тўла,Тула,Tóla,false
SU-226012,SU-226,1722226,1722226012,202760909,Yangiariq,Янгиариқ,Янгиарик,Yangiariq,false
SU-226013,SU-226,1722226,1722226013,202760797,Olatemir,Олатемир,Олатемир,Olatemir,false
SU-226014,SU-226,1722226,1722226014,202760780,Yalti,Ялти,Ялти,Yalti,false
SU-226015,SU-226,1722226,1722226015,202703803,Egarchi,Егарчи,Эгарчи,Egarchi,false
SU-226016,SU-226,1722226,1722226016,202688878,Kushon,Кушон,Кушон,Kushon,false
SU-226017,SU-226,1722226,1722226017,202760891,Oqtumshuq,Оқтумшуқ,Октумшук,Oqtumshuq,false
SU-226018,SU-226,1722226,1722226018,202688782,Ko‘klam,Кўклам,Куклам,Kóklam,false
SU-226019,SU-226,1722226,1722226019,202744301,G‘armaqo‘rg‘on,Ғармақўрғон,Гармакургон,Ǵarmaqórǵon,false
SU-226020,SU-226,1722226,1722226020,202720846,Oynako‘l,Ойнакўл,Ойнакул,Oynakól,false
SU-226021,SU-226,1722226,1722226021,202688807,Go‘zallik,Гўзаллик,Гузаллик,Gózallik,false
SU-226022,SU-226,1722226,1722226022,202760844,Savurtepa,Савуртепа,Савуртепа,Savurtepa,false
SU-226023,SU-226,1722226,1722226023,203270464,Qoraariq,Қораариқ,Кораарик,Qoraariq,false
SU-226024,SU-226,1722226,1722226024,202760837,Xurlik,Хурлик,Хурлик,Xurlik,false
SU-226025,SU-226,1722226,1722226025,202720799,Bunyodkor,Бунёдкор,Бунёдкор,Bunyodkor,false
SU-226026,SU-226,1722226,1722226026,203466797,Do‘stlik,Дўстлик,Дустлик,Dóstlik,false
SU-226027,SU-226,1722226,1722226027,202720822,Obodon,Ободон,Ободон,Obodon,false
SU-226028,SU-226,1722226,1722226028,202739021,Shaldiroq,Шалдироқ,Шалдирок,Shaldiroq,false
SU-226029,SU-226,1722226,1722226029,202688861,Yoshg‘ayrat,Ёшғайрат,Ёшгайрат,Yoshǵayrat,false
SU-226030,SU-226,1722226,1722226030,202688774,Katta savur,Катта савур,Катта Савур,Katta savur,false
SU-226031,SU-226,1722226,1722226031,202688767,Zarbdor,Зарбдор,Зарбдор,Zarbdor,false
SU-226032,SU-226,1722226,1722226032,202688846,Baxshtepa,Бахштепа,Baxshtepa,Baxshtepa,false
SU-226033,SU-226,1722226,1722226033,202703794,Baxshtepa 1,Бахштепа 1,Бахштепа-1,Baxshtepa 1,false
SU-226034,SU-226,1722226,1722226034,202688839,Saksonkapa,Саксонкапа,Саксонкапа,Saksonkapa,false
SU-226035,SU-226,1722226,1722226035,202688854,Kakan,Какан,Какан,Kakan,false
SU-226036,SU-226,1722226,1722226036,202688671,Joyilma,Жойилма,Жойилма,Joyilma,false
SU-226037,SU-226,1722226,1722226037,202688695,Qoqaydi,Қоқайди,Кокайди,Qoqaydi,false
SU-226038,SU-226,1722226,1722226038,203480496,Oqkamar,Оқкамар,Оккамар,Oqkamar,false
SU-226039,SU-226,1722226,1722226039,202688688,Oqqo‘rg‘on,Оққўрғон,Оккоргон,Oqqórǵon,false
SU-226040,SU-226,1722226,1722226040,202688711,Jarqishloq,Жарқишлоқ,Жаркишлок,Jarqishloq,false
SU-226041,SU-226,1722226,0,,Sovjironbobo,Совжиронбобо,Совжиронбобо,Sovjironbobo,true
SU-226042,SU-226,1722226,1722226042,202688799,Yakkabog‘,Яккабоғ,Яккабог,Yakkaboǵ,false
SU-226043,SU-226,1722226,1722226043,202760869,Bobur,Бобур,Бобур,Bobur,false
SU-226044,SU-226,1722226,1722226044,202720861,Bo‘ston,Бўстон,Бустон,Bóston,false
SU-226045,SU-226,1722226,1722226045,202688750,Ibn sino,Ибн сино,Ибн-Сино,Ibn sino,false
SU-226046,SU-226,1722226,0,,Navoiy,Навоий,Навоий,Navoiy,true
SU-226047,SU-226,1722226,0,,Xayrobod,Хайробод,Хайробод,Xayrobod,true
SU-226048,SU-226,1722226,1722226048,202725142,Elbayon,Елбаён,Элбаён,Elbayon,false
SU-226049,SU-226,1722226,1722226049,203480504,Laylakxona,Лайлакхона,Лайлакхона,Laylakxona,false
SU-226050,SU-226,1722226,1722226050,202760876,Ozod,Озод,Озод,Ozod,false
SU-226051,SU-226,1722226,1722226051,202760884,Ezgulik,Езгулик,Эзгулик,Ezgulik,false
SU-226052,SU-226,1722226,1722226052,202760852,Xushchekka,Хушчекка,Хушчекка,Xushchekka,false
SU-226053,SU-226,1722226,1722226053,308909919,Tamshush,Тамшуш,Тамшуш,Tamshush,false
SU-19140001,SU-226,1722226,1722226046,202703810,Alisher navoiy,Алишер навоий,Алишер Навоий,Alisher navoiy,false
SU-19140039,SU-226,1722226,1722226041,202688704,Savjuronbobo,Савжуронбобо,Савжуронбобо,Savjuronbobo,false
SU-19140025,SU-226,1722226,1722226008,202720893,Qushtegirmon,Қуштегирмон,Куштегирмон,Qushtegirmon,false
SU-19140044,SU-226,1722226,1722226047,202688743,Xayrabot,Хайработ,Хайработ,Xayrabot,false
SU-227999,SU-227,0,0,,Mahalla aniqlanmagan,Маҳалла аниқланмаган,Махалля не определена,Máhálle anıqlanbaǵan,true
SU-401001,SU-401,1722401,1722401001,202767257,Bog‘zor,Боғзор,Богзор,Boǵzor,false
SU-401002,SU-401,1722401,0,,Bog‘isha,Боғиша,Боғиша,Boǵisha,true
SU-401003,SU-401,1722401,1722401003,202820698,Gulira‘no,Гулираъно,Гулирано,Gulira‘no,false
SU-401004,SU-401,1722401,1722401004,202797078,Guliston,Гулистон,Гулистон,Guliston,false
SU-401005,SU-401,1722401,1722401005,203623997,Mexrobod,Мехробод,Мехробод,Mexrobod,false
SU-401006,SU-401,1722401,1722401006,203607604,Tuproqqo‘rg‘on,Тупроққўрғон,Тупроккоргон,Tuproqqórǵon,false
SU-401007,SU-401,1722401,1722401007,202797039,O‘zbekiston,Ўзбекистон,Узбекистон,Ózbekiston,false
SU-401008,SU-401,1722401,1722401008,202671504,Chegara,Чегара,Чегара,Chegara,false
SU-401009,SU-401,1722401,1722401009,202653984,Manguzar,Мангузар,Мангузар,Manguzar,false
SU-401010,SU-401,1722401,1722401010,202773052,Navro‘z,Наврўз,Навроз,Navróz,false
SU-401011,SU-401,1722401,1722401011,203100270,Saxovat,Саховат,Саховат,Saxovat,false
SU-401012,SU-401,1722401,1722401012,202773013,Temir yo‘lchi,Темир йўлчи,Темирёлчи,Temir yólchi,false
SU-401013,SU-401,1722401,1722401013,203629664,Turon,Турон,Турон,Turon,false
SU-401014,SU-401,1722401,1722401014,202767289,Shodlik,Шодлик,Шодлик,Shodlik,false
SU-401015,SU-401,1722401,1722401015,204303674,Tinchlik,Тинчлик,Тинчлик,Tinchlik,false
SU-401016,SU-401,1722401,1722401016,202767296,Baynalminal,Байналминал,Байналминал,Baynalminal,false
SU-401017,SU-401,1722401,1722401017,202773020,Shifokor,Шифокор,Шифокор,Shifokor,false
SU-401018,SU-401,1722401,1722401018,202820817,Do‘stlik,Дўстлик,Достлик,Dóstlik,false
SU-401019,SU-401,1722401,1722401019,202767225,Abduraxmon-jomiy,Абдурахмон-жомий,Абдурахмон Жомий,Abduraxmon-jomiy,false
SU-401020,SU-401,1722401,1722401020,206986662,Amu soxillari,Аму сохиллари,Аму-Cохиллари,Amu soxillari,false
SU-401021,SU-401,1722401,1722401021,202697391,Jo‘yjangal,Жўйжангал,Жойжангал,Jóyjangal,false
SU-401022,SU-401,1722401,1722401022,202767272,Majnuntol,Мажнунтол,Мажнунтол,Majnuntol,false
SU-401023,SU-401,1722401,1722401023,202767264,Ma‘rifat,Маърифат,Марифат,Ma‘rifat,false
SU-401024,SU-401,1722401,1722401024,203616704,Surxon soxili,Сурхон сохили,Сурхон Сохили,Surxon soxili,false
SU-401025,SU-401,1722401,1722401027,202826848,Pattakesar,Паттакесар,Паттакесар,Pattakesar,false
SU-401026,SU-401,1722401,1722401026,203605464,Eski shahar,Ески шаҳар,Ески шахар,Eski shahar,false
SU-401027,SU-401,1722401,0,,Pattakesar-2,Паттакесар-2,Паттакесар-2,Pattakesar-2,true
SU-401028,SU-401,1722401,1722401028,203625789,Bo‘ston,Бўстон,Бостон,Bóston,false
SU-401029,SU-401,1722401,1722401029,202931955,Alpomish,Алпомиш,Алпомиш,Alpomish,false
SU-401030,SU-401,1722401,1722401030,202773044,Yulduz,Юлдуз,Юлдуз,Yulduz,false
SU-401031,SU-401,1722401,1722401031,203624007,Farxod,Фарход,Фарход,Farxod,false
SU-401032,SU-401,1722401,1722401032,202738940,Kokildor-ota,Кокилдор-ота,Кокилдо рота,Kokildor-ota,false
SU-401033,SU-401,1722401,1722401033,202777711,Alisher-navoiy,Алишер-навоий,Алишер Навоий,Alisher-navoiy,false
SU-401034,SU-401,1722401,1722401034,203624014,Jayxun,Жайхун,Жайхун,Jayxun,false
SU-401035,SU-401,1722401,1722401035,203611062,Kattabog‘,Каттабоғ,Катта бог,Kattaboǵ,false
SU-401036,SU-401,1722401,1722401036,202772988,Abdulla-avloniy,Абдулла-авлоний,Абдулла Авлоний,Abdulla-avloniy,false
SU-401037,SU-401,1722401,1722401037,202700450,Namuna,Намуна,Намуна,Namuna,false
SU-19150023,SU-401,1722401,1722401025,202773069,Nurli kelajak,Нурли келажак,Нурли келажак,Nurli kelajak,false
SU-19150008,SU-401,1722401,1722401002,203607612,Bog‘ishamol,Боғишамол,Богишамол,Boǵishamol,false
SU-402999,SU-402,0,0,,Mahalla aniqlanmagan,Маҳалла аниқланмаган,Махалля не определена,Máhálle anıqlanbaǵan,true
TK-262001,TK-262,1726262,1726262006,202914144,Degrez,Дегрез,Дегрез,Degrez,false
TK-262002,TK-262,1726262,1726262004,202576320,Bog‘ichinor,Боғичинор,Богичинор,Boǵichinor,false
TK-262003,TK-262,1726262,1726262047,202887543,Qor yog‘di,Қор ёғди,Кор ёгди,Qor yoǵdi,false
TK-262004,TK-262,1726262,1726262048,202913028,Bekobod,Бекобод,Бекобод,Bekobod,false
TK-262005,TK-262,1726262,1726262055,202914169,Istiroxat,Истирохат,Истирохат,Istiroxat,false
TK-262006,TK-262,1726262,1726262054,202549733,O‘tkir,Ўткир,Уткир,Ótkir,false
TK-262007,TK-262,1726262,1726262057,202914176,Jarbuloq,Жарбулоқ,Жарбулок,Jarbuloq,false
TK-262008,TK-262,1726262,1726262058,202913035,Zulfizar,Зулфизар,Зулфизар,Zulfizar,false
TK-262009,TK-262,1726262,1726262019,202553777,Ibrat,Ибрат,Ибрат,Ibrat,false
TK-262010,TK-262,1726262,1726262013,202872340,Shark yulduzi,Шарк юлдузи,Шарк Юлдузи,Shark yulduzi,false
TK-262011,TK-262,1726262,1726262010,202426830,Nishabariq,Нишабариқ,Нишаб арик,Nishabariq,false
TK-262012,TK-262,1726262,1726262044,202558176,Ko‘rkamobod,Кўркамобод,Куркамобод,Kórkamobod,false
TK-262013,TK-262,1726262,1726262012,202709754,Xondamir,Хондамир,Хондамир,Xondamir,false
TK-262014,TK-262,1726262,1726262046,202914191,Xurshid,Хуршид,Хуршид,Xurshid,false
TK-262015,TK-262,1726262,0,,Beshkayrogoch,Бешкайрогоч,Бешкайрогоч,Beshkayrogoch,true
TK-262016,TK-262,1726262,1726262007,202714536,Jurjoniy,Журжоний,Журжоний,Jurjoniy,false
TK-262017,TK-262,1726262,1726262003,202914209,Abdulla kodiriy,Абдулла кодирий,Абдулла Кодирий,Abdulla kodiriy,false
TK-262018,TK-262,1726262,1726262014,202914216,Shofayzibog‘,Шофайзибоғ,Шофайзибог,Shofayziboǵ,false
TK-262019,TK-262,1726262,1726262045,202570678,Shark guli,Шарк гули,Шарк гули,Shark guli,false
TK-262020,TK-262,1726262,1726262017,202914137,Davlatobod,Давлатобод,Давлатобод,Davlatobod,false
TK-262021,TK-262,1726262,1726262029,202914224,Chamanzor,Чаманзор,Чаманзор,Chamanzor,false
TK-262022,TK-262,1726262,1726262026,202920351,Xojiobod,Хожиобод,Хожиобод,Xojiobod,false
TK-262023,TK-262,1726262,1726262030,202914105,Okmachit,Окмачит,Окмачит,Okmachit,false
TK-262024,TK-262,1726262,1726262031,202700965,Quyi darxon,Қуйи дархон,Куйи Дархон,Quyi darxon,false
TK-262025,TK-262,1726262,1726262021,202899987,Latifguzar,Латифгузар,Латифгузар,Latifguzar,false
TK-262026,TK-262,1726262,1726262042,202576344,Uchtepa,Учтепа,Учтепа,Uchtepa,false
TK-262027,TK-262,1726262,1726262009,202642516,Ko‘kcha oqtepa,Кўкча оқтепа,Кукча Октепа,Kókcha oqtepa,false
TK-262028,TK-262,1726262,1726262011,202723407,Paxtakor,Пахтакор,Пахтакор,Paxtakor,false
TK-262029,TK-262,1726262,0,,Cho‘pon ota,Чўпон ота,Чўпон ота,Chópon ota,true
TK-262030,TK-262,1726262,1726262032,202415464,Koziguzar,Козигузар,Козигузар,Koziguzar,false
TK-262031,TK-262,1726262,1726262022,202914255,Taqachi,Тақачи,Такачи,Taqachi,false
TK-262032,TK-262,1726262,1726262037,202914263,Yusuf sakkokiy,Юсуф саккокий,Юсуф Саккоки,Yusuf sakkokiy,false
TK-262033,TK-262,1726262,1726262036,202559024,O‘rikzor,Ўрикзор,Урикзор,Órikzor,false
TK-262034,TK-262,1726262,1726262041,303802296,Zarafshon,Зарафшон,Зарафшон,Zarafshon,false
TK-262035,TK-262,1726262,1726262043,202920368,Katta ka‘ni,Катта каъни,Катта каъни,Katta ka‘ni,false
TK-262036,TK-262,1726262,1726262040,303827684,Foziltepa,Фозилтепа,Фозилтепа,Foziltepa,false
TK-262037,TK-262,1726262,1726262033,202410829,Ko‘ksaroy,Кўксарой,Куксарой,Kóksaroy,false
TK-262038,TK-262,1726262,1726262028,202734764,Xayratiy,Хайратий,Хайратий,Xayratiy,false
TK-262039,TK-262,1726262,1726262056,205732504,Shaftolizor,Шафтолизор,Шафтолизор,Shaftolizor,false
TK-262040,TK-262,1726262,0,,Qo‘rg‘ontepa,Қўрғонтепа,Қўрғонтепа,Qórǵontepa,true
TK-262041,TK-262,1726262,1726262023,303800441,Tepaqo‘rg‘on,Тепақўрғон,Тепакургон,Tepaqórǵon,false
TK-262042,TK-262,1726262,1726262005,202904268,Guzar,Гузар,Гузар,Guzar,false
TK-262043,TK-262,1726262,1726262027,202793162,Xuroson,Хуросон,Хуросон,Xuroson,false
TK-262044,TK-262,1726262,1726262018,303801384,Zargarlik,Заргарлик,Заргарлик,Zargarlik,false
TK-262045,TK-262,1726262,1726262008,202634708,Ko‘xna cho‘ponota,Кўхна чўпонота,Кухна Чупонота,Kóxna chóponota,false
TK-262046,TK-262,1726262,1726262002,202553817,Bog‘iston,Боғистон,Богистон,Boǵiston,false
TK-262047,TK-262,1726262,1726262001,202529805,Bog‘obod,Боғобод,Богобод,Boǵobod,false
TK-262048,TK-262,1726262,1726262016,202418223,Birlik,Бирлик,Бирлик,Birlik,false
TK-262049,TK-262,1726262,1726262050,202562473,Nayman,Найман,Найман,Nayman,false
TK-262050,TK-262,1726262,1726262024,202480932,Tinchlikobod,Тинчликобод,Тинчликобод,Tinchlikobod,false
TK-262051,TK-262,1726262,1726262025,205722628,Farxod,Фарход,Фарход,Farxod,false
TK-262052,TK-262,1726262,1726262051,202914294,Vatan,Ватан,Ватан,Vatan,false
TK-262053,TK-262,1726262,1726262052,205786517,Vatanparvar,Ватанпарвар,Ватанпарвар,Vatanparvar,false
TK-262054,TK-262,1726262,1726262049,202914303,Nurobod,Нуробод,Нуробод,Nurobod,false
TK-262055,TK-262,1726262,0,,Xamdo‘st,Хамдўст,Хамдўст,Xamdóst,true
TK-262056,TK-262,1726262,1726262053,202402046,Shirin,Ширин,Ширин,Shirin,false
TK-262057,TK-262,1726262,1726262034,202914310,Alixonto‘ra sog‘uniy,Алихонтўра соғуний,Алихонтура Согуни,Alixontóra soǵuniy,false
TK-262058,TK-262,1726262,1726262039,303803492,Diydor,Дийдор,Дийдор,Diydor,false
TK-262059,TK-262,1726262,1726262038,202377386,Yangiyo‘l,Янгийўл,Янгийул,Yangiyól,false
TK-262060,TK-262,1726262,1726262035,303800845,Diyorobod,Диёробод,Диёробод,Diyorobod,false
TK-101-0131,TK-262,1726262,1726262060,202914120,Katta cho‘ponota,Катта чўпонота,Катта Чупонота,Katta chóponota,false
TK-101-0089,TK-262,1726262,1726262015,202488192,Beshqayrag‘och,Бешқайрағоч,Бешкайрагоч,Beshqayraǵoch,false
TK-101-0142,TK-262,1726262,1726262059,303801227,Hamdo‘st,Ҳамдўст,Хамдуст,Hamdóst,false
TK-101-0110,TK-262,1726262,1726262020,202914270,Ko‘rg‘ontepa,Кўрғонтепа,Кургонтепа,Kórǵontepa,false
TK-264001,TK-264,1726264,1726264002,202117083,Majnuntol,Мажнунтол,Мажнунтол,Majnuntol,false
TK-264002,TK-264,1726264,0,,Rohat,Роҳат,Роҳат,Rohat,true
TK-264003,TK-264,1726264,1726264007,202685201,Zilola,Зилола,Зилола,Zilola,false
TK-264004,TK-264,1726264,1726264008,202855116,Iqbol,Иқбол,Икбол,Iqbol,false
TK-264005,TK-264,1726264,1726264009,202855124,Chashma,Чашма,Чашма,Chashma,false
TK-264006,TK-264,1726264,1726264012,202855131,Abay,Абай,Абай,Abay,false
TK-264007,TK-264,1726264,1726264011,202675134,Bektemir,Бектемир,Бектемир,Bektemir,false
TK-264008,TK-264,1726264,0,,X.Bayqaro,Х.байқаро,Х.байқаро,X.Bayqaro,true
TK-264009,TK-264,1726264,1726264017,202870082,Nurafshon,Нурафшон,Нурафшон,Nurafshon,false
TK-264010,TK-264,1726264,0,,Oltinopgan,Олтинопган,Олтинопган,Oltinopgan,true
TK-264011,TK-264,1726264,1726264001,202855109,Mirishkor,Миришкор,Миришкор,Mirishkor,false
TK-264012,TK-264,1726264,0,,G‘ayrat,Гайрат,Гайрат,Ǵayrat,true
TK-264013,TK-264,1726264,0,,Iyk ota,Ийк ота,Ийк ота,Iyk ota,true
TK-264014,TK-264,1726264,1726264015,207168175,Musaffo,Мусаффо,Мусаффо,Musaffo,false
TK-264015,TK-264,1726264,1726264014,206573433,Nurli yo‘l,Нурли йўл,Нурлийул,Nurli yól,false
TK-264016,TK-264,1726264,1726264005,206992925,Soxil,Сохил,Сохил,Soxil,false
TK-264017,TK-264,1726264,1726264016,207158948,Ustozlar,Устозлар,Устозлар,Ustozlar,false
TK-264018,TK-264,1726264,1726264004,203161860,Zabardast,Забардаст,Забардаст,Zabardast,false
TK-102-0031,TK-264,1726264,1726264018,202870099,Oltintopgan,Олтинтопган,Олтинтопган,Oltintopgan,false
TK-102-0036,TK-264,1726264,1726264010,202923514,Gulbog‘,Гулбоғ,Гулбог,Gulboǵ,false
TK-102-0033,TK-264,1726264,1726264013,202855091,Husayn bayqaro,Ҳусайн байқаро,Хусайн Байкаро,Husayn bayqaro,false
TK-102-0035,TK-264,1726264,1726264006,202514666,Yik ota,Йик ота,Йик Ота,Yik ota,false
TK-102-0032,TK-264,1726264,1726264003,202858239,Roxat,Рохат,Рохат,Roxat,false
TK-266001,TK-266,1726266,1726266001,202906637,Astrobod,Астробод,Астробод,Astrobod,false
TK-266002,TK-266,1726266,1726266002,202906526,Bog‘ishamol,Боғишамол,Богишамол,Boǵishamol,false
TK-266003,TK-266,1726266,1726266003,303817016,Bog‘i eram,Боғи ерам,Боги-эрам,Boǵi eram,false
TK-266004,TK-266,1726266,1726266004,202906827,Islomobod,Исломобод,Исломобод,Islomobod,false
TK-266005,TK-266,1726266,0,,Yo‘lariq,Йўлариқ,Йўлариқ,Yólariq,true
TK-266006,TK-266,1726266,1726266006,202906881,Kulolqo‘rg‘on,Кулолқўрғон,Кулол-Кургон,Kulolqórǵon,false
TK-266007,TK-266,1726266,1726266007,303824657,Katta xasanboy,Катта хасанбой,Катта Хасанбой,Katta xasanboy,false
TK-266008,TK-266,1726266,1726266008,202906787,Mingchinor,Мингчинор,Мингчинор,Mingchinor,false
TK-266009,TK-266,1726266,1726266009,202906613,Sobirobod,Собиробод,Собиробод,Sobirobod,false
TK-266010,TK-266,1726266,1726266010,303843207,Nurmakon,Нурмакон,Нурмакон,Nurmakon,false
TK-266011,TK-266,1726266,1726266011,202906716,Tiklanish,Тикланиш,Тикланиш,Tiklanish,false
TK-266012,TK-266,1726266,1726266012,202906605,Uch-qaxramon,Уч-қахрамон,Уч-Кахрамон,Uch-qaxramon,false
TK-266013,TK-266,1726266,1726266013,202906684,Xasanboy,Хасанбой,Хасанбой,Xasanboy,false
TK-266014,TK-266,1726266,1726266014,202906709,Hamkorobod,Ҳамкоробод,Хамкоробод,Hamkorobod,false
TK-266015,TK-266,1726266,1726266015,202906691,Sharq haqiqati,Шарқ ҳақиқати,Шарк хакикати,Sharq haqiqati,false
TK-266016,TK-266,1726266,0,,Yangi xayot,Янги хаёт,Янги хаёт,Yangi xayot,true
TK-266017,TK-266,1726266,1726266017,202916545,Xalqabog‘,Халқабоғ,Халкабог,Xalqaboǵ,false
TK-266018,TK-266,1726266,1726266018,202906573,Turkiston,Туркистон,Туркистон,Turkiston,false
TK-266019,TK-266,1726266,1726266019,205690352,Axilobod,Ахилобод,Ахилобод,Axilobod,false
TK-266020,TK-266,1726266,1726266020,205704206,Axmad donish,Ахмад дониш,Ахмад Дониш,Axmad donish,false
TK-266021,TK-266,1726266,1726266021,201124661,Beg‘ubor,Беғубор,Бегубор,Beǵubor,false
TK-266022,TK-266,1726266,0,,Bobodexqon,Бободехқон,Бободехқон,Bobodexqon,true
TK-266023,TK-266,1726266,0,,Murruvat,Мурруват,Мурруват,Murruvat,true
TK-266024,TK-266,1726266,1726266023,303824585,Mehnatobod,Меҳнатобод,Мехнат обод,Mehnatobod,false
TK-266025,TK-266,1726266,1726266025,202919138,Oq tepa,Оқ тепа,Октепа,Oq tepa,false
TK-266026,TK-266,1726266,1726266026,205714336,Sevinch,Севинч,Севинч,Sevinch,false
TK-266027,TK-266,1726266,1726266027,205718575,Uvaysiy,Увайсий,Увайсий,Uvaysiy,false
TK-266028,TK-266,1726266,1726266028,202906748,O‘zbekiston mustaqilligi,Ўзбекистон мустақиллиги,Узбекистон мустакиллиги,Ózbekiston mustaqilligi,false
TK-266029,TK-266,1726266,1726266029,202547815,Shoshtepa,Шоштепа,Шош тепа,Shoshtepa,false
TK-266030,TK-266,1726266,1726266031,202908562,Yunusota,Юнусота,Юнус ота,Yunusota,false
TK-266031,TK-266,1726266,1726266030,205718583,Yurtobod,Юртобод,Юртобод,Yurtobod,false
TK-266032,TK-266,1726266,1726266032,202906724,Yangibog‘,Янгибоғ,Янгибог,Yangiboǵ,false
TK-266033,TK-266,1726266,1726266033,205708990,Adolat,Адолат,Адолат,Adolat,false
TK-266034,TK-266,1726266,1726266034,202906810,Anorzor,Анорзор,Анорзор,Anorzor,false
TK-266035,TK-266,1726266,1726266035,202906803,Billur,Биллур,Биллур,Billur,false
TK-266036,TK-266,1726266,1726266036,202920296,G‘ayratiy,Ғайратий,Гайратий,Ǵayratiy,false
TK-266037,TK-266,1726266,1726266038,202906794,Iftixor,Ифтихор,Ифтихор,Iftixor,false
TK-266038,TK-266,1726266,1726266039,202906874,Qo‘shchinor,Қўшчинор,Кушчинор,Qóshchinor,false
TK-266039,TK-266,1726266,1726266040,202906834,Qashqar,Қашқар,Кашкар,Qashqar,false
TK-266040,TK-266,1726266,1726266041,202906755,Matonat,Матонат,Матонат,Matonat,false
TK-266041,TK-266,1726266,1726266042,202906541,Minor,Минор,Минор,Minor,false
TK-266042,TK-266,1726266,1726266043,202906676,Turk qo‘rg‘on,Турк қўрғон,Турк-кургон,Turk qórǵon,false
TK-266043,TK-266,1726266,0,,Usta shirin,Уста ширин,Уста ширин,Usta shirin,true
TK-266044,TK-266,1726266,0,,Xusnobod,Хуснобод,Хуснобод,Xusnobod,true
TK-266045,TK-266,1726266,1726266046,202906763,Shaxriston,Шахристон,Шахристон,Shaxriston,false
TK-266046,TK-266,1726266,1726266048,202908554,Yangiariq,Янгиариқ,Янги-арик,Yangiariq,false
TK-266047,TK-266,1726266,1726266049,202906652,Akbarobod,Акбаробод,Акбаробод,Akbarobod,false
TK-266048,TK-266,1726266,1726266051,202906669,Bodomzor,Бодомзор,Бодомзор,Bodomzor,false
TK-266049,TK-266,1726266,1726266050,205704214,Bog‘i bo‘ston,Боғи бўстон,Богибустон,Boǵi bóston,false
TK-266050,TK-266,1726266,1726266052,202906580,Buyuk turon,Буюк турон,Буюк Турон,Buyuk turon,false
TK-266051,TK-266,1726266,1726266053,202906898,Bo‘z suv,Бўз сув,Бузсув,Bóz suv,false
TK-266052,TK-266,1726266,0,,M ulug‘bek,М улуғбек,М улуғбек,M uluǵbek,true
TK-266053,TK-266,1726266,1726266055,202906842,Qadrdon,Қадрдон,Кадрдон,Qadrdon,false
TK-266054,TK-266,1726266,1726266056,202912740,Obod,Обод,Обод,Obod,false
TK-266055,TK-266,1726266,1726266057,202912757,Otchopar-1,Отчопар-1,Отчопар-1,Otchopar-1,false
TK-266056,TK-266,1726266,1726266058,202906644,Otchopar-2,Отчопар-2,Отчопар-2,Otchopar-2,false
TK-266057,TK-266,1726266,1726266059,202906620,Posira,Посира,Посира,Posira,false
TK-266058,TK-266,1726266,1726266060,202906534,Firdavsiy,Фирдавсий,Фирдавсий,Firdavsiy,false
TK-266059,TK-266,1726266,1726266061,202906770,Xiyobon tepa,Хиёбон тепа,Хиёбон тепа,Xiyobon tepa,false
TK-266060,TK-266,1726266,1726266062,202906565,Shayx shivli,Шайх шивли,Шайх Шивли,Shayx shivli,false
TK-266061,TK-266,1726266,1726266063,202912789,Yunusobod,Юнусобод,Юнусобод,Yunusobod,false
TK-266062,TK-266,1726266,1726266064,303824689,Yangi tarnov,Янги тарнов,Янги тарнов,Yangi tarnov,false
TK-266063,TK-266,1726266,0,,Jomiy,Жомий,Жомий,Jomiy,true
TK-107-0139,TK-266,1726266,1726266016,202906866,Barhayot,Барҳаёт,Бархаёт,Barhayot,false
TK-107-0090,TK-266,1726266,1726266022,202908579,Bobudehqon,Бободеҳқон,Бободехкон,Bobudehqon,false
TK-107-0147,TK-266,1726266,1726266047,308875234,Registon,Регистон,Регистон,Registon,false
TK-107-0130,TK-266,1726266,1726266045,202906731,Husniobod,Ҳусниобод,Хусниобод,Husniobod,false
TK-107-0136,TK-266,1726266,1726266005,202906859,Yolayriq,Йўлайриқ,Йулайрик,Yolayriq,false
TK-107-0106,TK-266,1726266,1726266054,202908547,Mirzo ulug‘bek,Мирзо улуғбек,Мирзо Улугбек,Mirzo uluǵbek,false
TK-107-0097,TK-266,1726266,1726266037,202906597,Abdurahmon jomiy,Абдураҳмон жомий,Абдурахмон Жоми,Abdurahmon jomiy,false
TK-107-0110,TK-266,1726266,1726266024,205720685,Muruvvat,Мурувват,Мурувват,Muruvvat,false
TK-107-0125,TK-266,1726266,1726266044,202906558,Usto shirin,Усто ширин,Усто Ширин,Usto shirin,false
TK-269001,TK-269,1726269,1726269001,202694333,Avayxon,Авайхон,Авайхон,Avayxon,false
TK-269002,TK-269,1726269,1726269002,202694199,Alisher navoiy,Алишер навоий,Алишер Навоий,Alisher navoiy,false
TK-269003,TK-269,1726269,1726269003,202694174,Alpomish,Алпомиш,Алпомиш,Alpomish,false
TK-269004,TK-269,1726269,1726269004,202694214,Gulsanam,Гулсанам,Гулсанам,Gulsanam,false
TK-269005,TK-269,1726269,1726269005,202694182,Katta qorasuv,Катта қорасув,Катта Корасув,Katta qorasuv,false
TK-269006,TK-269,1726269,1726269006,202895716,Katta oltintepa,Катта олтинтепа,Катта Олтинтепа,Katta oltintepa,false
TK-269007,TK-269,1726269,1726269007,202357774,Minglola,Минглола,Минглола,Minglola,false
TK-269008,TK-269,1726269,1726269008,202694278,Oltintepa,Олтинтепа,Олтинтепа,Oltintepa,false
TK-269009,TK-269,1726269,1726269009,202892332,Sultoniya,Султония,Султония,Sultoniya,false
TK-269010,TK-269,1726269,1726269010,202694143,Chimyon,Чимён,Чимён,Chimyon,false
TK-269011,TK-269,1726269,1726269011,202694285,Shukur burxonov,Шукур бурхонов,Шукур Бурхонов,Shukur burxonov,false
TK-269012,TK-269,1726269,1726269012,202694071,Sho‘rtepa,Шўртепа,Шуртепа,Shórtepa,false
TK-269013,TK-269,1726269,1726269013,205697287,Yangi avayxon,Янги авайхон,Янги Авайхон,Yangi avayxon,false
TK-269014,TK-269,1726269,1726269018,202694167,Azamat,Азамат,Азамат,Azamat,false
TK-269015,TK-269,1726269,1726269019,205737766,Al-farobiy,Ал-фаробий,Аль-Фаробий,Al-farobiy,false
TK-269016,TK-269,1726269,1726269020,202895074,Axillik,Ахиллик,Ахиллик,Axillik,false
TK-269017,TK-269,1726269,1726269021,202694239,Axmad yugnakiy,Ахмад югнакий,Ахмад Югнакий,Axmad yugnakiy,false
TK-269018,TK-269,1726269,1726269022,202694088,Beshkapa,Бешкапа,Бешкапа,Beshkapa,false
TK-269019,TK-269,1726269,1726269023,202895011,Munavvarqori,Мунавварқори,Мунавваркори,Munavvarqori,false
TK-269020,TK-269,1726269,1726269024,205744229,Traktorsozlar,Тракторсозлар,Тракторсозлар,Traktorsozlar,false
TK-269021,TK-269,1726269,1726269025,202694254,Uyg‘onish,Уйғониш,Уйгониш,Uyǵonish,false
TK-269022,TK-269,1726269,1726269026,202694150,Ulug‘bek,Улуғбек,Улугбек,Uluǵbek,false
TK-269023,TK-269,1726269,1726269027,202742004,Xumoyun,Хумоюн,Хумоюн,Xumoyun,false
TK-269024,TK-269,1726269,1726269028,202694364,Yuzrabot,Юзработ,Юзработ,Yuzrabot,false
TK-269025,TK-269,1726269,0,,Yalong‘och,Ялонғоч,Ялонғоч,Yalonǵoch,true
TK-269026,TK-269,1726269,1726269035,202577399,Asaka,Асака,Асака,Asaka,false
TK-269027,TK-269,1726269,1726269036,202694318,Buyuk ipak yo‘li,Буюк ипак йўли,Буюк ипак йули,Buyuk ipak yóli,false
TK-269028,TK-269,1726269,1726269037,202694372,Darxon,Дархон,Дархон,Darxon,false
TK-269029,TK-269,1726269,1726269038,202808670,Lashkarbegi,Лашкарбеги,Лашкарбеги,Lashkarbegi,false
TK-269030,TK-269,1726269,1726269039,202694357,Mirzakalon ismoiliy,Мирзакалон исмоилий,Мирзакалон Исмоилий,Mirzakalon ismoiliy,false
TK-269031,TK-269,1726269,1726269040,202694064,Mustaqillik,Мустақиллик,Мустакиллик,Mustaqillik,false
TK-269032,TK-269,1726269,1726269041,202694207,Nur,Нур,Нур,Nur,false
TK-269033,TK-269,1726269,1726269042,202627937,Oqibat,Оқибат,Окибат,Oqibat,false
TK-269034,TK-269,1726269,1726269043,202694111,Oqqo‘rg‘on,Оққўрғон,Оккурган,Oqqórǵon,false
TK-269035,TK-269,1726269,1726269044,202694325,Olmachi,Олмачи,Олмачи,Olmachi,false
TK-269036,TK-269,1726269,1726269045,202694340,Podshobog‘,Подшобоғ,Подшобог,Podshoboǵ,false
TK-269037,TK-269,1726269,1726269046,202895724,Turon,Турон,Турон,Turon,false
TK-269038,TK-269,1726269,0,,Xamid olimjon,Хамид олимжон,Хамид олимжон,Xamid olimjon,true
TK-269039,TK-269,1726269,1726269048,202804882,Shaxrisabz,Шахрисабз,Шахрисабз,Shaxrisabz,false
TK-269040,TK-269,1726269,1726269049,303858155,Elobod,Елобод,Элобод,Elobod,false
TK-269041,TK-269,1726269,1726269056,202694301,Bahor,Баҳор,Бахор,Bahor,false
TK-269042,TK-269,1726269,1726269057,202694293,Bog‘imaydon,Боғимайдон,Богимайдон,Boǵimaydon,false
TK-269043,TK-269,1726269,1726269058,202895028,Bo‘z,Бўз,Боз,Bóz,false
TK-269044,TK-269,1726269,1726269059,202694095,Kamolot,Камолот,Камолот,Kamolot,false
TK-269045,TK-269,1726269,0,,Katta yalong‘och-ota,Катта ялонғоч-ота,Катта ялонғоч-ота,Katta yalonǵoch-ota,true
TK-269046,TK-269,1726269,1726269061,202694135,Navnihol,Навниҳол,Навнихол,Navnihol,false
TK-269047,TK-269,1726269,1726269062,202895043,Nodirabegim,Нодирабегим,Нодирабегим,Nodirabegim,false
TK-269048,TK-269,1726269,1726269063,303858148,Oliy himmat,Олий ҳиммат,Олий Химмат,Oliy himmat,false
TK-269049,TK-269,1726269,1726269064,202845516,Olimlar,Олимлар,Олимлар,Olimlar,false
TK-269050,TK-269,1726269,1726269065,202694246,Sayram,Сайрам,Сайрам,Sayram,false
TK-269051,TK-269,1726269,1726269066,202294997,Feruza,Феруза,Феруза,Feruza,false
TK-269052,TK-269,1726269,0,,Xabib abdullaev,Хабиб абдуллаев,Хабиб абдуллаев,Xabib abdullaev,true
TK-269053,TK-269,1726269,1726269068,202694261,Shalola,Шалола,Шалола,Shalola,false
TK-269054,TK-269,1726269,0,,Shaxriobod,Шахриобод,Шахриобод,Shaxriobod,true
TK-269055,TK-269,1726269,1726269015,203594243,Alisherobod MFY,Алишеробод мфй,Алишеробод,Alisherobod MFY,false
TK-269056,TK-269,1726269,1726269014,203424113,Ijodkor MFY,Ижодкор мфй,Ижодкор,Ijodkor MFY,false
TK-269057,TK-269,1726269,1726269033,203617078,Iqtidor MFY,Иқтидор мфй,Иктидор,Iqtidor MFY,false
TK-269058,TK-269,1726269,1726269030,207211676,Zakovat MFY,Заковат мфй,Заковат,Zakovat MFY,false
TK-269059,TK-269,1726269,1726269032,203209220,Chingeldi MFY,Чингелди мфй,Чингелди,Chingeldi MFY,false
TK-269060,TK-269,1726269,1726269031,203598847,Geofizika MFY,Геофизика мфй,Геофизика,Geofizika MFY,false
TK-269061,TK-269,1726269,1726269016,203594235,Geologlar MFY,Геологлар мфй,Геологлар,Geologlar MFY,false
TK-269062,TK-269,1726269,1726269050,203743247,Temuriylar MFY,Темурийлар мфй,Темурийлар,Temuriylar MFY,false
TK-269063,TK-269,1726269,1726269053,203818334,Gulzorobod MFY,Гулзоробод мфй,Гулзоробод,Gulzorobod MFY,false
TK-269064,TK-269,1726269,1726269052,203669149,Sarbon MFY,Сарбон мфй,Сарбон,Sarbon MFY,false
TK-269065,TK-269,1726269,1726269017,207299242,Jasorat MFY,Жасорат мфй,Жасорат,Jasorat MFY,false
TK-109-0143,TK-269,1726269,1726269070,308740410,Yangi кamolot,Янги камолот,Янги Камолот,Yangi кamolot,false
TK-109-0140,TK-269,1726269,1726269034,203507769,Pastki-yuz,Пастки-юз,Пастки-Юз,Pastki-yuz,false
TK-109-0142,TK-269,1726269,1726269054,308771017,Oydin,Ойдин,Ойдин,Oydin,false
TK-109-0144,TK-269,1726269,1726269055,308740394,Yangi оlmachi,Янги олмачи,Янги Олмачи,Yangi оlmachi,false
TK-109-0136,TK-269,1726269,1726269051,202842647,Ko‘hna mevazor,Кўҳна мевазор,Кухна Мевазор,Kóhna mevazor,false
TK-109-0115,TK-269,1726269,1726269047,202895067,H.olimjon,Ҳ.олимжон,Х.Олимжон,H.olimjon,false
TK-109-0119,TK-269,1726269,1726269069,202694128,Shahriobod,Шаҳриобод,Шаxриобод,Shahriobod,false
TK-109-0114,TK-269,1726269,1726269067,202694222,X.abdullaev,Х.абдуллаев,Х.Абдуллаев,X.abdullaev,false
TK-109-0092,TK-269,1726269,1726269060,202895035,Katta yalang‘ochota,Катта яланғочота,Катта Ялангочота,Katta yalanǵochota,false
TK-109-0124,TK-269,1726269,1726269029,202694104,Yalang‘och,Яланғоч,Ялангоч,Yalanǵoch,false
TK-273001,TK-273,1726273,1726273001,202374027,Banokatiy,Банокатий,Банокатий,Banokatiy,false
TK-273002,TK-273,1726273,1726273002,202366899,Yangi zamon,Янги замон,Янгизамон,Yangi zamon,false
TK-273003,TK-273,1726273,1726273003,202366684,Abdurauf fitrat,Абдурауф фитрат,Абдурауф Фитрат,Abdurauf fitrat,false
TK-273004,TK-273,1726273,1726273004,202374010,Furqat,Фурқат,Фуркат,Furqat,false
TK-273005,TK-273,1726273,1726273005,202374311,Sariko‘l,Сарикўл,Сарикул,Sarikól,false
TK-273006,TK-273,1726273,1726273006,202366660,Oltinko‘l,Олтинкўл,Олтинкул,Oltinkól,false
TK-273007,TK-273,1726273,1726273007,202366756,Qorasuv,Қорасув,Kорасув,Qorasuv,false
TK-273008,TK-273,1726273,1726273008,202366811,Oq uy,Оқ уй,Ок-уй,Oq uy,false
TK-273009,TK-273,1726273,1726273009,202366717,Fayziobod,Файзиобод,Файзиабад,Fayziobod,false
TK-273010,TK-273,1726273,1726273010,202366828,Ming o‘rik,Минг ўрик,Мингурик,Ming órik,false
TK-273011,TK-273,1726273,0,,Sh.rashidov raisi,Ш.рашидов раиси,Ш.рашидов раиси,Sh.rashidov raisi,true
TK-273012,TK-273,1726273,1726273012,202366804,Afrosiyob,Афросиёб,Афросиёб,Afrosiyob,false
TK-273013,TK-273,1726273,1726273013,202335730,Oybek,Ойбек,Ойбек,Oybek,false
TK-273014,TK-273,1726273,1726273014,202366843,Movarounnaxr,Мовароуннахр,Мовароуннахр,Movarounnaxr,false
TK-273015,TK-273,1726273,1726273015,202366850,Salar,Салар,Салар,Salar,false
TK-273016,TK-273,1726273,1726273016,202366692,At-termiziy,Ат-термизий,Ат-Термизий,At-termiziy,false
TK-273017,TK-273,1726273,1726273017,202366788,Lolazor,Лолазор,Лолазор,Lolazor,false
TK-273018,TK-273,1726273,1726273018,202372654,Farovon,Фаровон,Фаровон,Farovon,false
TK-273019,TK-273,1726273,0,,A.Avloniy,А.авлоний,А.авлоний,A.Avloniy,true
TK-273020,TK-273,1726273,1726273020,202372647,Mirobod,Миробод,Миробод,Mirobod,false
TK-273021,TK-273,1726273,1726273021,202366700,Yangi mirobod,Янги миробод,Янги Миробод,Yangi mirobod,false
TK-273022,TK-273,1726273,1726273022,202366835,Baynalminal,Байналминал,Байналминал,Baynalminal,false
TK-273023,TK-273,1726273,1726273023,202372615,Temiryo‘lchilar,Темирйўлчилар,Темирйолчилар,Temiryólchilar,false
TK-273024,TK-273,1726273,1726273024,202366764,Zaminobod,Заминобод,Заминабад,Zaminobod,false
TK-273025,TK-273,1726273,1726273025,202366732,Birodarlik,Биродарлик,Биродарлик,Birodarlik,false
TK-273026,TK-273,1726273,1726273026,202366645,Navro‘z,Наврўз,Навруз,Navróz,false
TK-273027,TK-273,1726273,1726273027,202366795,Istiqlolobod,Истиқлолобод,Истиклолобод,Istiqlolobod,false
TK-273028,TK-273,1726273,1726273028,202366874,Tong yulduzi,Тонг юлдузи,Тонг юлдузи,Tong yulduzi,false
TK-273029,TK-273,1726273,1726273029,202357624,Inoqobod,Иноқобод,Инокабад,Inoqobod,false
TK-273030,TK-273,1726273,1726273030,202366724,Chinor,Чинор,Чинaр,Chinor,false
TK-273031,TK-273,1726273,1726273031,202374034,Tolariq,Толариқ,Толарик,Tolariq,false
TK-273032,TK-273,1726273,1726273032,202372630,Ziyonur,Зиёнур,Зиёнур,Ziyonur,false
TK-273033,TK-273,1726273,1726273033,202366749,Yuksalish,Юксалиш,Юксалиш,Yuksalish,false
TK-273034,TK-273,1726273,1726273034,202374328,Bilimdon,Билимдон,Билимдон,Bilimdon,false
TK-273035,TK-273,1726273,1726273035,202345932,Parvona,Парвона,Парвона,Parvona,false
TK-273036,TK-273,1726273,1726273036,202366653,Bayot,Баёт,Баёт,Bayot,false
TK-273037,TK-273,1726273,0,,Baratxo‘ja,Баратхўжа,Баратхўжа,Baratxója,true
TK-273038,TK-273,1726273,1726273038,202779194,Yangi qo‘yliq,Янги қўйлиқ,Янги куйлик,Yangi qóyliq,false
TK-273039,TK-273,1726273,0,,Qo‘yliq ota,Қўйлиқ ота,Қўйлиқ ота,Qóyliq ota,true
TK-111-0074,TK-273,1726273,1726273039,202374335,Qo‘liq-ota,Қўлиқ-ота,Кулик-ота,Qóliq-ota,false
TK-111-0061,TK-273,1726273,1726273019,202366882,Abdulla avloniy,Абдулла авлоний,Абдулла Авлоний,Abdulla avloniy,false
TK-111-0066,TK-273,1726273,1726273037,202366677,Baratho‘ja,Баратҳўжа,Баратхужа,Barathója,false
TK-111-0096,TK-273,1726273,1726273011,202372623,Sharof rashidov,Шароф рашидов,Шароф Рашидов,Sharof rashidov,false
TK-277001,TK-277,1726277,1726277001,202915942,Beltepa,Белтепа,Белтепа,Beltepa,false
TK-277002,TK-277,1726277,1726277006,202915934,Bo‘ston,Бўстон,Бостон,Bóston,false
TK-277003,TK-277,1726277,1726277012,202915634,Zafarobod,Зафаробод,Зафаробод,Zafarobod,false
TK-277004,TK-277,1726277,1726277008,202915894,Ibn sino,Ибн сино,Ибн Сино,Ibn sino,false
TK-277005,TK-277,1726277,1726277009,202915769,Ipakchi,Ипакчи,Ипакчи,Ipakchi,false
TK-277006,TK-277,1726277,1726277005,202915824,Katta jarariq,Катта жарариқ,Катта Жарарик,Katta jarariq,false
TK-277007,TK-277,1726277,1726277010,202915586,O‘zbekiston,Ўзбекистон,Узбекистон,Ózbekiston,false
TK-277008,TK-277,1726277,0,,Huvaydo,Ҳувайдо,Ҳувайдо,Huvaydo,true
TK-277009,TK-277,1726277,1726277011,202915641,Shodlik,Шодлик,Шодлик,Shodlik,false
TK-277010,TK-277,1726277,1726277003,202915927,Eski jarariq,Ески жарариқ,Эски Жарарик,Eski jarariq,false
TK-277011,TK-277,1726277,1726277007,205704965,Yangi beltepa,Янги белтепа,Янги белтепа,Yangi beltepa,false
TK-277012,TK-277,1726277,1726277002,303794102,Yangi jarariq,Янги жарариқ,Янги Жарарик,Yangi jarariq,false
TK-277013,TK-277,1726277,1726277016,202915791,Gulbozor,Гулбозор,Гулбозор,Gulbozor,false
TK-277014,TK-277,1726277,1726277017,202915910,Jangox,Жангох,Жангох,Jangox,false
TK-277015,TK-277,1726277,1726277020,202774383,Koxota,Кохота,Кох-ота,Koxota,false
TK-277016,TK-277,1726277,1726277018,202915554,Qoratosh,Қоратош,Коратош,Qoratosh,false
TK-277017,TK-277,1726277,1726277024,202799992,Labzak,Лабзак,Лабзак,Labzak,false
TK-277018,TK-277,1726277,1726277022,202915737,Olmazor,Олмазор,Олмазор,Olmazor,false
TK-277019,TK-277,1726277,1726277014,202915705,Taxtapul,Тахтапул,Тахтапул,Taxtapul,false
TK-277020,TK-277,1726277,1726277021,202915562,O‘qchi,Ўқчи,Укчи,Óqchi,false
TK-277021,TK-277,1726277,1726277019,202915579,O‘rda,Ўрда,Урда,Órda,false
TK-277022,TK-277,1726277,0,,Hadra,Ҳадра,Ҳадра,Hadra,true
TK-277023,TK-277,1726277,1726277013,202793313,Chaqar,Чақар,Чакар,Chaqar,false
TK-277024,TK-277,1726277,1726277023,202915665,Shayxontoxur,Шайхонтохур,Шайхонтохур,Shayxontoxur,false
TK-277025,TK-277,1726277,1726277031,202840634,Bog‘ko‘cha,Боғкўча,Бог-куча,Boǵkócha,false
TK-277026,TK-277,1726277,1726277035,202915903,Jararik,Жарарик,Жарарик,Jararik,false
TK-277027,TK-277,1726277,1726277034,202883461,Ilg‘or,Илғор,Илгор,Ilǵor,false
TK-277028,TK-277,1726277,1726277029,202915863,Kattaxovuz,Каттаховуз,Катта-ховуз,Kattaxovuz,false
TK-277029,TK-277,1726277,1726277036,202915887,Ko‘kcha darvoza,Кўкча дарвоза,Кукча Дарвоза,Kókcha darvoza,false
TK-277030,TK-277,1726277,1726277027,202883493,Ko‘kcha,Кўкча,Кукча,Kókcha,false
TK-277031,TK-277,1726277,0,,M.Uyg‘ur,М.уйғур,М.уйғур,M.Uyǵur,true
TK-277032,TK-277,1726277,1726277033,202915848,Obinazir,Обиназир,Обиназир,Obinazir,false
TK-277033,TK-277,1726277,0,,Oqilon,Оқилон,Оқилон,Oqilon,true
TK-277034,TK-277,1726277,1726277028,202915713,Sarxumdon,Сархумдон,Сархумдон,Sarxumdon,false
TK-277035,TK-277,1726277,1726277030,202915697,Tinchlik,Тинчлик,Тинчлик,Tinchlik,false
TK-277036,TK-277,1726277,1726277032,202915658,Shofayzi,Шофайзи,Шофайзи,Shofayzi,false
TK-277037,TK-277,1726277,1726277037,202915594,Yangishaxar,Янгишахар,Янги шахар,Yangishaxar,false
TK-277038,TK-277,1726277,1726277046,202915784,Gulobod,Гулобод,Гулобод,Gulobod,false
TK-277039,TK-277,1726277,1726277051,202915776,Zangiota,Зангиота,Зангиота,Zangiota,false
TK-277040,TK-277,1726277,1726277048,303794119,Kamolon darvoza,Камолон дарвоза,Камолон Дарвоза,Kamolon darvoza,false
TK-277041,TK-277,1726277,1726277038,202915870,Kamolon,Камолон,Камолон,Kamolon,false
TK-277042,TK-277,1726277,1726277044,202887432,Katta oqtepa,Катта оқтепа,Катта октепа,Katta oqtepa,false
TK-277043,TK-277,1726277,1726277042,202915752,Kattabog‘,Каттабоғ,Катта-Бог,Kattaboǵ,false
TK-277044,TK-277,1726277,0,,O.Xujaev,О.хужаев,О.хужаев,O.Xujaev,true
TK-277045,TK-277,1726277,0,,S.Darvoza,С.дарвоза,С.дарвоза,S.Darvoza,true
TK-277046,TK-277,1726277,1726277043,202915809,Suzukota,Сузукота,Сузукота,Suzukota,false
TK-277047,TK-277,1726277,1726277040,202915744,Charx novza,Чарх новза,Чарх новза,Charx novza,false
TK-277048,TK-277,1726277,1726277050,202915673,Chorsu,Чорсу,Чорсу,Chorsu,false
TK-277049,TK-277,1726277,1726277045,202915626,Eshonguzar,Ешонгузар,Эшонгузар,Eshonguzar,false
TK-277050,TK-277,1726277,1726277049,202915619,Yangi kamolon,Янги камолон,Янги Камолон,Yangi kamolon,false
TK-277051,TK-277,1726277,1726277039,202915602,Yangiobod,Янгиобод,Янги обод,Yangiobod,false
TK-110-0108,TK-277,1726277,1726277004,202880743,Xuvaydo,Хувайдо,Хувайдо,Xuvaydo,false
TK-110-0107,TK-277,1726277,1726277015,202915680,Xadra,Хадра,Хадра,Xadra,false
TK-110-0092,TK-277,1726277,1726277026,202915855,Mannon uyg‘ur,Маннон уйғур,Маннон Уйгур,Mannon uyǵur,false
TK-110-0097,TK-277,1726277,1726277041,202915831,Olim xo‘jayev,Олим хўжаев,Олим Хужаев,Olim xójayev,false
TK-110-0095,TK-277,1726277,1726277025,202915720,Oqlon,Оқлон,Оклон,Oqlon,false
TK-110-0099,TK-277,1726277,1726277047,202915816,Samarqand darvoza,Самарқанд дарвоза,Самарканд Дарвоза,Samarqand darvoza,false
TK-280001,TK-280,1726280,1726280040,202912986,Abu bakr shoshiy,Абу бакр шоший,Абу Бакр Шоший,Abu bakr shoshiy,false
TK-280002,TK-280,1726280,1726280048,202908809,Allon,Аллон,Аллон,Allon,false
TK-280003,TK-280,1726280,1726280018,202845706,Ahil,Аҳил,Ахил,Ahil,false
TK-280004,TK-280,1726280,1726280050,202767652,Achaobod,Ачаобод,Ачаобод,Achaobod,false
TK-280005,TK-280,1726280,1726280059,202845681,Beruniy,Беруний,Беруний,Beruniy,false
TK-280006,TK-280,1726280,1726280016,204753598,Bo‘stonobod,Бўстонобод,Бyстaнaбaд,Bóstonobod,false
TK-280007,TK-280,1726280,1726280009,202862829,G‘alaba,Ғалаба,Галаба,Ǵalaba,false
TK-280008,TK-280,1726280,1726280032,202908894,G‘ani a‘zamov,Ғани аъзамов,Гани Азамов,Ǵani a‘zamov,false
TK-280009,TK-280,1726280,1726280046,202921381,Guzarboshi,Гузарбоши,Гузарбоши,Guzarboshi,false
TK-280010,TK-280,1726280,1726280021,202858791,Gulzor,Гулзор,Гулзор,Gulzor,false
TK-280011,TK-280,1726280,1726280030,202850985,Gulsaroy,Гулсарой,Гулсарой,Gulsaroy,false
TK-280012,TK-280,1726280,1726280026,202800255,Guruchariq,Гуручариқ,Гуручарик,Guruchariq,false
TK-280013,TK-280,1726280,1726280012,202897641,Yoshlik,Ёшлик,Ёшлик,Yoshlik,false
TK-280014,TK-280,1726280,1726280058,202921398,Jiydali,Жийдали,Жийдали,Jiydali,false
TK-280015,TK-280,1726280,1726280051,202855020,Ziyo,Зиё,Зиё,Ziyo,false
TK-280016,TK-280,1726280,1726280029,202908831,Ibroxim ota,Иброхим ота,Иброхим-ота,Ibroxim ota,false
TK-280017,TK-280,1726280,1726280024,202800231,Islom ota,Ислом ота,Ислом-ота,Islom ota,false
TK-280018,TK-280,1726280,1726280017,202908784,Istiqbol,Истиқбол,Истикбол,Istiqbol,false
TK-280019,TK-280,1726280,1726280019,202908927,Qichqiriq,Қичқириқ,Кичкирик,Qichqiriq,false
TK-280020,TK-280,1726280,1726280020,202873799,Qorasaroy,Қорасарой,Корасарой,Qorasaroy,false
TK-280021,TK-280,1726280,1726280035,202836581,Quyosh,Қуёш,Куёш,Quyosh,false
TK-280022,TK-280,1726280,1726280043,202908903,Qo‘shtut,Қўштут,Кyштут,Qóshtut,false
TK-280023,TK-280,1726280,0,,Mirza g‘olib,Мирза ғолиб,Мирза ғолиб,Mirza ǵolib,true
TK-280024,TK-280,1726280,1726280022,202886806,Miskin,Мискин,Мискин,Miskin,false
TK-280025,TK-280,1726280,1726280010,206128114,Moyarik,Моярик,Моярик,Moyarik,false
TK-280026,TK-280,1726280,0,,Mustaqillik,Мустақиллик,Мустақиллик,Mustaqillik,true
TK-280027,TK-280,1726280,1726280038,202908816,Namuna,Намуна,Намуна,Namuna,false
TK-280028,TK-280,1726280,1726280003,202919264,Nihol,Ниҳол,Нихол,Nihol,false
TK-280029,TK-280,1726280,1726280015,202887504,Olimpiya,Олимпия,Олимпия,Olimpiya,false
TK-280030,TK-280,1726280,1726280028,202884509,Oltinsoy,Олтинсой,Олтинсой,Oltinsoy,false
TK-280031,TK-280,1726280,1726280049,202763659,Orzu,Орзу,Орзу,Orzu,false
TK-280032,TK-280,1726280,1726280011,202908863,Paxta,Пахта,Пахта,Paxta,false
TK-280033,TK-280,1726280,1726280042,202916695,Sebzor,Себзор,Себзор,Sebzor,false
TK-280034,TK-280,1726280,1726280013,202919288,Tabassum,Табассум,Табассум,Tabassum,false
TK-280035,TK-280,1726280,1726280023,202908934,Taraqqiyot,Тараққиёт,Тараккиёт,Taraqqiyot,false
TK-280036,TK-280,1726280,1726280002,202914080,Tepaguzar,Тепагузар,Тепагузар,Tepaguzar,false
TK-280037,TK-280,1726280,1726280005,202855013,Umid,Умид,Умид,Umid,false
TK-280038,TK-280,1726280,1726280047,202767669,Universitet,Университет,Университет,Universitet,false
TK-280039,TK-280,1726280,1726280044,202921406,Xastimom,Хастимом,Хастимом,Xastimom,false
TK-280040,TK-280,1726280,1726280055,202908791,Xislat,Хислат,Хислат,Xislat,false
TK-280041,TK-280,1726280,1726280036,202590914,Xonchorbog‘,Хончорбоғ,Хончорбог,Xonchorboǵ,false
TK-280042,TK-280,1726280,0,,Xofiz ko‘xakiy,Хофиз кўхакий,Хофиз кўхакий,Xofiz kóxakiy,true
TK-280043,TK-280,1726280,1726280027,202887528,Hazrati imom,Ҳазрати имом,Хазрати Имом,Hazrati imom,false
TK-280044,TK-280,1726280,1726280004,202851010,Chamanbog‘,Чаманбоғ,Чаманбог,Chamanboǵ,false
TK-280045,TK-280,1726280,1726280045,202912994,Chig‘atoy darboza,Чиғатой дарбоза,Чигатой дарбоза,Chiǵatoy darboza,false
TK-280046,TK-280,1726280,1726280056,202916671,Chig‘atoy oqtepa,Чиғатой оқтепа,Чигатой Октепа,Chiǵatoy oqtepa,false
TK-280047,TK-280,1726280,1726280031,202921359,Chilto‘g‘on,Чилтўғон,Чилтугон,Chiltóǵon,false
TK-280048,TK-280,1726280,1726280053,202908942,Chimboy,Чимбой,Чимбой,Chimboy,false
TK-280049,TK-280,1726280,1726280025,202827861,Chuqursoy,Чуқурсой,Чукурсой,Chuqursoy,false
TK-280050,TK-280,1726280,1726280034,202914073,Chustiy,Чустий,Чустий,Chustiy,false
TK-280051,TK-280,1726280,1726280054,202908887,Shifokorlar,Шифокорлар,Шифокорлар,Shifokorlar,false
TK-280052,TK-280,1726280,1726280007,202388490,Shodiyona,Шодиёна,Шодиёна,Shodiyona,false
TK-280053,TK-280,1726280,1726280014,202908910,Shon-shuhrat,Шон-шуҳрат,Шон-шухрат,Shon-shuhrat,false
TK-280054,TK-280,1726280,1726280033,310790889,Eski shahar,Ески шаҳар,Эски шахар,Eski shahar,false
TK-280055,TK-280,1726280,1726280006,202851003,Yuqori beshqo‘rg‘on,Юқори бешқўрғон,Юкори Бешкурган,Yuqori beshqórǵon,false
TK-280056,TK-280,1726280,1726280037,202800263,Yuqori sebzor,Юқори себзор,Юкори Себзор,Yuqori sebzor,false
TK-280057,TK-280,1726280,1726280041,202905661,Yangi sebzor,Янги себзор,Янги Себзор,Yangi sebzor,false
TK-280058,TK-280,1726280,1726280008,202908855,Yangi toshkent,Янги тошкент,Янги Тошкент,Yangi toshkent,false
TK-280059,TK-280,1726280,0,,O‘zgarish,Ўзгариш,Ўзгариш,Ózgarish,true
TK-280060,TK-280,1726280,0,,Xabibiy,Хабибий,Хабибий,Xabibiy,true
TK-108-0123,TK-280,1726280,1726280001,202884516,Mustaqil yurt,Мустақил юрт,Мустакил юрт,Mustaqil yurt,false
TK-108-0152,TK-280,1726280,1726280063,310013950,Zamondosh,Замондош,Замондош,Zamondosh,false
TK-108-0153,TK-280,1726280,1726280060,309998183,Chinniobod,Чинниобод,Чинниобод,Chinniobod,false
TK-108-0154,TK-280,1726280,1726280061,309996012,Elparvar,Элпарвар,Элпарвар,Elparvar,false
TK-108-0156,TK-280,1726280,1726280064,309995132,Zarhal,Зархал,Зархал,Zarhal,false
TK-108-0151,TK-280,1726280,1726280052,207339057,Ziyokor,Зиёкор,Зиёкор,Ziyokor,false
TK-108-0155,TK-280,1726280,1726280062,309995464,Kaykovus,Кайковус,Кайковус,Kaykovus,false
TK-108-0136,TK-280,1726280,1726280039,202855084,Hofiz ko‘hakiy,Ҳофиз кўҳакий,Хофиз Кухаки,Hofiz kóhakiy,false
TK-108-0120,TK-280,1726280,1726280057,202908824,Mirzo g‘olib,Мирзо ғолиб,Мирзо Голиб,Mirzo ǵolib,false
TK-283001,TK-283,1726283,1726283003,202822022,Mehrigiyo,Меҳригиё,Мехригиё,Mehrigiyo,false
TK-283002,TK-283,1726283,1726283005,306236531,Bunyodobod,Бунёдобод,Бунёдaбaд,Bunyodobod,false
TK-283003,TK-283,1726283,1726283009,202975085,Madadkor,Мададкор,Мададкор,Madadkor,false
TK-283004,TK-283,1726283,1726283010,202660368,Ziynat,Зийнат,Зийнат,Ziynat,false
TK-283005,TK-283,1726283,1726283004,202970339,Ezgulik,Езгулик,Эзгулик,Ezgulik,false
TK-283006,TK-283,1726283,1726283011,202979705,Yangi sergeli,Янги сергели,Янги Cергели,Yangi sergeli,false
TK-283007,TK-283,1726283,1726283012,202967980,Sohibqiron,Соҳибқирон,Сохибкирон,Sohibqiron,false
TK-283008,TK-283,1726283,1726283007,202836527,Jo‘nariq,Жўнариқ,Жун-Арик,Jónariq,false
TK-283009,TK-283,1726283,0,,Choshtepa,Чоштепа,Чоштепа,Choshtepa,true
TK-283011,TK-283,1726283,0,,Nog‘ay-qo‘rgon,Ноғай-қўргон,Ноғай-қўргон,Noǵay-qórgon,true
TK-283012,TK-283,1726283,1726283046,306245465,Kubaytepa,Кубайтепа,Кубай-Тепа,Kubaytepa,false
TK-283013,TK-283,1726283,1726283008,202911995,Yuqori darxon,Юқори дархон,Юкори Дархон,Yuqori darxon,false
TK-283014,TK-283,1726283,0,,Pastdarxon,Пастдархон,Пастдархон,Pastdarxon,true
TK-283018,TK-283,1726283,0,,Yangi turmush,Янги турмуш,Янги турмуш,Yangi turmush,true
TK-283019,TK-283,1726283,0,,Yangi xayot,Янги хаёт,Янги хаёт,Yangi xayot,true
TK-283020,TK-283,1726283,0,,Gulshanobod,Гулшанобод,Гулшанобод,Gulshanobod,true
TK-283021,TK-283,1726283,0,,Marxamat,Мархамат,Мархамат,Marxamat,true
TK-283022,TK-283,1726283,0,,Oriyat,Орият,Орият,Oriyat,true
TK-283023,TK-283,1726283,1726283031,202734281,Xonobod,Хонобод,Хонобод,Xonobod,false
TK-283024,TK-283,1726283,1726283015,303823603,Quruvchilar,Қурувчилар,Курувчилар,Quruvchilar,false
TK-283032,TK-283,1726283,1726283016,202964273,Daryo bo‘yi,Дарё бўйи,Дарё буйи,Daryo bóyi,false
TK-283033,TK-283,1726283,1726283013,202967997,Sofdil,Софдил,Софдил,Sofdil,false
TK-283036,TK-283,1726283,1726283021,202966856,Nilufar,Нилуфар,Нилуфар,Nilufar,false
TK-283037,TK-283,1726283,1726283022,202966871,Ittifoq,Иттифоқ,Иттифок,Ittifoq,false
TK-283038,TK-283,1726283,1726283017,202822007,Nurhayot,Нурҳаёт,Нур-хаёт,Nurhayot,false
TK-283039,TK-283,1726283,1726283018,202964280,Saxovat,Саховат,Саховат,Saxovat,false
TK-283040,TK-283,1726283,1726283019,202971684,Qipchoq,Қипчоқ,Кипчак,Qipchoq,false
TK-283041,TK-283,1726283,1726283020,304226180,Sug‘diyona,Суғдиёна,Сугдиёна,Suǵdiyona,false
TK-283042,TK-283,1726283,1726283036,202971692,Shukrona,Шукрона,Шукрона,Shukrona,false
TK-283043,TK-283,1726283,0,,Ziyokor,Зиёкор,Зиёкор,Ziyokor,true
TK-283044,TK-283,1726283,0,,Xalqabod,Халқабод,Халқабод,Xalqabod,true
TK-283045,TK-283,1726283,1726283039,203028185,Madaniyat,Маданият,Маданият,Madaniyat,false
TK-283046,TK-283,1726283,1726283040,203085228,Uchuvchilar,Учувчилар,Учувчилар,Uchuvchilar,false
TK-283047,TK-283,1726283,1726283041,202808877,Oltin vodiy,Олтин водий,Олтин водий,Oltin vodiy,false
TK-283048,TK-283,1726283,1726283027,202880782,Qum-ariq,Қум-ариқ,Кумарик,Qum-ariq,false
TK-283049,TK-283,1726283,1726283043,202795089,Asrobod,Асробод,Асробод,Asrobod,false
TK-283050,TK-283,1726283,1726283044,202880807,Qo‘sh-qo‘rgon,Қўш-қўргон,Кошкоргон,Qósh-qórgon,false
TK-106-0114,TK-283,1726283,1726283014,202912052,Хontepa,Хонтепа,Хонтепа,Хontepa,false
TK-106-0103,TK-283,1726283,1726283037,303823524,Birdamlik,Бирдамлик,Бирдамлик,Birdamlik,false
TK-106-0109,TK-283,1726283,1726283042,202912194,Ko‘hna qumariq,Кўҳна қумариқ,Кухна Кумарик,Kóhna qumariq,false
TK-106-0080,TK-283,1726283,1726283023,202979673,Farog‘atli,Фароғатли,Фарогатли,Faroǵatli,false
TK-106-0108,TK-283,1726283,1726283033,202912234,Sultonobod,Султонобод,Султонобод,Sultonobod,false
TK-106-0098,TK-283,1726283,1726283006,207340303,Yangi bunyodobod,Янги бунёдобод,Янги Бунёдобод,Yangi bunyodobod,false
TK-106-0107,TK-283,1726283,1726283030,202912084,Kengmakon,Кенгмакон,Кенгмакон,Kengmakon,false
TK-106-0112,TK-283,1726283,1726283034,202912109,Izzatli,Иззатли,Иззатли,Izzatli,false
TK-106-0113,TK-283,1726283,1726283024,202912116,Eshonbuloq,Эшонбулоқ,Эшанбулак,Eshonbuloq,false
TK-106-0118,TK-283,1726283,1726283029,207186336,Ziyolilar,Зиёлилар,Зиёлилар,Ziyolilar,false
TK-106-0105,TK-283,1726283,1726283032,202912020,Qut-baraka,Қут-барака,Кут-барака,Qut-baraka,false
TK-106-0076,TK-283,1726283,1726283001,202814134,O‘zgarish,Ўзгариш,Узгариш,Ózgarish,false
TK-106-0111,TK-283,1726283,1726283026,202912069,Nomdanak,Номданак,Номданак,Nomdanak,false
TK-106-0110,TK-283,1726283,1726283035,202912124,Sadoqat,Садоқат,Садокат,Sadoqat,false
TK-106-0117,TK-283,1726283,1726283028,202912187,Xonobod tepa,Хонобод тепа,Хонобод Тепа,Xonobod tepa,false
TK-106-0106,TK-283,1726283,1726283025,202912037,Eski jaloyir,Эски жалойир,Эски Жалойир,Eski jaloyir,false
TK-106-0079,TK-283,1726283,1726283038,203028193,Halqobod,Ҳалқобод,Халкобод,Halqobod,false
TK-106-0070,TK-283,1726283,1726283045,202964265,Nog‘oy qo‘rgon,Ноғой қўргон,Ногой кургон,Noǵoy qórgon,false
TK-106-0078,TK-283,1726283,1726283002,202824881,Habibiy,Ҳабибий,Хабиби,Habibiy,false
TK-287001,TK-287,1726287,1726287016,202877452,Abdulla qahhor,Абдулла қаҳҳор,Абдулла Каххор,Abdulla qahhor,false
TK-287002,TK-287,1726287,1726287001,303865384,Armug‘on,Армуғон,Армугон,Armuǵon,false
TK-287003,TK-287,1726287,1726287011,202918867,Belariq,Белариқ,Беларик,Belariq,false
TK-287004,TK-287,1726287,1726287017,202679120,Bobur,Бобур,Бобур,Bobur,false
TK-287005,TK-287,1726287,1726287002,202713094,Boshliq,Бошлиқ,Бошлик,Boshliq,false
TK-287006,TK-287,1726287,1726287018,202926952,Bog‘saroy,Боғсарой,Богсарой,Boǵsaroy,false
TK-287007,TK-287,1726287,1726287019,202902183,Damariq,Дамариқ,Дам-Арик,Damariq,false
TK-287008,TK-287,1726287,1726287003,303865764,Dilbuloq,Дилбулоқ,Дилбулок,Dilbuloq,false
TK-287009,TK-287,1726287,0,,Konstitusiya,Конститусия,Конститусия,Konstitusiya,true
TK-287010,TK-287,1726287,1726287006,202902208,Meros,Мерос,Мерос,Meros,false
TK-287011,TK-287,1726287,1726287007,202718181,Muqimiy,Муқимий,Мукимий,Muqimiy,false
TK-287012,TK-287,1726287,1726287004,204755033,Muxandislar,Мухандислар,Мухандислар,Muxandislar,false
TK-287013,TK-287,1726287,1726287008,202918899,Rakat,Ракат,Ракат,Rakat,false
TK-287014,TK-287,1726287,1726287013,202904125,Rakatboshi,Ракатбоши,Ракатбоши,Rakatboshi,false
TK-287015,TK-287,1726287,1726287014,202918843,Tepa,Тепа,Тепа,Tepa,false
TK-287016,TK-287,1726287,1726287009,202887353,To‘qimachi,Тўқимачи,Тукимачи,Tóqimachi,false
TK-287017,TK-287,1726287,0,,Xamid sulaymon,Хамид сулаймон,Хамид сулаймон,Xamid sulaymon,true
TK-287018,TK-287,1726287,1726287021,303866082,Shohjahon,Шоҳжаҳон,Шохжахон,Shohjahon,false
TK-287019,TK-287,1726287,1726287015,202918850,Yunus rajabiy,Юнус ражабий,Юнус Ражабий,Yunus rajabiy,false
TK-287020,TK-287,1726287,1726287010,202892395,Yakkasaroy,Яккасарой,Яккасарой,Yakkasaroy,false
TK-287021,TK-287,1726287,1726287005,202679137,Qushbegi,Қушбеги,Кушбеги,Qushbegi,false
TK-105-0032,TK-287,1726287,1726287012,202763151,Konstitutsiya,Конституция,Конституция,Konstitutsiya,false
TK-105-0041,TK-287,1726287,1726287020,202918907,Hamid sulaymonov,Ҳамид сулаймонов,Хамид Сулаймонов,Hamid sulaymonov,false
TK-290001,TK-290,1726290,1726290035,202429960,Barkamol,Баркамол,Баркамол,Barkamol,false
TK-290002,TK-290,1726290,1726290018,203783206,Yashnobod,Яшнобод,Яшнабад,Yashnobod,false
TK-290003,TK-290,1726290,1726290019,202586847,Birlashgan,Бирлашган,Бирлашган,Birlashgan,false
TK-290004,TK-290,1726290,1726290020,202920336,Parvoz,Парвоз,Парвоз,Parvoz,false
TK-290005,TK-290,1726290,1726290036,202426783,Dilbog‘,Дилбоғ,Дилбог,Dilboǵ,false
TK-290006,TK-290,1726290,1726290021,202586768,Navro‘zobod,Наврўзобод,Наврузобод,Navrózobod,false
TK-290007,TK-290,1726290,1726290022,202904244,Aviasozlar,Авиасозлар,Авиасозлар,Aviasozlar,false
TK-290008,TK-290,1726290,1726290038,202586657,Asalobod,Асалобод,Асалобод,Asalobod,false
TK-290009,TK-290,1726290,1726290001,202920344,Iltifot,Илтифот,Илтифот,Iltifot,false
TK-290010,TK-290,1726290,1726290051,202586941,Katta qo‘yliq,Катта қўйлиқ,Катта Куйлик,Katta qóyliq,false
TK-290011,TK-290,1726290,1726290052,202586744,Mumtoz,Мумтоз,Мумтоз,Mumtoz,false
TK-290012,TK-290,1726290,1726290053,202586902,Qo‘yliqobod,Қўйлиқобод,Койликобод,Qóyliqobod,false
TK-290013,TK-290,1726290,1726290054,202460252,Uysozlar,Уйсозлар,Уйсозлар,Uysozlar,false
TK-290014,TK-290,1726290,1726290055,202586729,O‘rta masjid,Ўрта масжид,Урта масжид,Órta masjid,false
TK-290015,TK-290,1726290,0,,Iqbol,Иқбол,Иқбол,Iqbol,true
TK-290016,TK-290,1726290,1726290039,202586640,Bunyodkor,Бунёдкор,Бунёдкор,Bunyodkor,false
TK-290017,TK-290,1726290,1726290040,202460276,Yangi davr,Янги давр,Янги давр,Yangi davr,false
TK-290018,TK-290,1726290,1726290041,202526611,Jarqo‘rg‘on,Жарқўрғон,Жаркоргaн,Jarqórǵon,false
TK-290019,TK-290,1726290,1726290057,202586854,Yangiqo‘rg‘on,Янгиқўрғон,Янгикоргaн,Yangiqórǵon,false
TK-290020,TK-290,1726290,1726290058,202586672,Behizor,Беҳизор,Бехизор,Behizor,false
TK-290021,TK-290,1726290,1726290059,202586736,Shoximardon,Шохимардон,Шохимардон,Shoximardon,false
TK-290022,TK-290,1726290,1726290060,202586886,Nodira,Нодира,Нодира,Nodira,false
TK-290023,TK-290,1726290,1726290061,202586919,Shoxsanam,Шохсанам,Шохсанам,Shoxsanam,false
TK-290024,TK-290,1726290,1726290062,203726053,Oydinko‘l,Ойдинкўл,Ойдинкyл,Oydinkól,false
TK-290025,TK-290,1726290,1726290063,202586704,Yanginur,Янгинур,Янгинур,Yanginur,false
TK-290026,TK-290,1726290,1726290064,202586712,Donishmand,Донишманд,Донишманд,Donishmand,false
TK-290027,TK-290,1726290,1726290065,202586862,Tarnovboshi,Тарновбоши,Тарнов боши,Tarnovboshi,false
TK-290028,TK-290,1726290,1726290066,202586958,Katta yangiobod,Катта янгиобод,Катта Янгиобод,Katta yangiobod,false
TK-290029,TK-290,1726290,1726290042,202346930,Xosiyatli,Хосиятли,Хосиятли,Xosiyatli,false
TK-290030,TK-290,1726290,1726290023,202586894,Maxmur,Махмур,Махмур,Maxmur,false
TK-290031,TK-290,1726290,1726290024,202586808,Alimkent,Алимкент,Алимкент,Alimkent,false
TK-290032,TK-290,1726290,1726290043,202586926,Jo‘rabek,Жўрабек,Журабек,Jórabek,false
TK-290033,TK-290,1726290,1726290044,202586775,Besh bola,Беш бола,Беш бола,Besh bola,false
TK-290034,TK-290,1726290,1726290045,202586815,Axmad yassaviy,Ахмад яссавий,Ахмад Яссавий,Axmad yassaviy,false
TK-290035,TK-290,1726290,1726290046,202586823,Boysun,Бойсун,Бойсун,Boysun,false
TK-290036,TK-290,1726290,1726290047,202586790,Muxtor ashrafiy,Мухтор ашрафий,Мухтор Ашрафий,Muxtor ashrafiy,false
TK-290037,TK-290,1726290,0,,Ko‘ksaroy,Кўксарой,Кўксарой,Kóksaroy,true
TK-290038,TK-290,1726290,1726290048,202586783,Ma‘rifat,Маърифат,Маърифат,Ma‘rifat,false
TK-290039,TK-290,1726290,1726290049,205687480,Shirinobod,Ширинобод,Ширинобод,Shirinobod,false
TK-290040,TK-290,1726290,1726290026,202877555,To‘y tepa,Тўй тепа,Туйтепа,Tóy tepa,false
TK-290041,TK-290,1726290,1726290027,202950591,Semurg‘,Семурғ,Семург,Semurǵ,false
TK-290042,TK-290,1726290,1726290028,202586751,Cho‘lpon,Чўлпон,Чулпан,Chólpon,false
TK-290043,TK-290,1726290,1726290029,205927506,Fidoyilar,Фидойилар,Фидойилар,Fidoyilar,false
TK-290044,TK-290,1726290,1726290030,202586965,Boyqo‘rg‘on,Бойқўрғон,Бойкургон,Boyqórǵon,false
TK-290045,TK-290,1726290,1726290031,202586664,Mashinasozlar,Машинасозлар,Машинасозлар,Mashinasozlar,false
TK-290046,TK-290,1726290,1726290032,205872308,Istiqlol,Истиқлол,Истиклол,Istiqlol,false
TK-290047,TK-290,1726290,1726290033,202586934,Do‘stobod,Дўстобод,Дустобод,Dóstobod,false
TK-290048,TK-290,1726290,1726290002,203686563,Al buxoriy,Ал бухорий,Аль-Бухарий,Al buxoriy,false
TK-290049,TK-290,1726290,1726290003,202586879,Amir temur,Амир темур,Амир Темур,Amir temur,false
TK-290050,TK-290,1726290,1726290004,202586689,Vatandosh,Ватандош,Ватандош,Vatandosh,false
TK-290051,TK-290,1726290,1726290005,203693334,Tong,Тонг,Тонг,Tong,false
TK-290052,TK-290,1726290,1726290006,202457800,Moxinur,Мохинур,Мохинур,Moxinur,false
TK-290053,TK-290,1726290,1726290007,202512179,Tuzel,Тузел,Тузел,Tuzel,false
TK-290054,TK-290,1726290,1726290008,202912155,Go‘zal,Гўзал,Гузал,Gózal,false
TK-290055,TK-290,1726290,1726290009,202912148,Olmos,Олмос,Олмос,Olmos,false
TK-290056,TK-290,1726290,1726290037,303839226,Beshariq,Бешариқ,Бешарик,Beshariq,false
TK-290057,TK-290,1726290,1726290034,303839241,Fazogir,Фазогир,Фазогир,Fazogir,false
TK-290058,TK-290,1726290,1726290050,207293188,O‘qchi olmazor,Ўқчи олмазор,Укчи-Олмазор,Óqchi olmazor,false
TK-104-0159,TK-290,1726290,1726290012,207207119,Uchchinor,Уччинор,Уччинор,Uchchinor,false
TK-104-0158,TK-290,1726290,1726290010,203818326,Arg‘in,Арғин,Аргин,Arǵin,false
TK-104-0155,TK-290,1726290,1726290015,203818358,Bog‘bon,Боғбон,Богбон,Boǵbon,false
TK-104-0154,TK-290,1726290,1726290017,203818373,Tovkentepe,Товкентепа,Товкентепа,Tovkentepe,false
TK-104-0152,TK-290,1726290,1726290013,203594250,Jarboshi,Жарбоши,Жарбоши,Jarboshi,false
TK-104-0156,TK-290,1726290,1726290014,203818380,Mohirlar,Моҳирлар,Мохирлар,Mohirlar,false
TK-104-0160,TK-290,1726290,1726290067,310352997,Qalqon,Қалқон,Калкон,Qalqon,false
TK-104-0139,TK-290,1726290,1726290025,202586696,Qadriyat,Қадрият,Кадрият,Qadriyat,false
TK-104-0153,TK-290,1726290,1726290016,203818397,Tashisti,Ташисти,Ташисти,Tashisti,false
TK-104-0157,TK-290,1726290,1726290011,203818341,Xilol,Хилол,Хилол,Xilol,false
TK-104-0115,TK-290,1726290,1726290056,202586633,Yosh avlod,Ёш авлод,Ёш авлод,Yosh avlod,false
TK-292010,TK-292,1726292,1726292006,306630604,Yangi choshtepa,Янги чоштепа,Янги Чоштепа,Yangi choshtepa,false
TK-292012,TK-292,1726292,1726292024,202858222,Binokor,Бинокор,Бинокор,Binokor,false
TK-292015,TK-292,1726292,1726292002,207300423,Tashabbus,Ташаббус,Ташаббус,Tashabbus,false
TK-292016,TK-292,1726292,1726292005,207300430,Yangi umid,Янги умид,Янги умид,Yangi umid,false
TK-292017,TK-292,1726292,0,,Humo,Ҳумо,Ҳумо,Humo,true
TK-292025,TK-292,1726292,1726292008,202840720,Al fargoniy,Ал фаргоний,Ал-Фаргоний,Al fargoniy,false
TK-292026,TK-292,1726292,1726292009,303859605,Viqor,Виқор,Викор,Viqor,false
TK-292027,TK-292,1726292,0,,Yuldosh,Юлдош,Юлдош,Yuldosh,true
TK-292028,TK-292,1726292,1726292017,202984368,Yorkin xayot,Ёркин хаёт,Ёркин хаёт,Yorkin xayot,false
TK-292029,TK-292,1726292,1726292015,303854991,Chorbog‘,Чорбоғ,Чорбог,Chorboǵ,false
TK-292030,TK-292,1726292,1726292014,202966223,Charog‘on,Чароғон,Чарогон,Charoǵon,false
TK-292031,TK-292,1726292,1726292010,202845594,Do‘stlik,Дўстлик,Дустлик,Dóstlik,false
TK-292034,TK-292,1726292,1726292021,303934117,Olchazor,Олчазор,Олчазор,Olchazor,false
TK-292035,TK-292,1726292,1726292020,202805081,Navqiron,Навқирон,Навкирон,Navqiron,false
TK-292036,TK-292,1726292,1726292001,207326611,Oriyat,Орият,Орият,Oriyat,false
TK-292037,TK-292,1726292,1726292003,203115569,Choshtepa,Чоштепа,Чоштепа,Choshtepa,false
TK-292038,TK-292,1726292,1726292004,202912005,Yangi darxon,Янги дархон,Янги Дархон,Yangi darxon,false
TK-292039,TK-292,1726292,1726292007,207326604,Yangihayot,Янгиҳаёт,Янгихаёт,Yangihayot,false
TK-292040,TK-292,1726292,0,,Iqbol,Иқбол,Иқбол,Iqbol,true
TK-292041,TK-292,1726292,1726292012,203021228,Yo‘ldosh,Йўлдош,Йулдош,Yóldosh,false
TK-292042,TK-292,1726292,1726292013,308674904,Fayzli,Файзли,Файзли,Fayzli,false
TK-292043,TK-292,1726292,1726292016,207326643,Gulshanobod,Гулшанобод,Гулшанобод,Gulshanobod,false
TK-292044,TK-292,1726292,0,,Yorqinxayot,Ёрқинхаёт,Ёрқинхаёт,Yorqinxayot,true
TK-292045,TK-292,1726292,0,,Ibrat,Ибрат,Ибрат,Ibrat,true
TK-292046,TK-292,1726292,1726292019,207326628,Marxamat,Мархамат,Мархамат,Marxamat,false
TK-292047,TK-292,1726292,1726292022,207300447,Xumo,Хумо,Хумо,Xumo,false
TK-292048,TK-292,1726292,1726292023,207326595,Yangi turmush,Янги турмуш,Янги турмуш,Yangi turmush,false
TK-292049,TK-292,1726292,0,,Gulzor,Гулзор,Гулзор,Gulzor,true
TK-292050,TK-292,1726292,1726292026,207143974,Jaloir,Жалоир,Жалоир,Jaloir,false
TK-292051,TK-292,1726292,1726292027,202912170,Toshkent,Тошкент,Тошкент,Toshkent,false
TK-292052,TK-292,1726292,1726292028,207143982,Xo‘ja uchqun,Хўжа учқун,Хужа-Учкун,Xója uchqun,false
TK-292053,TK-292,1726292,1726292029,207339753,Xushnud,Хушнуд,Хушнуд,Xushnud,false
TK-292054,TK-292,1726292,1726292030,205100579,Chortoq,Чортоқ,Чорток,Chortoq,false
TK-112-0012,TK-292,1726292,1726292025,207161859,Yangi gulzor,Янги гулзор,Янги гулзор,Yangi gulzor,false
TK-112-0025,TK-292,1726292,1726292018,207339610,Zarbdor,Зарбдор,Зарбдор,Zarbdor,false
TK-112-0028,TK-292,1726292,1726292011,207340065,Mash‘al,Машъал,Машъал,Mash‘al,false
TK-294001,TK-294,1726294,1726294027,202721464,1-Qatortol,1-Қатортол,1-Катартол,1-Qatortol,false
TK-294002,TK-294,1726294,1726294042,202922207,2-Qatortol,2-Қатортол,2-Катартол,2-Qatortol,false
TK-294003,TK-294,1726294,1726294015,202905543,1-Charx kamolon,1-Чарх камолон,1-Чарх Камолон,1-Charx kamolon,false
TK-294004,TK-294,1726294,1726294016,201971266,2-Charx kamolon,2-Чарх камолон,2-Чарх Камолон,2-Charx kamolon,false
TK-294005,TK-294,1726294,1726294017,202382437,3-Charx kamolon,3-Чарх камолон,3-Чарх Камолон,3-Charx kamolon,false
TK-294006,TK-294,1726294,1726294001,202277788,Al-xorazmiy,Ал-хоразмий,Аль-Хорезми,Al-xorazmiy,false
TK-294007,TK-294,1726294,1726294002,206128312,Bahoriston,Баҳористон,Бахористон,Bahoriston,false
TK-294008,TK-294,1726294,1726294003,202479590,Bekto‘pi,Бектўпи,Бектопи,Bektópi,false
TK-294009,TK-294,1726294,1726294018,202432380,Beshyog‘och,Бешёғоч,Бешёгоч,Beshyoǵoch,false
TK-294010,TK-294,1726294,1726294004,202432405,Beshqo‘rg‘on,Бешқўрғон,Бешкоргaн,Beshqórǵon,false
TK-294011,TK-294,1726294,1726294029,205976913,Bog‘zor,Боғзор,Богзор,Boǵzor,false
TK-294012,TK-294,1726294,1726294043,202630104,Botirma,Ботирма,Ботирма,Botirma,false
TK-294013,TK-294,1726294,1726294044,202630095,Bo‘rijar,Бўрижар,Бурижар,Bórijar,false
TK-294014,TK-294,1726294,1726294005,202446774,Guliston,Гулистон,Гулистон,Guliston,false
TK-294015,TK-294,1726294,1726294046,204851524,Do‘mbirobod,Дўмбиробод,Домбиробод,Dómbirobod,false
TK-294016,TK-294,1726294,1726294030,205916504,Dilobod,Дилобод,Дилобод,Dilobod,false
TK-294017,TK-294,1726294,1726294048,202234571,Katta do‘mbirobod,Катта дўмбиробод,Катта Думбиробод,Katta dómbirobod,false
TK-294018,TK-294,1726294,1726294019,202437793,Katta qozirobod,Катта қозиробод,Катта Rозиробод,Katta qozirobod,false
TK-294019,TK-294,1726294,1726294021,202904157,Katta chilonzor-1,Катта чилонзор-1,Катта Чилонзор-1,Katta chilonzor-1,false
TK-294020,TK-294,1726294,1726294022,202434118,Katta chilonzor-2,Катта чилонзор-2,Катта Чилонзор-2,Katta chilonzor-2,false
TK-294021,TK-294,1726294,1726294023,202127768,Katta chilonzor-3,Катта чилонзор-3,Катта Чилонзор-3,Katta chilonzor-3,false
TK-294022,TK-294,1726294,1726294006,202440159,Katta xirmontepa,Катта хирмонтепа,Катта Xирмонтепа,Katta xirmontepa,false
TK-294023,TK-294,1726294,1726294049,204769735,Kichik xirmontepa,Кичик хирмонтепа,Кичик-хирмонтепа,Kichik xirmontepa,false
TK-294024,TK-294,1726294,1726294031,202630088,Ko‘tarma,Кўтарма,Кутарма,Kótarma,false
TK-294025,TK-294,1726294,1726294033,202302384,Lutfiy,Лутфий,Лутфий,Lutfiy,false
TK-294026,TK-294,1726294,1726294035,202630071,Nafosat,Нафосат,Нафосат,Nafosat,false
TK-294027,TK-294,1726294,1726294050,202922239,Mevazor,Мевазор,Мевазор,Mevazor,false
TK-294028,TK-294,1726294,1726294051,202630111,Mehrjon,Меҳржон,Мехржон,Mehrjon,false
TK-294029,TK-294,1726294,1726294034,202298801,Navbahor,Навбаҳор,Навбахор,Navbahor,false
TK-294030,TK-294,1726294,1726294052,202425698,Naqqoshlik,Наққошлик,Наккошлик,Naqqoshlik,false
TK-294031,TK-294,1726294,1726294024,202165064,Novza,Новза,Новза,Novza,false
TK-294032,TK-294,1726294,1726294047,202630032,Zarqo‘rg‘on,Зарқўрғон,Заркоргaн,Zarqórǵon,false
TK-294033,TK-294,1726294,1726294036,202429082,Oq-tepa,Оқ-тепа,Ок Тепа,Oq-tepa,false
TK-294034,TK-294,1726294,1726294032,202429107,Qatortol,Қатортол,Катортол,Qatortol,false
TK-294035,TK-294,1726294,1726294010,202897530,Xonto‘pi,Хонтўпи,Хонтопи,Xontópi,false
TK-294036,TK-294,1726294,1726294007,202205647,Tirsakobod,Тирсакобод,Тирсакобод,Tirsakobod,false
TK-294037,TK-294,1726294,0,,Hayrobod,Ҳайробод,Ҳайробод,Hayrobod,true
TK-294038,TK-294,1726294,1726294028,202630064,Beshchinor,Бешчинор,Бешчинор,Beshchinor,false
TK-294039,TK-294,1726294,1726294037,202630056,Xalqlar do‘stligi,Халқлар дўстлиги,Халклар дустлиги,Xalqlar dóstligi,false
TK-294040,TK-294,1726294,1726294009,202630128,Xirmontepa,Хирмонтепа,Хирмонтепа,Xirmontepa,false
TK-294041,TK-294,1726294,1726294025,202897547,Chilonzor,Чилонзор,Чилонзор,Chilonzor,false
TK-294042,TK-294,1726294,1726294038,202432413,Cho‘pon-ota,Чўпон-ота,Чупонота,Chópon-ota,false
TK-294043,TK-294,1726294,1726294012,202630150,Sharq,Шарқ,Шарк,Sharq,false
TK-294044,TK-294,1726294,1726294011,205841740,Sharaf,Шараф,Шараф,Sharaf,false
TK-294045,TK-294,1726294,1726294013,202429099,Sharq tongi,Шарқ тонги,Шарк тонги,Sharq tongi,false
TK-294046,TK-294,1726294,1726294054,202912930,Yakkabog‘,Яккабоғ,Яккабог,Yakkaboǵ,false
TK-294047,TK-294,1726294,1726294055,202630135,Yakkatut,Яккатут,Яккатут,Yakkatut,false
TK-294048,TK-294,1726294,1726294020,202446782,Katta olmazor,Катта олмазор,Катта Олмазор,Katta olmazor,false
TK-294049,TK-294,1726294,1726294045,303779515,Gavhar,Гавҳар,Гавхар,Gavhar,false
TK-294050,TK-294,1726294,1726294053,303774055,Fidokor,Фидокор,Фидокор,Fidokor,false
TK-294051,TK-294,1726294,1726294014,303774245,Shuxrat,Шухрат,Шухрат,Shuxrat,false
TK-103-0136,TK-294,1726294,1726294039,309258408,Diyor,Диёр,Диёр,Diyor,false
TK-103-0138,TK-294,1726294,1726294026,309276433,Qozirobod,Қозиробод,Козиробод,Qozirobod,false
TK-103-0139,TK-294,1726294,1726294040,309255751,Ko‘rkam,Кўркам,Коркам,Kórkam,false
TK-103-0137,TK-294,1726294,1726294041,309256236,Katta navbahor,Катта навбаҳор,Катта Навбахор,Katta navbahor,false
TK-103-0123,TK-294,1726294,1726294008,202437785,Hayrabod,Ҳайрабод,Хайрабод,Hayrabod,false
TO-206001,TO-206,1727206,0,,Qaxramon,Қахрамон,Қахрамон,Qaxramon,true
TO-206002,TO-206,1727206,1727206002,302866574,Qo‘rg‘ontepa,Қўрғонтепа,Кургонтепа,Qórǵontepa,false
TO-206003,TO-206,1727206,1727206003,200568704,Zarbdor,Зарбдор,Зарбдор,Zarbdor,false
TO-206004,TO-206,1727206,1727206004,302866581,Zarafshon,Зарафшон,Зарафшон,Zarafshon,false
TO-206005,TO-206,1727206,1727206005,302866653,Navro‘z,Наврўз,Навруз,Navróz,false
TO-206006,TO-206,1727206,1727206006,302866660,Guliston,Гулистон,Гулистон,Guliston,false
TO-206007,TO-206,1727206,1727206007,302866692,Yoshlik,Ёшлик,Ёшлик,Yoshlik,false
TO-206008,TO-206,1727206,1727206008,302866638,Suvti,Сувти,Сувти,Suvti,false
TO-206009,TO-206,1727206,1727206009,302866534,Xonobod,Хонобод,Хонобод,Xonobod,false
TO-206010,TO-206,1727206,1727206010,207059667,Tolovul,Толовул,Толовул,Tolovul,false
TO-206011,TO-206,1727206,1727206011,302866115,Sultonobod,Султонобод,Султонобод,Sultonobod,false
TO-206012,TO-206,1727206,1727206012,302866108,Qo‘shtepa,Қўштепа,Куштепа,Qóshtepa,false
TO-206013,TO-206,1727206,0,,X.Olimjon,Х.олимжон,Х.олимжон,X.Olimjon,true
TO-206014,TO-206,1727206,0,,Jag‘olboyli,Жағолбойли,Жағолбойли,Jaǵolboyli,true
TO-206015,TO-206,1727206,1727206015,302866614,Qushtamg‘ali,Қуштамғали,Куштамгали,Qushtamǵali,false
TO-206016,TO-206,1727206,1727206016,207062561,Qo‘rg‘oncha,Қўрғонча,Кургонча,Qórǵoncha,false
TO-206017,TO-206,1727206,1727206017,200568553,Eltamg‘ali,Елтамғали,Элтамгали,Eltamǵali,false
TO-206018,TO-206,1727206,1727206018,302866700,Tortuvli,Тортувли,Тортувли,Tortuvli,false
TO-206019,TO-206,1727206,0,,Boyg‘o‘li,Бойғўли,Бойғўли,Boyǵóli,true
TO-206020,TO-206,1727206,1727206020,302866147,Xalqobod,Халқобод,Халкобод,Xalqobod,false
TO-206021,TO-206,1727206,1727206021,302866130,Madaniyat,Маданият,Маданият,Madaniyat,false
TO-206022,TO-206,1727206,1727206022,206997823,Xamzaobod,Хамзаобод,хамзаобод,Xamzaobod,false
TO-206023,TO-206,1727206,1727206023,302866179,Navbaxor,Навбахор,Навбахор,Navbaxor,false
TO-206024,TO-206,1727206,1727206024,302866186,Xosildor,Хосилдор,хосилдор,Xosildor,false
TO-206025,TO-206,1727206,1727206025,202926779,Usta normat,Уста нормат,Уста Нормат,Usta normat,false
TO-206026,TO-206,1727206,1727206026,202926747,Mustaqillik,Мустақиллик,Мустакиллик,Mustaqillik,false
TO-206027,TO-206,1727206,1727206027,202926708,Birlik,Бирлик,Бирлик,Birlik,false
TO-206028,TO-206,1727206,0,,S.Raximov,С.рахимов,С.рахимов,S.Raximov,true
TO-206029,TO-206,1727206,0,,S.Segizboev,С.сегизбоев,С.сегизбоев,S.Segizboev,true
TO-11070003,TO-206,1727206,1727206019,207064155,Boyg‘uli,Бойгули,Бойгули,Boyǵuli,false
TO-11070019,TO-206,1727206,1727206028,202926723,Sobir rahimov,Собир рахимов,Собир Рахимов,Sobir rahimov,false
TO-11070010,TO-206,1727206,1727206001,302866717,Qahramon,Қаҳрамон,Кахрамон,Qahramon,false
TO-11070006,TO-206,1727206,1727206014,207061469,Jag‘alboyli,Жағалбойли,Жагалбойли,Jaǵalboyli,false
TO-11070009,TO-206,1727206,1727206029,202926730,Sulton segizboev,Султон сегизбоев,Султон Сегизбоев,Sulton segizboev,false
TO-11070025,TO-206,1727206,1727206013,302866123,Hamid olimjon,Ҳамид олимжон,хамид Олимжон,Hamid olimjon,false
TO-212001,TO-212,1727212,1727212001,206997729,Yangi hayot,Янги ҳаёт,Янги Хаёт,Yangi hayot,false
TO-212002,TO-212,1727212,1727212002,207211558,Gulobod,Гулобод,Гулобод,Gulobod,false
TO-212003,TO-212,1727212,1727212003,207209907,Shodmalik,Шодмалик,Шодмалик,Shodmalik,false
TO-212004,TO-212,1727212,1727212004,203252977,G‘allaquduq,Ғаллақудуқ,Галла-кудук,Ǵallaquduq,false
TO-212005,TO-212,1727212,1727212005,207209029,Oybuloq,Ойбулоқ,Ойбулок,Oybuloq,false
TO-212006,TO-212,1727212,1727212006,207201356,Eyvalek,Ейвалек,Ейвалек,Eyvalek,false
TO-212007,TO-212,1727212,1727212008,207211827,Ubayd,Убайд,Убайд,Ubayd,false
TO-212008,TO-212,1727212,0,,Yangabod,Янгабод,Янгабод,Yangabod,true
TO-212009,TO-212,1727212,1727212011,207209051,Quyun,Қуюн,куюн,Quyun,false
TO-212010,TO-212,1727212,1727212012,204009026,Qiziloy,Қизилой,Кизилой,Qiziloy,false
TO-212011,TO-212,1727212,1727212013,207209376,Telov,Телов,Телов,Telov,false
TO-212012,TO-212,1727212,1727212014,207209075,Toshariq,Тошариқ,Тошарик,Toshariq,false
TO-212013,TO-212,1727212,1727212015,207209044,Shovg‘oz,Шовғоз,Шовгуз,Shovǵoz,false
TO-212014,TO-212,1727212,1727212018,204034487,Sanam,Санам,Санам,Sanam,false
TO-212015,TO-212,1727212,1727212019,203943891,Go‘shsoy,Гўшсой,Гушсой,Góshsoy,false
TO-212016,TO-212,1727212,1727212020,207204225,Chuvildoq,Чувилдоқ,Чувилдок,Chuvildoq,false
TO-212017,TO-212,1727212,1727212021,207204218,Qorasuvyoqa,Қорасувёқа,Корасувёка,Qorasuvyoqa,false
TO-212018,TO-212,1727212,1727212022,207201324,Susam,Сусам,Сусам,Susam,false
TO-212019,TO-212,1727212,1727212023,207201349,Ilg‘or,Илғор,Илгор,Ilǵor,false
TO-212020,TO-212,1727212,1727212024,207209012,Chinor,Чинор,Чинор,Chinor,false
TO-212021,TO-212,1727212,1727212025,207209899,Chetsuv,Чецув,Четсув,Chetsuv,false
TO-212022,TO-212,1727212,1727212026,204221753,Ko‘ksaroy,Кўксарой,Куксарой,Kóksaroy,false
TO-212023,TO-212,1727212,1727212027,207209384,Ungut,Унгут,Унгут,Ungut,false
TO-212024,TO-212,1727212,0,,O‘zbekiston,Ўзбекистон,Ўзбекистон,Ózbekiston,true
TO-212025,TO-212,1727212,1727212029,203943884,Tut,Тут,Тут,Tut,false
TO-212026,TO-212,1727212,1727212030,207201332,Yalpoqtepa,Ялпоқтепа,Ялпоктепа,Yalpoqtepa,false
TO-212027,TO-212,1727212,1727212031,207067128,Yonariq,Ёнариқ,Ёнарик,Yonariq,false
TO-212028,TO-212,1727212,0,,Markaziy qo‘rg‘on,Марказий қўрғон,Марказий қўрғон,Markaziy qórǵon,true
TO-212029,TO-212,1727212,1727212034,207210599,Alisher,Алишер,Алишер,Alisher,false
TO-11080011,TO-212,1727212,1727212032,207209036,Uvak,Увак,Увак,Uvak,false
TO-11080031,TO-212,1727212,1727212009,202875946,Nurobod,Нуробод,Нуробод,Nurobod,false
TO-11080030,TO-212,1727212,1727212010,207209068,Yangiobod,Янгиобод,Янгиобод,Yangiobod,false
TO-11080033,TO-212,1727212,1727212033,308896984,Qorakhtoy,Қорахтой,Корахтой,Qorakhtoy,false
TO-11080034,TO-212,1727212,1727212016,308894623,Ovjazsoy,Овжазсой,Овжазсой,Ovjazsoy,false
TO-220001,TO-220,1727220,0,,Qora qo‘yli,Қора қўйли,Қора қўйли,Qora qóyli,true
TO-220002,TO-220,1727220,1727220008,203122670,Savrak,Саврак,Саврак,Savrak,false
TO-220003,TO-220,1727220,1727220005,203115670,Qolg‘onsir,Қолғонсир,Колгонсир,Qolǵonsir,false
TO-220004,TO-220,1727220,1727220001,204107030,Birdamlik,Бирдамлик,Бирдамлик,Birdamlik,false
TO-220005,TO-220,1727220,1727220002,202989606,Dehqonobod,Деҳқонобод,Дехконобод,Dehqonobod,false
TO-220006,TO-220,1727220,1727220007,203073091,Paxtakor,Пахтакор,Пахтакор,Paxtakor,false
TO-220007,TO-220,1727220,1727220003,206653981,Yoshlik-2,Ёшлик-2,Ёшлик-2,Yoshlik-2,false
TO-220008,TO-220,1727220,1727220004,202815624,Istiqlol,Истиқлол,Истиклол,Istiqlol,false
TO-220009,TO-220,1727220,1727220009,207285466,Yangi hayot,Янги ҳаёт,Янги хаёт,Yangi hayot,false
TO-220010,TO-220,1727220,1727220012,202846435,Bunyodkor,Бунёдкор,Бунёдкор,Bunyodkor,false
TO-220011,TO-220,1727220,1727220016,202836083,Qushchi,Қушчи,Кушчи,Qushchi,false
TO-220012,TO-220,1727220,1727220018,202846450,Oq-tepa,Оқ-тепа,Ок-Тепа,Oq-tepa,false
TO-220013,TO-220,1727220,1727220022,202846443,O‘zbekobod,Ўзбекобод,узбекобод,Ózbekobod,false
TO-220014,TO-220,1727220,1727220023,202836090,Xamza,Хамза,Хамза,Xamza,false
TO-220015,TO-220,1727220,1727220025,203115655,Yangibozor,Янгибозор,Янгибозор,Yangibozor,false
TO-220016,TO-220,1727220,1727220010,203115648,Bobur mirzo,Бобур мирзо,Бобур Мирзо,Bobur mirzo,false
TO-220017,TO-220,1727220,1727220014,307815886,Dalvarzin,Далварзин,Далварзин,Dalvarzin,false
TO-220018,TO-220,1727220,1727220019,203115663,Oltin vodiy,Олтин водий,Олтин водий,Oltin vodiy,false
TO-220019,TO-220,1727220,1727220011,202857556,Bog‘ishamol,Боғишамол,Богишамол,Boǵishamol,false
TO-220020,TO-220,1727220,1727220015,203161727,Ziyoli,Зиёли,Зиёли,Ziyoli,false
TO-220021,TO-220,1727220,1727220013,202815631,Guliston,Гулистон,Гулистон,Guliston,false
TO-220022,TO-220,1727220,1727220024,302958696,Xonobod,Хонобод,Хонобод,Xonobod,false
TO-220023,TO-220,1727220,1727220021,202849724,Pastki kerayit,Пастки керайит,Пастки керайит,Pastki kerayit,false
TO-220024,TO-220,1727220,1727220020,202849716,Parchayuz,Парчаюз,Парчаюз,Parchayuz,false
TO-220025,TO-220,1727220,1727220046,202836068,Yangi ovul,Янги овул,Янги овул,Yangi ovul,false
TO-220026,TO-220,1727220,1727220035,202836044,Qushtamg‘ali,Қуштамғали,Куштамгали,Qushtamǵali,false
TO-220027,TO-220,1727220,1727220045,202857588,Shova,Шова,Шова,Shova,false
TO-220028,TO-220,1727220,1727220033,202857571,Qo‘qoni,Қўқони,кукони,Qóqoni,false
TO-220029,TO-220,1727220,1727220038,203063603,Nayman,Найман,Найман,Nayman,false
TO-220030,TO-220,1727220,1727220043,202852319,Uyas,Уяс,Уяс,Uyas,false
TO-220031,TO-220,1727220,1727220026,202966928,Achamayli,Ачамайли,Ачамайли,Achamayli,false
TO-220032,TO-220,1727220,1727220029,202836029,Yoshlik,Ёшлик,Ёшлик,Yoshlik,false
TO-220033,TO-220,1727220,1727220044,202836051,Xos,Хос,Хос,Xos,false
TO-220034,TO-220,1727220,1727220039,202852326,Taqachi,Тақачи,Такачи,Taqachi,false
TO-220035,TO-220,1727220,1727220031,307816236,Istiqbol,Истиқбол,Истикбол,Istiqbol,false
TO-220036,TO-220,1727220,1727220042,202821364,O‘rikzor,Ўрикзор,Урикзор,Órikzor,false
TO-220037,TO-220,1727220,1727220028,202821371,Do‘stlik,Дўстлик,Дустлик,Dóstlik,false
TO-220038,TO-220,1727220,1727220041,202821356,O‘zbekiston,Ўзбекистон,узбекистон,Ózbekiston,false
TO-220039,TO-220,1727220,1727220030,202836036,Ilg‘or,Илғор,Илгор,Ilǵor,false
TO-220040,TO-220,1727220,0,,Ko‘rg‘on,Кўрғон,Кўрғон,Kórǵon,true
TO-220041,TO-220,1727220,1727220032,203028272,Isfara,Исфара,Исфара,Isfara,false
TO-220042,TO-220,1727220,0,,Mallavoy,Маллавой,Маллавой,Mallavoy,true
TO-220043,TO-220,1727220,1727220037,202845230,Nazarboy,Назарбой,Назарбой,Nazarboy,false
TO-220044,TO-220,1727220,1727220040,206584847,Terakzor,Теракзор,Теракзор,Terakzor,false
TO-220045,TO-220,1727220,1727220027,207152544,Gulzor,Гулзор,Гулзор,Gulzor,false
TO-220046,TO-220,1727220,1727220051,203111843,Farxod,Фарход,Фарход,Farxod,false
TO-220047,TO-220,1727220,1727220047,204518359,Beshyuz,Бешюз,Бешюз,Beshyuz,false
TO-220048,TO-220,1727220,1727220049,202877904,Saryuz,Сарюз,Сарюз,Saryuz,false
TO-220049,TO-220,1727220,1727220050,302958736,Turon,Турон,Турон,Turon,false
TO-220050,TO-220,1727220,1727220048,202815616,Bo‘ston,Бўстон,Бустон,Bóston,false
TO-11010025,TO-220,1727220,1727220034,202836075,Qo‘rg‘on,Қўрғон,кургон,Qórǵon,false
TO-11010026,TO-220,1727220,1727220036,202846467,Mallaboy,Маллабой,Маллабой,Mallaboy,false
TO-11010027,TO-220,1727220,1727220017,307974721,Mustaqillik,Мустақиллик,Мустакиллик,Mustaqillik,false
TO-11010021,TO-220,1727220,1727220006,203122687,Qora-quyli,Қора-қуйли,Кора-куйли,Qora-quyli,false
TO-224001,TO-224,1727224,0,,Gulobod,Гулобод,Гулобод,Gulobod,true
TO-224002,TO-224,1727224,0,,Alg‘abas,Алғабас,Алғабас,Alǵabas,true
TO-224003,TO-224,1727224,1727224004,303199708,Qoraboy,Қорабой,Корабой,Qoraboy,false
TO-224004,TO-224,1727224,1727224001,304965268,Boyterak,Бойтерак,Бойтерак,Boyterak,false
TO-224005,TO-224,1727224,1727224006,303187785,Qo‘shqo‘rg‘on,Қўшқўрғон,Кушкургон,Qóshqórǵon,false
TO-224006,TO-224,1727224,1727224005,304965624,Xo‘ja,Хўжа,Хoжаобод,Xója,false
TO-224007,TO-224,1727224,1727224007,303192639,Aydarali,Айдарали,Айдарали,Aydarali,false
TO-224008,TO-224,1727224,0,,Achchisay,Аччисай,Аччисай,Achchisay,true
TO-224009,TO-224,1727224,1727224009,303485154,Uyenkulsay,Уенкулсай,Уйенкулсай,Uyenkulsay,false
TO-224010,TO-224,1727224,1727224010,306172573,Baymurzaev,Баймурзаев,Баймурзаев,Baymurzaev,false
TO-224011,TO-224,1727224,1727224011,303363646,Qoramozor,Қорамозор,Корамозор,Qoramozor,false
TO-224012,TO-224,1727224,0,,Sari-kanli,Сари-канли,Сари-канли,Sari-kanli,true
TO-224013,TO-224,1727224,1727224012,306171550,Dumaloq,Думалоқ,Думалок,Dumaloq,false
TO-224014,TO-224,1727224,1727224014,202941999,Daxana,Дахана,Дахана,Daxana,false
TO-224015,TO-224,1727224,1727224015,202953445,Navro‘z,Наврўз,Навруз,Navróz,false
TO-224016,TO-224,1727224,1727224016,303267725,Birlik,Бирлик,Бирлик,Birlik,false
TO-224017,TO-224,1727224,1727224017,303267733,Kichiksoy,Кичиксой,Кичиксой,Kichiksoy,false
TO-224018,TO-224,1727224,1727224019,303485201,Chimboyliq,Чимбойлиқ,Чимбойлик,Chimboyliq,false
TO-224019,TO-224,1727224,1727224018,305052754,Qizil-suv,Қизил-сув,Кизил-сув,Qizil-suv,false
TO-224020,TO-224,1727224,1727224021,207292237,G‘azalkent,Ғазалкент,Газалкент,Ǵazalkent,false
TO-224021,TO-224,1727224,0,,Namuna,Намуна,Намуна,Namuna,true
TO-224022,TO-224,1727224,1727224022,303485139,S.Raximov,С.рахимов,С.Рахимов,S.Raximov,false
TO-224023,TO-224,1727224,1727224023,303209391,Xo‘jakent,Хўжакент,Хужакент,Xójakent,false
TO-224024,TO-224,1727224,1727224024,303209369,Qoronqul,Қоронқул,Коронкул,Qoronqul,false
TO-224025,TO-224,1727224,0,,Xumsan,Хумсан,Хумсан,Xumsan,true
TO-224026,TO-224,1727224,1727224026,207292180,Ugam,Угам,Угам,Ugam,false
TO-224027,TO-224,1727224,1727224027,303209692,Chinor,Чинор,Чинор,Chinor,false
TO-224028,TO-224,1727224,0,,Qapal,Қапал,Қапал,Qapal,true
TO-224029,TO-224,1727224,1727224030,202997969,Bo‘ston,Бўстон,Бостон,Bóston,false
TO-224030,TO-224,1727224,1727224029,202953477,Markaziy,Марказий,Марказий,Markaziy,false
TO-224031,TO-224,1727224,1727224032,303187801,Bunyodkor,Бунёдкор,Бунёдкор,Bunyodkor,false
TO-224032,TO-224,1727224,1727224033,303187793,Tolebi,Толеби,Толеби,Tolebi,false
TO-224033,TO-224,1727224,1727224031,305393734,Obod,Обод,Обод,Obod,false
TO-224034,TO-224,1727224,0,,Talpin,Талпин,Талпин,Talpin,true
TO-224035,TO-224,1727224,1727224036,303192646,Pargos,Паргос,Паргос,Pargos,false
TO-224036,TO-224,1727224,1727224034,304974914,Bog‘cha-ovul,Боғча-овул,Богча овул,Boǵcha-ovul,false
TO-224037,TO-224,1727224,1727224038,303209660,Tovoqsoy,Товоқсой,Товоксой,Tovoqsoy,false
TO-224038,TO-224,1727224,1727224039,303209559,Iskandar,Искандар,Искандар,Iskandar,false
TO-224039,TO-224,1727224,1727224037,305052651,Yoshlik,Ёшлик,Ёшлик,Yoshlik,false
TO-224040,TO-224,1727224,1727224040,303209621,Barraj,Барраж,Барраж,Barraj,false
TO-224041,TO-224,1727224,1727224041,303267740,S. xondoyliqiy,С. хондойлиқий,С.Хондойлики,S. xondoyliqiy,false
TO-224042,TO-224,1727224,1727224042,303267757,Ko‘kto‘nli,Кўктўнли,Куктунли,Kóktónli,false
TO-224043,TO-224,1727224,1727224043,202926675,Istiqlol,Истиқлол,Истиклол,Istiqlol,false
TO-224044,TO-224,1727224,1727224044,305052596,Chimgan,Чимган,Чимган,Chimgan,false
TO-224045,TO-224,1727224,0,,Sarbog,Сарбог,Сарбог,Sarbog,true
TO-224046,TO-224,1727224,0,,Burchmullo,Бурчмулло,Бурчмулло,Burchmullo,true
TO-224047,TO-224,1727224,1727224047,303363456,Yakkatut,Яккатут,Яккатут,Yakkatut,false
TO-224048,TO-224,1727224,1727224048,303363464,Novobod,Новобод,Новобод,Novobod,false
TO-224049,TO-224,1727224,1727224049,207292173,Yangiqo‘rg‘on,Янгиқўрғон,Янгикургон,Yangiqórǵon,false
TO-224050,TO-224,1727224,1727224050,305484390,Bog‘iston,Боғистон,Богистон,Boǵiston,false
TO-224051,TO-224,1727224,1727224051,303187746,Boladala,Боладала,Болодала,Boladala,false
TO-224052,TO-224,1727224,1727224052,305484351,Nanay,Нанай,Нанай,Nanay,false
TO-224053,TO-224,1727224,1727224053,303209653,Uzun,Узун,Узун,Uzun,false
TO-224054,TO-224,1727224,0,,Dadaboev,Дадабоев,Дадабоев,Dadaboev,true
TO-224055,TO-224,1727224,1727224055,303485240,Pskom,Пском,Пском,Pskom,false
TO-224056,TO-224,1727224,0,,Nurchilar,Нурчилар,Нурчилар,Nurchilar,true
TO-224057,TO-224,1727224,1727224058,303363400,Besh-tut,Беш-тут,Беш-тут,Besh-tut,false
TO-224058,TO-224,1727224,1727224056,304965552,Do‘stlik,Дўстлик,Достлик,Dóstlik,false
TO-224059,TO-224,1727224,1727224059,202953438,Ma‘rifat,Маърифат,Маърифат,Ma‘rifat,false
TO-11030041,TO-224,1727224,1727224060,303363654,Sijjak,Сижжак,Сижжак,Sijjak,false
TO-11030054,TO-224,1727224,1727224025,303210528,Xumson,Хумсон,Хумсон,Xumson,false
TO-11030052,TO-224,1727224,1727224057,303363424,Fazog‘ir,Фазогир,Фазогир,Fazoǵir,false
TO-11030042,TO-224,1727224,1727224013,303363360,Sari-kangli,Сари-кангли,Сари-кангли,Sari-kangli,false
TO-11030002,TO-224,1727224,1727224003,303185947,Qoramanas,Қораманас,Кораманас,Qoramanas,false
TO-11030003,TO-224,1727224,1727224008,303485185,Achisay,Ачисай,Ачисай,Achisay,false
TO-11030045,TO-224,1727224,1727224054,305052865,T.dadaboev,Т.дадабоев,Т.Дадабоев,T.dadaboev,false
TO-11030013,TO-224,1727224,1727224046,303485178,Burchmulla,Бурчмулла,Бурчмулла,Burchmulla,false
TO-228001,TO-228,1727228,0,,Guliston,Гулистон,Гулистон,Guliston,true
TO-228002,TO-228,1727228,1727228002,202678597,Do‘stlik,Дўстлик,Достлик,Dóstlik,false
TO-228003,TO-228,1727228,1727228003,202678580,Madaniyat,Маданият,Маданият,Madaniyat,false
TO-228004,TO-228,1727228,1727228004,202678620,Navro‘z,Наврўз,Навроз,Navróz,false
TO-228005,TO-228,1727228,1727228005,202678613,Toshloq,Тошлоқ,Тошлок,Toshloq,false
TO-228006,TO-228,1727228,1727228006,202678573,O‘zbek,Ўзбек,Озбек,Ózbek,false
TO-228007,TO-228,1727228,0,,Yangi hayot,Янги ҳаёт,Янги ҳаёт,Yangi hayot,true
TO-228008,TO-228,1727228,1727228008,202664171,Bunyodkor,Бунёдкор,Бунёдкор,Bunyodkor,false
TO-228009,TO-228,1727228,1727228037,202678541,Bo‘ston,Бўстон,Бостон,Bóston,false
TO-228010,TO-228,1727228,1727228038,202678558,Cho‘lobod,Чўлобод,Чулобод,Chólobod,false
TO-228011,TO-228,1727228,0,,Buka,Бука,Бука,Buka,true
TO-228012,TO-228,1727228,1727228014,202678462,Oltish,Олтиш,Олтиш,Oltish,false
TO-228013,TO-228,1727228,1727228009,202678454,Jagalbayli,Жагалбайли,Жагалбайли,Jagalbayli,false
TO-228014,TO-228,1727228,1727228025,202678479,Korakuduk,Коракудук,Кора кудук,Korakuduk,false
TO-228015,TO-228,1727228,1727228040,202678423,Ko‘korol,Кўкорол,Кук орол,Kókorol,false
TO-228016,TO-228,1727228,1727228041,202678430,Jo‘raobod,Жўраобод,Жураобод,Jóraobod,false
TO-228017,TO-228,1727228,1727228044,202678447,Baxmal,Бахмал,Бахмал,Baxmal,false
TO-228018,TO-228,1727228,1727228015,202678289,Kiyikchi,Кийикчи,Кийикчи,Kiyikchi,false
TO-228019,TO-228,1727228,1727228016,202678415,Qo‘ldoshtepa,Қўлдоштепа,Кулдоштепа,Qóldoshtepa,false
TO-228020,TO-228,1727228,0,,Ramodon,Рамодон,Рамодон,Ramodon,true
TO-228021,TO-228,1727228,1727228026,202678534,Rovot,Ровот,Ровот,Rovot,false
TO-228022,TO-228,1727228,1727228027,204428178,Novobod,Новобод,Новобод,Novobod,false
TO-228023,TO-228,1727228,1727228028,202678526,Urta-tepa,Урта-тепа,Урта-тепа,Urta-tepa,false
TO-228024,TO-228,1727228,1727228029,202678519,Katta rovot,Катта ровот,Катта Ровот,Katta rovot,false
TO-228025,TO-228,1727228,1727228030,202678368,Korakuyli,Коракуйли,Коракуйли,Korakuyli,false
TO-228026,TO-228,1727228,1727228031,202678375,Beshkapa,Бешкапа,Бешкапа,Beshkapa,false
TO-228027,TO-228,1727228,1727228032,202678408,Dashtobod,Даштобод,Даштобод,Dashtobod,false
TO-228028,TO-228,1727228,0,,Achamayli fayz baraka,Ачамайли файз барака,Ачамайли файз барака,Achamayli fayz baraka,true
TO-228029,TO-228,1727228,0,,Ibrat,Ибрат,Ибрат,Ibrat,true
TO-228030,TO-228,1727228,1727228035,202678390,Achamayli,Ачамайли,Ачамайли,Achamayli,false
TO-228031,TO-228,1727228,0,,Xujaqo‘rgon,Хужақўргон,Хужақўргон,Xujaqórgon,true
TO-228032,TO-228,1727228,1727228024,202678304,Yangiqo‘rgon,Янгиқўргон,Янгикургон,Yangiqórgon,false
TO-228033,TO-228,1727228,0,,Ko‘chkorso‘ygan,Кўчкорсўйган,Кўчкорсўйган,Kóchkorsóygan,true
TO-228034,TO-228,1727228,1727228019,202678312,Yangiobod,Янгиобод,Янгиобод,Yangiobod,false
TO-228035,TO-228,1727228,0,,Kuldirok,Кулдирок,Кулдирок,Kuldirok,true
TO-228036,TO-228,1727228,1727228021,202678486,Mirzabek,Мирзабек,Мирзабек,Mirzabek,false
TO-228037,TO-228,1727228,1727228010,202678494,Samarkand,Самарканд,Самарканд,Samarkand,false
TO-228038,TO-228,1727228,1727228011,202678502,Chavlisoy,Чавлисой,Чавлисой,Chavlisoy,false
TO-228039,TO-228,1727228,1727228012,202678329,Parkent,Паркент,Паркент,Parkent,false
TO-228040,TO-228,1727228,1727228036,304955446,Istiqlol,Истиқлол,Истиклол,Istiqlol,false
TO-228041,TO-228,1727228,1727228013,207311021,Moytepa,Мойтепа,Мойтепа,Moytepa,false
TO-228042,TO-228,1727228,0,,Yangibog‘,Янгибоғ,Янгибоғ,Yangiboǵ,true
TO-11020031,TO-228,1727228,1727228017,206918469,Ramadon,Рамадон,Рамадон,Ramadon,false
TO-11020019,TO-228,1727228,1727228018,202678344,Qo‘chqorsoygan,Қўчқорсўйган,Кучкорсуйган,Qóchqorsoygan,false
TO-11020039,TO-228,1727228,1727228007,202678637,Yangixayot,Янгихаёт,Янгихаёт,Yangixayot,false
TO-11020020,TO-228,1727228,1727228020,202678351,Qulduroq,Қулдуроқ,Кулдурок,Qulduroq,false
TO-11020005,TO-228,1727228,1727228039,202678565,Bo‘ka,Бўка,Бока,Bóka,false
TO-11020036,TO-228,1727228,1727228023,202678336,Xo‘jaqo‘rg‘on,Хўжақўрғон,Хужакургон,Xójaqórǵon,false
TO-233001,TO-233,1727233,0,,To‘qboy,Тўқбой,Тўқбой,Tóqboy,true
TO-233002,TO-233,1727233,0,,Baliqchi,Балиқчи,Балиқчи,Baliqchi,true
TO-233003,TO-233,1727233,1727233003,207255376,Abay,Абай,Абай,Abay,false
TO-233004,TO-233,1727233,1727233004,202726473,Gul,Гул,Гул,Gul,false
TO-233005,TO-233,1727233,1727233005,202878166,Yulduz,Юлдуз,Юлдуз,Yulduz,false
TO-233006,TO-233,1727233,1727233006,207255409,O‘jakent,Ўжакент,Ожакент,Ójakent,false
TO-233007,TO-233,1727233,1727233007,202878103,Paxtachi,Пахтачи,Пахтачи,Paxtachi,false
TO-233008,TO-233,1727233,1727233008,202878094,Do‘stlik-1,Дўстлик-1,Дустлик-1,Dóstlik-1,false
TO-233009,TO-233,1727233,1727233009,207255369,Jumagul,Жумагул,Жумагул,Jumagul,false
TO-233010,TO-233,1727233,1727233010,202726157,Ibrat,Ибрат,Ибрат,Ibrat,false
TO-233011,TO-233,1727233,1727233011,202726164,Mirobod,Миробод,Миробод,Mirobod,false
TO-233012,TO-233,1727233,1727233012,202726172,Navqiron,Навқирон,Навкирон,Navqiron,false
TO-233013,TO-233,1727233,1727233013,202726189,Mashrab,Машраб,Машраб,Mashrab,false
TO-233014,TO-233,1727233,1727233014,202726196,Shodlik,Шодлик,Шодлик,Shodlik,false
TO-233015,TO-233,1727233,1727233017,202903031,Paxtazor,Пахтазор,Пахтазор,Paxtazor,false
TO-233016,TO-233,1727233,1727233016,202903024,Do‘stlik,Дўстлик,Достлик,Dóstlik,false
TO-233017,TO-233,1727233,0,,Birlik,Бирлик,Бирлик,Birlik,true
TO-233018,TO-233,1727233,1727233018,207255305,Tinchlik,Тинчлик,Тинчлик,Tinchlik,false
TO-233019,TO-233,1727233,0,,Yilqichi,Йилқичи,Йилқичи,Yilqichi,true
TO-233020,TO-233,1727233,1727233020,202883651,Madaniyat,Маданият,Маданият,Madaniyat,false
TO-233021,TO-233,1727233,1727233021,207255320,Mevazor,Мевазор,Мевазор,Mevazor,false
TO-233022,TO-233,1727233,1727233022,207255344,Kushek,Кушек,Кушек,Kushek,false
TO-233023,TO-233,1727233,1727233023,202903009,Ming chinor,Минг чинор,Минг чинор,Ming chinor,false
TO-233024,TO-233,1727233,1727233025,202902982,Chaqmoq,Чақмоқ,Чакмок,Chaqmoq,false
TO-233025,TO-233,1727233,1727233026,202902999,Xo‘ja,Хўжа,Хожа,Xója,false
TO-233026,TO-233,1727233,1727233024,207255352,Galabotir,Галаботир,Галаботир,Galabotir,false
TO-233027,TO-233,1727233,1727233027,207255384,Oydinobod,Ойдинобод,Ойдинобод,Oydinobod,false
TO-233028,TO-233,1727233,1727233028,202903063,Bog‘iston,Боғистон,Богистон,Boǵiston,false
TO-233029,TO-233,1727233,1727233030,202924773,Uchchinor,Уччинор,Уч чинор,Uchchinor,false
TO-233030,TO-233,1727233,1727233029,207255313,Vatan,Ватан,Ватан,Vatan,false
TO-233031,TO-233,1727233,1727233031,202878087,Chinobod,Чинобод,Чинобод,Chinobod,false
TO-233032,TO-233,1727233,1727233032,202878055,Beruniy,Беруний,Беруний,Beruniy,false
TO-233033,TO-233,1727233,1727233033,202878063,Ko‘ksaroy,Кўксарой,Куксарой,Kóksaroy,false
TO-233034,TO-233,1727233,0,,Xo‘japiskan,Хўжапискан,Хўжапискан,Xójapiskan,true
TO-233035,TO-233,1727233,1727233035,207255391,Beshkent,Бешкент,Бешкент,Beshkent,false
TO-233036,TO-233,1727233,1727233036,207255337,Surum,Сурум,Сурум,Surum,false
TO-233037,TO-233,1727233,1727233037,202878142,Sergeli,Сергели,Сергели,Sergeli,false
TO-11060029,TO-233,1727233,1727233001,202878110,Tuqboy,Туқбой,Тукбой,Tuqboy,false
TO-11060032,TO-233,1727233,1727233034,202878070,Xo‘japiskon,Хўжапискон,Хожапискон,Xójapiskon,false
TO-237001,TO-237,1727237,1727237016,202911386,Fayz,Файз,Файз,Fayz,false
TO-237002,TO-237,1727237,0,,Obod turmush,Обод турмуш,Обод турмуш,Obod turmush,true
TO-237003,TO-237,1727237,1727237015,202911441,Abdujalilbob,Абдужалилбоб,Абдужалилбоб,Abdujalilbob,false
TO-237004,TO-237,1727237,1727237013,202911426,Kattachinor,Каттачинор,Катта чинор,Kattachinor,false
TO-237005,TO-237,1727237,0,,Gulzor,Гулзор,Гулзор,Gulzor,true
TO-237006,TO-237,1727237,0,,Nihol,Ниҳол,Ниҳол,Nihol,true
TO-237007,TO-237,1727237,1727237011,202911419,Olmazor,Олмазор,Олмазор,Olmazor,false
TO-237008,TO-237,1727237,1727237009,202911394,O‘rtaovul,Ўртаовул,Уртаовул,Órtaovul,false
TO-237009,TO-237,1727237,1727237002,202911648,Xujamozor,Хужамозор,Хужамозор,Xujamozor,false
TO-237010,TO-237,1727237,1727237004,202911663,O‘rta,Ўрта,Урта,Órta,false
TO-237011,TO-237,1727237,1727237007,202911687,Bog‘zor,Боғзор,Богзор,Boǵzor,false
TO-237012,TO-237,1727237,1727237005,203797758,Eski-qa‘la,Ески-қаъла,Эски калъа,Eski-qa‘la,false
TO-237013,TO-237,1727237,1727237001,202911631,Gulbog‘,Гулбоғ,Гулбог,Gulboǵ,false
TO-237014,TO-237,1727237,1727237003,202911655,Asil,Асил,Асил,Asil,false
TO-237015,TO-237,1727237,1727237006,202911670,Sortepa,Сортепа,Сортепа,Sortepa,false
TO-237016,TO-237,1727237,1727237062,202911742,Qaxramon,Қахрамон,Кахрамон,Qaxramon,false
TO-237017,TO-237,1727237,1727237064,202911766,Turkiston,Туркистон,Туркистон,Turkiston,false
TO-237018,TO-237,1727237,1727237061,202911727,Quyoshli,Қуёшли,Куёшли,Quyoshli,false
TO-237019,TO-237,1727237,0,,Yangi hayot,Янги ҳаёт,Янги ҳаёт,Yangi hayot,true
TO-237020,TO-237,1727237,1727237060,202911710,Qurilish,Қурилиш,Курилиш,Qurilish,false
TO-237021,TO-237,1727237,1727237063,202911734,Tariq -teshar,Тариқ -тешар,Тарик-тешар,Tariq -teshar,false
TO-237022,TO-237,1727237,1727237065,207204709,Bodomzor,Бодомзор,Бодомзор,Bodomzor,false
TO-237023,TO-237,1727237,1727237058,202911703,Erkin,Еркин,эркин,Erkin,false
TO-237024,TO-237,1727237,0,,Vatanparvar,Ватанпарвар,Ватанпарвар,Vatanparvar,true
TO-237025,TO-237,1727237,1727237020,202911845,Farobiy,Фаробий,Фаробий,Farobiy,false
TO-237026,TO-237,1727237,0,,Aloqa,Алоқа,Алоқа,Aloqa,true
TO-237027,TO-237,1727237,1727237041,202911806,Xarakat,Харакат,Харакат,Xarakat,false
TO-237028,TO-237,1727237,1727237042,202911853,Mevazor,Мевазор,Мевазор,Mevazor,false
TO-237029,TO-237,1727237,1727237023,202911838,Nayman,Найман,Найман,Nayman,false
TO-237030,TO-237,1727237,1727237019,202911798,M.M.xorazmiy,М.м.хоразмий,М.М.Хорезми,M.M.xorazmiy,false
TO-237031,TO-237,1727237,1727237022,202911821,Axilobod,Ахилобод,Ахилобод,Axilobod,false
TO-237032,TO-237,1727237,1727237037,202911774,Nazarbek,Назарбек,Назарбек,Nazarbek,false
TO-237033,TO-237,1727237,0,,Qirguzar,Қиргузар,Қиргузар,Qirguzar,true
TO-237034,TO-237,1727237,1727237035,202911624,Obod,Обод,Обод,Obod,false
TO-237035,TO-237,1727237,1727237033,202911616,Tokzor,Токзор,Токзор,Tokzor,false
TO-237036,TO-237,1727237,1727237032,202911576,Navkiron,Навкирон,Навкирон,Navkiron,false
TO-237037,TO-237,1727237,0,,Namun,Намун,Намун,Namun,true
TO-237038,TO-237,1727237,0,,Dalaguzar,Далагузар,Далагузар,Dalaguzar,true
TO-237039,TO-237,1727237,1727237036,202911591,O‘ratepa,Ўратепа,Уратепа,Óratepa,false
TO-237040,TO-237,1727237,0,,Iqbol,Иқбол,Иқбол,Iqbol,true
TO-237041,TO-237,1727237,0,,Oybek,Ойбек,Ойбек,Oybek,true
TO-237042,TO-237,1727237,0,,A.Temur,А.темур,А.темур,A.Temur,true
TO-237043,TO-237,1727237,1727237024,202911465,Eshonguzar,Ешонгузар,Эшонгузар,Eshonguzar,false
TO-237044,TO-237,1727237,0,,Do‘stlik,Дўстлик,Дўстлик,Dóstlik,true
TO-237045,TO-237,1727237,0,,Navro‘z,Наврўз,Наврўз,Navróz,true
TO-237046,TO-237,1727237,1727237029,202911537,Nurafshon,Нурафшон,Нурафшон,Nurafshon,false
TO-237047,TO-237,1727237,0,,A.Yassaviy,А.яссавий,А.яссавий,A.Yassaviy,true
TO-237048,TO-237,1727237,1727237039,206853044,Bo‘ston,Бўстон,Бустон,Bóston,false
TO-237049,TO-237,1727237,1727237040,204011469,Istiqlolning 5 yilligi,Истиқлолнинг 5 йиллиги,Истиклолнинг 5 йиллиги,Istiqlolning 5 yilligi,false
TO-237050,TO-237,1727237,1727237057,204551644,Istiqlol,Истиқлол,Истиклол,Istiqlol,false
TO-237051,TO-237,1727237,0,,Nomdanak,Номданак,Номданак,Nomdanak,true
TO-237052,TO-237,1727237,0,,Nurafshon,Нурафшон,Нурафшон,Nurafshon,true
TO-237053,TO-237,1727237,0,,Soxibkor,Сохибкор,Сохибкор,Soxibkor,true
TO-237054,TO-237,1727237,0,,Toshkent,Тошкент,Тошкент,Toshkent,true
TO-237055,TO-237,1727237,0,,Qushbegi,Қушбеги,Қушбеги,Qushbegi,true
TO-237056,TO-237,1727237,0,,Qorasuv,Қорасув,Қорасув,Qorasuv,true
TO-237057,TO-237,1727237,0,,Taraqqiyot,Тараққиёт,Тараққиёт,Taraqqiyot,true
TO-237058,TO-237,1727237,0,,Qumariq,Қумариқ,Қумариқ,Qumariq,true
TO-237059,TO-237,1727237,0,,Xonobodtepa,Хонободтепа,Хонободтепа,Xonobodtepa,true
TO-237060,TO-237,1727237,0,,Xonobod,Хонобод,Хонобод,Xonobod,true
TO-237061,TO-237,1727237,0,,Belariq,Белариқ,Белариқ,Belariq,true
TO-237062,TO-237,1727237,0,,Pastdarxon,Пастдархон,Пастдархон,Pastdarxon,true
TO-237063,TO-237,1727237,0,,Fayzli,Файзли,Файзли,Fayzli,true
TO-237064,TO-237,1727237,0,,Chorbog‘,Чорбоғ,Чорбоғ,Chorboǵ,true
TO-237065,TO-237,1727237,0,,Jaloir,Жалоир,Жалоир,Jaloir,true
TO-237066,TO-237,1727237,1727237051,305974747,Obod to‘qimachi,Обод тўқимачи,Обод Тукимачи,Obod tóqimachi,false
TO-237067,TO-237,1727237,1727237053,202911917,Turopobod,Туропобод,Туропобод,Turopobod,false
TO-237068,TO-237,1727237,1727237048,207205026,Shodlik,Шодлик,Шодлик,Shodlik,false
TO-237069,TO-237,1727237,1727237050,202911924,Alimbuva,Алимбува,Алимбува,Alimbuva,false
TO-237070,TO-237,1727237,1727237044,202911971,Saxovat,Саховат,Саховат,Saxovat,false
TO-237071,TO-237,1727237,1727237054,202911949,Tarnov,Тарнов,Тарнов,Tarnov,false
TO-237072,TO-237,1727237,1727237049,207185567,Navbaxor,Навбахор,Навбахор,Navbaxor,false
TO-237073,TO-237,1727237,1727237045,202911964,To‘qimachi,Тўқимачи,Тукимачи,Tóqimachi,false
TO-237074,TO-237,1727237,1727237046,202911884,Ilg‘or,Илғор,Илгор,Ilǵor,false
TO-237075,TO-237,1727237,1727237043,202911988,Bog‘ishamol,Боғишамол,Богишамол,Boǵishamol,false
TO-237076,TO-237,1727237,1727237047,202911956,Baliqchi,Балиқчи,Баликчи,Baliqchi,false
TO-237077,TO-237,1727237,1727237052,202911892,Ramadon,Рамадон,Рамадон,Ramadon,false
TO-237078,TO-237,1727237,1727237070,202912210,Chinor,Чинор,Чинор,Chinor,false
TO-237079,TO-237,1727237,1727237067,202911480,Madaniyat,Маданият,Маданият,Madaniyat,false
TO-237080,TO-237,1727237,1727237069,202912242,Dehqonobod,Деҳқонобод,Дехконобод,Dehqonobod,false
TO-237081,TO-237,1727237,0,,Ibrat,Ибрат,Ибрат,Ibrat,true
TO-237082,TO-237,1727237,1727237055,202912281,Achchisoy,Аччисой,Аччисой,Achchisoy,false
TO-237083,TO-237,1727237,1727237066,202912298,Zarafshon,Зарафшон,Зарафшон,Zarafshon,false
TO-237084,TO-237,1727237,1727237056,202912306,Nurobod,Нуробод,Нуробод,Nurobod,false
TO-237085,TO-237,1727237,1727237072,202912044,O‘rikzor,Ўрикзор,Урикзор,Órikzor,false
TO-237086,TO-237,1727237,0,,Ulug‘bek,Улуғбек,Улуғбек,Uluǵbek,true
TO-237087,TO-237,1727237,1727237017,202911458,Obod turmush,Обод турмуш,Обод Турмуш,Obod turmush,false
TO-11040048,TO-237,1727237,1727237031,202911584,Namuna,Намуна,Намуна,Namuna,false
TO-11040001,TO-237,1727237,1727237025,202911473,Amir temur,Амир темур,Амир Темур,Amir temur,false
TO-11040002,TO-237,1727237,1727237038,202882384,Axmad yassaviy,Ахмад яссавий,Ахмад Яссави,Axmad yassaviy,false
TO-11040018,TO-237,1727237,1727237034,202911609,Daliguzar,Далигузар,Далигузар,Daliguzar,false
TO-11040090,TO-237,1727237,1727237014,202944210,Keng kechik,Кенг кечик,Кенг Кечик,Keng kechik,false
TO-239001,TO-239,1727239,1727239003,203602524,Yangihayot,Янгиҳаёт,Янгихаёт,Yangihayot,false
TO-239002,TO-239,1727239,1727239005,202902871,Nurliyo‘l,Нурлийўл,Нурли йул,Nurliyól,false
TO-239003,TO-239,1727239,0,,Farovon,Фаровон,Фаровон,Farovon,true
TO-239004,TO-239,1727239,1727239014,202877999,O‘zbekiston,Ўзбекистон,Узбекистон,Ózbekiston,false
TO-239005,TO-239,1727239,1727239013,206969438,Darxan,Дархан,Дархан,Darxan,false
TO-239006,TO-239,1727239,0,,Usmonobod,Усмонобод,Усмонобод,Usmonobod,true
TO-239007,TO-239,1727239,1727239011,204597680,Obodon,Ободон,Ободон,Obodon,false
TO-239008,TO-239,1727239,1727239012,202909410,Guliston,Гулистон,Гулистон,Guliston,false
TO-239009,TO-239,1727239,1727239009,202909427,Navoiy,Навоий,Навоий,Navoiy,false
TO-239010,TO-239,1727239,1727239006,202921825,Oq-ovul,Оқ-овул,Ок овул,Oq-ovul,false
TO-239011,TO-239,1727239,1727239008,202590566,Jumabozor,Жумабозор,Жумабозор,Jumabozor,false
TO-239012,TO-239,1727239,1727239004,203088784,Qizilsoy,Қизилсой,Кизил сой,Qizilsoy,false
TO-239013,TO-239,1727239,1727239002,203535520,Jalol-tepa,Жалол-тепа,Жалолтепа,Jalol-tepa,false
TO-239014,TO-239,1727239,0,,A.Yassaviy,А.яссавий,А.яссавий,A.Yassaviy,true
TO-239015,TO-239,1727239,0,,Sultonravot,Султонравот,Султонравот,Sultonravot,true
TO-239016,TO-239,1727239,1727239018,202909434,Chumchuqjar,Чумчуқжар,Чумчукжар,Chumchuqjar,false
TO-239017,TO-239,1727239,1727239023,201684987,Ma‘rifat,Маърифат,Маърифат,Ma‘rifat,false
TO-239018,TO-239,1727239,1727239022,202893497,Qora-suv,Қора-сув,Корасув,Qora-suv,false
TO-239019,TO-239,1727239,1727239015,202916735,Saksonota,Саксонота,Саксон Ота,Saksonota,false
TO-239020,TO-239,1727239,1727239016,202916743,Markaziy,Марказий,Марказий,Markaziy,false
TO-239021,TO-239,1727239,0,,Tashto‘g‘izoq,Таштўғизоқ,Таштўғизоқ,Tashtóǵizoq,true
TO-239022,TO-239,1727239,0,,Miyam-qangli,Миям-қангли,Миям-қангли,Miyam-qangli,true
TO-239023,TO-239,1727239,1727239026,204597697,Buloqboshi,Булоқбоши,Булок боши,Buloqboshi,false
TO-239024,TO-239,1727239,1727239025,202916767,Qo‘rsoy,Қўрсой,Курсой,Qórsoy,false
TO-239025,TO-239,1727239,1727239024,202916750,Qangli,Қангли,Кангли,Qangli,false
TO-239026,TO-239,1727239,0,,Yangiobod,Янгиобод,Янгиобод,Yangiobod,true
TO-239027,TO-239,1727239,0,,Kavardan,Кавардан,Кавардан,Kavardan,true
TO-239028,TO-239,1727239,1727239030,202916704,Gulobod,Гулобод,Гулобод,Gulobod,false
TO-239029,TO-239,1727239,1727239033,206973766,Taraqqiyot,Тараққиёт,Тараккиёт,Taraqqiyot,false
TO-239030,TO-239,1727239,1727239036,202935507,Nurafshon,Нурафшон,Нурафшон,Nurafshon,false
TO-239031,TO-239,1727239,1727239035,204597673,Fayzobod,Файзобод,Файзобод,Fayzobod,false
TO-239032,TO-239,1727239,0,,Uchchinor,Уччинор,Уччинор,Uchchinor,true
TO-239033,TO-239,1727239,1727239039,202916799,Yashnobod,Яшнобод,Яшнобод,Yashnobod,false
TO-239034,TO-239,1727239,1727239031,202916728,Istiqbol,Истиқбол,Истикбол,Istiqbol,false
TO-239035,TO-239,1727239,1727239040,206988668,Bahor,Баҳор,Бахор,Bahor,false
TO-239036,TO-239,1727239,0,,T.G.xvan,Т.г.хван,Т.г.хван,T.G.xvan,true
TO-239037,TO-239,1727239,1727239034,202921801,Mirobod,Миробод,Миробод,Mirobod,false
TO-239038,TO-239,1727239,1727239041,202893505,Ittifoq,Иттифоқ,Иттифок,Ittifoq,false
TO-239039,TO-239,1727239,0,,Istiqlol,Истиқлол,Истиқлол,Istiqlol,true
TO-239040,TO-239,1727239,1727239047,202916711,Nurli zamin,Нурли замин,Нурли замин,Nurli zamin,false
TO-239041,TO-239,1727239,0,,Yoshlik,Ёшлик,Ёшлик,Yoshlik,true
TO-239042,TO-239,1727239,0,,Gulbog‘,Гулбоғ,Гулбоғ,Gulboǵ,true
TO-239043,TO-239,1727239,1727239042,202923521,Birlik,Бирлик,Бирлик,Birlik,false
TO-239044,TO-239,1727239,1727239043,204956621,Baliqchi,Балиқчи,Баликчи,Baliqchi,false
TO-239045,TO-239,1727239,1727239049,309093392,Iyk ota,Ийк ота,Ийк-ота,Iyk ota,false
TO-239046,TO-239,1727239,0,,Chirchiq,Чирчиқ,Чирчиқ,Chirchiq,true
TO-239047,TO-239,1727239,1727239046,202893465,Navro‘z,Наврўз,Навруз,Navróz,false
TO-11140051,TO-239,1727239,1727239050,309093424,Tinchlik,Тинчлик,Тинчлик,Tinchlik,false
TO-11140001,TO-239,1727239,1727239037,202921833,Timofey grigorievich xvan,Тимофей григоревич хван,Тимофей Григоревич Хван,Timofey grigorievich xvan,false
TO-11140049,TO-239,1727239,1727239048,308795414,Saxovat,Саховат,Саховат,Saxovat,false
TO-11140018,TO-239,1727239,1727239020,202223070,Kavardon,Кавардон,Кавардон,Kavardon,false
TO-11140036,TO-239,1727239,1727239017,204878046,Tashtogzoq,Таштогзоқ,Таштогзок,Tashtogzoq,false
TO-11140002,TO-239,1727239,1727239001,202946169,Ahmad yassaviy,Аҳмад яссавий,Аҳмад Яссавий,Ahmad yassaviy,false
TO-11140048,TO-239,1727239,1727239028,308795477,Navbaxor,Навбахор,Навбахор,Navbaxor,false
TO-248001,TO-248,1727248,1727248066,203684352,Oq oltin,Оқ олтин,Ок олтин,Oq oltin,false
TO-248002,TO-248,1727248,1727248067,203658684,Botanika,Ботаника,Ботаника,Botanika,false
TO-248003,TO-248,1727248,1727248063,203667562,Uzumzor,Узумзор,Узумзор,Uzumzor,false
TO-248004,TO-248,1727248,0,,Yoshlik,Ёшлик,Ёшлик,Yoshlik,true
TO-248005,TO-248,1727248,1727248064,202838096,Darxan,Дархан,Дархан,Darxan,false
TO-248006,TO-248,1727248,1727248002,203013767,Taraqqiy,Тараққий,Тараккий,Taraqqiy,false
TO-248007,TO-248,1727248,1727248003,203024279,Madaniyat,Маданият,Маданият,Madaniyat,false
TO-248008,TO-248,1727248,1727248004,203024286,Qurilish,Қурилиш,Курилиш,Qurilish,false
TO-248009,TO-248,1727248,1727248007,203024294,Yangixayot,Янгихаёт,Янгихаёт,Yangixayot,false
TO-248010,TO-248,1727248,1727248005,204392296,Mexnat,Мехнат,Мехнат,Mexnat,false
TO-248011,TO-248,1727248,0,,Ziyokor,Зиёкор,Зиёкор,Ziyokor,true
TO-248012,TO-248,1727248,1727248001,203024262,Yonariq,Ёнариқ,Ёнарик,Yonariq,false
TO-248013,TO-248,1727248,0,,A.Jomiy,А.жомий,А.жомий,A.Jomiy,true
TO-248014,TO-248,1727248,1727248013,203202516,Sharq,Шарқ,Шарк,Sharq,false
TO-248015,TO-248,1727248,1727248010,203455984,Yangi avlod,Янги авлод,Янги авлод,Yangi avlod,false
TO-248016,TO-248,1727248,1727248009,203196209,May,Май,Май,May,false
TO-248017,TO-248,1727248,1727248008,202966982,Shalola,Шалола,Шалола,Shalola,false
TO-248018,TO-248,1727248,1727248012,203096561,Xo‘jaqo‘rg‘on,Хўжақўрғон,Хужакургон,Xójaqórǵon,false
TO-248019,TO-248,1727248,1727248011,202966999,Po‘lat qadam,Пўлат қадам,Пулат Кадам,Pólat qadam,false
TO-248020,TO-248,1727248,1727248015,207299338,Turkiston,Туркистон,Туркистон,Turkiston,false
TO-248021,TO-248,1727248,1727248016,203655926,Ilg‘or,Илғор,Илгор,Ilǵor,false
TO-248022,TO-248,1727248,1727248025,202946216,Soxibkor,Сохибкор,Сохибкор,Soxibkor,false
TO-248023,TO-248,1727248,0,,Shodlik,Шодлик,Шодлик,Shodlik,true
TO-248024,TO-248,1727248,1727248027,202946224,Iftixor,Ифтихор,Ифтихор,Iftixor,false
TO-248025,TO-248,1727248,1727248028,202888652,G‘ofur g‘ulom,Ғофур ғулом,Гофур Гулом,Ǵofur ǵulom,false
TO-248026,TO-248,1727248,1727248029,202921864,Zebuniso,Зебунисо,Зебунисо,Zebuniso,false
TO-248027,TO-248,1727248,1727248030,202888644,Beruniy,Беруний,Беруний,Beruniy,false
TO-248028,TO-248,1727248,1727248031,207203360,Yangiobod,Янгиобод,Янгиобод,Yangiobod,false
TO-248029,TO-248,1727248,0,,Amir temur,Амир темур,Амир темур,Amir temur,true
TO-248030,TO-248,1727248,0,,Mevazor,Мевазор,Мевазор,Mevazor,true
TO-248031,TO-248,1727248,0,,Tashisti,Ташисти,Ташисти,Tashisti,true
TO-248032,TO-248,1727248,0,,Ibrat,Ибрат,Ибрат,Ibrat,true
TO-248033,TO-248,1727248,0,,Baxor,Бахор,Бахор,Baxor,true
TO-248034,TO-248,1727248,0,,Arg‘in,Арғин,Арғин,Arǵin,true
TO-248035,TO-248,1727248,0,,Mirishkor,Миришкор,Миришкор,Mirishkor,true
TO-248036,TO-248,1727248,0,,Tovkentepa,Товкентепа,Товкентепа,Tovkentepa,true
TO-248037,TO-248,1727248,0,,Chinor,Чинор,Чинор,Chinor,true
TO-248038,TO-248,1727248,0,,Gulbog‘,Гулбоғ,Гулбоғ,Gulboǵ,true
TO-248039,TO-248,1727248,0,,Gulzor-1,Гулзор-1,Гулзор-1,Gulzor-1,true
TO-248040,TO-248,1727248,0,,Taraqqiyot,Тараққиёт,Тараққиёт,Taraqqiyot,true
TO-248041,TO-248,1727248,0,,Geofizika,Геофизика,Геофизика,Geofizika,true
TO-248042,TO-248,1727248,0,,Alisherobod,Алишеробод,Алишеробод,Alisherobod,true
TO-248043,TO-248,1727248,0,,Barkamol,Баркамол,Баркамол,Barkamol,true
TO-248044,TO-248,1727248,0,,Do‘stlik,Дўстлик,Дўстлик,Dóstlik,true
TO-248045,TO-248,1727248,0,,Chingeldi,Чингелди,Чингелди,Chingeldi,true
TO-248046,TO-248,1727248,1727248022,207208425,Xaydarobod,Хайдаробод,Хайдаробод,Xaydarobod,false
TO-248047,TO-248,1727248,0,,Jarboshi,Жарбоши,Жарбоши,Jarboshi,true
TO-248048,TO-248,1727248,0,,Vatanparvar,Ватанпарвар,Ватанпарвар,Vatanparvar,true
TO-248049,TO-248,1727248,0,,Bog‘ishamol,Боғишамол,Боғишамол,Boǵishamol,true
TO-248050,TO-248,1727248,1727248045,203556455,Yangiyo‘l,Янгийўл,Янги йул,Yangiyól,false
TO-248051,TO-248,1727248,1727248048,202833451,Obod,Обод,Обод,Obod,false
TO-248052,TO-248,1727248,0,,Yangi o‘nqo‘rg‘on,Янги ўнқўрғон,Янги ўнқўрғон,Yangi ónqórǵon,true
TO-248053,TO-248,1727248,1727248050,203644092,Parvoz,Парвоз,Парвоз,Parvoz,false
TO-248054,TO-248,1727248,1727248049,203351735,Guliston,Гулистон,Гулистон,Guliston,false
TO-248055,TO-248,1727248,1727248047,203273792,O‘nqo‘rg‘on,Ўнқўрғон,Ункургон,Ónqórǵon,false
TO-248056,TO-248,1727248,1727248035,202985137,Boyjigit,Бойжигит,Бойжигит,Boyjigit,false
TO-248057,TO-248,1727248,1727248039,202875882,Navro‘z,Наврўз,Навроз,Navróz,false
TO-248058,TO-248,1727248,1727248044,203622144,Ma‘rifat,Маърифат,Маърифат,Ma‘rifat,false
TO-248059,TO-248,1727248,0,,Seleksiya,Селексия,Селексия,Seleksiya,true
TO-248060,TO-248,1727248,1727248033,202985120,Mirzo ulug‘bek,Мирзо улуғбек,Мирзо Улугбек,Mirzo uluǵbek,false
TO-248061,TO-248,1727248,1727248043,202985113,Farovon,Фаровон,Фаровон,Farovon,false
TO-248062,TO-248,1727248,0,,Salar ges,Салар гес,Салар гес,Salar ges,true
TO-248063,TO-248,1727248,1727248040,202985144,Tinchlik,Тинчлик,Тинчлик,Tinchlik,false
TO-248064,TO-248,1727248,1727248038,202927974,Bunyodkor,Бунёдкор,Бунёдкор,Bunyodkor,false
TO-248065,TO-248,1727248,1727248036,202985097,Oybek,Ойбек,Ойбек,Oybek,false
TO-248066,TO-248,1727248,1727248034,202985105,Bobur,Бобур,Бобур,Bobur,false
TO-248067,TO-248,1727248,0,,Fidokor,Фидокор,Фидокор,Fidokor,true
TO-248068,TO-248,1727248,1727248018,204201778,Nurafshon,Нурафшон,Нурафшон,Nurafshon,false
TO-248069,TO-248,1727248,1727248019,202875899,Yangi arg‘in,Янги арғин,Янги аргин,Yangi arǵin,false
TO-248070,TO-248,1727248,1727248020,203375357,Yuqori-yuz,Юқори-юз,Юкори-Юз,Yuqori-yuz,false
TO-248071,TO-248,1727248,1727248021,203629989,Birlik,Бирлик,Бирлик,Birlik,false
TO-248072,TO-248,1727248,0,,Pastki yuz,Пастки юз,Пастки юз,Pastki yuz,true
TO-248073,TO-248,1727248,1727248017,203375340,Do‘rmon,Дўрмон,Дормон,Dórmon,false
TO-248074,TO-248,1727248,0,,Olmozor,Олмозор,Олмозор,Olmozor,true
TO-248075,TO-248,1727248,1727248024,202938201,Xosildor,Хосилдор,Хосилдор,Xosildor,false
TO-248076,TO-248,1727248,1727248032,202938218,Qipchoq,Қипчоқ,Кипчок,Qipchoq,false
TO-248077,TO-248,1727248,1727248055,203738505,Chinobod,Чинобод,Чинобод,Chinobod,false
TO-248078,TO-248,1727248,1727248054,203738480,O‘tkir,Ўткир,Уткир,Ótkir,false
TO-248079,TO-248,1727248,1727248051,203667586,Mustaqillik,Мустақиллик,Мустакиллик,Mustaqillik,false
TO-248080,TO-248,1727248,0,,Istiqlol,Истиқлол,Истиқлол,Istiqlol,true
TO-248081,TO-248,1727248,1727248052,202985152,Bo‘ston,Бўстон,Бустон,Bóston,false
TO-248082,TO-248,1727248,1727248061,203627065,Ko‘prik boshi,Кўприк боши,Куприк боши,Kóprik boshi,false
TO-248083,TO-248,1727248,0,,Nurobod,Нуробод,Нуробод,Nurobod,true
TO-248084,TO-248,1727248,1727248060,202842583,Istiqbol,Истиқбол,Истикбол,Istiqbol,false
TO-248085,TO-248,1727248,0,,A.Navoiy,А.навоий,А.навоий,A.Navoiy,true
TO-248086,TO-248,1727248,0,,Uymavut,Уймавут,Уймавут,Uymavut,true
TO-248087,TO-248,1727248,1727248059,202955799,Navbaxor,Навбахор,Навбахор,Navbaxor,false
TO-248088,TO-248,1727248,1727248058,202927967,Baytqo‘rg‘on,Байтқўрғон,Байткоргон,Baytqórǵon,false
TO-11050002,TO-248,1727248,1727248057,202927950,Alisher navoiy,Алишер навоий,Алишер Навоий,Alisher navoiy,false
TO-11050067,TO-248,1727248,1727248056,202948094,Uymovut,Уймовут,Уймовут,Uymovut,false
TO-11050006,TO-248,1727248,1727248037,202985073,Ahillik,Аҳиллик,Ахиллик,Ahillik,false
TO-11050055,TO-248,1727248,1727248023,202938233,Olmazor,Олмазор,Олмазор,Olmazor,false
TO-11050070,TO-248,1727248,1727248041,202985080,Faizobod,Файзобод,Файзобод,Faizobod,false
TO-11050001,TO-248,1727248,1727248014,203632772,Abdurahmon jomiy,Абдурахмон жомий,Абдурахмон Жомий,Abdurahmon jomiy,false
TO-249001,TO-249,1727249,0,,O‘choq,Ўчоқ,Ўчоқ,Óchoq,true
TO-249002,TO-249,1727249,1727249035,202938383,Xo‘ja,Хўжа,Хожа,Xója,false
TO-249003,TO-249,1727249,1727249024,202938289,Gulbog‘,Гулбоғ,Гулбог,Gulboǵ,false
TO-249004,TO-249,1727249,1727249050,202938344,Cho‘qqayma,Чўққайма,Чуккайма,Chóqqayma,false
TO-249005,TO-249,1727249,1727249051,202938336,Beshkappa,Бешкаппа,Бешкаппа,Beshkappa,false
TO-249006,TO-249,1727249,0,,Buloqboshi,Булоқбоши,Булоқбоши,Buloqboshi,true
TO-249007,TO-249,1727249,1727249025,202938368,Bo‘rsiliq,Бўрсилиқ,Борсилик,Bórsiliq,false
TO-249008,TO-249,1727249,1727249036,202938351,Qo‘lichi,Қўличи,Куличи,Qólichi,false
TO-249009,TO-249,1727249,1727249052,202938408,Bodomtepa,Бодомтепа,Бодомтепа,Bodomtepa,false
TO-249010,TO-249,1727249,1727249026,200570860,Mozorxoji,Мозорхожи,Мозорхожи,Mozorxoji,false
TO-249011,TO-249,1727249,1727249027,202938272,Surxi,Сурхи,Сурхи,Surxi,false
TO-249012,TO-249,1727249,1727249002,202938264,Navruz,Навруз,Навруз,Navruz,false
TO-249013,TO-249,1727249,1727249053,202938390,Oybek,Ойбек,Ойбек,Oybek,false
TO-249014,TO-249,1727249,0,,Objuvoz,Обжувоз,Обжувоз,Objuvoz,true
TO-249015,TO-249,1727249,1727249054,202938329,Quruqsoy,Қуруқсой,Куруксой,Quruqsoy,false
TO-249016,TO-249,1727249,1727249003,202938312,Qo‘shshukur,Қўшшукур,Кушшукур,Qóshshukur,false
TO-249017,TO-249,1727249,1727249037,202938240,Soy,Сой,Сой,Soy,false
TO-249018,TO-249,1727249,1727249029,202938304,Istiqbol,Истиқбол,Истикбол,Istiqbol,false
TO-249019,TO-249,1727249,1727249004,205973592,Samarobod,Самаробод,Самаробод,Samarobod,false
TO-249020,TO-249,1727249,1727249038,207142596,Quyosh,Қуёш,куёш,Quyosh,false
TO-249021,TO-249,1727249,1727249039,204764078,Chinorbuloq,Чинорбулоқ,Чинорбулок,Chinorbuloq,false
TO-249022,TO-249,1727249,1727249040,204764061,Kichik qo‘rg‘on,Кичик қўрғон,Кичиккургон,Kichik qórǵon,false
TO-249023,TO-249,1727249,1727249041,204764085,Kumushkon,Кумушкон,Кумушкон,Kumushkon,false
TO-249024,TO-249,1727249,0,,Teman,Теман,Теман,Teman,true
TO-249025,TO-249,1727249,1727249043,207154803,Kungay,Кунгай,Кунгай,Kungay,false
TO-249026,TO-249,1727249,1727249044,207154810,Olmazor,Олмазор,Олмазор,Olmazor,false
TO-249027,TO-249,1727249,1727249045,207191917,Nurobod,Нуробод,Нуробод,Nurobod,false
TO-249028,TO-249,1727249,1727249005,204764101,Istiqlol,Истиқлол,Истиклол,Istiqlol,false
TO-249029,TO-249,1727249,1727249006,204764118,Qo‘rg‘on,Қўрғон,Кургон,Qórǵon,false
TO-249030,TO-249,1727249,1727249007,207153306,Yangiobod,Янгиобод,Янгиобод,Yangiobod,false
TO-249031,TO-249,1727249,1727249008,207154874,Tojiboy rizaev,Тожибой ризаев,Тожибой Ризаев,Tojiboy rizaev,false
TO-249032,TO-249,1727249,0,,Davlatobod,Давлатобод,Давлатобод,Davlatobod,true
TO-249033,TO-249,1727249,0,,Xurrriyat,Хурррият,Хурррият,Xurrriyat,true
TO-249034,TO-249,1727249,1727249011,204764140,Ulug‘bek,Улуғбек,Улугбек,Uluǵbek,false
TO-249035,TO-249,1727249,1727249012,207154755,Chashma,Чашма,Чашма,Chashma,false
TO-249036,TO-249,1727249,1727249013,207154763,Chinor,Чинор,Чинор,Chinor,false
TO-249037,TO-249,1727249,1727249014,207142343,Shampan,Шампан,Шампан,Shampan,false
TO-249038,TO-249,1727249,0,,Sanganak,Санганак,Санганак,Sanganak,true
TO-249039,TO-249,1727249,1727249016,207142350,Nevich,Невич,Невич,Nevich,false
TO-249040,TO-249,1727249,0,,Navdak,Навдак,Навдак,Navdak,true
TO-249041,TO-249,1727249,1727249018,303270786,Qizilsoy,Қизилсой,Кизилсой,Qizilsoy,false
TO-249042,TO-249,1727249,1727249019,207154652,Obod,Обод,Обод,Obod,false
TO-249043,TO-249,1727249,0,,Bozorboshi,Бозорбоши,Бозорбоши,Bozorboshi,true
TO-249044,TO-249,1727249,1727249021,207154644,Chinorli,Чинорли,Чинорли,Chinorli,false
TO-249045,TO-249,1727249,1727249030,204764125,Boyqozon,Бойқозон,Бойкозон,Boyqozon,false
TO-249046,TO-249,1727249,0,,Yashnobod,Яшнобод,Яшнобод,Yashnobod,true
TO-249047,TO-249,1727249,1727249032,207142564,Qayilma,Қайилма,Кайилма,Qayilma,false
TO-249048,TO-249,1727249,1727249033,207139274,Bog‘bon,Боғбон,Богбон,Boǵbon,false
TO-249049,TO-249,1727249,0,,Samsarak,Самсарак,Самсарак,Samsarak,true
TO-249050,TO-249,1727249,0,,Nomdanak,Номданак,Номданак,Nomdanak,true
TO-249051,TO-249,1727249,1727249046,207041722,Bo‘ston,Бўстон,Бостон,Bóston,false
TO-249052,TO-249,1727249,1727249047,207041714,Qirg‘izovul,Қирғизовул,Киргизовул,Qirǵizovul,false
TO-249053,TO-249,1727249,0,,Chotqol,Чотқол,Чотқол,Chotqol,true
TO-249054,TO-249,1727249,1727249055,205599456,Markaziy,Марказий,Марказий,Markaziy,false
TO-249055,TO-249,1727249,1727249059,207142865,Oqtepa,Оқтепа,Октепа,Oqtepa,false
TO-249056,TO-249,1727249,1727249057,205599464,Qo‘rg‘ontepa,Қўрғонтепа,Кургонтепа,Qórǵontepa,false
TO-249057,TO-249,1727249,1727249056,207142858,Guliston,Гулистон,Гулистон,Guliston,false
TO-249058,TO-249,1727249,1727249058,303940316,Yoshlik,Ёшлик,Ёшлик,Yoshlik,false
TO-11090061,TO-249,1727249,1727249049,202862234,Oydin,Ойдин,Ойдин,Oydin,false
TO-11090057,TO-249,1727249,1727249015,305926647,Yangi sanganak,Янги санганак,Янги санганак,Yangi sanganak,false
TO-11090048,TO-249,1727249,1727249010,204764157,Xurriyat,Хуррият,Хуррият,Xurriyat,false
TO-11090063,TO-249,1727249,1727249023,207255771,Faizobod,Файзобод,Файзобод,Faizobod,false
TO-11090060,TO-249,1727249,1727249062,202862242,Said ota,Саид ота,Саид ота,Said ota,false
TO-11090031,TO-249,1727249,1727249017,204764093,Novdak,Новдак,Новдак,Novdak,false
TO-11090062,TO-249,1727249,1727249022,202862259,Tolbuloq,Толбулоқ,Толбулок,Tolbuloq,false
TO-11090040,TO-249,1727249,1727249060,207012243,Samsarak-navbaxor,Самсарак-навбахор,Самсарак-Навбахор,Samsarak-navbaxor,false
TO-250001,TO-250,1727250,1727250001,202949235,Bekobod,Бекобод,Бекобод,Bekobod,false
TO-250002,TO-250,1727250,0,,Maylobod,Майлобод,Майлобод,Maylobod,true
TO-250003,TO-250,1727250,1727250003,207146725,Saidobod,Саидобод,Саидобод,Saidobod,false
TO-250004,TO-250,1727250,1727250005,207146718,Chimqorg‘on,Чимқорғон,Чимкургон,Chimqorǵon,false
TO-250005,TO-250,1727250,0,,Xoliqberdi,Холиқберди,Холиқберди,Xoliqberdi,true
TO-250006,TO-250,1727250,0,,Suvti,Сувти,Сувти,Suvti,true
TO-250007,TO-250,1727250,1727250008,207148707,Fayzobod,Файзобод,Файзобод,Fayzobod,false
TO-250008,TO-250,1727250,1727250009,207147408,Do‘ngqo‘rg‘on,Дўнгқўрғон,Дунгкургон,Dóngqórǵon,false
TO-250009,TO-250,1727250,1727250010,202926826,Mo‘minobod,Мўминобод,Муминобод,Móminobod,false
TO-250010,TO-250,1727250,1727250011,202942087,Birlik,Бирлик,Бирлик,Birlik,false
TO-250011,TO-250,1727250,1727250012,202942070,Yangiobod,Янгиобод,Янгиобод,Yangiobod,false
TO-250012,TO-250,1727250,1727250013,207146701,Ko‘lota,Кўлота,Кул Ота,Kólota,false
TO-250013,TO-250,1727250,1727250014,207147146,Guliston,Гулистон,Гулистон,Guliston,false
TO-250014,TO-250,1727250,0,,Namuna,Намуна,Намуна,Namuna,true
TO-250015,TO-250,1727250,1727250017,202934974,A.Navoiy nomli,А.навоий номли,А.Навои,A.Navoiy nomli,false
TO-250016,TO-250,1727250,1727250018,202938447,Lolaariq,Лолаариқ,Лолаарик,Lolaariq,false
TO-250017,TO-250,1727250,1727250019,207146764,Ming tepa,Минг тепа,Минг-тепа,Ming tepa,false
TO-250018,TO-250,1727250,1727250020,207147296,G‘ayrat,Ғайрат,Гайрат,Ǵayrat,false
TO-250019,TO-250,1727250,1727250021,207147122,Do‘stlik,Дўстлик,Дустлик,Dóstlik,false
TO-250020,TO-250,1727250,0,,Novkent,Новкент,Новкент,Novkent,true
TO-250021,TO-250,1727250,0,,Zominovil,Зоминовил,Зоминовил,Zominovil,true
TO-250022,TO-250,1727250,1727250024,202938454,Mitan,Митан,Митан,Mitan,false
TO-250023,TO-250,1727250,1727250025,202942094,Oybek nomli,Ойбек номли,Ойбек,Oybek nomli,false
TO-250024,TO-250,1727250,1727250026,207146883,Kultepa,Култепа,Култепа,Kultepa,false
TO-250025,TO-250,1727250,1727250027,207148864,Mustaqillik,Мустақиллик,Мустакиллик,Mustaqillik,false
TO-250026,TO-250,1727250,1727250028,207147082,Tarakkiyot,Тараккиёт,Тараккиёт,Tarakkiyot,false
TO-250027,TO-250,1727250,1727250029,207147099,Oqtom,Оқтом,Октом,Oqtom,false
TO-11100022,TO-250,1727250,1727250022,207147390,O‘qtepa,Оқтепа,Октепа,Óqtepa,false
TO-11100016,TO-250,1727250,1727250006,207147107,Murod-ali,Мурод-али,Мурод-али,Murod-ali,false
TO-253001,TO-253,1727253,0,,A.Navoiy,А.навоий,А.навоий,A.Navoiy,true
TO-253002,TO-253,1727253,0,,Bektemir,Бектемир,Бектемир,Bektemir,true
TO-253003,TO-253,1727253,0,,Namuna,Намуна,Намуна,Namuna,true
TO-253004,TO-253,1727253,1727253001,207045788,Bunyodkor,Бунёдкор,Бунёдкор,Bunyodkor,false
TO-253005,TO-253,1727253,0,,Yangixayot,Янгихаёт,Янгихаёт,Yangixayot,true
TO-253006,TO-253,1727253,0,,Uchoqli,Учоқли,Учоқли,Uchoqli,true
TO-253007,TO-253,1727253,0,,Gulzor,Гулзор,Гулзор,Gulzor,true
TO-253008,TO-253,1727253,0,,Jaloir,Жалоир,Жалоир,Jaloir,true
TO-253009,TO-253,1727253,0,,Xo‘ja-uchqun,Хўжа-учқун,Хўжа-учқун,Xója-uchqun,true
TO-253010,TO-253,1727253,0,,Nurafshon,Нурафшон,Нурафшон,Nurafshon,true
TO-253011,TO-253,1727253,1727253009,203409938,Sholikor,Шоликор,Шоликор,Sholikor,false
TO-253012,TO-253,1727253,1727253005,206738993,Mustaqillik,Мустақиллик,Мустакиллик,Mustaqillik,false
TO-253013,TO-253,1727253,1727253004,204960713,Kim pen xva,Ким пен хва,Ким Пен Хва,Kim pen xva,false
TO-253014,TO-253,1727253,1727253003,206845386,Yo‘ng‘ichqoli,Йўнғичқоли,Йунгичколи,Yónǵichqoli,false
TO-253015,TO-253,1727253,0,,Gulobod,Гулобод,Гулобод,Gulobod,true
TO-253016,TO-253,1727253,1727253010,206541496,Yangi turmush,Янги турмуш,Янги турмуш,Yangi turmush,false
TO-253017,TO-253,1727253,0,,Faravon,Фаравон,Фаравон,Faravon,true
TO-253018,TO-253,1727253,1727253006,206946656,Saidovul-baxt,Саидовул-бахт,Саидовул-Бахт,Saidovul-baxt,false
TO-253019,TO-253,1727253,1727253017,202936964,Qorasuv,Қорасув,Корасув,Qorasuv,false
TO-253020,TO-253,1727253,1727253020,203331578,Rovatak,Роватак,Роватак,Rovatak,false
TO-253021,TO-253,1727253,1727253025,205954212,Fayzobod,Файзобод,Файзобод,Fayzobod,false
TO-253022,TO-253,1727253,1727253014,206819852,Do‘stlik,Дўстлик,Дустлик,Dóstlik,false
TO-253023,TO-253,1727253,1727253012,309042788,Arg‘in-sada,Арғин-сада,Аргин сада,Arǵin-sada,false
TO-253024,TO-253,1727253,1727253022,207144110,Tinchlik,Тинчлик,Тинчлик,Tinchlik,false
TO-253025,TO-253,1727253,0,,Xalqabod,Халқабод,Халқабод,Xalqabod,true
TO-253026,TO-253,1727253,1727253011,207171173,Aranshi,Аранши,Аранши,Aranshi,false
TO-253027,TO-253,1727253,1727253029,207189165,Yangiyo‘l,Янгийўл,Янгийул,Yangiyól,false
TO-253028,TO-253,1727253,1727253021,207189173,Taraqqiyot,Тараққиёт,Тараккиёт,Taraqqiyot,false
TO-253029,TO-253,1727253,1727253023,207171158,Uyg‘ur,Уйғур,Уйгур,Uyǵur,false
TO-253030,TO-253,1727253,1727253016,203499677,Kuchlik,Кучлик,Кучлик,Kuchlik,false
TO-253031,TO-253,1727253,1727253013,207122240,Darxan,Дархан,Дархан,Darxan,false
TO-253032,TO-253,1727253,1727253015,207127297,Yoriq,Ёриқ,Ёрик,Yoriq,false
TO-253033,TO-253,1727253,0,,Qundizak,Қундизак,Қундизак,Qundizak,true
TO-253034,TO-253,1727253,1727253024,207123169,Usmon ota,Усмон ота,Усмон ота,Usmon ota,false
TO-253035,TO-253,1727253,1727253027,207128027,Changtepa,Чангтепа,Чангтепа,Changtepa,false
TO-253036,TO-253,1727253,1727253028,207136895,Chegara,Чегара,Чегара,Chegara,false
TO-253037,TO-253,1727253,1727253018,207136888,Qo‘shdaryo,Қўшдарё,Кушдарё,Qóshdaryo,false
TO-253038,TO-253,1727253,0,,Ko‘tarma,Кўтарма,Кўтарма,Kótarma,true
TO-253039,TO-253,1727253,1727253039,202212884,Olti o‘g‘il,Олти ўғил,Олти угил,Olti óǵil,false
TO-253040,TO-253,1727253,1727253030,204950908,Adolat,Адолат,Адолат,Adolat,false
TO-253041,TO-253,1727253,1727253036,203609894,Mingtepa,Мингтепа,Мингтепа,Mingtepa,false
TO-253042,TO-253,1727253,1727253032,205617076,Burgalik,Бургалик,Бургалик,Burgalik,false
TO-253043,TO-253,1727253,1727253033,205946847,Qaytmas,Қайтмас,кайтмас,Qaytmas,false
TO-253044,TO-253,1727253,1727253037,207128454,Nomdanak,Номданак,Номданак,Nomdanak,false
TO-253045,TO-253,1727253,0,,Qoraqo‘yli,Қорақўйли,Қорақўйли,Qoraqóyli,true
TO-253046,TO-253,1727253,0,,Mayramko‘l,Майрамкўл,Майрамкўл,Mayramkól,true
TO-253047,TO-253,1727253,0,,Chuqurovul,Чуқуровул,Чуқуровул,Chuqurovul,true
TO-253048,TO-253,1727253,0,,O‘rtabo‘z,Ўртабўз,Ўртабўз,Órtabóz,true
TO-253049,TO-253,1727253,1727253043,206984547,Yuqoriovul,Юқориовул,Юкориовул,Yuqoriovul,false
TO-253050,TO-253,1727253,1727253041,206984530,O‘rtaovul,Ўртаовул,уртаовул,Órtaovul,false
TO-253051,TO-253,1727253,0,,Yangiobod,Янгиобод,Янгиобод,Yangiobod,true
TO-253052,TO-253,1727253,1727253031,207122383,Boyovul,Боёвул,Бойовул,Boyovul,false
TO-253053,TO-253,1727253,0,,Boyqo‘rg‘on,Бойқўрғон,Бойқўрғон,Boyqórǵon,true
TO-253054,TO-253,1727253,0,,Oqota,Оқота,Оқота,Oqota,true
TO-253055,TO-253,1727253,1727253052,206900555,Mash‘al,Машъал,Машъал,Mash‘al,false
TO-253056,TO-253,1727253,0,,Guliston,Гулистон,Гулистон,Guliston,true
TO-253057,TO-253,1727253,0,,Turkiston,Туркистон,Туркистон,Turkiston,true
TO-253058,TO-253,1727253,1727253046,206854580,Beshboy,Бешбой,Бешбой,Beshboy,false
TO-253059,TO-253,1727253,1727253056,202526287,O‘rtasaroy,Ўртасарой,Уртасарой,Órtasaroy,false
TO-253060,TO-253,1727253,1727253051,204853520,Ko‘kmo‘yin,Кўкмўйин,Кукмуйин,Kókmóyin,false
TO-253061,TO-253,1727253,1727253054,207074182,Toshloq,Тошлоқ,Тошлок,Toshloq,false
TO-253062,TO-253,1727253,1727253045,207075291,A.Yo‘lbarisov,А.йўлбарисов,А.Йулбарисов,A.Yólbarisov,false
TO-253063,TO-253,1727253,1727253057,207127638,Yangilik,Янгилик,Янгилик,Yangilik,false
TO-253064,TO-253,1727253,0,,Jang‘aboy,Жанғабой,Жанғабой,Janǵaboy,true
TO-253065,TO-253,1727253,1727253048,207127645,Galabotir,Галаботир,Галаботир,Galabotir,false
TO-11120053,TO-253,1727253,1727253026,204904772,Xalqobod,Халқобод,Халкобод,Xalqobod,false
TO-11120025,TO-253,1727253,1727253019,207168659,Qunduzak,Қундузак,Кундузак,Qunduzak,false
TO-11120036,TO-253,1727253,1727253038,207059674,Obod,Обод,Обод,Obod,false
TO-11120050,TO-253,1727253,1727253007,207158931,O‘choqli,Ўчоқли,Учокли,Óchoqli,false
TO-11120019,TO-253,1727253,1727253050,207127606,Jangabay,Жангабай,Жангабай,Jangabay,false
TO-256001,TO-256,1727256,1727256054,204055564,Sarbozor,Сарбозор,Сарбозор,Sarbozor,false
TO-256002,TO-256,1727256,0,,Bunyodkor,Бунёдкор,Бунёдкор,Bunyodkor,true
TO-256003,TO-256,1727256,1727256029,303112862,Madaniyat,Маданият,Маданият,Madaniyat,false
TO-256004,TO-256,1727256,1727256042,303300336,Markaziy,Марказий,Марказий,Markaziy,false
TO-256005,TO-256,1727256,1727256001,303213490,Oydin,Ойдин,Ойдин,Oydin,false
TO-256006,TO-256,1727256,0,,Yangi xayot,Янги хаёт,Янги хаёт,Yangi xayot,true
TO-256007,TO-256,1727256,1727256003,303213483,Katta tepalik,Катта тепалик,Каттатепалик,Katta tepalik,false
TO-256008,TO-256,1727256,1727256004,303319342,Gulzorobod,Гулзоробод,Гулзоробод,Gulzorobod,false
TO-256009,TO-256,1727256,1727256006,303213468,Yo‘ltushgan,Йўлтушган,Йултушган,Yóltushgan,false
TO-256010,TO-256,1727256,0,,Dehqonobod,Деҳқонобод,Деҳқонобод,Dehqonobod,true
TO-256011,TO-256,1727256,0,,Yallama,Яллама,Яллама,Yallama,true
TO-256012,TO-256,1727256,0,,Qir,Қир,Қир,Qir,true
TO-256013,TO-256,1727256,1727256013,303213855,Sohibkor,Соҳибкор,Сохибкор,Sohibkor,false
TO-256014,TO-256,1727256,0,,Ochamayli,Очамайли,Очамайли,Ochamayli,true
TO-256015,TO-256,1727256,0,,Chin masjid,Чин масжид,Чин масжид,Chin masjid,true
TO-256016,TO-256,1727256,0,,A.Navoiy,А.навоий,А.навоий,A.Navoiy,true
TO-256017,TO-256,1727256,1727256056,303188032,Do‘stlik,Дўстлик,Достлик,Dóstlik,false
TO-256018,TO-256,1727256,1727256017,303188056,Istiqlol,Истиқлол,Истиклол,Istiqlol,false
TO-256019,TO-256,1727256,0,,Usmon nosir,Усмон носир,Усмон носир,Usmon nosir,true
TO-256020,TO-256,1727256,1727256020,303213579,Yaxshi niyat,Яхши ният,Яхши ният,Yaxshi niyat,false
TO-256021,TO-256,1727256,1727256019,303213641,Ahillik,Аҳиллик,Ахиллик,Ahillik,false
TO-256022,TO-256,1727256,1727256021,303213680,Navro‘z,Наврўз,Навруз,Navróz,false
TO-256023,TO-256,1727256,1727256022,303213658,Amir temur,Амир темур,Амир Темур,Amir temur,false
TO-256024,TO-256,1727256,0,,Tinchlik,Тинчлик,Тинчлик,Tinchlik,true
TO-256025,TO-256,1727256,0,,Yangi maxalla,Янги махалла,Янги махалла,Yangi maxalla,true
TO-256026,TO-256,1727256,1727256027,204055549,Besh kapa,Беш капа,Бешкапа,Besh kapa,false
TO-256027,TO-256,1727256,0,,Yangiobod,Янгиобод,Янгиобод,Yangiobod,true
TO-256028,TO-256,1727256,1727256055,204053639,Afg‘on,Афғон,Афгон,Afǵon,false
TO-256029,TO-256,1727256,1727256032,303112886,G‘ayrat,Ғайрат,Гайрат,Ǵayrat,false
TO-256030,TO-256,1727256,1727256031,303112847,Tong yulduzi,Тонг юлдузи,Тонг Юлдузи,Tong yulduzi,false
TO-256031,TO-256,1727256,1727256030,303112823,Samarqand,Самарқанд,Самарканд,Samarqand,false
TO-256032,TO-256,1727256,1727256033,303277325,Extirom,Ехтиром,Эхтиром,Extirom,false
TO-256033,TO-256,1727256,1727256036,303277451,Ko‘tarma,Кўтарма,Кутарма,Kótarma,false
TO-256034,TO-256,1727256,0,,Islomobod,Исломобод,Исломобод,Islomobod,true
TO-256035,TO-256,1727256,0,,Ulug‘vor,Улуғвор,Улуғвор,Uluǵvor,true
TO-256036,TO-256,1727256,0,,Shalola,Шалола,Шалола,Shalola,true
TO-256037,TO-256,1727256,1727256038,303300375,Kanalobod,Каналобод,Каналобод,Kanalobod,false
TO-256038,TO-256,1727256,1727256039,204055604,Xamza,Хамза,Хамза,Xamza,false
TO-256039,TO-256,1727256,1727256040,204055532,Paxtaobod,Пахтаобод,Пахтаобод,Paxtaobod,false
TO-256040,TO-256,1727256,0,,Yoshlik,Ёшлик,Ёшлик,Yoshlik,true
TO-256041,TO-256,1727256,1727256044,303277404,Nafis,Нафис,Нафис,Nafis,false
TO-256042,TO-256,1727256,1727256045,303277444,Mevazor,Мевазор,Мевазор,Mevazor,false
TO-256043,TO-256,1727256,1727256047,303277436,Rasulobod,Расулобод,Расулобод,Rasulobod,false
TO-256044,TO-256,1727256,0,,Bog‘bon,Боғбон,Боғбон,Boǵbon,true
TO-256045,TO-256,1727256,1727256049,303112277,Chorvador,Чорвадор,Чорвадор,Chorvador,false
TO-256046,TO-256,1727256,1727256048,303112300,Birlik,Бирлик,Бирлик,Birlik,false
TO-256047,TO-256,1727256,1727256051,303112260,Sutchilar,Сутчилар,Сутчилар,Sutchilar,false
TO-256048,TO-256,1727256,1727256052,303112253,Sutbuloq,Сутбулоқ,Сутбулок,Sutbuloq,false
TO-256049,TO-256,1727256,0,,Obi hayot,Оби ҳаёт,Оби ҳаёт,Obi hayot,true
TO-256050,TO-256,1727256,0,,Qozi,Қози,Қози,Qozi,true
TO-256051,TO-256,1727256,0,,Xo‘ja,Хўжа,Хўжа,Xója,true
TO-256052,TO-256,1727256,0,,Yovvosh,Ёввош,Ёввош,Yovvosh,true
TO-256053,TO-256,1727256,1727256011,308016147,Tillatopgan,Тиллатопган,Тиллатопган,Tillatopgan,false
TO-256054,TO-256,1727256,0,,Ko‘xinur,Кўхинур,Кўхинур,Kóxinur,true
TO-11130048,TO-256,1727256,1727256009,303213831,Chin-maschit,Чин-масчит,Чин-Масчит,Chin-maschit,false
TO-11130047,TO-256,1727256,1727256015,204053622,Ho‘ja,Ҳўжа,Хужа,Hója,false
TO-11130051,TO-256,1727256,1727256037,303300447,Eshonobod,Эшонобод,Эшонобод,Eshonobod,false
TO-11130001,TO-256,1727256,1727256014,204055524,Alisher navoiy,Алишер навоий,Алишер Навоий,Alisher navoiy,false
TO-11130011,TO-256,1727256,1727256010,303213737,Dexqonobod,Дехқонобод,Дехконобод,Dexqonobod,false
TO-11130039,TO-256,1727256,1727256023,308031153,Tillaobod,Тиллаобод,Тиллаобод,Tillaobod,false
TO-11130016,TO-256,1727256,1727256035,303277318,Islamobod,Исламобод,Исламобод,Islamobod,false
TO-11130014,TO-256,1727256,1727256007,303213705,Yollama,Ёллама,Ёллама,Yollama,false
TO-259001,TO-259,1727259,0,,Chortoq,Чортоқ,Чортоқ,Chortoq,true
TO-259002,TO-259,1727259,1727259011,207312811,Qirariq,Қирариқ,Кирарик,Qirariq,false
TO-259003,TO-259,1727259,0,,Samarqand,Самарқанд,Самарқанд,Samarqand,true
TO-259004,TO-259,1727259,1727259016,202944456,Obod,Обод,Обод,Obod,false
TO-259005,TO-259,1727259,1727259002,202944432,G‘alaba,Ғалаба,Галаба,Ǵalaba,false
TO-259006,TO-259,1727259,1727259010,202944449,Yuksalish,Юксалиш,Юксалиш,Yuksalish,false
TO-259007,TO-259,1727259,0,,O‘zbekiston bekati,Ўзбекистон бекати,Ўзбекистон бекати,Ózbekiston bekati,true
TO-259008,TO-259,1727259,0,,Nov,Нов,Нов,Nov,true
TO-259009,TO-259,1727259,1727259017,202944424,O‘zbekiston,Ўзбекистон,Узбекистон,Ózbekiston,false
TO-259010,TO-259,1727259,0,,Baxor,Бахор,Бахор,Baxor,true
TO-259011,TO-259,1727259,1727259015,202944321,Farovon,Фаровон,Фаровон,Farovon,false
TO-259012,TO-259,1727259,1727259003,202944495,Guliston,Гулистон,Гулистон,Guliston,false
TO-259013,TO-259,1727259,0,,Namuna,Намуна,Намуна,Namuna,true
TO-259014,TO-259,1727259,1727259009,207292799,Niyozbosh,Ниёзбош,Ниёзбош,Niyozbosh,false
TO-259015,TO-259,1727259,1727259014,204409557,Binokor,Бинокор,Бинокор,Binokor,false
TO-259016,TO-259,1727259,1727259013,202944504,Gulbog‘,Гулбоғ,Гулбог,Gulboǵ,false
TO-259017,TO-259,1727259,1727259005,202944528,Madaniyat,Маданият,Маданият,Madaniyat,false
TO-259018,TO-259,1727259,0,,Bo‘ston,Бўстон,Бўстон,Bóston,true
TO-259019,TO-259,1727259,1727259004,204457823,Paxta,Пахта,Пахта,Paxta,false
TO-259020,TO-259,1727259,1727259008,203708526,Said ota,Саид ота,Саид ота,Said ota,false
TO-259021,TO-259,1727259,1727259023,202944227,Tuyabo‘g‘iz,Туябўғиз,Туя бугиз,Tuyabóǵiz,false
TO-259022,TO-259,1727259,0,,Keng kechik,Кенг кечик,Кенг кечик,Keng kechik,true
TO-259023,TO-259,1727259,0,,Istiqlol,Истиқлол,Истиқлол,Istiqlol,true
TO-259024,TO-259,1727259,0,,Honqo‘rg‘on,Ҳонқўрғон,Ҳонқўрғон,Honqórǵon,true
TO-259025,TO-259,1727259,0,,Chang tepa,Чанг тепа,Чанг тепа,Chang tepa,true
TO-259026,TO-259,1727259,1727259030,202944234,Qora tepa,Қора тепа,Кора-тепа,Qora tepa,false
TO-259027,TO-259,1727259,1727259024,203111899,Chamanzor,Чаманзор,Чаманзор,Chamanzor,false
TO-259028,TO-259,1727259,1727259029,202944163,Xalqobod,Халқобод,Халкобод,Xalqobod,false
TO-259029,TO-259,1727259,1727259018,202944155,Olmazor,Олмазор,Олмазор,Olmazor,false
TO-259030,TO-259,1727259,1727259026,202944170,Nixol,Нихол,Нихол,Nixol,false
TO-259031,TO-259,1727259,0,,Mirishkor,Миришкор,Миришкор,Mirishkor,true
TO-259032,TO-259,1727259,1727259019,202944353,Dexqonobod,Дехқонобод,Дехконобод,Dexqonobod,false
TO-259033,TO-259,1727259,1727259031,202944338,Registon,Регистон,Регистон,Registon,false
TO-259034,TO-259,1727259,1727259021,202944345,Keskan,Кескан,Кескан,Keskan,false
TO-259035,TO-259,1727259,1727259022,204513294,Nurobod,Нуробод,Нуробод,Nurobod,false
TO-259036,TO-259,1727259,1727259025,202944203,Qo‘sh tepa,Қўш тепа,Куш тепа,Qósh tepa,false
TO-259037,TO-259,1727259,0,,M.Ulug‘bek,М.улуғбек,М.улуғбек,M.Uluǵbek,true
TO-259038,TO-259,1727259,0,,Isloxat,Ислохат,Ислохат,Isloxat,true
TO-259039,TO-259,1727259,1727259035,206960560,Yangiyo‘l,Янгийўл,Янгийул,Yangiyól,false
TO-259040,TO-259,1727259,0,,Xo‘jabod,Хўжабод,Хўжабод,Xójabod,true
TO-259041,TO-259,1727259,1727259043,202944314,Markaz,Марказ,Марказ,Markaz,false
TO-259042,TO-259,1727259,0,,Xaqiqat,Хақиқат,Хақиқат,Xaqiqat,true
TO-259043,TO-259,1727259,1727259034,202944281,Ozod,Озод,Озод,Ozod,false
TO-259044,TO-259,1727259,1727259044,207321420,Ibrat,Ибрат,Ибрат,Ibrat,false
TO-259045,TO-259,1727259,1727259047,202944266,Vatan,Ватан,Ватан,Vatan,false
TO-259046,TO-259,1727259,1727259046,202944187,Iftixor,Ифтихор,Ифтихор,Iftixor,false
TO-259047,TO-259,1727259,1727259037,203763594,Do‘stlik,Дўстлик,Достлик,Dóstlik,false
TO-259048,TO-259,1727259,1727259033,202944567,Umid,Умид,Умид,Umid,false
TO-259049,TO-259,1727259,1727259036,207294874,Mingbuloq,Мингбулоқ,Мингбулок,Mingbuloq,false
TO-259050,TO-259,1727259,1727259042,207293204,Sho‘ralisoy,Шўралисой,Шуралисой,Shóralisoy,false
TO-259051,TO-259,1727259,1727259041,207293117,Ittifoq,Иттифоқ,Иттифок,Ittifoq,false
TO-259052,TO-259,1727259,1727259058,202944360,Qovunchi,Қовунчи,Ковунчи,Qovunchi,false
TO-259053,TO-259,1727259,1727259057,206987313,Yoshlik,Ёшлик,Ёшлик,Yoshlik,false
TO-259054,TO-259,1727259,1727259048,202944400,Saxovat,Саховат,Саховат,Saxovat,false
TO-259055,TO-259,1727259,1727259056,202944392,Bunyodkor,Бунёдкор,Бунёдкор,Bunyodkor,false
TO-259056,TO-259,1727259,0,,Sohibkor,Соҳибкор,Соҳибкор,Sohibkor,true
TO-259057,TO-259,1727259,1727259053,202944384,Qirsadoq,Қирсадоқ,Кирсадок,Qirsadoq,false
TO-259058,TO-259,1727259,1727259049,202944377,Jambul,Жамбул,Жамбул,Jambul,false
TO-259059,TO-259,1727259,0,,Pistalik,Писталик,Писталик,Pistalik,true
TO-259060,TO-259,1727259,1727259050,207139194,Darxon,Дархон,Дархон,Darxon,false
TO-259061,TO-259,1727259,1727259064,202944543,Ahil,Аҳил,Ахил,Ahil,false
TO-259062,TO-259,1727259,0,,Shodlik,Шодлик,Шодлик,Shodlik,true
TO-259063,TO-259,1727259,1727259055,202944535,Gulbaxor,Гулбахор,Гулбахор,Gulbaxor,false
TO-259064,TO-259,1727259,0,,Navboxor,Навбохор,Навбохор,Navboxor,true
TO-259065,TO-259,1727259,1727259063,206926349,Ko‘kalamzor,Кўкаламзор,Кукаламзор,Kókalamzor,false
TO-259066,TO-259,1727259,1727259054,203766044,Baytish,Байтиш,Байтиш,Baytish,false
TO-259067,TO-259,1727259,1727259051,203766051,Epkendi,Епкенди,Епкенди,Epkendi,false
TO-259068,TO-259,1727259,0,,Bog‘bon,Боғбон,Боғбон,Boǵbon,true
TO-259069,TO-259,1727259,1727259061,202944242,Qo‘sh yog‘och,Қўш ёғоч,Куш ёгоч,Qósh yoǵoch,false
TO-11150035,TO-259,1727259,1727259045,203790704,Mirzo ulug‘bek,Мирзо улуғбек,Мирзо Улугбек,Mirzo uluǵbek,false
TO-11150063,TO-259,1727259,1727259020,202944194,Xon-qo‘rg‘on,Хон-қўрғон,Хон-кургон,Xon-qórǵon,false
TO-11150037,TO-259,1727259,1727259052,204157714,Navbahor,Навбаҳор,Навбахор,Navbahor,false
TO-265001,TO-265,1727265,0,,A.Navoiy,А.навоий,А.навоий,A.Navoiy,true
TO-265002,TO-265,1727265,1727265036,207018116,Avliyo ota,Авлиё ота,Авлиё Ота,Avliyo ota,false
TO-265003,TO-265,1727265,1727265025,202918510,Ayriota,Айриота,Айриота,Ayriota,false
TO-265004,TO-265,1727265,1727265049,202967031,Axillik,Ахиллик,Ахиллик,Axillik,false
TO-265005,TO-265,1727265,1727265053,202918684,Bahor,Баҳор,Бахор,Bahor,false
TO-265006,TO-265,1727265,1727265058,207184727,Beruniy,Беруний,Беруний,Beruniy,false
TO-265007,TO-265,1727265,1727265067,207184742,Beshterak,Бештерак,Бештерак,Beshterak,false
TO-265008,TO-265,1727265,1727265031,207186605,Bog‘bon,Боғбон,Богбон,Boǵbon,false
TO-265009,TO-265,1727265,1727265016,202918280,Bog‘izilol,Боғизилол,Богизилол,Boǵizilol,false
TO-265010,TO-265,1727265,1727265017,202918297,Bunyodkor,Бунёдкор,Бунёдкор,Bunyodkor,false
TO-265011,TO-265,1727265,0,,Gulobod,Гулобод,Гулобод,Gulobod,true
TO-265012,TO-265,1727265,1727265007,202918448,Gultepa,Гултепа,Гултепа,Gultepa,false
TO-265013,TO-265,1727265,1727265029,202918542,G‘isht ko‘prik,Ғишт кўприк,Гишткуприк,Ǵisht kóprik,false
TO-265014,TO-265,1727265,1727265033,202918320,Darxon,Дархон,Дархон,Darxon,false
TO-265015,TO-265,1727265,1727265059,207147676,Diydor,Дийдор,Дийдор,Diydor,false
TO-265016,TO-265,1727265,1727265060,202918653,Zarbdor,Зарбдор,Зарбдор,Zarbdor,false
TO-265017,TO-265,1727265,1727265012,202918409,Zargar,Заргар,Заргар,Zargar,false
TO-265018,TO-265,1727265,1727265021,202918258,Zax-ariq,Зах-ариқ,Зах-арик,Zax-ariq,false
TO-265019,TO-265,1727265,1727265023,202918494,Ibrat,Ибрат,Ибрат,Ibrat,false
TO-265020,TO-265,1727265,1727265039,202918344,Iqbol,Иқбол,Икбол,Iqbol,false
TO-265021,TO-265,1727265,1727265008,202918431,Istiqbol,Истиқбол,Истикбол,Istiqbol,false
TO-265022,TO-265,1727265,0,,Iftixor,Ифтихор,Ифтихор,Iftixor,true
TO-265023,TO-265,1727265,1727265004,202918463,Kalas,Калас,Калас,Kalas,false
TO-265024,TO-265,1727265,1727265055,202918660,Kensoy,Кенсой,Кенсой,Kensoy,false
TO-265025,TO-265,1727265,1727265050,202918186,Kir-arik,Кир-арик,Кир-арик,Kir-arik,false
TO-265026,TO-265,1727265,1727265051,203605679,Korasaroy,Корасарой,Корасарой,Korasaroy,false
TO-265027,TO-265,1727265,1727265057,202918606,Ko‘k saroy,Кўк сарой,Куксарой,Kók saroy,false
TO-265028,TO-265,1727265,1727265046,202918123,Ko‘kterak,Кўктерак,Куктерак,Kókterak,false
TO-265029,TO-265,1727265,1727265062,207119780,Ko‘hi-nur,Кўҳи-нур,Кухинур,Kóhi-nur,false
TO-265030,TO-265,1727265,1727265024,202918503,Qashqarlik,Қашқарлик,Кашкарлик,Qashqarlik,false
TO-265031,TO-265,1727265,1727265019,202918265,Qizg‘aldoq,Қизғалдоқ,Кизгалдок,Qizǵaldoq,false
TO-265032,TO-265,1727265,1727265061,202918614,Qora bo‘rik,Қора бўрик,Корабурик,Qora bórik,false
TO-265033,TO-265,1727265,0,,Quruvchi,Қурувчи,Қурувчи,Quruvchi,true
TO-265034,TO-265,1727265,0,,Qush qo‘ndi,Қуш қўнди,Қуш қўнди,Qush qóndi,true
TO-265035,TO-265,1727265,1727265011,204094635,Majnuntol,Мажнунтол,Мажнунтол,Majnuntol,false
TO-265036,TO-265,1727265,1727265002,202918470,Ma‘rifat,Маърифат,Маърифат,Ma‘rifat,false
TO-265037,TO-265,1727265,1727265028,202918534,Mustaqillik,Мустақиллик,Мустакиллик,Mustaqillik,false
TO-265038,TO-265,1727265,1727265014,202918391,Nurxayot,Нурхаёт,Нурхаёт,Nurxayot,false
TO-265039,TO-265,1727265,1727265045,202918162,Obodlik,Ободлик,Ободлик,Obodlik,false
TO-265040,TO-265,1727265,1727265040,202918202,Ozodlik,Озодлик,Озодлик,Ozodlik,false
TO-265041,TO-265,1727265,1727265034,202918313,Oydin hayot,Ойдин ҳаёт,Ойдин хаёт,Oydin hayot,false
TO-265042,TO-265,1727265,1727265042,202918219,Oqibat,Оқибат,Окибат,Oqibat,false
TO-265043,TO-265,1727265,1727265068,207108992,Oqtom,Оқтом,Октом,Oqtom,false
TO-265044,TO-265,1727265,1727265065,202918645,Oqtosh,Оқтош,Октош,Oqtosh,false
TO-265045,TO-265,1727265,1727265064,202918638,Oltin tepa,Олтин тепа,Олтинтепа,Oltin tepa,false
TO-265046,TO-265,1727265,1727265035,202918305,Raxbarobod,Рахбаробод,Рахбаробод,Raxbarobod,false
TO-265047,TO-265,1727265,1727265038,202918337,Sabzavot,Сабзавот,Сабзавот,Sabzavot,false
TO-265048,TO-265,1727265,0,,Sagbon,Сагбон,Сагбон,Sagbon,true
TO-265049,TO-265,1727265,0,,Sanoat,Саноат,Саноат,Sanoat,true
TO-265050,TO-265,1727265,1727265032,202918581,Sarke,Сарке,Сарке,Sarke,false
TO-265051,TO-265,1727265,1727265030,202918574,Sirg‘ali,Сирғали,Сиргали,Sirǵali,false
TO-265052,TO-265,1727265,1727265015,202918154,Soxibkor,Сохибкор,Сохибкор,Soxibkor,false
TO-265053,TO-265,1727265,1727265048,202918194,Tinchlik,Тинчлик,Тинчлик,Tinchlik,false
TO-265054,TO-265,1727265,1727265037,202918376,Tutzor,Тутзор,Тутзор,Tutzor,false
TO-265055,TO-265,1727265,1727265047,202918384,Uch sada,Уч сада,Уч сада,Uch sada,false
TO-265056,TO-265,1727265,1727265001,202918455,Uchchinor,Уччинор,Уч чинор,Uchchinor,false
TO-265057,TO-265,1727265,1727265022,202918226,Fayzobod,Файзобод,Файзобод,Fayzobod,false
TO-265058,TO-265,1727265,0,,Farovon,Фаровон,Фаровон,Farovon,true
TO-265059,TO-265,1727265,1727265054,202918677,Xasanboy,Хасанбой,Хасанбой,Xasanboy,false
TO-265060,TO-265,1727265,0,,Xasanboy guzar,Хасанбой гузар,Хасанбой гузар,Xasanboy guzar,true
TO-265061,TO-265,1727265,1727265013,202967048,Xiyobon,Хиёбон,хиёбон,Xiyobon,false
TO-265062,TO-265,1727265,1727265041,202918147,Xuvaydo,Хувайдо,Хувайдо,Xuvaydo,false
TO-265063,TO-265,1727265,1727265003,202918487,Halimkop,Ҳалимкоп,Халимкуп,Halimkop,false
TO-265064,TO-265,1727265,1727265056,202918598,Chig‘atoy,Чиғатой,Чигатой,Chiǵatoy,false
TO-265065,TO-265,1727265,1727265010,202918416,Chuvalachi,Чувалачи,Чувалачи,Chuvalachi,false
TO-265066,TO-265,1727265,1727265063,202918621,Shamsiobod,Шамсиобод,Шамсиобод,Shamsiobod,false
TO-265067,TO-265,1727265,1727265009,202918424,Shirin,Ширин,Ширин,Shirin,false
TO-265068,TO-265,1727265,0,,E‘zoz,Еъзоз,Еъзоз,E‘zoz,true
TO-11110071,TO-265,1727265,1727265070,310525733,O‘rikzor,Ўрикзор,Урикзор,Órikzor,false
TO-11110070,TO-265,1727265,1727265069,310444304,Yangi hayot,Янги ҳаёт,Янги хаёт,Yangi hayot,false
TO-11110034,TO-265,1727265,1727265066,207109105,Qo‘sh qo‘ndi,Қўш қўнди,Куш кунди,Qósh qóndi,false
TO-11110003,TO-265,1727265,1727265018,202918234,Alisher navoiy,Алишер навоий,Алишер Навоий,Alisher navoiy,false
TO-11110061,TO-265,1727265,1727265052,202918692,Hasanboy-guzari,Ҳасанбой-гузари,Хасанбой-гузари,Hasanboy-guzari,false
TO-401001,TO-401,1727401,1727401012,206986339,Birlik,Бирлик,Бирлик,Birlik,false
TO-401002,TO-401,1727401,0,,Bobur,Бобур,Бобур,Bobur,true
TO-401003,TO-401,1727401,1727401001,306232102,Degantepa,Дегантепа,Дегантепа,Degantepa,false
TO-401004,TO-401,1727401,0,,Dexqonobod,Дехқонобод,Дехқонобод,Dexqonobod,true
TO-401005,TO-401,1727401,0,,Yoshlik,Ёшлик,Ёшлик,Yoshlik,true
TO-401006,TO-401,1727401,1727401007,207127621,Qumariq,Қумариқ,Кумарик,Qumariq,false
TO-401007,TO-401,1727401,1727401003,202925614,Ma‘rifat,Маърифат,Маърифат,Ma‘rifat,false
TO-401008,TO-401,1727401,1727401010,201549536,Muqumiy,Муқумий,Мукумий,Muqumiy,false
TO-401009,TO-401,1727401,1727401008,202849827,Navro‘z,Наврўз,Навруз,Navróz,false
TO-401010,TO-401,1727401,1727401006,306239424,Nurafshon,Нурафшон,Нурафшон,Nurafshon,false
TO-401011,TO-401,1727401,1727401020,203158658,Obod,Обод,Обод,Obod,false
TO-401012,TO-401,1727401,1727401011,202902967,Obod turmush,Обод турмуш,Обод турмуш,Obod turmush,false
TO-401013,TO-401,1727401,1727401021,202883596,Oybek,Ойбек,Ойбек,Oybek,false
TO-401014,TO-401,1727401,1727401017,205170421,Oppoq,Оппоқ,Оппок,Oppoq,false
TO-401015,TO-401,1727401,0,,Taraqqiyot,Тараққиёт,Тараққиёт,Taraqqiyot,true
TO-401016,TO-401,1727401,1727401009,202891784,To‘y-tepa,Тўй-тепа,Тойтепа,Tóy-tepa,false
TO-401017,TO-401,1727401,0,,Uchqun,Учқун,Учқун,Uchqun,true
TO-401018,TO-401,1727401,1727401014,306239654,Xurriyat,Хуррият,Хуррият,Xurriyat,false
TO-401019,TO-401,1727401,0,,Chig‘iriq,Чиғириқ,Чиғириқ,Chiǵiriq,true
TO-401020,TO-401,1727401,0,,Evalak,Евалак,Евалак,Evalak,true
TO-401021,TO-401,1727401,0,,Yuksalish,Юксалиш,Юксалиш,Yuksalish,true
TO-401022,TO-401,1727401,1727401004,306523278,Yangi obod,Янги обод,Янги обод,Yangi obod,false
TO-11210016,TO-401,1727401,1727401016,306259337,Tarraqiyot,Таррақиёт,Тарракиёт,Tarraqiyot,false
TO-11210004,TO-401,1727401,1727401002,207059682,Dehqonobod,Деҳқонобод,Дехконобод,Dehqonobod,false
TO-404001,TO-404,1727404,1727404037,202773764,Namuna,Намуна,Намуна,Namuna,false
TO-404002,TO-404,1727404,0,,Birdamlik,Бирдамлик,Бирдамлик,Birdamlik,true
TO-404003,TO-404,1727404,0,,Saxovat mf y,Саховат мф й,Саховат мф й,Saxovat mf y,true
TO-404004,TO-404,1727404,0,,Xo‘ja axmad yassaviy,Хўжа ахмад яссавий,Хўжа ахмад яссавий,Xója axmad yassaviy,true
TO-404005,TO-404,1727404,0,,I.Karimov,И.каримов,И.каримов,I.Karimov,true
TO-404006,TO-404,1727404,1727404010,202773725,Mustaqillik,Мустақиллик,Мустакиллик,Mustaqillik,false
TO-404007,TO-404,1727404,0,,Toshkent bog‘i,Тошкент боғи,Тошкент боғи,Toshkent boǵi,true
TO-404008,TO-404,1727404,0,,A. qaxxor,А. қаххор,А. қаххор,A. qaxxor,true
TO-404009,TO-404,1727404,0,,Muso jalil,Мусо жалил,Мусо жалил,Muso jalil,true
TO-404010,TO-404,1727404,0,,Sh.rashidov,Ш.рашидов,Ш.рашидов,Sh.rashidov,true
TO-404011,TO-404,1727404,0,,Xamid olimjon,Хамид олимжон,Хамид олимжон,Xamid olimjon,true
TO-404012,TO-404,1727404,0,,A.Navoiy nomli,А.навоий номли,А.навоий номли,A.Navoiy nomli,true
TO-404013,TO-404,1727404,0,,Zarbuloq m.f.y,Зарбулоқ м.ф.й,Зарбулоқ м.ф.й,Zarbuloq m.f.y,true
TO-404014,TO-404,1727404,1727404050,202773804,Kamalak,Камалак,Камалак,Kamalak,false
TO-404015,TO-404,1727404,0,,Ibn sino,Ибн сино,Ибн сино,Ibn sino,true
TO-404016,TO-404,1727404,0,,Bog‘aro,Боғаро,Боғаро,Boǵaro,true
TO-404017,TO-404,1727404,1727404015,202767494,Oydin,Ойдин,Ойдин,Oydin,false
TO-404018,TO-404,1727404,1727404047,202773599,Tinchlik,Тинчлик,Тинчлик,Tinchlik,false
TO-404019,TO-404,1727404,1727404030,202767526,Xamza,Хамза,Хамза,Xamza,false
TO-404020,TO-404,1727404,1727404019,202773661,Sufi olloyor,Суфи оллоёр,Суфи Оллоёр,Sufi olloyor,false
TO-404021,TO-404,1727404,1727404027,202773890,Yangi xayot,Янги хаёт,Янги хаёт,Yangi xayot,false
TO-404022,TO-404,1727404,1727404012,202773757,Do‘stlik,Дўстлик,Достлик,Dóstlik,false
TO-404023,TO-404,1727404,1727404048,202773796,Furkat,Фуркат,Фуркат,Furkat,false
TO-404024,TO-404,1727404,0,,A.Qodiriy,А.қодирий,А.қодирий,A.Qodiriy,true
TO-404025,TO-404,1727404,1727404051,202773685,Chambil,Чамбил,Чамбил,Chambil,false
TO-404026,TO-404,1727404,0,,Gultepa,Гултепа,Гултепа,Gultepa,true
TO-404027,TO-404,1727404,0,,M bexbudiy,М бехбудий,М бехбудий,M bexbudiy,true
TO-404028,TO-404,1727404,1727404002,202765101,Koinot,Коинот,Коинот,Koinot,false
TO-404029,TO-404,1727404,1727404043,202767519,Bobur,Бобур,Бобур,Bobur,false
TO-404030,TO-404,1727404,0,,Qalmoqir,Қалмоқир,Қалмоқир,Qalmoqir,true
TO-404031,TO-404,1727404,0,,Metallurg,Металлург,Металлург,Metallurg,true
TO-404032,TO-404,1727404,1727404011,202773718,Yulduz,Юлдуз,Юлдуз,Yulduz,false
TO-404033,TO-404,1727404,1727404032,207016830,Abdulla avloniy,Абдулла авлоний,Абдулла Aвлони,Abdulla avloniy,false
TO-404034,TO-404,1727404,1727404022,202773844,Uvaysiy,Увайсий,Увайсий,Uvaysiy,false
TO-404035,TO-404,1727404,1727404041,202773646,Oltin,Олтин,Олтин,Oltin,false
TO-404036,TO-404,1727404,0,,G‘ofur g‘ulom,Ғофур ғулом,Ғофур ғулом,Ǵofur ǵulom,true
TO-404037,TO-404,1727404,1727404045,202773678,Muqimiy,Муқимий,Мукимий,Muqimiy,false
TO-404038,TO-404,1727404,1727404013,202773733,O‘zbekiston,Ўзбекистон,Узбекистон,Ózbekiston,false
TO-404039,TO-404,1727404,1727404004,202773639,Olmaliqsoy,Олмалиқсой,Олмаликсой,Olmaliqsoy,false
TO-404040,TO-404,1727404,0,,Ramazon,Рамазон,Рамазон,Ramazon,true
TO-404041,TO-404,1727404,0,,Terekli,Терекли,Терекли,Terekli,true
TO-404042,TO-404,1727404,1727404028,202773693,Usmon nosir,Усмон носир,Усмон Носир,Usmon nosir,false
TO-404043,TO-404,1727404,0,,M.Ulugbek,М.улугбек,М.улугбек,M.Ulugbek,true
TO-404044,TO-404,1727404,1727404020,307167048,Temur malik,Темур малик,Темур Малик,Temur malik,false
TO-404045,TO-404,1727404,0,,Shoshiloq,Шошилоқ,Шошилоқ,Shoshiloq,true
TO-404046,TO-404,1727404,0,,Chulpon,Чулпон,Чулпон,Chulpon,true
TO-404047,TO-404,1727404,1727404024,202773654,Ko‘rpasoy,Кўрпасой,Корпасой,Kórpasoy,false
TO-404048,TO-404,1727404,0,,Kimyogarg,Кимёгарг,Кимёгарг,Kimyogarg,true
TO-404049,TO-404,1727404,1727404016,202773772,Bo‘ston,Бўстон,Бостон,Bóston,false
TO-404050,TO-404,1727404,1727404049,202773622,Olmaliqovul,Олмалиқовул,Олмаликовул,Olmaliqovul,false
TO-404051,TO-404,1727404,1727404046,202773607,Navro‘z,Наврўз,Навроз,Navróz,false
TO-11180020,TO-404,1727404,1727404023,202773868,Kimyogar,Кимёгар,Кимёгар,Kimyogar,false
TO-11180004,TO-404,1727404,1727404025,202773883,Ibn cino,Ибн cино,Ибн Cино,Ibn cino,false
TO-11180040,TO-404,1727404,1727404034,202773875,Toshkent,Тошкент,Тошкент,Toshkent,false
TO-11180005,TO-404,1727404,1727404009,202767462,Alisher navoiy,Алишер навоий,Алишер Навоий,Alisher navoiy,false
TO-11180024,TO-404,1727404,1727404003,202773829,Mirzo ulug‘bek,Мирзо улуғбек,Мирзо Улугбек,Mirzo uluǵbek,false
TO-11180016,TO-404,1727404,1727404039,202773789,Zarbuloq,Зарбулоқ,Зарбулок,Zarbuloq,false
TO-11180053,TO-404,1727404,1727404052,207148026,Hilol,Ҳилол,Хилол,Hilol,false
TO-11180035,TO-404,1727404,1727404005,202767479,Saxovat,Саховат,Саховат,Saxovat,false
TO-11180038,TO-404,1727404,1727404031,202767486,Terakli,Теракли,Теракли,Terakli,false
TO-11180017,TO-404,1727404,1727404029,307168853,Islom karimov,Ислом каримов,Ислом Каримов,Islom karimov,false
TO-11180048,TO-404,1727404,1727404021,202773851,Cho‘lpon,Чўлпон,Чолпон,Chólpon,false
TO-11180002,TO-404,1727404,1727404035,202767541,Abdulla qahhor,Абдулла қаҳҳор,Абдулла Каххор,Abdulla qahhor,false
TO-11180003,TO-404,1727404,1727404036,202773701,Abdulla qodiriy,Абдулла қодирий,Абдулла Кодирий,Abdulla qodiriy,false
TO-11180008,TO-404,1727404,1727404008,202767502,Maxmudxo‘ja behbudiy,Махмудхўжа беҳбудий,Махмудхожа Бехбудий,Maxmudxója behbudiy,false
TO-11180007,TO-404,1727404,1727404044,202773614,Xo‘ja ahamad yassaviy,Хўжа аҳамад яссавий,Хужа Ахамад Яссави,Xója ahamad yassaviy,false
TO-407001,TO-407,1727407,1727407016,202838151,Gulbog‘,Гулбоғ,Гулбог,Gulboǵ,false
TO-407002,TO-407,1727407,1727407017,202845380,Obliq,Облиқ,Облик,Obliq,false
TO-407003,TO-407,1727407,0,,G‘ofur g‘ulom,Ғофур ғулом,Ғофур ғулом,Ǵofur ǵulom,true
TO-407004,TO-407,1727407,1727407019,202833523,Do‘stlik,Дўстлик,Дустлик,Dóstlik,false
TO-407005,TO-407,1727407,1727407020,202838230,Xakkarman-yangi jigariston,Хаккарман-янги жигаристон,Хаккарман Янги Жигаристон,Xakkarman-yangi jigariston,false
TO-407006,TO-407,1727407,1727407021,202854759,Grum,Грум,Грум,Grum,false
TO-407007,TO-407,1727407,1727407038,202846704,Jigariston,Жигаристон,Жигаристон,Jigariston,false
TO-407008,TO-407,1727407,0,,Chinniobod,Чинниобод,Чинниобод,Chinniobod,true
TO-407009,TO-407,1727407,0,,43898,43898,43898,43898,true
TO-407010,TO-407,1727407,1727407001,202838254,Bogi-surx,Боги-сурх,Боги-сурх,Bogi-surx,false
TO-407011,TO-407,1727407,0,,Nishbosh,Нишбош,Нишбош,Nishbosh,true
TO-407012,TO-407,1727407,1727407028,202846664,Lashkerak,Лашкерак,Лашкерак,Lashkerak,false
TO-407013,TO-407,1727407,1727407029,202845397,Oppartak,Оппартак,Оппартак,Oppartak,false
TO-407014,TO-407,1727407,0,,Zarbuloq,Зарбулоқ,Зарбулоқ,Zarbuloq,true
TO-407015,TO-407,1727407,1727407041,202838144,Ko‘kterak,Кўктерак,Кук-терак,Kókterak,false
TO-407016,TO-407,1727407,0,,Buston,Бустон,Бустон,Buston,true
TO-407017,TO-407,1727407,1727407002,202838223,Chotkol,Чоткол,Чоткол,Chotkol,false
TO-407018,TO-407,1727407,1727407003,202838302,Gulzor,Гулзор,Гулзор,Gulzor,false
TO-407019,TO-407,1727407,1727407004,202838136,Maydon,Майдон,Майдон,Maydon,false
TO-407020,TO-407,1727407,1727407005,202839862,Yangi xayot,Янги хаёт,Янги хаёт,Yangi xayot,false
TO-407021,TO-407,1727407,0,,Yangi bogi surx,Янги боги сурх,Янги боги сурх,Yangi bogi surx,true
TO-407022,TO-407,1727407,0,,Navro‘z-1,Наврўз-1,Наврўз-1,Navróz-1,true
TO-407023,TO-407,1727407,1727407032,202903087,Namuna,Намуна,Намуна,Namuna,false
TO-407024,TO-407,1727407,1727407007,202845358,Qorabog‘,Қорабоғ,Корабог,Qoraboǵ,false
TO-407025,TO-407,1727407,0,,Qatag‘on,Қатағон,Қатағон,Qataǵon,true
TO-407026,TO-407,1727407,1727407009,202845365,Samarchug‘,Самарчуғ,Самарчуг,Samarchuǵ,false
TO-407027,TO-407,1727407,1727407010,202838208,Sog‘lom,Соғлом,Соглом,Soǵlom,false
TO-407028,TO-407,1727407,1727407033,206976912,Navbahor,Навбаҳор,Навбахор,Navbahor,false
TO-407029,TO-407,1727407,1727407022,202838190,Mustakillik,Мустакиллик,Мустакиллик,Mustakillik,false
TO-407030,TO-407,1727407,1727407023,202838168,Ozodlik,Озодлик,Озодлик,Ozodlik,false
TO-407031,TO-407,1727407,1727407043,202852405,Karvon,Карвон,Карвон,Karvon,false
TO-407032,TO-407,1727407,1727407044,202838129,Taraqqiyot,Тараққиёт,Тараккиёт,Taraqqiyot,false
TO-407033,TO-407,1727407,1727407011,202838326,Yoshlik,Ёшлик,Ёшлик,Yoshlik,false
TO-407034,TO-407,1727407,0,,Dorilfunun,Дорилфунун,Дорилфунун,Dorilfunun,true
TO-407035,TO-407,1727407,1727407045,202838358,Istiqlol,Истиқлол,Истиклол,Istiqlol,false
TO-407036,TO-407,1727407,1727407024,202838215,Bobotog,Боботог,Боботог,Bobotog,false
TO-407037,TO-407,1727407,1727407013,202846689,Istiqbol,Истиқбол,Истиқбол,Istiqbol,false
TO-407038,TO-407,1727407,1727407046,202846696,Go‘zal,Гўзал,Гузал,Gózal,false
TO-407039,TO-407,1727407,1727407014,202846657,Nurchi,Нурчи,Нурчи,Nurchi,false
TO-407040,TO-407,1727407,0,,Nurobod,Нуробод,Нуробод,Nurobod,true
TO-407041,TO-407,1727407,1727407034,202845405,Yangiobod,Янгиобод,Янгиобод,Yangiobod,false
TO-407042,TO-407,1727407,1727407035,202845373,Ulug‘bek,Улуғбек,Улугбек,Uluǵbek,false
TO-407043,TO-407,1727407,1727407036,202839854,Obod,Обод,Обод,Obod,false
TO-407044,TO-407,1727407,0,,Tolbuloq,Толбулоқ,Толбулоқ,Tolbuloq,true
TO-407045,TO-407,1727407,0,,Oydin,Ойдин,Ойдин,Oydin,true
TO-407046,TO-407,1727407,0,,Said ota,Саид ота,Саид ота,Said ota,true
TO-407047,TO-407,1727407,1727407037,203404501,Beruniy,Беруний,Беруний,Beruniy,false
TO-407048,TO-407,1727407,0,,Geolog,Геолог,Геолог,Geolog,true
TO-407049,TO-407,1727407,1727407015,203803124,Kimyogar,Кимёгар,Кимёгар,Kimyogar,false
TO-407050,TO-407,1727407,1727407026,204278279,Yangi gushsoy,Янги гушсой,Янги-гушсой,Yangi gushsoy,false
TO-407051,TO-407,1727407,0,,Fayzobod,Файзобод,Файзобод,Fayzobod,true
TO-11160001,TO-407,1727407,1727407040,202839879,8-Mart,8-Март,8-март,8-Mart,false
TO-11160006,TO-407,1727407,1727407042,202838247,Bo‘ston,Бўстон,Бостон,Bóston,false
TO-11160030,TO-407,1727407,1727407006,202838334,Navruz-1,Навруз-1,Навруз-1,Navruz-1,false
TO-11160008,TO-407,1727407,1727407018,202838262,G‘afur g‘ulom,Ғафур ғулом,Гафур Гулом,Ǵafur ǵulom,false
TO-11160052,TO-407,1727407,1727407031,202838286,Yangi bog‘-surx,Янги боғ-сурх,Янги бог-сурх,Yangi boǵ-surx,false
TO-11160013,TO-407,1727407,1727407012,202838175,Dorulfunun,Дорулфунун,Дорулфунун,Dorulfunun,false
TO-413001,TO-413,1727413,1727413001,202903142,Bunyodkor,Бунёдкор,Бунёдкор,Bunyodkor,false
TO-413002,TO-413,1727413,1727413003,206979544,Yangi xayot,Янги хаёт,Янги хаёт,Yangi xayot,false
TO-413003,TO-413,1727413,1727413004,202912449,Do‘stlik,Дўстлик,Дустлик,Dóstlik,false
TO-413004,TO-413,1727413,1727413005,206992324,Yoshlik,Ёшлик,Ёшлик,Yoshlik,false
TO-413005,TO-413,1727413,1727413006,207191631,Paxtakor,Пахтакор,Пахтакор,Paxtakor,false
TO-413006,TO-413,1727413,1727413007,202915325,O‘zbekiston,Ўзбекистон,Узбекистон,Ózbekiston,false
TO-413007,TO-413,1727413,1727413008,202903127,Metallurg,Металлург,Металлург,Metallurg,false
TO-413008,TO-413,1727413,0,,Muqimiy,Муқимий,Муқимий,Muqimiy,true
TO-413009,TO-413,1727413,1727413002,202915318,Jomiy,Жомий,Жомий,Jomiy,false
TO-413010,TO-413,1727413,1727413010,202912488,Sayxun,Сайхун,Сайхун,Sayxun,false
TO-413011,TO-413,1727413,1727413011,202912360,Madaniyat,Маданият,Маданият,Madaniyat,false
TO-413012,TO-413,1727413,1727413013,202903094,Birdamlik,Бирдамлик,Бирдамлик,Birdamlik,false
TO-413013,TO-413,1727413,0,,Q.Farmonov,Қ.фармонов,Қ.фармонов,Q.Farmonov,true
TO-413014,TO-413,1727413,1727413014,202907097,Ma‘rifat,Маърифат,Маърифат,Ma‘rifat,false
TO-413015,TO-413,1727413,1727413015,202915293,Sirdaryo,Сирдарё,Сирдарё,Sirdaryo,false
TO-413016,TO-413,1727413,1727413016,202912456,Mustaqillik,Мустақиллик,Мустакиллик,Mustaqillik,false
TO-413017,TO-413,1727413,1727413017,202915301,Samarqand,Самарқанд,Самаранд,Samarqand,false
TO-413018,TO-413,1727413,1727413018,202912377,Turkiston,Туркистон,Туркистон,Turkiston,false
TO-413019,TO-413,1727413,1727413019,202912384,Taraqqiyot,Тараққиёт,Тараккиёт,Taraqqiyot,false
TO-413020,TO-413,1727413,0,,X.Olimjon,Х.олимжон,Х.олимжон,X.Olimjon,true
TO-413021,TO-413,1727413,1727413021,202903159,Andijon,Андижон,Андижон,Andijon,false
TO-413022,TO-413,1727413,1727413022,206972245,Bog‘ishamol,Боғишамол,Богишамол,Boǵishamol,false
TO-413023,TO-413,1727413,1727413023,202912432,Farg‘ona,Фарғона,Фаргона,Farǵona,false
TO-413024,TO-413,1727413,1727413024,206989634,Shirin,Ширин,Ширин,Shirin,false
TO-413025,TO-413,1727413,1727413025,206931913,Bobur,Бобур,Бобур,Bobur,false
TO-413026,TO-413,1727413,1727413026,202903166,Obod turmush,Обод турмуш,Обод-турмуш,Obod turmush,false
TO-413027,TO-413,1727413,1727413027,206949730,Nurli yo‘l,Нурли йўл,Нурли Йул,Nurli yól,false
TO-413028,TO-413,1727413,0,,Istiqlol,Истиқлол,Истиқлол,Istiqlol,true
TO-413029,TO-413,1727413,1727413029,202912417,Farxod,Фарход,Фарход,Farxod,false
TO-413030,TO-413,1727413,1727413030,202903174,Sementchi,Сементчи,Сементчи,Sementchi,false
TO-413031,TO-413,1727413,0,,A.Navoiy,А.навоий,А.навоий,A.Navoiy,true
TO-413032,TO-413,1727413,1727413032,202912400,Navro‘z,Наврўз,Навруз,Navróz,false
TO-413033,TO-413,1727413,1727413033,206980118,Buloq-ariq,Булоқ-ариқ,Булок арик,Buloq-ariq,false
TO-413034,TO-413,1727413,1727413034,202903110,Al-xorazmiy,Ал-хоразмий,Ал-Хоразмий,Al-xorazmiy,false
TO-413035,TO-413,1727413,1727413035,202903181,Tinchlik,Тинчлик,Тинчлик,Tinchlik,false
TO-11170018,TO-413,1727413,1727413009,202903103,Muqumiy,Муқумий,Мукумий,Muqumiy,false
TO-11170033,TO-413,1727413,1727413020,202903134,Hamid olimjon,Хамид олимжон,Хамидолимжон,Hamid olimjon,false
TO-11170014,TO-413,1727413,1727413012,202912471,Qosim ota farmonov,Қосим ота фармонов,Косим ота Фармонов,Qosim ota farmonov,false
TO-415001,TO-415,1727415,1727415001,202950362,Adolat,Адолат,Адолат,Adolat,false
TO-415002,TO-415,1727415,1727415002,202954713,Baxt,Бахт,Бахт,Baxt,false
TO-415003,TO-415,1727415,1727415018,202950330,Birlik,Бирлик,Бирлик,Birlik,false
TO-415004,TO-415,1727415,1727415005,202946248,Bo‘ston,Бўстон,Бустон,Bóston,false
TO-415005,TO-415,1727415,0,,Vatan,Ватан,Ватан,Vatan,true
TO-415006,TO-415,1727415,1727415007,202948158,Guliston,Гулистон,Гулистон,Guliston,false
TO-415007,TO-415,1727415,1727415011,202944639,Do‘stlik,Дўстлик,Дустлик,Dóstlik,false
TO-415008,TO-415,1727415,1727415003,202944607,Yoshlik,Ёшлик,Ёшлик,Yoshlik,false
TO-415009,TO-415,1727415,1727415012,202950347,Iloq,Илоқ,Илок,Iloq,false
TO-415010,TO-415,1727415,1727415019,202950354,Qo‘rg‘on,Қўрғон,Кургон,Qórǵon,false
TO-415011,TO-415,1727415,0,,Mustaqillik,Мустақиллик,Мустақиллик,Mustaqillik,true
TO-415012,TO-415,1727415,1727415020,202948141,Navbahor,Навбаҳор,Навбахор,Navbahor,false
TO-415013,TO-415,1727415,1727415009,202940905,Namuna,Намуна,Намуна,Namuna,false
TO-415014,TO-415,1727415,1727415004,207269604,No‘g‘oyqo‘rg‘on,Нўғойқўрғон,Нугойкургон,Nóǵoyqórǵon,false
TO-415015,TO-415,1727415,1727415013,202948134,Orzu,Орзу,Орзу,Orzu,false
TO-415016,TO-415,1727415,0,,Oxunboboev nomli,Охунбобоев номли,Охунбобоев номли,Oxunboboev nomli,true
TO-415017,TO-415,1727415,1727415015,202944646,Umid,Умид,Умид,Umid,false
TO-415018,TO-415,1727415,1727415010,202944614,Xonobod,Хонобод,Хонобод,Xonobod,false
TO-415019,TO-415,1727415,1727415016,202947104,Shodlik,Шодлик,Шодлик,Shodlik,false
TO-415020,TO-415,1727415,1727415017,202944622,Yangilik,Янгилик,Янгилик,Yangilik,false
TO-415021,TO-415,1727415,1727415021,202948126,Yangiobod,Янгиобод,Янгиобод,Yangiobod,false
TO-419001,TO-419,1727419,0,,X.Maksudov,Х.максудов,Х.максудов,X.Maksudov,true
TO-419002,TO-419,1727419,0,,M.Ulugbek,М.улугбек,М.улугбек,M.Ulugbek,true
TO-419003,TO-419,1727419,1727419006,202915389,V.Xaydarov,В.хайдаров,В.Хайдаров,V.Xaydarov,false
TO-419004,TO-419,1727419,1727419007,202907184,Guliston,Гулистон,Гулистон,Guliston,false
TO-419005,TO-419,1727419,1727419008,202923664,Ikbol,Икбол,Икбол,Ikbol,false
TO-419006,TO-419,1727419,1727419009,202915340,Umid,Умид,Умид,Umid,false
TO-419007,TO-419,1727419,1727419010,202913351,Gulzor,Гулзор,Гулзор,Gulzor,false
TO-419008,TO-419,1727419,1727419011,202915372,Bobur,Бобур,Бобур,Bobur,false
TO-419009,TO-419,1727419,1727419012,202903284,Istiqlol,Истиқлол,Истиклол,Istiqlol,false
TO-419010,TO-419,1727419,1727419013,202903277,Ishonch,Ишонч,Ишонч,Ishonch,false
TO-419011,TO-419,1727419,1727419014,202923695,Muruvvat,Мурувват,Мурувват,Muruvvat,false
TO-419012,TO-419,1727419,1727419015,202907169,Xumo,Хумо,Xумо,Xumo,false
TO-419013,TO-419,1727419,1727419016,202909481,Chinor,Чинор,Чинор,Chinor,false
TO-419014,TO-419,1727419,1727419017,202903238,Semurg‘,Семурғ,Семург,Semurǵ,false
TO-419015,TO-419,1727419,1727419018,202919675,Adolat,Адолат,Aдолат,Adolat,false
TO-419016,TO-419,1727419,1727419019,202907191,Navbahor,Навбаҳор,Навбахор,Navbahor,false
TO-419017,TO-419,1727419,1727419020,202903260,Mirzo g‘olib,Мирзо ғолиб,Мирзоголиб,Mirzo ǵolib,false
TO-419018,TO-419,1727419,1727419021,203089404,Nur,Нур,Нур,Nur,false
TO-419019,TO-419,1727419,1727419022,202909498,Shodlik,Шодлик,Шодлик,Shodlik,false
TO-419020,TO-419,1727419,1727419023,202903206,Kimyogar,Кимёгар,Кимёгар,Kimyogar,false
TO-419021,TO-419,1727419,1727419024,202907152,Yoshlik,Ёшлик,Ёшлик,Yoshlik,false
TO-419022,TO-419,1727419,1727419025,202916878,Mir alisher,Мир алишер,Мир Алишер,Mir alisher,false
TO-419023,TO-419,1727419,0,,A.Temur,А.темур,А.темур,A.Temur,true
TO-419024,TO-419,1727419,1727419027,202909474,Baxor,Бахор,Бахор,Baxor,false
TO-419025,TO-419,1727419,1727419028,202916854,Madaniyat,Маданият,Маданият,Madaniyat,false
TO-419026,TO-419,1727419,1727419029,202957083,Birlik,Бирлик,Бирлик,Birlik,false
TO-419027,TO-419,1727419,0,,Yulduz,Юлдуз,Юлдуз,Yulduz,true
TO-419028,TO-419,1727419,1727419031,202916861,Kuyosh,Куёш,Куёш,Kuyosh,false
TO-419029,TO-419,1727419,0,,Lola,Лола,Лола,Lola,true
TO-419030,TO-419,1727419,1727419033,202963243,Iftixor,Ифтихор,Ифтихор,Iftixor,false
TO-419031,TO-419,1727419,1727419034,202915364,Navro‘z,Наврўз,Навроз,Navróz,false
TO-419032,TO-419,1727419,0,,Xayot guli,Хаёт гули,Хаёт гули,Xayot guli,true
TO-419033,TO-419,1727419,1727419036,202930481,Do‘stlik,Дўстлик,Достлик,Dóstlik,false
TO-419034,TO-419,1727419,1727419037,202919683,Kamolot,Камолот,Kамолот,Kamolot,false
TO-419035,TO-419,1727419,0,,Kamalak,Камалак,Камалак,Kamalak,true
TO-419036,TO-419,1727419,1727419039,202920430,Tinchlik,Тинчлик,Тинчлик,Tinchlik,false
TO-419037,TO-419,1727419,0,,Kabutar,Кабутар,Кабутар,Kabutar,true
TO-419038,TO-419,1727419,1727419041,202915396,Turon,Турон,Турон,Turon,false
TO-419039,TO-419,1727419,1727419042,202903198,Xamza,Хамза,Xамза,Xamza,false
TO-419040,TO-419,1727419,1727419043,202919708,Ma‘rifat,Маърифат,Маърифат,Ma‘rifat,false
TO-419041,TO-419,1727419,1727419044,202907209,Sharq,Шарқ,Шарк,Sharq,false
TO-419042,TO-419,1727419,1727419045,202903245,X.A.yassaviy,Х.а.яссавий,X.A.Яссави,X.A.yassaviy,false
TO-419043,TO-419,1727419,1727419046,202903214,G‘alaba,Ғалаба,Галаба,Ǵalaba,false
TO-419044,TO-419,1727419,1727419047,202907216,Baxt,Бахт,Бахт,Baxt,false
TO-11200035,TO-419,1727419,1727419005,202903253,Mirzo ulug‘bek,Мирзо улуғбек,Мирзо Улугбек,Mirzo uluǵbek,false
TO-11200037,TO-419,1727419,1727419004,202903221,X.maqsudov,X.мақсудов,X.Максудов,X.maqsudov,false
TO-11200001,TO-419,1727419,1727419026,202957090,Amir temur,Амир темур,Амир Темур,Amir temur,false
TO-424001,TO-424,1727424,1727424015,202775113,Baxt mahallasi,Бахт маҳалласи,Бахт,Baxt mahallasi,false
TO-424002,TO-424,1727424,0,,Do‘stlik,Дўстлик,Дўстлик,Dóstlik,true
TO-424003,TO-424,1727424,0,,I.Shaxarchasi,И.шахарчаси,И.шахарчаси,I.Shaxarchasi,true
TO-424004,TO-424,1727424,0,,Mevazor,Мевазор,Мевазор,Mevazor,true
TO-424005,TO-424,1727424,0,,Mevazor,Мевазор,Мевазор,Mevazor,true
TO-424006,TO-424,1727424,1727424014,202678898,Mezon,Мезон,Мезон,Mezon,false
TO-424007,TO-424,1727424,1727424006,202710755,Mustaqillik mahallasi,Мустақиллик маҳалласи,Мустакиллик,Mustaqillik mahallasi,false
TO-424008,TO-424,1727424,0,,Navzur,Навзур,Навзур,Navzur,true
TO-424009,TO-424,1727424,1727424019,202778164,Olmos,Олмос,Олмос,Olmos,false
TO-424010,TO-424,1727424,1727424004,202678874,Oltinobod,Олтинобод,Олтинобод,Oltinobod,false
TO-424011,TO-424,1727424,1727424010,202678906,Ramadon,Рамадон,Рамадон,Ramadon,false
TO-424012,TO-424,1727424,1727424011,202710794,Sabo,Сабо,Сабо,Sabo,false
TO-424013,TO-424,1727424,1727424005,207273663,Turkiston,Туркистон,Туркистон,Turkiston,false
TO-424014,TO-424,1727424,1727424003,202710787,Fayzli,Файзли,Файзли,Fayzli,false
TO-424015,TO-424,1727424,0,,Fayzobod,Файзобод,Файзобод,Fayzobod,true
TO-424016,TO-424,1727424,1727424002,207273670,Farovon,Фаровон,Фаровон,Farovon,false
TO-424017,TO-424,1727424,1727424016,202710763,Yangibog‘,Янгибоғ,Янги бог,Yangiboǵ,false
TO-11220004,TO-424,1727424,1727424022,207320690,Qovunchi tepa,Қовунчи тепа,Ковунчи тепа,Qovunchi tepa,false
TO-11220020,TO-424,1727424,1727424008,205091758,Nov,Нов,Нов,Nov,false
TO-11220022,TO-424,1727424,1727424017,202944464,Bahor,Баҳор,Бахор,Bahor,false
TO-11220005,TO-424,1727424,1727424009,207321190,Lazzat,Лаззат,Лаззат,Lazzat,false
TO-11220019,TO-424,1727424,1727424001,207320826,Yangiobod,Янгиобод,Янгиобод,Yangiobod,false
TO-11220024,TO-424,1727424,1727424007,309074581,Yangihayot,Янгиҳаёт,Янгихаёт,Yangihayot,false
TO-11220021,TO-424,1727424,1727424013,206988762,Bog‘bon,Боғбон,Богбон,Boǵbon,false
TO-11220003,TO-424,1727424,1727424012,202792457,Ishchilar shaharchasi,Ишчилар шаҳарчаси,Ишчилар шахарчаси,Ishchilar shaharchasi,false
TO-11220016,TO-424,1727424,1727424020,202710770,Fayziobod,Файзиобод,Файзиобод,Fayziobod,false
TO-11220009,TO-424,1727424,1727424018,202678881,Navro‘z,Наврўз,Навруз,Navróz,false
TO-425999,TO-425,0,0,,Mahalla aniqlanmagan,Маҳалла аниқланмаган,Махалля не определена,Máhálle anıqlanbaǵan,true
XO-204001,XO-204,1733204,1733204005,207226808,Bog‘zor,Боғзор,Богзор,Boǵzor,false
XO-204002,XO-204,1733204,1733204014,207226214,Bog‘iston,Боғистон,Богистон,Boǵiston,false
XO-204003,XO-204,1733204,1733204022,207226539,Bo‘ka,Бўка,Бука,Bóka,false
XO-204004,XO-204,1733204,1733204027,207226206,G‘alaba,Ғалаба,Галаба,Ǵalaba,false
XO-204005,XO-204,1733204,1733204004,207226221,Gulzor,Гулзор,Гулзор,Gulzor,false
XO-204006,XO-204,1733204,1733204041,205245359,Gulshan,Гулшан,Гулшан,Gulshan,false
XO-204007,XO-204,1733204,1733204015,207225895,Dexkonobod,Дехконобод,Дехконобод,Dexkonobod,false
XO-204008,XO-204,1733204,1733204011,207226317,Yosh o‘smir,Ёш ўсмир,Ёш осмир,Yosh ósmir,false
XO-204009,XO-204,1733204,1733204025,205251454,Kal‘ajikkala,Калъажиккала,Калажиккалъа,Kal‘ajikkala,false
XO-204010,XO-204,1733204,1733204036,207227687,Ko‘na birlashuv,Кўна бирлашув,Конабирлашув,Kóna birlashuv,false
XO-204011,XO-204,1733204,1733204021,207226790,Qipchoq,Қипчоқ,Кипчок,Qipchoq,false
XO-204012,XO-204,1733204,1733204013,207226292,Qorabog‘,Қорабоғ,Корабог,Qoraboǵ,false
XO-204013,XO-204,1733204,1733204010,207226324,Qulonqorabog‘,Қулонқорабоғ,Кулонкорабог,Qulonqoraboǵ,false
XO-204014,XO-204,1733204,0,,Qumbodoq,Қумбодоқ,Қумбодоқ,Qumbodoq,true
XO-204015,XO-204,1733204,1733204026,207226166,Madaniyat,Маданият,Маданият,Madaniyat,false
XO-204016,XO-204,1733204,1733204034,207227290,Ma‘naviyat,Маънавият,Маънавият,Ma‘naviyat,false
XO-204017,XO-204,1733204,1733204009,207226332,Mehnat guli,Меҳнат гули,Мехнатгули,Mehnat guli,false
XO-204018,XO-204,1733204,1733204007,207228417,Navbahor,Навбаҳор,Навбахор,Navbahor,false
XO-204019,XO-204,1733204,1733204029,207226467,Navro‘z,Наврўз,Навруз,Navróz,false
XO-204020,XO-204,1733204,1733204031,207226435,Nayman,Найман,Найман,Nayman,false
XO-204021,XO-204,1733204,1733204003,207226238,Namuna,Намуна,Намуна,Namuna,false
XO-204022,XO-204,1733204,1733204038,205245342,Nurafshon,Нурафшон,Нурафшон,Nurafshon,false
XO-204023,XO-204,1733204,1733204040,207225928,Nurli maskan,Нурли маскан,Нурли маскан,Nurli maskan,false
XO-204024,XO-204,1733204,1733204030,207226712,Nurli hayot,Нурли ҳаёт,Нурлихаёт,Nurli hayot,false
XO-204025,XO-204,1733204,1733204043,207225745,Obod,Обод,Обод,Obod,false
XO-204026,XO-204,1733204,1733204028,207226134,Ok oltin,Ок олтин,Ок олтин,Ok oltin,false
XO-204027,XO-204,1733204,1733204023,207226729,Oktepa,Октепа,Октепа,Oktepa,false
XO-204028,XO-204,1733204,1733204042,207064471,Oltin qum,Олтин қум,Олтинкум,Oltin qum,false
XO-204029,XO-204,1733204,1733204012,207226300,Paxtaobod,Пахтаобод,Пахтаобод,Paxtaobod,false
XO-204030,XO-204,1733204,1733204032,207226443,Sahovat,Саҳоват,Саховат,Sahovat,false
XO-204031,XO-204,1733204,1733204035,207227552,Sohibkor,Соҳибкор,Сохибкор,Sohibkor,false
XO-204032,XO-204,1733204,1733204033,207226450,Tozabozor,Тозабозор,Тозабозор,Tozabozor,false
XO-204033,XO-204,1733204,1733204020,207226751,To‘pchi,Тўпчи,Тупчи,Tópchi,false
XO-204034,XO-204,1733204,1733204018,207225911,O‘zgarish,Ўзгариш,Узгариш,Ózgarish,false
XO-204035,XO-204,1733204,1733204016,207093302,Uzumzor,Узумзор,Узумзор,Uzumzor,false
XO-204036,XO-204,1733204,1733204001,207226349,Ustalar,Усталар,Усталар,Ustalar,false
XO-204037,XO-204,1733204,1733204017,207226048,Hunarmand,Ҳунарманд,Хунарманд,Hunarmand,false
XO-204038,XO-204,1733204,1733204019,207226546,Hurriyat,Ҳуррият,Хуррият,Hurriyat,false
XO-204039,XO-204,1733204,1733204002,207226428,Yuksalish,Юксалиш,Юксалиш,Yuksalish,false
XO-204040,XO-204,1733204,1733204024,207226070,Yangi kadam,Янги кадам,Янги кадам,Yangi kadam,false
XO-204041,XO-204,1733204,0,,A.R.beruniy nomidagi,А.р.беруний номидаги,А.р.беруний номидаги,A.R.beruniy nomidagi,true
XO-204042,XO-204,1733204,0,,Ashxabod,Ашхабод,Ашхабод,Ashxabod,true
XO-204043,XO-204,1733204,1733204006,207226736,O‘zbekiston,Ўзбекистон,Узбекистон,Ózbekiston,false
XO-22010001,XO-204,1733204,1733204008,207226744,Abu rayxon beruniy,Абу райхон беруний,Абу Райхон Беруний,Abu rayxon beruniy,false
XO-22010002,XO-204,1733204,1733204039,207225753,Ashxobod,Ашхобод,Ашхобод,Ashxobod,false
XO-22010015,XO-204,1733204,1733204037,207227569,Ortiq otajonov,Ортиқ отажонов,Ортик Отажонов,Ortiq otajonov,false
XO-208001,XO-208,1733208,1733208001,202905718,Yangibog‘,Янгибоғ,Янги бог,Yangiboǵ,false
XO-208002,XO-208,1733208,1733208013,202797609,Ishonch,Ишонч,Ишонч,Ishonch,false
XO-208003,XO-208,1733208,1733208014,203007149,Ma‘rifat,Маърифат,Маърифат,Ma‘rifat,false
XO-208004,XO-208,1733208,1733208026,202969069,Navbahor,Навбаҳор,Навбахор,Navbahor,false
XO-208005,XO-208,1733208,1733208027,203011453,Bog‘ishamol,Боғишамол,Богишамол,Boǵishamol,false
XO-208006,XO-208,1733208,1733208015,202632228,Yangi asr,Янги аср,Янги аср,Yangi asr,false
XO-208007,XO-208,1733208,1733208002,201901866,Nurobod,Нуробод,Нуробод,Nurobod,false
XO-208008,XO-208,1733208,0,,Madadkor,Мададкор,Мададкор,Madadkor,true
XO-208009,XO-208,1733208,1733208028,202618195,Gulshan,Гулшан,Гулшан,Gulshan,false
XO-208010,XO-208,1733208,1733208036,202514928,Bog‘iston,Боғистон,Богистон,Boǵiston,false
XO-208011,XO-208,1733208,1733208037,202632243,Shodlik,Шодлик,Шодлик,Shodlik,false
XO-208012,XO-208,1733208,1733208038,202623340,Fidokor,Фидокор,Фидокор,Fidokor,false
XO-208013,XO-208,1733208,1733208039,303385627,Obod,Обод,Обод,Obod,false
XO-208014,XO-208,1733208,1733208040,207065866,Saxtiyon,Сахтиён,Сахтиён,Saxtiyon,false
XO-208015,XO-208,1733208,1733208041,207065874,Chakkalar,Чаккалар,Чаккалар,Chakkalar,false
XO-208016,XO-208,1733208,1733208042,207065881,Vatanparvar,Ватанпарвар,Ватанпарвар,Vatanparvar,false
XO-208017,XO-208,1733208,1733208043,207129856,Moyli,Мойли,Мойли,Moyli,false
XO-208018,XO-208,1733208,1733208044,205915798,Eshimjiron,Ешимжирон,Эшимжирон,Eshimjiron,false
XO-208019,XO-208,1733208,1733208045,207129864,Yormish,Ёрмиш,Ёрмиш,Yormish,false
XO-208020,XO-208,1733208,1733208046,207129104,Qatariq,Қатариқ,Катарик,Qatariq,false
XO-208021,XO-208,1733208,1733208047,206109518,Paxtachi,Пахтачи,Пахтачи,Paxtachi,false
XO-208022,XO-208,1733208,1733208048,204151864,Jaloyir,Жалойир,Жалойир,Jaloyir,false
XO-208023,XO-208,1733208,0,,Toza yorgan,Тоза ёрган,Тоза ёрган,Toza yorgan,true
XO-208024,XO-208,1733208,1733208050,204151857,Sovunchi,Совунчи,Совунчи,Sovunchi,false
XO-208025,XO-208,1733208,1733208016,207128794,Esabiy,Есабий,Эсабий,Esabiy,false
XO-208026,XO-208,1733208,1733208017,207128786,Nurafshon,Нурафшон,Нурафшон,Nurafshon,false
XO-208027,XO-208,1733208,1733208018,207128779,Mevazor,Мевазор,Мевазор,Mevazor,false
XO-208028,XO-208,1733208,1733208019,207128802,Do‘stlik bog‘i,Дўстлик боғи,Дустлик боги,Dóstlik boǵi,false
XO-208029,XO-208,1733208,1733208020,207130184,Qangli,Қангли,Кангли,Qangli,false
XO-208030,XO-208,1733208,1733208021,207130169,Oqqum,Оққум,Оккум,Oqqum,false
XO-208031,XO-208,1733208,1733208022,207130176,Olchin,Олчин,Олчин,Olchin,false
XO-208032,XO-208,1733208,1733208023,207128668,Bo‘zqal‘a,Бўзқалъа,Бозкала,Bózqal‘a,false
XO-208033,XO-208,1733208,1733208024,207128651,Dehqonobod,Деҳқонобод,Дехконобод,Dehqonobod,false
XO-208034,XO-208,1733208,1733208025,207128675,Boldoqli,Болдоқли,Болдокли,Boldoqli,false
XO-208035,XO-208,1733208,1733208004,207128596,Ziyokor,Зиёкор,Зиёкор,Ziyokor,false
XO-208036,XO-208,1733208,1733208005,207128485,Navbir-yop,Навбир-ёп,Навбир ёп,Navbir-yop,false
XO-208037,XO-208,1733208,0,,Dexqon,Дехқон,Дехқон,Dexqon,true
XO-208038,XO-208,1733208,1733208007,207128295,Do‘simbiy,Дўсимбий,Дусимбий,Dósimbiy,false
XO-208039,XO-208,1733208,1733208008,207128288,Taxtako‘pir,Тахтакўпир,Тахтакупир,Taxtakópir,false
XO-208040,XO-208,1733208,1733208009,207128271,Marbugat,Марбугат,Марбугат,Marbugat,false
XO-208041,XO-208,1733208,1733208029,207111928,Nukus,Нукус,Нукус,Nukus,false
XO-208042,XO-208,1733208,1733208030,205907554,Birlashgan,Бирлашган,Бирлашган,Birlashgan,false
XO-208043,XO-208,1733208,1733208031,207111911,Nurli yo‘l,Нурли йўл,Нурли ёл,Nurli yól,false
XO-208044,XO-208,1733208,1733208032,207111904,Paxtakor,Пахтакор,Пахтакор,Paxtakor,false
XO-208045,XO-208,1733208,0,,Shang‘i,Шанғи,Шанғи,Shanǵi,true
XO-208046,XO-208,1733208,1733208011,207128138,Do‘stlik,Дўстлик,Дустлик,Dóstlik,false
XO-208047,XO-208,1733208,0,,Navro‘z,Наврўз,Наврўз,Navróz,true
XO-208048,XO-208,1733208,1733208033,207177093,O‘yilma,Ўйилма,Уйилма,Óyilma,false
XO-208049,XO-208,1733208,1733208034,207128114,Besh uy,Беш уй,Беш уй,Besh uy,false
XO-208050,XO-208,1733208,1733208035,207128106,Chinobod,Чинобод,Чинобод,Chinobod,false
XO-22020045,XO-208,1733208,1733208010,207128121,Baynalmilal,Байналмилал,Байналмилал,Baynalmilal,false
XO-22020009,XO-208,1733208,1733208006,207128493,Dehqon,Деҳқон,Дехкон,Dehqon,false
XO-22020040,XO-208,1733208,1733208049,204028991,Olg‘a,Олға,Улга,Olǵa,false
XO-212001,XO-212,1733212,1733212025,207108004,Gulzor,Гулзор,Гулзор,Gulzor,false
XO-212002,XO-212,1733212,1733212026,207108351,Madaniyat,Маданият,Маданият,Madaniyat,false
XO-212003,XO-212,1733212,1733212027,207108011,Taraqqiyot,Тараққиёт,Тараккиёт,Taraqqiyot,false
XO-212004,XO-212,1733212,1733212028,207108344,Iqbol,Иқбол,Икбол,Iqbol,false
XO-212005,XO-212,1733212,1733212029,207108289,Baxoriston,Бахористон,Бахористон,Baxoriston,false
XO-212006,XO-212,1733212,1733212030,204141710,Chamanzor,Чаманзор,Чаманзор,Chamanzor,false
XO-212007,XO-212,1733212,1733212031,207187739,Yovg‘ir,Ёвғир,Ёвгир,Yovǵir,false
XO-212008,XO-212,1733212,1733212032,204785273,Yangilik,Янгилик,Янгилик,Yangilik,false
XO-212009,XO-212,1733212,1733212033,207181328,Ayronko‘l,Айронкўл,Айронкол,Ayronkól,false
XO-212010,XO-212,1733212,1733212034,207187381,Mesit,Месит,Месит,Mesit,false
XO-212011,XO-212,1733212,1733212038,207240712,Amirqum,Амирқум,Амиркум,Amirqum,false
XO-212012,XO-212,1733212,0,,Burloq,Бурлоқ,Бурлоқ,Burloq,true
XO-212013,XO-212,1733212,1733212040,207228360,Vaximchi,Вахимчи,Вахимчи,Vaximchi,false
XO-212014,XO-212,1733212,1733212041,205131058,Qorovul,Қоровул,Коровул,Qorovul,false
XO-212015,XO-212,1733212,1733212042,207189158,Do‘stlik,Дўстлик,Дустлик,Dóstlik,false
XO-212016,XO-212,1733212,1733212043,205167305,Ilgaldi,Илгалди,Илгалди,Ilgaldi,false
XO-212017,XO-212,1733212,1733212044,207250669,Mexnatobod,Мехнатобод,Мехнатобод,Mexnatobod,false
XO-212018,XO-212,1733212,1733212045,207228377,Paxtakor,Пахтакор,Пахтакор,Paxtakor,false
XO-212019,XO-212,1733212,1733212046,207250344,Bekobod,Бекобод,Бекобод,Bekobod,false
XO-212020,XO-212,1733212,1733212047,204767983,Sherobod,Шеробод,Шеробод,Sherobod,false
XO-212021,XO-212,1733212,1733212048,207187058,Yoshlik,Ёшлик,Ёшлик,Yoshlik,false
XO-212022,XO-212,1733212,1733212049,206818474,Bog‘zor,Боғзор,Богзор,Boǵzor,false
XO-212023,XO-212,1733212,1733212050,204398098,Shixobod,Шихобод,Шихобод,Shixobod,false
XO-212024,XO-212,1733212,1733212001,204913801,Ittifoq,Иттифоқ,Иттифок,Ittifoq,false
XO-212025,XO-212,1733212,1733212002,205264596,Oshoq qal‘a,Ошоқ қалъа,Ошок калъа,Oshoq qal‘a,false
XO-212026,XO-212,1733212,1733212003,207166448,O‘rtayop,Ўртаёп,Уртаёп,Órtayop,false
XO-212027,XO-212,1733212,1733212004,207228345,Adolat,Адолат,Адолат,Adolat,false
XO-212028,XO-212,1733212,0,,Iftixor,Ифтихор,Ифтихор,Iftixor,true
XO-212029,XO-212,1733212,1733212006,207204193,Uyg‘ur,Уйғур,Уйгур,Uyǵur,false
XO-212030,XO-212,1733212,0,,G‘alaba,Ғалаба,Ғалаба,Ǵalaba,true
XO-212031,XO-212,1733212,1733212008,206925753,Xosiyon,Хосиён,Хосиён,Xosiyon,false
XO-212032,XO-212,1733212,0,,Tagalak,Тагалак,Тагалак,Tagalak,true
XO-212033,XO-212,1733212,1733212010,205680530,Xayrobod,Хайробод,Хайробод,Xayrobod,false
XO-212034,XO-212,1733212,1733212011,205010739,Ko‘nazey,Кўназей,Куназей,Kónazey,false
XO-212035,XO-212,1733212,1733212012,206962510,Ko‘ktom,Кўктом,Куктом,Kóktom,false
XO-212036,XO-212,1733212,0,,Qadryat,Қадрят,Қадрят,Qadryat,true
XO-212037,XO-212,1733212,1733212014,207185883,Oltin voxa,Олтин воха,Олтин воха,Oltin voxa,false
XO-212038,XO-212,1733212,1733212015,207185868,Durdona,Дурдона,Дурдона,Durdona,false
XO-212039,XO-212,1733212,1733212016,206962503,Xonobod,Хонобод,Хонобод,Xonobod,false
XO-212040,XO-212,1733212,1733212017,204165696,Nezaxos,Незахос,Незахос,Nezaxos,false
XO-212041,XO-212,1733212,1733212018,205301519,O‘rta qishloq,Ўрта қишлоқ,Урта кишлок,Órta qishloq,false
XO-212042,XO-212,1733212,1733212019,205246049,Polvon,Полвон,Полвон,Polvon,false
XO-212043,XO-212,1733212,0,,O‘zbekiston,Ўзбекистон,Ўзбекистон,Ózbekiston,true
XO-212044,XO-212,1733212,1733212021,206814242,Shixmashxad,Шихмашхад,Шихмашхад,Shixmashxad,false
XO-212045,XO-212,1733212,1733212022,207187041,Zarbdor,Зарбдор,Зарбдор,Zarbdor,false
XO-212046,XO-212,1733212,1733212023,205327650,Kenagas,Кенагас,Кенагас,Kenagas,false
XO-212047,XO-212,1733212,0,,Qoromon,Қоромон,Қоромон,Qoromon,true
XO-212048,XO-212,1733212,1733212035,205319834,Dovud,Довуд,Довуд,Dovud,false
XO-212049,XO-212,1733212,1733212036,207107701,Baratlar,Баратлар,Баратлар,Baratlar,false
XO-212050,XO-212,1733212,1733212037,207107718,Arablar,Араблар,Араблар,Arablar,false
XO-22090039,XO-212,1733212,1733212009,206925760,Tegalak,Тегалак,Тегалак,Tegalak,false
XO-22090008,XO-212,1733212,1733212039,205319842,Borloq,Борлоқ,Борлок,Borloq,false
XO-22090019,XO-212,1733212,1733212013,207187484,Qadriyat,Қадрият,Кадрият,Qadriyat,false
XO-22090021,XO-212,1733212,1733212024,205327667,Qoramon,Қорамон,Корамон,Qoramon,false
XO-217001,XO-217,1733217,0,,Ravot,Равот,Равот,Ravot,true
XO-217002,XO-217,1733217,1733217016,207203772,Zargarlar,Заргарлар,Заргарлар,Zargarlar,false
XO-217003,XO-217,1733217,1733217030,303840789,Miroblar,Мироблар,Мироблар,Miroblar,false
XO-217004,XO-217,1733217,1733217015,303902228,Jayxun,Жайхун,Жайхун,Jayxun,false
XO-217005,XO-217,1733217,1733217002,205956296,Anjirchilar,Анжирчилар,Анжирчилар,Anjirchilar,false
XO-217006,XO-217,1733217,1733217029,303371605,Mergan ovul,Мерган овул,Мергановул,Mergan ovul,false
XO-217007,XO-217,1733217,1733217058,205956289,Yukori ovul,Юкори овул,Юкори овул,Yukori ovul,false
XO-217008,XO-217,1733217,1733217043,302946553,Uyshin,Уйшин,Уйшин,Uyshin,false
XO-217009,XO-217,1733217,1733217003,303840796,Arablar,Араблар,Араблар,Arablar,false
XO-217010,XO-217,1733217,1733217045,302841036,Uchkuprik,Учкуприк,Уч Куприк,Uchkuprik,false
XO-217011,XO-217,1733217,1733217007,303371597,Beshayvon,Бешайвон,Бешайвон,Beshayvon,false
XO-217012,XO-217,1733217,1733217053,302841115,Shermatlar,Шерматлар,Шерматлар,Shermatlar,false
XO-217013,XO-217,1733217,0,,Oq ariqlar,Оқ ариқлар,Оқ ариқлар,Oq ariqlar,true
XO-217014,XO-217,1733217,0,,Sholikor,Шоликор,Шоликор,Sholikor,true
XO-217015,XO-217,1733217,1733217050,302841075,Chakka-kuli,Чакка-кули,Чакка кули,Chakka-kuli,false
XO-217016,XO-217,1733217,1733217044,207020724,O‘rtado‘rman,Ўртадўрман,Урта дурман,Órtadórman,false
XO-217017,XO-217,1733217,1733217011,207109026,Buston,Бустон,Бустон,Buston,false
XO-217018,XO-217,1733217,1733217033,206941465,Ok-yop,Ок-ёп,Ок-ёп,Ok-yop,false
XO-217019,XO-217,1733217,1733217018,207200824,Kattabog‘,Каттабоғ,Каттабог,Kattaboǵ,false
XO-217020,XO-217,1733217,1733217057,207200832,Yukori jirmiz,Юкори жирмиз,Юкорижирмиз,Yukori jirmiz,false
XO-217021,XO-217,1733217,0,,Karaman,Караман,Караман,Karaman,true
XO-217022,XO-217,1733217,1733217006,207104183,Beruniy,Беруний,Беруний,Beruniy,false
XO-217023,XO-217,1733217,1733217041,302908346,Tandirchi,Тандирчи,Тандирчи,Tandirchi,false
XO-217024,XO-217,1733217,1733217032,207204043,Oyokbog,Оёкбог,Оёк бог,Oyokbog,false
XO-217025,XO-217,1733217,1733217001,303228567,Adolat,Адолат,Адолат,Adolat,false
XO-217026,XO-217,1733217,1733217035,302841194,Ok maktab,Ок мактаб,Ок мактаб,Ok maktab,false
XO-217027,XO-217,1733217,1733217056,207203796,Shoxidonlar,Шохидонлар,Шохидонлар,Shoxidonlar,false
XO-217028,XO-217,1733217,1733217049,207203789,Xojiboylar,Хожибойлар,Хожибойлар,Xojiboylar,false
XO-217029,XO-217,1733217,1733217042,303228614,Turkmanlar,Туркманлар,Туркманлар,Turkmanlar,false
XO-217030,XO-217,1733217,1733217052,302841154,Cho‘lobod,Чўлобод,Чулобод,Chólobod,false
XO-217031,XO-217,1733217,1733217036,205776995,Ok oltin,Ок олтин,Ок олтин,Ok oltin,false
XO-217032,XO-217,1733217,0,,Bog‘dorchilik,Боғдорчилик,Боғдорчилик,Boǵdorchilik,true
XO-217033,XO-217,1733217,0,,Kuna ovul,Куна овул,Куна овул,Kuna ovul,true
XO-217034,XO-217,1733217,0,,Kipchak,Кипчак,Кипчак,Kipchak,true
XO-217035,XO-217,1733217,0,,Bobodehkon,Бободеҳкон,Бободеҳкон,Bobodehkon,true
XO-217036,XO-217,1733217,1733217004,205210133,Arboblar,Арбоблар,Арбоблар,Arboblar,false
XO-217037,XO-217,1733217,1733217054,205214744,Shodlik,Шодлик,Шодлик,Shodlik,false
XO-217038,XO-217,1733217,1733217019,303404640,Killavut,Киллавут,Киллавут,Killavut,false
XO-217039,XO-217,1733217,0,,Chandir,Чандир,Чандир,Chandir,true
XO-217040,XO-217,1733217,1733217023,303404561,Qiyot,Қиёт,Киёт,Qiyot,false
XO-217041,XO-217,1733217,0,,Bokaylar,Бокайлар,Бокайлар,Bokaylar,true
XO-217042,XO-217,1733217,1733217022,303404664,Kaychili,Кайчили,Кайчили,Kaychili,false
XO-217043,XO-217,1733217,0,,Tajriba stansiyasi,Тажриба стансияси,Тажриба стансияси,Tajriba stansiyasi,true
XO-217044,XO-217,1733217,0,,X.Olimjon,Х.олимжон,Х.олимжон,X.Olimjon,true
XO-217045,XO-217,1733217,0,,Oltin-kul,Олтин-кул,Олтин-кул,Oltin-kul,true
XO-217046,XO-217,1733217,1733217014,207200856,Yoshlik,Ёшлик,Ёшлик,Yoshlik,false
XO-217047,XO-217,1733217,0,,M.Xorazmiy,М.хоразмий,М.хоразмий,M.Xorazmiy,true
XO-217048,XO-217,1733217,0,,K.Otaniyazov,К.отаниязов,К.отаниязов,K.Otaniyazov,true
XO-217049,XO-217,1733217,0,,Kung‘irot,Кунғирот,Кунғирот,Kunǵirot,true
XO-217050,XO-217,1733217,0,,Kumrovat,Кумроват,Кумроват,Kumrovat,true
XO-217051,XO-217,1733217,1733217031,302841241,Obod,Обод,Обод,Obod,false
XO-217052,XO-217,1733217,1733217012,304092359,Galaba,Галаба,Галаба,Galaba,false
XO-217053,XO-217,1733217,1733217028,205184206,Mevazor,Мевазор,Мевазор,Mevazor,false
XO-217054,XO-217,1733217,0,,Xidoyat,Хидоят,Хидоят,Xidoyat,true
XO-217055,XO-217,1733217,1733217038,207200871,Orzu,Орзу,Орзу,Orzu,false
XO-217056,XO-217,1733217,0,,Baxshilar,Бахшилар,Бахшилар,Baxshilar,true
XO-217057,XO-217,1733217,1733217048,207201919,Xilol,Хилол,Хилол,Xilol,false
XO-217058,XO-217,1733217,1733217013,207203764,Gulobod,Гулобод,Гулобод,Gulobod,false
XO-22030059,XO-217,1733217,1733217059,207333303,Yangiobod,Янгиобод,Янгиобод,Yangiobod,false
XO-22030033,XO-217,1733217,1733217034,302841012,Oq ariklar,Оқ ариклар,Ок ариклар,Oq ariklar,false
XO-22030022,XO-217,1733217,1733217024,302920301,Qipchoq,Қипчоқ,Кипчок,Qipchoq,false
XO-22030009,XO-217,1733217,1733217009,303795171,Bog‘dorchi,Боғдорчи,Богдорчи,Boǵdorchi,false
XO-22030024,XO-217,1733217,1733217026,302841273,Qumravot,Қумравот,Кумравот,Qumravot,false
XO-22030023,XO-217,1733217,1733217025,207200849,Qoromon,Қоромон,Коромон,Qoromon,false
XO-22030040,XO-217,1733217,1733217040,303407691,Tadqiqotchilar,Тадқиқотчилар,Тадкикотчилар,Tadqiqotchilar,false
XO-22030055,XO-217,1733217,1733217055,302841051,Sholikorlar,Шоликорлар,Шоликорлар,Sholikorlar,false
XO-22030060,XO-217,1733217,1733217060,207333294,Yangi o‘rtabog,Янги ўртабоғ,Янги ортабог,Yangi órtabog,false
XO-22030046,XO-217,1733217,1733217046,206828288,Xamid olimjon,Хамид олимжон,Хамид Олимжон,Xamid olimjon,false
XO-22030025,XO-217,1733217,1733217020,303795100,Ko‘xn­a ovul,Кўхна овул,Кохна овул,Kóxn­a ovul,false
XO-22030017,XO-217,1733217,1733217017,303404672,Komiljon ataniyazov,Комилжон атаниязов,Комилжон Aтаниязов,Komiljon ataniyazov,false
XO-22030026,XO-217,1733217,1733217021,207189030,Qo‘ng‘irot,Қўнғирот,Кунгирот,Qónǵirot,false
XO-22030039,XO-217,1733217,1733217039,303386815,Rovot,Ровот,Ровот,Rovot,false
XO-22030027,XO-217,1733217,1733217027,302908393,Munis xorazmiy,Мунис хоразмий,Мунис Xоразмий,Munis xorazmiy,false
XO-22030010,XO-217,1733217,1733217010,303404578,Baqaylar,Бақайлар,Бакайлар,Baqaylar,false
XO-22030008,XO-217,1733217,1733217008,205419457,Bobodehqon,Бободеҳқон,Бободехкон,Bobodehqon,false
XO-220001,XO-220,1733220,1733220002,204354287,Amudaryo,Амударё,Амударё,Amudaryo,false
XO-220002,XO-220,1733220,1733220001,205235727,Yangibozor,Янгибозор,Янгибозар,Yangibozor,false
XO-220003,XO-220,1733220,1733220004,305569481,Kirtepa,Киртепа,Киртепа,Kirtepa,false
XO-220004,XO-220,1733220,0,,Juvorxos,Жуворхос,Жуворхос,Juvorxos,true
XO-220005,XO-220,1733220,0,,Alokali ko‘l,Алокали кўл,Алокали кўл,Alokali kól,true
XO-220006,XO-220,1733220,1733220006,204354191,Shovot,Шовот,Шовот,Shovot,false
XO-220007,XO-220,1733220,0,,Yukori shovot,Юкори шовот,Юкори шовот,Yukori shovot,true
XO-220008,XO-220,1733220,0,,G‘.g‘ulom,Ғ.ғулом,Ғ.ғулом,Ǵ.ǵulom,true
XO-220009,XO-220,1733220,1733220010,206628426,Karvak,Карвак,Карвак,Karvak,false
XO-220010,XO-220,1733220,1733220011,305555072,Buyuk ajdodlar,Буюк аждодлар,Буюк аждодлар,Buyuk ajdodlar,false
XO-220011,XO-220,1733220,1733220009,204354184,Yangi-obod,Янги-обод,Янги обод,Yangi-obod,false
XO-220012,XO-220,1733220,1733220012,204354209,Kamolot,Камолот,Камолот,Kamolot,false
XO-220013,XO-220,1733220,1733220013,205238833,Ovshar,Овшар,Овшар,Ovshar,false
XO-220014,XO-220,1733220,1733220015,305644832,Ok maydon,Ок майдон,Ок майдон,Ok maydon,false
XO-220015,XO-220,1733220,1733220014,204356750,Istiklol,Истиклол,Истиклол,Istiklol,false
XO-220016,XO-220,1733220,1733220036,206767246,Muxomon,Мухомон,Мухомон,Muxomon,false
XO-220017,XO-220,1733220,1733220038,305527312,Shoduxurram,Шодухуррам,Шодухуррам,Shoduxurram,false
XO-220018,XO-220,1733220,1733220035,206628441,Shukrona,Шукрона,Шукрона,Shukrona,false
XO-220019,XO-220,1733220,1733220037,204354216,Yangi -xayot,Янги -хаёт,Янги хаёт,Yangi -xayot,false
XO-220020,XO-220,1733220,0,,Buyuk simo,Буюк симо,Буюк симо,Buyuk simo,true
XO-220021,XO-220,1733220,1733220040,204354263,Navro‘z,Наврўз,Навруз,Navróz,false
XO-220022,XO-220,1733220,1733220041,305579683,Bog‘irog‘lar,Боғироғлар,Богироглар,Boǵiroǵlar,false
XO-220023,XO-220,1733220,0,,O‘zbekiston,Ўзбекистон,Ўзбекистон,Ózbekiston,true
XO-220024,XO-220,1733220,1733220017,204354270,Bog‘ieram,Боғиерам,Богиэрам,Boǵieram,false
XO-220025,XO-220,1733220,0,,Buston,Бустон,Бустон,Buston,true
XO-220026,XO-220,1733220,1733220026,204354224,Kovunchi,Ковунчи,Ковунчи,Kovunchi,false
XO-220027,XO-220,1733220,1733220018,204354294,Otalik,Оталик,Оталик,Otalik,false
XO-220028,XO-220,1733220,1733220019,305527099,Zexnli,Зехнли,Зехнли,Zexnli,false
XO-220029,XO-220,1733220,1733220020,204354231,Mustakillik,Мустакиллик,Мустакиллик,Mustakillik,false
XO-220030,XO-220,1733220,1733220021,205314034,Bog‘dor,Боғдор,Богдор,Boǵdor,false
XO-220031,XO-220,1733220,0,,Shirin kuduk,Ширин кудук,Ширин кудук,Shirin kuduk,true
XO-220032,XO-220,1733220,1733220022,206628434,Sanoat,Саноат,Саноат,Sanoat,false
XO-220033,XO-220,1733220,0,,Temirchi maskani,Темирчи маскани,Темирчи маскани,Temirchi maskani,true
XO-220034,XO-220,1733220,1733220027,204354169,Gulzor,Гулзор,Гулзор,Gulzor,false
XO-220035,XO-220,1733220,1733220028,204354176,Munis xorazmiy,Мунис хоразмий,Мунис хоразмий,Munis xorazmiy,false
XO-220036,XO-220,1733220,1733220029,206718449,Pichoqchi,Пичоқчи,Пичокчи,Pichoqchi,false
XO-220037,XO-220,1733220,1733220030,205246816,Ziyolilar,Зиёлилар,Зиёлилар,Ziyolilar,false
XO-220038,XO-220,1733220,0,,Ming otlik,Минг отлик,Минг отлик,Ming otlik,true
XO-220039,XO-220,1733220,1733220042,205291381,Sulaymon kal‘asi,Сулаймон калъаси,Сулаймон калъаси,Sulaymon kal‘asi,false
XO-220040,XO-220,1733220,1733220044,204354248,Oybek,Ойбек,Ойбек,Oybek,false
XO-220041,XO-220,1733220,0,,Jaloliddin manguberdi,Жалолиддин мангуберди,Жалолиддин мангуберди,Jaloliddin manguberdi,true
XO-220042,XO-220,1733220,1733220033,204356767,Al-xorazmiy,Ал-хоразмий,Ал-Хоразмий,Al-xorazmiy,false
XO-220043,XO-220,1733220,1733220043,207000148,Ishchilar,Ишчилар,Ишчилар,Ishchilar,false
XO-220044,XO-220,1733220,1733220032,205235710,Paxlavon maxmud,Пахлавон махмуд,Пахлавон Махмуд,Paxlavon maxmud,false
XO-22100011,XO-220,1733220,1733220005,305591876,Juvarhos,Жувархос,Жувархос,Juvarhos,false
XO-22100047,XO-220,1733220,1733220046,309428360,Obodzamin,Обод замин,Ободзамин,Obodzamin,false
XO-22100048,XO-220,1733220,1733220047,309460617,Taraqqiyot,Тараққиёт,Тараккиёт,Taraqqiyot,false
XO-22100008,XO-220,1733220,1733220025,206735824,Boston,Бўстон,Бостон,Boston,false
XO-22100046,XO-220,1733220,1733220045,309437359,Barkamol avlod,Баркамол авлод,Баркамол авлод,Barkamol avlod,false
XO-22100001,XO-220,1733220,1733220003,204356774,Aloqali ko‘l,Алоқали кўл,Алокали кул,Aloqali kól,false
XO-22100019,XO-220,1733220,1733220031,305558812,Ming otliqlar,Минг отлиқлар,Минг отликлар,Ming otliqlar,false
XO-22100030,XO-220,1733220,1733220016,206735816,Beshta,Бешта,Бешта,Beshta,false
XO-22100042,XO-220,1733220,1733220008,305523864,Yuqori-shovat,Юқори-шоват,Юкори-шоват,Yuqori-shovat,false
XO-22100009,XO-220,1733220,1733220007,205549454,G‘ofur g‘ulom,Ғофур ғулом,Гофур Гулом,Ǵofur ǵulom,false
XO-22100007,XO-220,1733220,1733220039,305577038,Buyuk-siymo,Буюк-сиймо,Буюк-сиймо,Buyuk-siymo,false
XO-22100029,XO-220,1733220,1733220024,305550744,Temirchi maskan,Темирчи маскан,Темирчи маскан,Temirchi maskan,false
XO-22100033,XO-220,1733220,1733220034,204354255,Jaloladdin manguberdi,Жалоладдин мангуберди,Жалоладдин Мангуберди,Jaloladdin manguberdi,false
XO-221001,XO-221,1733221,0,,A.Ibragimov nomli,А.ибрагимов номли,А.ибрагимов номли,A.Ibragimov nomli,true
XO-221002,XO-221,1733221,1733221008,205230171,Yoshlik,Ёшлик,Ёшлик,Yoshlik,false
XO-221003,XO-221,1733221,1733221002,205230188,Muxabbat,Мухаббат,Мухаббат,Muxabbat,false
XO-221004,XO-221,1733221,1733221005,202650428,Navbahor,Навбаҳор,Навбахор,Navbahor,false
XO-221005,XO-221,1733221,1733221009,305529530,Nukus maskani,Нукус маскани,Нукус маскани,Nukus maskani,false
XO-221006,XO-221,1733221,1733221003,204356711,Obod,Обод,Обод,Obod,false
XO-221007,XO-221,1733221,0,,Oxunboboev,Охунбобоев,Охунбобоев,Oxunboboev,true
XO-221008,XO-221,1733221,1733221006,205230195,Pastom,Пастом,Пастом,Pastom,false
XO-221009,XO-221,1733221,1733221011,205230204,Saidlar,Саидлар,Саидлар,Saidlar,false
XO-221010,XO-221,1733221,1733221012,202706957,Sarimoy,Саримой,Саримой,Sarimoy,false
XO-221011,XO-221,1733221,1733221007,207123549,Sayapir,Саяпир,Саяпир,Sayapir,false
XO-221012,XO-221,1733221,0,,Tuproqqal‘a maskani,Тупроққалъа маскани,Тупроққалъа маскани,Tuproqqal‘a maskani,true
XO-221013,XO-221,1733221,1733221014,205234356,Xazorasp,Хазорасп,хазорасп,Xazorasp,false
XO-221014,XO-221,1733221,1733221015,202643364,Sharlauq,Шарлауқ,Шарлаук,Sharlauq,false
XO-221015,XO-221,1733221,0,,Shexlar,Шехлар,Шехлар,Shexlar,true
XO-221016,XO-221,1733221,1733221016,207336741,Yangi zamin,Янги замин,Янги замин,Yangi zamin,false
XO-22130018,XO-221,1733221,1733221018,207336647,Yakkachiqir,Яккачиқир,Яккачикир,Yakkachiqir,false
XO-22130003,XO-221,1733221,1733221017,207336608,Nurobod,Нуробод,Нуробод,Nurobod,false
XO-22130017,XO-221,1733221,1733221004,204356728,Shayxlar,Шайхлар,Шайхлар,Shayxlar,false
XO-22130001,XO-221,1733221,1733221010,205230164,Yoldosh oxunboboev,Йолдош охунбобоев,Йолдош Охунбобоев,Yoldosh oxunboboev,false
XO-22130015,XO-221,1733221,1733221013,305529594,Tupraqqal‘a maskani,Тупраққалъа маскани,Тупраккалъа маскани,Tupraqqal‘a maskani,false
XO-22130010,XO-221,1733221,1733221001,202662602,Saxovat,Саховат,Саховаци,Saxovat,false
XO-223001,XO-223,1733223,1733223001,302787514,Qoramozi,Қорамози,Корамози,Qoramozi,false
XO-223002,XO-223,1733223,1733223002,302791416,Guliston,Гулистон,Гулистон,Guliston,false
XO-223003,XO-223,1733223,1733223003,302780334,Istiqlol,Истиқлол,Истиклол,Istiqlol,false
XO-223004,XO-223,1733223,1733223004,302780342,Paxtagul,Пахтагул,Пахтагул,Paxtagul,false
XO-223005,XO-223,1733223,1733223036,302777559,Paxtakor,Пахтакор,Пахтакор,Paxtakor,false
XO-223006,XO-223,1733223,1733223037,302776440,Madaniy yer,Маданий ер,Маданий ер,Madaniy yer,false
XO-223007,XO-223,1733223,1733223038,302775704,Do‘rmon,Дўрмон,Дурмон,Dórmon,false
XO-223008,XO-223,1733223,1733223039,302776464,Obod,Обод,Обод,Obod,false
XO-223009,XO-223,1733223,1733223005,302777542,Ilg‘or,Илғор,Илгор,Ilǵor,false
XO-223010,XO-223,1733223,1733223006,302778335,Do‘stlik,Дўстлик,Дустлик,Dóstlik,false
XO-223011,XO-223,1733223,1733223024,302776418,Nurafshon,Нурафшон,Нурафшон,Nurafshon,false
XO-223012,XO-223,1733223,1733223025,302776433,Madaniyat,Маданият,Маданият,Madaniyat,false
XO-223013,XO-223,1733223,0,,Shodlik,Шодлик,Шодлик,Shodlik,true
XO-223014,XO-223,1733223,1733223027,302776425,Znaxos,Знахос,Знахос,Znaxos,false
XO-223015,XO-223,1733223,1733223028,302773968,G‘ayrat,Ғайрат,Гайрат,Ǵayrat,false
XO-223016,XO-223,1733223,1733223029,302773975,Mustaqillik,Мустақиллик,Мустакиллик,Mustaqillik,false
XO-223017,XO-223,1733223,1733223007,302775688,Yangi turmush,Янги турмуш,Янги турмуш,Yangi turmush,false
XO-223018,XO-223,1733223,1733223008,302775671,Oydin hayot,Ойдин ҳаёт,Ойдин хаёт,Oydin hayot,false
XO-223019,XO-223,1733223,1733223009,302775695,Shirin,Ширин,Ширин,Shirin,false
XO-223020,XO-223,1733223,1733223014,302777566,Durgadik,Дургадик,Дургадик,Durgadik,false
XO-223021,XO-223,1733223,1733223015,302776393,Olchin,Олчин,Олчин,Olchin,false
XO-223022,XO-223,1733223,1733223016,302776385,Navro‘z,Наврўз,Навруз,Navróz,false
XO-223023,XO-223,1733223,1733223017,302776378,Toma,Тома,Тома,Toma,false
XO-223024,XO-223,1733223,1733223040,302778350,Turkiston,Туркистон,Туркистон,Turkiston,false
XO-223025,XO-223,1733223,1733223041,302778343,Yosh kuch,Ёш куч,Ёш куч,Yosh kuch,false
XO-223026,XO-223,1733223,1733223030,302774870,Katta kuch,Катта куч,Катта куч,Katta kuch,false
XO-223027,XO-223,1733223,1733223031,302774855,Nurobod,Нуробод,Нуробод,Nurobod,false
XO-223028,XO-223,1733223,1733223018,304484660,Moshto‘g‘ay,Моштўғай,Мош тугай,Moshtóǵay,false
XO-223029,XO-223,1733223,1733223019,304484692,Tayanch,Таянч,Таянч,Tayanch,false
XO-223030,XO-223,1733223,1733223020,302810826,Pahlavonlar,Паҳлавонлар,Пахлавонлар,Pahlavonlar,false
XO-223031,XO-223,1733223,1733223010,302810858,Barkamollik,Баркамоллик,Баркамоллик,Barkamollik,false
XO-223032,XO-223,1733223,1733223021,302810865,Gulg‘uncha,Гулғунча,Гулгунча,Gulǵuncha,false
XO-223033,XO-223,1733223,0,,Ezgulik,Езгулик,Езгулик,Ezgulik,true
XO-223034,XO-223,1733223,1733223042,302810937,Mangulik,Мангулик,Мангулик,Mangulik,false
XO-223035,XO-223,1733223,1733223032,302810952,Porloq,Порлоқ,Порлок,Porloq,false
XO-223036,XO-223,1733223,1733223033,302810969,Yangilanish,Янгиланиш,Янгиланиш,Yangilanish,false
XO-223037,XO-223,1733223,1733223034,302810976,Ahillik,Аҳиллик,Ахиллик,Ahillik,false
XO-223038,XO-223,1733223,1733223035,302810984,Bunyodkor,Бунёдкор,Бунёдкор,Bunyodkor,false
XO-223039,XO-223,1733223,0,,Ehtirom,Еҳтиром,Еҳтиром,Ehtirom,true
XO-223040,XO-223,1733223,1733223044,302811025,Muqaddas,Муқаддас,Мукаддас,Muqaddas,false
XO-223041,XO-223,1733223,1733223011,302811033,Fidoyilar,Фидойилар,Фидойилар,Fidoyilar,false
XO-223042,XO-223,1733223,1733223012,302811040,Vatanparvar,Ватанпарвар,Ватанпарвар,Vatanparvar,false
XO-223043,XO-223,1733223,1733223013,302811057,Jannatmakon,Жаннатмакон,Жаннатмакон,Jannatmakon,false
XO-223044,XO-223,1733223,0,,Mahorat,Маҳорат,Маҳорат,Mahorat,true
XO-22040041,XO-223,1733223,1733223043,302811001,Extirom,Эхтиром,Эхтиром,Extirom,false
XO-226001,XO-226,1733226,1733226007,207187414,Shomoxulum,Шомохулум,Шомохулум,Shomoxulum,false
XO-226002,XO-226,1733226,1733226008,303431925,Parchanxos,Парчанхос,Парчанхос,Parchanxos,false
XO-226003,XO-226,1733226,1733226003,204104114,Gulshan,Гулшан,Гулшан,Gulshan,false
XO-226004,XO-226,1733226,1733226004,303534377,Bo‘ston,Бўстон,Бустон,Bóston,false
XO-226005,XO-226,1733226,1733226006,207300494,Serchalli,Серчалли,Серчалли,Serchalli,false
XO-226006,XO-226,1733226,0,,Xorvuz,Хорвуз,Хорвуз,Xorvuz,true
XO-226007,XO-226,1733226,1733226010,204104099,Varangzon,Варангзон,Варагзон,Varangzon,false
XO-226008,XO-226,1733226,1733226011,303506649,Istiqlol,Истиқлол,Истиклол,Istiqlol,false
XO-226009,XO-226,1733226,1733226012,204099422,Chanashik,Чанашик,Чанашик,Chanashik,false
XO-226010,XO-226,1733226,1733226013,204104107,Polosulton,Полосултон,Полосултон,Polosulton,false
XO-226011,XO-226,1733226,1733226016,207300519,Sapcha,Сапча,Сапча,Sapcha,false
XO-226012,XO-226,1733226,1733226017,207300534,Parisha,Париша,Париша,Parisha,false
XO-226013,XO-226,1733226,1733226019,204114822,Chinobod,Чинобод,Чинобод,Chinobod,false
XO-226014,XO-226,1733226,1733226020,204114839,Soyot,Соёт,Соёт,Soyot,false
XO-226015,XO-226,1733226,0,,Oq ko‘l,Оқ кўл,Оқ кўл,Oq kól,true
XO-226016,XO-226,1733226,1733226022,207186479,Qattibosh,Қаттибош,Kаттибош,Qattibosh,false
XO-226017,XO-226,1733226,1733226023,207186486,Sho‘r ko‘l,Шўр кўл,Шуркул,Shór kól,false
XO-226018,XO-226,1733226,1733226024,204099382,Arvik,Арвик,Арвик,Arvik,false
XO-226019,XO-226,1733226,1733226025,302799246,Juryon,Журён,Журён,Juryon,false
XO-226020,XO-226,1733226,0,,Xazrati xayit eshon,Хазрати хайит ешон,Хазрати хайит ешон,Xazrati xayit eshon,true
XO-226021,XO-226,1733226,0,,Qumyop,Қумёп,Қумёп,Qumyop,true
XO-226022,XO-226,1733226,1733226028,205202110,Avaz dunak,Аваз дунак,Аваз дунак,Avaz dunak,false
XO-226023,XO-226,1733226,1733226029,204099399,Qushchi kattabog‘,Қушчи каттабоғ,Кушчи каттабог,Qushchi kattaboǵ,false
XO-226024,XO-226,1733226,0,,Pana maxsim,Пана махсим,Пана махсим,Pana maxsim,true
XO-226025,XO-226,1733226,1733226034,207300502,G‘ovuk,Ғовук,Говук,Ǵovuk,false
XO-226026,XO-226,1733226,0,,Indavak,Индавак,Индавак,Indavak,true
XO-226027,XO-226,1733226,1733226001,205202625,Qora qum,Қора қум,Коракум,Qora qum,false
XO-226028,XO-226,1733226,1733226002,302799261,Dashyoq,Дашёқ,Дашяк,Dashyoq,false
XO-226029,XO-226,1733226,1733226005,302808004,Oq yop,Оқ ёп,Окёп,Oq yop,false
XO-226030,XO-226,1733226,1733226014,302799318,Gandimyon,Гандимён,Гандимён,Gandimyon,false
XO-226031,XO-226,1733226,0,,Atajon to‘ra,Атажон тўра,Атажон тўра,Atajon tóra,true
XO-226032,XO-226,1733226,1733226031,205205107,Pishkanik,Пишканик,Пишканик,Pishkanik,false
XO-226033,XO-226,1733226,1733226032,302799278,Al xorazmiy,Ал хоразмий,Ал-Хоразмий,Al xorazmiy,false
XO-226034,XO-226,1733226,1733226033,204099374,Pirnaxos,Пирнахос,Пирнахос,Pirnaxos,false
XO-22050004,XO-226,1733226,1733226015,207300462,Atajon tura,Атажон тура,Атажон тура,Atajon tura,false
XO-22050016,XO-226,1733226,1733226027,207300479,Kumyop,Кумёп,Кумёп,Kumyop,false
XO-22050082,XO-226,1733226,1733226021,205189848,Shayx najmiddin kubro,Шайх нажмиддин кубро,Шайх Нажмиддин Кубро,Shayx najmiddin kubro,false
XO-22050012,XO-226,1733226,1733226018,205223765,Go‘ja guzari,Гўжа гузари,Гужа гузари,Gója guzari,false
XO-22050019,XO-226,1733226,1733226030,207189291,Pano maxsim,Пано махсим,Пано махсим,Pano maxsim,false
XO-230001,XO-230,1733230,1733230029,200950744,Do‘stlik,Дўстлик,Дустлик,Dóstlik,false
XO-230002,XO-230,1733230,1733230030,200950736,Yangiobod,Янгиобод,Янгиобод,Yangiobod,false
XO-230003,XO-230,1733230,1733230017,204392605,Bunyodkor,Бунёдкор,Бунёдкор,Bunyodkor,false
XO-230004,XO-230,1733230,1733230001,200911593,Paxtakor,Пахтакор,Пахтакор,Paxtakor,false
XO-230005,XO-230,1733230,1733230041,202758022,Shovot,Шовот,Шовот,Shovot,false
XO-230006,XO-230,1733230,1733230002,205905042,Istikbol,Истикбол,Истикбол,Istikbol,false
XO-230007,XO-230,1733230,1733230042,205890396,Turkiston,Туркистон,Туркистон,Turkiston,false
XO-230008,XO-230,1733230,0,,Zamandosh,Замандош,Замандош,Zamandosh,true
XO-230009,XO-230,1733230,1733230019,204936266,Qumyop,Қумёп,Кум ёп,Qumyop,false
XO-230010,XO-230,1733230,1733230020,204526562,Arbob,Арбоб,Арбоб,Arbob,false
XO-230011,XO-230,1733230,1733230021,204526554,Oq oltin,Оқ олтин,Околтин,Oq oltin,false
XO-230012,XO-230,1733230,1733230022,304985045,Qirg‘oqbo‘yi,Қирғоқбўйи,Киргок бойи,Qirǵoqbóyi,false
XO-230013,XO-230,1733230,1733230023,206987606,Asavey,Асавей,Асавей,Asavey,false
XO-230014,XO-230,1733230,1733230031,201716462,Uzunko‘l,Узункўл,Узункул,Uzunkól,false
XO-230015,XO-230,1733230,1733230032,204992468,Xitoy,Хитой,Хитой,Xitoy,false
XO-230016,XO-230,1733230,1733230033,205005466,Ipakchi,Ипакчи,Ипакчи,Ipakchi,false
XO-230017,XO-230,1733230,1733230034,204992451,Tarakkiyot,Тараккиёт,Тараккиёт,Tarakkiyot,false
XO-230018,XO-230,1733230,0,,Qozoq qal‘a,Қозоқ қалъа,Қозоқ қалъа,Qozoq qal‘a,true
XO-230019,XO-230,1733230,0,,Ostona,Остона,Остона,Ostona,true
XO-230020,XO-230,1733230,1733230044,205544990,Buyrachi,Буйрачи,Буйрачи,Buyrachi,false
XO-230021,XO-230,1733230,1733230045,204494841,Oq ko‘l,Оқ кўл,Ок-кул,Oq kól,false
XO-230022,XO-230,1733230,1733230046,204486313,Oltinqal‘a,Олтинқалъа,Олтин калъа,Oltinqal‘a,false
XO-230023,XO-230,1733230,1733230047,204486297,Katqal‘a,Катқалъа,Каткалъа,Katqal‘a,false
XO-230024,XO-230,1733230,1733230048,204486305,Tuprokkal‘a,Тупроккалъа,Тупроккалъа,Tuprokkal‘a,false
XO-230025,XO-230,1733230,0,,Yangi turmush,Янги турмуш,Янги турмуш,Yangi turmush,true
XO-230026,XO-230,1733230,0,,Botirlar,Ботирлар,Ботирлар,Botirlar,true
XO-230027,XO-230,1733230,0,,Usta xunarmand,Уста хунарманд,Уста хунарманд,Usta xunarmand,true
XO-230028,XO-230,1733230,0,,Oydin,Ойдин,Ойдин,Oydin,true
XO-230029,XO-230,1733230,1733230004,204494858,Qiyot,Қиёт,Киёт,Qiyot,false
XO-230030,XO-230,1733230,1733230005,204135306,Idali qal‘a,Идали қалъа,Идаликалъа,Idali qal‘a,false
XO-230031,XO-230,1733230,1733230043,205759604,Komiljon otaniyozov,Комилжон отаниёзов,Комилжон Отаниёзов,Komiljon otaniyozov,false
XO-230032,XO-230,1733230,1733230007,207240428,Qunduz,Қундуз,Кундуз,Qunduz,false
XO-230033,XO-230,1733230,1733230036,204313052,Guliston,Гулистон,Гулистон,Guliston,false
XO-230034,XO-230,1733230,1733230037,204313076,Navruz,Навруз,Навруз,Navruz,false
XO-230035,XO-230,1733230,1733230038,204313069,Mevazor,Мевазор,Мевазор,Mevazor,false
XO-230036,XO-230,1733230,1733230039,204313044,Bo‘ston,Бўстон,Бустон,Bóston,false
XO-230037,XO-230,1733230,1733230040,204313084,Royat,Роят,Роят,Royat,false
XO-230038,XO-230,1733230,1733230024,205933128,Monoq,Моноқ,Монок,Monoq,false
XO-230039,XO-230,1733230,1733230025,205933111,Ogaxiy,Огахий,Огахий,Ogaxiy,false
XO-230040,XO-230,1733230,0,,Tukmang‘it,Тукманғит,Тукманғит,Tukmanǵit,true
XO-230041,XO-230,1733230,1733230008,204486265,Madaniyat,Маданият,Маданият,Madaniyat,false
XO-230042,XO-230,1733230,0,,Beshchig‘ir,Бешчиғир,Бешчиғир,Beshchiǵir,true
XO-230043,XO-230,1733230,1733230010,204486273,Chig‘atoy,Чиғатой,Чигатой,Chiǵatoy,false
XO-230044,XO-230,1733230,0,,Ijtimoyat,Ижтимоят,Ижтимоят,Ijtimoyat,true
XO-230045,XO-230,1733230,1733230012,204543724,Po‘lat,Пўлат,Пулат,Pólat,false
XO-230046,XO-230,1733230,1733230013,201528729,Gulshan,Гулшан,Гулшан,Gulshan,false
XO-230047,XO-230,1733230,1733230014,204392580,Yangi burlok,Янги бурлок,Янги бурлок,Yangi burlok,false
XO-230048,XO-230,1733230,1733230015,204392597,Qangli,Қангли,Кангли,Qangli,false
XO-230049,XO-230,1733230,0,,Qo‘shkupir,Қўшкупир,Қўшкупир,Qóshkupir,true
XO-230050,XO-230,1733230,1733230027,204540261,Beshmergan,Бешмерган,Бешмерган,Beshmergan,false
XO-230051,XO-230,1733230,1733230028,204540278,Yangi yo‘l,Янги йўл,Янгийўл,Yangi yól,false
XO-230052,XO-230,1733230,1733230052,204392565,Maxtumkuli,Махтумкули,Махтумкули,Maxtumkuli,false
XO-230053,XO-230,1733230,0,,Maxtumkuli(oqko‘l),Махтумкули(оқкўл),Махтумкули(оқкўл),Maxtumkuli(oqkól),true
XO-230054,XO-230,1733230,1733230054,204496729,Arbek,Арбек,Арбек,Arbek,false
XO-230055,XO-230,1733230,1733230055,204400238,Eshon qal‘a,Ешон қалъа,Эшон-Калъа,Eshon qal‘a,false
XO-22060014,XO-230,1733230,1733230011,206985925,Ijtimoiyat,Ижтимоият,Ижтимоият,Ijtimoiyat,false
XO-22060032,XO-230,1733230,1733230053,205942955,Bog‘bon,Боғбон,Богбон,Boǵbon,false
XO-22060023,XO-230,1733230,1733230016,204392573,Qo‘shkopir,Қўшкўпир,Кушкупир,Qóshkopir,false
XO-22060006,XO-230,1733230,1733230009,204486280,Beshchiqir,Бешчиқир,Бешчикир,Beshchiqir,false
XO-22060020,XO-230,1733230,1733230006,204261823,Komiljon ota,Комилжон ота,Комилжон Ота,Komiljon ota,false
XO-22060030,XO-230,1733230,1733230003,206986813,Yangi o‘zbekiston,Янги ўзбекистон,Янги Узбекистон,Yangi ózbekiston,false
XO-22060040,XO-230,1733230,1733230026,205933135,To‘qmang‘it,Тўқманғит,Тукмангит,Tóqmanǵit,false
XO-22060048,XO-230,1733230,1733230018,201301315,Zamondosh,Замондош,Замондош,Zamondosh,false
XO-22060003,XO-230,1733230,1733230035,205525365,Archazor,Арчазор,Арчазор,Archazor,false
XO-233001,XO-233,1733233,1733233023,207170720,Qo‘riqtom,Қўриқтом,Куриктом,Qóriqtom,false
XO-233002,XO-233,1733233,1733233024,207172773,Shirsholi,Ширшоли,Ширшоли,Shirsholi,false
XO-233003,XO-233,1733233,1733233025,207171560,Po‘rsang,Пўрсанг,Пурсанг,Pórsang,false
XO-233004,XO-233,1733233,1733233026,207170737,Yangier,Янгиер,Янги ер,Yangier,false
XO-233005,XO-233,1733233,1733233027,207185163,Arboblar,Арбоблар,Арбоблар,Arboblar,false
XO-233006,XO-233,1733233,1733233028,207185187,Qo‘ng‘irot,Қўнғирот,Конгирот,Qónǵirot,false
XO-233007,XO-233,1733233,0,,Soburzon,Собурзон,Собурзон,Soburzon,true
XO-233008,XO-233,1733233,1733233030,303364233,Achchiqquyi,Аччиққуйи,Аччиккуйи,Achchiqquyi,false
XO-233009,XO-233,1733233,1733233032,207178464,Tagan,Таган,Таган,Tagan,false
XO-233010,XO-233,1733233,1733233033,207180115,Gulshanda,Гулшанда,Гулшанда,Gulshanda,false
XO-233011,XO-233,1733233,1733233034,207178471,Savgan,Савган,Савган,Savgan,false
XO-233012,XO-233,1733233,0,,Killavit,Киллавит,Киллавит,Killavit,true
XO-233013,XO-233,1733233,1733233007,207183087,Gulbog‘,Гулбоғ,Гулбог,Gulboǵ,false
XO-233014,XO-233,1733233,1733233008,207168777,Vakillar,Вакиллар,Вакиллар,Vakillar,false
XO-233015,XO-233,1733233,1733233009,303328434,Boyot (chegara),Боёт (чегара),Боёт,Boyot (chegara),false
XO-233016,XO-233,1733233,1733233010,303366809,Do‘stlik,Дўстлик,Дустлик,Dóstlik,false
XO-233017,XO-233,1733233,1733233036,207192464,Qarmish,Қармиш,Кармиш,Qarmish,false
XO-233018,XO-233,1733233,1733233037,207192495,Shixbog‘i,Шихбоғи,Шихбоги,Shixboǵi,false
XO-233019,XO-233,1733233,1733233038,207192488,Sherobod,Шеробод,Шеробод,Sherobod,false
XO-233020,XO-233,1733233,0,,G‘altak,Ғалтак,Ғалтак,Ǵaltak,true
XO-233021,XO-233,1733233,1733233013,303030823,Kattabog‘,Каттабоғ,Каттабог,Kattaboǵ,false
XO-233022,XO-233,1733233,1733233014,303029434,Jaloil,Жалоил,Жалоил,Jaloil,false
XO-233023,XO-233,1733233,1733233015,303030775,Egrisolma,Егрисолма,Егрисолма,Egrisolma,false
XO-233024,XO-233,1733233,1733233016,303030830,Ostona,Остона,Остона,Ostona,false
XO-233025,XO-233,1733233,1733233017,207175849,Qo‘shloq,Қўшлоқ,Кушлок,Qóshloq,false
XO-233026,XO-233,1733233,1733233018,207175444,Xo‘jalar,Хўжалар,Хужалар,Xójalar,false
XO-233027,XO-233,1733233,1733233019,207175286,Chakir,Чакир,Чакир,Chakir,false
XO-233028,XO-233,1733233,1733233020,207175279,Sardorlar,Сардорлар,Сардорлар,Sardorlar,false
XO-233029,XO-233,1733233,0,,Qorako‘z,Қоракўз,Қоракўз,Qorakóz,true
XO-233030,XO-233,1733233,1733233001,207174779,Chiqirchi,Чиқирчи,Чикирчи,Chiqirchi,false
XO-233031,XO-233,1733233,1733233002,207174786,Oq-machit,Оқ-мачит,Окмачит,Oq-machit,false
XO-233032,XO-233,1733233,0,,Angariq,Ангариқ,Ангариқ,Angariq,true
XO-233033,XO-233,1733233,1733233004,207174819,Uyg‘ur,Уйғур,Уйгур,Uyǵur,false
XO-233034,XO-233,1733233,1733233005,303364201,Tuzloq,Тузлоқ,Тузлок,Tuzloq,false
XO-233035,XO-233,1733233,1733233006,303379371,Ulug‘bek,Улуғбек,Улугбек,Uluǵbek,false
XO-233036,XO-233,1733233,1733233011,207153384,Yangiariq,Янгиариқ,Янгиарик,Yangiariq,false
XO-233037,XO-233,1733233,0,,Ogoxiy,Огохий,Огохий,Ogoxiy,true
XO-233038,XO-233,1733233,1733233039,207153392,Yangiobod,Янгиобод,Янгиобод,Yangiobod,false
XO-233039,XO-233,1733233,1733233031,303356550,Urganch,Урганч,Урганч,Urganch,false
XO-22070006,XO-233,1733233,1733233012,303029442,Turkiston,Туркистон,Туркистон,Turkiston,false
XO-22070001,XO-233,1733233,1733233003,207174802,Angiariq,Ангиариқ,Ангиарик,Angiariq,false
XO-22070036,XO-233,1733233,1733233022,207153377,Ogahiy,Огаҳий,Огахий,Ogahiy,false
XO-22070023,XO-233,1733233,1733233029,207185155,Saburzon,Сабурзон,Сабурзон,Saburzon,false
XO-236001,XO-236,1733236,1733236023,207179881,Yangi-yop,Янги-ёп,Янги ёп,Yangi-yop,false
XO-236002,XO-236,1733236,1733236007,207179906,Navro‘z,Наврўз,Навроз,Navróz,false
XO-236003,XO-236,1733236,1733236016,207179898,Do‘stlik,Дўстлик,Достлик,Dóstlik,false
XO-236004,XO-236,1733236,1733236009,206817483,Hamid olimjon,Ҳамид олимжон,Хамид Олимжон,Hamid olimjon,false
XO-236005,XO-236,1733236,1733236010,206817475,Xayvat,Хайват,Хайват,Xayvat,false
XO-236006,XO-236,1733236,1733236011,206817490,Shoirlar,Шоирлар,Шоирлар,Shoirlar,false
XO-236007,XO-236,1733236,1733236012,207180012,Barhayot,Барҳаёт,Бархаёт,Barhayot,false
XO-236008,XO-236,1733236,1733236002,207179827,Mang‘itlar,Манғитлар,Мангитлар,Manǵitlar,false
XO-236009,XO-236,1733236,0,,Paxlavon maxmud,Пахлавон махмуд,Пахлавон махмуд,Paxlavon maxmud,true
XO-236010,XO-236,1733236,1733236003,207179803,Bo‘ston,Бўстон,Бостон,Bóston,false
XO-236011,XO-236,1733236,1733236019,207179874,Navbaxor,Навбахор,Навбахор,Navbaxor,false
XO-236012,XO-236,1733236,0,,Yuqori bashqir,Юқори башқир,Юқори башқир,Yuqori bashqir,true
XO-236013,XO-236,1733236,1733236020,207179866,Jayxun,Жайхун,Жайхун,Jayxun,false
XO-236014,XO-236,1733236,1733236004,207179794,Ocha-qal‘a,Оча-қалъа,Оча кала,Ocha-qal‘a,false
XO-236015,XO-236,1733236,1733236005,207179842,Shirinlar,Ширинлар,Ширинлар,Shirinlar,false
XO-236016,XO-236,1733236,1733236006,207179787,Guliston,Гулистон,Гулистон,Guliston,false
XO-236017,XO-236,1733236,1733236024,207180029,Istiqlol,Истиқлол,Истиклол,Istiqlol,false
XO-236018,XO-236,1733236,1733236025,207179834,Iftixor,Ифтихор,Ифтихор,Iftixor,false
XO-236019,XO-236,1733236,1733236026,207180004,Qadriyat,Қадрият,Кадрият,Qadriyat,false
XO-236020,XO-236,1733236,1733236030,207180044,Ming bog‘olon,Минг боғолон,Минг боголон,Ming boǵolon,false
XO-236021,XO-236,1733236,1733236027,207179984,Bog‘olon,Боғолон,Боголон,Boǵolon,false
XO-236022,XO-236,1733236,1733236029,207179977,Katli,Катли,Катли,Katli,false
XO-236023,XO-236,1733236,1733236028,207180036,Qiyot,Қиёт,Киёт,Qiyot,false
XO-236024,XO-236,1733236,1733236022,207180051,Cho‘bolonchi,Чўболончи,Чоболончи,Chóbolonchi,false
XO-236025,XO-236,1733236,1733236021,207179953,Oltinko‘l,Олтинкўл,Олтинкол,Oltinkól,false
XO-236026,XO-236,1733236,1733236013,207179921,Xalqobod,Халқобод,Халкобод,Xalqobod,false
XO-236027,XO-236,1733236,1733236014,207179945,Tozado‘rman,Тозадўрман,Тозадорман,Tozadórman,false
XO-236028,XO-236,1733236,1733236015,207179938,Qoratepa,Қоратепа,Коратепа,Qoratepa,false
XO-22080017,XO-236,1733236,1733236001,207179810,Pahlavon maxmud,Пахловон маҳмуд,Пахловон Махмуд,Pahlavon maxmud,false
XO-22080026,XO-236,1733236,1733236018,207179859,Yuqori boshqir,Юқори бошқир,Юкори бошкир,Yuqori boshqir,false
XO-22080027,XO-236,1733236,1733236017,308592754,Yangiobod,Янгиобод,Янгиобод,Yangiobod,false
XO-237999,XO-237,0,0,,Mahalla aniqlanmagan,Маҳалла аниқланмаган,Махалля не определена,Máhálle anıqlanbaǵan,true
XO-401001,XO-401,1733401,1733401001,202942166,Mustaqillik,Мустақиллик,Мустакиллик,Mustaqillik,false
XO-401002,XO-401,1733401,1733401002,202952257,Feruz,Феруз,Феруз,Feruz,false
XO-401003,XO-401,1733401,1733401003,202942174,Ma‘rifat,Маърифат,Маърифат,Ma‘rifat,false
XO-401004,XO-401,1733401,0,,Yukori-bog‘,Юкори-боғ,Юкори-боғ,Yukori-boǵ,true
XO-401005,XO-401,1733401,1733401005,202945218,Al xorazmiy,Ал хоразмий,Ал-Хоразмий,Al xorazmiy,false
XO-401006,XO-401,1733401,1733401006,202942159,Besh-mergan,Беш-мерган,Беш мерган,Besh-mergan,false
XO-401007,XO-401,1733401,1733401007,202960231,Shodlik,Шодлик,Шодлик,Shodlik,false
XO-401008,XO-401,1733401,1733401008,202947389,Gulshan,Гулшан,Гулшан,Gulshan,false
XO-401009,XO-401,1733401,1733401009,202946359,Gulzor,Гулзор,Гулзор,Gulzor,false
XO-401010,XO-401,1733401,1733401010,202952225,Navbahor,Навбаҳор,Навбахор,Navbahor,false
XO-401011,XO-401,1733401,1733401011,202947372,Avesto,Авесто,Авесто,Avesto,false
XO-401012,XO-401,1733401,1733401012,202946334,Mash‘al,Машъал,Машъал,Mash‘al,false
XO-401013,XO-401,1733401,1733401013,202952201,Yangi xayot,Янги хаёт,Янги хаёт,Yangi xayot,false
XO-401014,XO-401,1733401,0,,Ashxabod,Ашхабод,Ашхабод,Ashxabod,true
XO-401015,XO-401,1733401,1733401015,202945201,Xamjixatlik,Хамжихатлик,Хамжихатлик,Xamjixatlik,false
XO-401016,XO-401,1733401,1733401016,202952289,Yangi-obod,Янги-обод,Янги обод,Yangi-obod,false
XO-401017,XO-401,1733401,1733401017,202945240,Saxovat,Саховат,Саховат,Saxovat,false
XO-401018,XO-401,1733401,1733401018,202952240,Jambul,Жамбул,Жамбул,Jambul,false
XO-401019,XO-401,1733401,1733401019,202947404,Bobur,Бобур,Бобур,Bobur,false
XO-401020,XO-401,1733401,1733401020,202946366,Obi-xayot,Оби-хаёт,Оби-Хаёт,Obi-xayot,false
XO-401021,XO-401,1733401,1733401021,202945193,Navro‘z,Наврўз,Навруз,Navróz,false
XO-401022,XO-401,1733401,1733401022,202947412,Istiqlol,Истиқлол,Истиклол,Istiqlol,false
XO-401023,XO-401,1733401,0,,Kuxna qal‘a,Кухна қалъа,Кухна қалъа,Kuxna qal‘a,true
XO-401024,XO-401,1733401,1733401024,202947396,Toza-bog‘,Тоза-боғ,Тоза бог,Toza-boǵ,false
XO-401025,XO-401,1733401,1733401025,202960224,Umid,Умид,Умид,Umid,false
XO-401026,XO-401,1733401,1733401026,202946303,Jingavuz,Жингавуз,Жингавуз,Jingavuz,false
XO-401027,XO-401,1733401,1733401027,202947429,Do‘stlik,Дўстлик,Дустлик,Dóstlik,false
XO-401028,XO-401,1733401,1733401028,202957391,Temiryo‘lchi,Темирйўлчи,Темир йулчи,Temiryólchi,false
XO-401029,XO-401,1733401,1733401029,202953549,Baynalminalchi,Байналминалчи,Байналминалчи,Baynalminalchi,false
XO-401030,XO-401,1733401,1733401030,202942181,Olimpiya,Олимпия,Олимпия,Olimpiya,false
XO-401031,XO-401,1733401,1733401031,202947357,Gulchilar,Гулчилар,Гулчилар,Gulchilar,false
XO-401032,XO-401,1733401,1733401032,202945233,Buston,Бустон,Бустон,Buston,false
XO-401033,XO-401,1733401,1733401033,204069894,Kamolot,Камолот,Камолот,Kamolot,false
XO-401034,XO-401,1733401,1733401034,204076238,Ziyokorlar,Зиёкорлар,Зиёкорлар,Ziyokorlar,false
XO-401035,XO-401,1733401,1733401035,205217108,Binokor,Бинокор,Бинокор,Binokor,false
XO-401036,XO-401,1733401,1733401036,207197970,Olma bog‘,Олма боғ,Олма бог,Olma boǵ,false
XO-401037,XO-401,1733401,0,,J.Manguberdi,Ж.мангуберди,Ж.мангуберди,J.Manguberdi,true
XO-401038,XO-401,1733401,1733401038,304657982,Islomobod,Исломобод,Исломобод,Islomobod,false
XO-22110014,XO-401,1733401,1733401037,207197987,Jaloladdin manguberdi,Жалоладдин мангуберди,Жалоладдин Мангуберди,Jaloladdin manguberdi,false
XO-22110038,XO-401,1733401,1733401004,202966358,Yuqori bog‘,Юқори боғ,Юкори бог,Yuqori boǵ,false
XO-22110042,XO-401,1733401,1733401040,309885854,Yangi o‘zbekiston,Янги ўзбекистон,Янги Узбекистон,Yangi ózbekiston,false
XO-22110041,XO-401,1733401,1733401039,309879275,Nurli hayot,Нурли ҳаёт,Нурли хаёт,Nurli hayot,false
XO-22110021,XO-401,1733401,1733401023,202973190,Ko‘hna qal‘a,Кўҳна қалъа,Кухна калъа,Kóhna qal‘a,false
XO-22110004,XO-401,1733401,1733401014,202945225,Ashxabad,Ашхабад,Ашхабад,Ashxabad,false
XO-406001,XO-406,1733406,1733406021,204104082,Angarik,Ангарик,Ангарик,Angarik,false
XO-406002,XO-406,1733406,1733406014,202527364,Binokor,Бинокор,Бинокор,Binokor,false
XO-406003,XO-406,1733406,1733406017,202574846,Gazchi,Газчи,Газчи,Gazchi,false
XO-406004,XO-406,1733406,1733406018,202928815,Gilamchi,Гиламчи,Гиламчи,Gilamchi,false
XO-406005,XO-406,1733406,1733406012,202549614,Gulirayxon,Гулирайхон,Гулирайхон,Gulirayxon,false
XO-406006,XO-406,1733406,1733406013,202883858,Guliston,Гулистон,Гулистон,Guliston,false
XO-406007,XO-406,1733406,1733406015,305257467,Gulshan 2,Гулшан 2,Гулшан-2,Gulshan 2,false
XO-406008,XO-406,1733406,1733406016,202443479,Do‘stlik,Дўстлик,Достлик,Dóstlik,false
XO-406009,XO-406,1733406,1733406002,202883819,Ichan kal‘a,Ичан калъа,Ичан-кала,Ichan kal‘a,false
XO-406010,XO-406,1733406,1733406005,202557984,Kalta minor,Калта минор,Калта-минор,Kalta minor,false
XO-406011,XO-406,1733406,1733406004,202518787,Kaptarxona,Каптархона,Каптархона,Kaptarxona,false
XO-406012,XO-406,1733406,1733406010,207189284,Kiyot,Киёт,Киёт,Kiyot,false
XO-406013,XO-406,1733406,1733406003,202883841,Kumyaska,Кумяска,Кумяска,Kumyaska,false
XO-406014,XO-406,1733406,1733406007,205220778,Qibla tozabog‘,Қибла тозабоғ,Киблатозабог,Qibla tozaboǵ,false
XO-406015,XO-406,1733406,1733406009,202942238,Lolazor,Лолазор,Лолазор,Lolazor,false
XO-406016,XO-406,1733406,0,,Mevastan,Мевастан,Мевастан,Mevastan,true
XO-406017,XO-406,1733406,1733406020,202919873,Sangar,Сангар,Сангар,Sangar,false
XO-406018,XO-406,1733406,1733406019,202883834,Tozabog‘,Тозабоғ,Тозабог,Tozaboǵ,false
XO-406019,XO-406,1733406,1733406006,204113429,Shixlar,Шихлар,Шихлар,Shixlar,false
XO-406020,XO-406,1733406,1733406001,202590732,Yangi turmush,Янги турмуш,Янги турмуш,Yangi turmush,false
XO-406021,XO-406,1733406,1733406011,202896327,Yangi xayot,Янги хаёт,Янги хаёт,Yangi xayot,false
