tin,district_soato,uzcad_code,code,name_uz_latin,name_uz_cyril,name_ru
207140195,1735204,1735204017,23010008,Bog',Боғ,Бог
207140211,1735204,1735204018,23010012,Bo‘z solma,Бўз солма,Боз солма
207140339,1735204,1735204016,23010005,Besh ovul,Беш овул,Беш овул
207140014,1735204,1735204002,23010010,Bosuv,Босув,Босув
202781938,1735204,1735204046,23010013,Bo‘ston,Бўстон,Бостон
207168136,1735204,1735204003,23010014,Gulzor,Гулзор,Гулзор
202781953,1735204,1735204030,23010009,Boyovul,Боёвул,Боёвул
207140038,1735204,1735204039,23010035,Tor yop,Тор ёп,Тор ёп
207140171,1735204,1735204037,23010022,Qizil choli,Қизил чоли,Кизил чоли
207140124,1735204,1735204004,23010015,Daryo bo‘yi,Дарё бўйи,Дарё буйи
207140156,1735204,1735204047,23010031,Namuna,Намуна,Намуна
202781960,1735204,1735204020,23010018,Do‘stlik,Дўстлик,Дустлик
207168112,1735204,1735204029,23010049,Yangiobod,Янгиобод,Янгиобод
207140132,1735204,1735204010,23010040,Uyshin,Уйшин,Уйшин
203553333,1735204,1735204005,23010025,Qipchoq,Қипчоқ,Кипчок
202784854,1735204,1735204008,23010034,Olmazor,Олмазор,Олмазор
207168144,1735204,1735204032,23010017,Durunki,Дурунки,Дурунки
207140188,1735204,1735204015,23010003,Arna bo‘yi,Арна бўйи,Арна буйи
202781921,1735204,1735204007,23010032,Oybek,Ойбек,Ойбек
207140228,1735204,1735204013,23010001,Ayoqchi,Аёқчи,Аёкчи
305306190,1735204,1735204025,23010042,Farovon,Фаровон,Фаровон
207140117,1735204,1735204028,23010048,Yuqori qishloq,Юқори қишлоқ,Юкори кишлок
207140243,1735204,1735204043,23010027,Qum yop,Қум ёп,Кум ёп
207140149,1735204,1735204001,23010006,Besh tom,Беш том,Беш том
202781906,1735204,1735204045,23010004,Beruniy,Беруний,Беруний
202781945,1735204,1735204049,23010047,Chordara,Чордара,Чордара
207140204,1735204,1735204022,23010026,Qoramon,Қорамон,Корамон
207140164,1735204,1735204040,23010039,O'zbekiston,Ўзбекистон,Узбекистон
207140235,1735204,1735204033,23010019,Jumur ovul,Жумур овул,Жумур овул
203553293,1735204,1735204012,23010030,Nazarxon,Назархон,Назархон
207139994,1735204,1735204026,23010043,Xizir eli,Хизир эли,Хизир эли
202781977,1735204,1735204044,23010029,A.Navoiy,А.Навоий,А.Навои
207140100,1735204,1735204023,23010037,Tosh qal’a,Тош қалъа,Тош калъа
203553325,1735204,1735204011,23010046,Choyko‘l,Чойкўл,Чойкул
203553285,1735204,1735204034,23010020,Jumurtau,Жумуртау,Жумуртау
305306136,1735204,1735204006,23010024,Qipchoq,Қипчоқ,Кипчок
203553278,1735204,1735204031,23010011,Bo‘z yop,Бўз ёп,Буз ёп
203553340,1735204,1735204042,23010021,Qangli,Қангли,кангли
203545643,1735204,1735204014,23010002,Amir Temur,Амир Темур,Амир Темур
203553301,1735204,1735204036,23010028,Kuyuk ko‘pir,Куюк кўпир,Куюк купир
203553372,1735204,1735204027,23010045,Xolimbeg,Холимбег,Холимбег
204533333,1735204,1735204038,23010033,Oq oltin,Оқ олтин,Ок олтин
204533340,1735204,1735204009,23010038,To‘lqin,Тўлқин,Тулкин
207168129,1735204,1735204048,23010036,Tosh yop,Тош ёп,Тош ёп
203553357,1735204,1735204021,23010023,Qilichboy,Қиличбой,Киличбой
203553318,1735204,1735204035,23010007,Bobur,Бобур,Бобур
203553364,1735204,1735204019,23010016,Do'rman,Дўрман,Дурман
203543930,1735204,1735204024,23010041,O‘rta qal’a,Ўрта қалъа,Урта кала
203553261,1735204,1735204041,23010044,Xitoy,Хитой,Хитой
205054991,1735207,1735207001,23020002,Abay,Абай,Абай
202847133,1735207,1735207010,23020036,Xorazm,Хоразм,Хоразм
202847236,1735207,1735207034,23020034,To‘qimachi,Тўқимачи,Тукимачи
202847275,1735207,1735207011,23020005,Birlik,Бирлик,Бирлик
202847251,1735207,1735207014,23020024,Navruz,Навруз,Навруз
202847244,1735207,1735207029,23020010,Ziyokor,Зиёкор,Зиёкор
202847164,1735207,1735207033,23020019,Markaziy,Марказий,Марказий
202010012,1735207,1735207026,23020022,Navoiy,Навоий,Навои
202847268,1735207,1735207016,23020030,Paxtakor,Пахтакор,Пахтакор
202847283,1735207,1735207030,23020006,Bunyodkor,Бунёдкор,Бунёдкор
204502617,1735207,1735207028,23020040,Yangiobod,Янгиобод,Янгиобод
206984942,1735207,1735207019,23020012,U.Jumaniyozov,У.Жуманиёзов,У.Жуманиёзов
207320991,1735207,1735207040,23020032,Saroyko‘l,Саройкўл,Саройкул
205054976,1735207,1735207031,23020013,Ibn-Sino,Ибн-Сино,Ибн-Сино
202847229,1735207,1735207032,23020014,Istiqlol,Истиқлол,Истиклол
207320984,1735207,1735207020,23020018,Lolazor,Лолазор,Лолазор
200937441,1735207,1735207022,23020009,Dostlik,Достлик,Достлик
202847157,1735207,1735207021,23020001,Amir Temur,Амир Темур,Амир Темур
207320976,1735207,1735207039,23020026,Obi-xayot,Оби-хаёт,Оби-хаёт
202847172,1735207,1735207013,23020023,Serquyosh,Серқуёш,Серкуёш
202847140,1735207,1735207004,23020008,Guliston,Гулистон,Гулистон
202847196,1735207,1735207006,23020017,Qiyat,Қият,Кият
205054984,1735207,1735207035,23020035,Turon,Турон,Турон
206984959,1735207,1735207015,23020029,Palvash,Палваш,Палваш
205959244,1735207,1735207008,23020025,Nayman,Найман,Найман
200937465,1735207,1735207024,23020016,Qizilqal’a,Қизилқалъа,Кизилкала
200937426,1735207,1735207003,23020004,Biybazar,Бийбазар,Бийбазар
202847189,1735207,1735207023,23020011,Jayhun,Жайҳун,Жайхун
202010029,1735207,1735207002,23020003,Beruniy,Беруний,Беруний
202847204,1735207,1735207012,23020007,Bo‘ston,Бўстон,Бустон
200937458,1735207,1735207009,23020028,Oltinsoy,Олтинсой,Олтинсой
200937419,1735207,1735207027,23020027,Ozod,Озод,Озод
202010004,1735207,1735207017,23020031,Sarkop,Саркоп,Саркоп
202847212,1735207,1735207036,23020038,Yangi O'zbekiston,Янги Ўзбекистон,Янги Узбекистон
200937402,1735207,1735207037,23020037,Shobboz,Шоббоз,Шоббоз
203841576,1735207,1735207025,23020020,Maxtumquli,Махтумқули,Махтумкули
205959252,1735207,1735207007,23020021,Mustaqillik,Мустақиллик,Мустакиллик
205959269,1735207,1735207005,23020015,Qangshartal,Қангшартал,Кангшартал
200937394,1735207,1735207038,23020039,Shimom,Шимом,Шимом
200937473,1735207,1735207018,23020033,Tinchlik,Тинчлик,Тинчлик
204927689,1735211,1735211011,23140012,Qutli makan,Қутли макан,Кутли макан
204895216,1735211,1735211008,23140003,Ata makan,Ата макан,Ата макан
204895191,1735211,1735211001,23140006,Esim,Есим,Есим
202805478,1735211,1735211004,23140010,Qoybaq,Қойбақ,Койбак
202805454,1735211,1735211007,23140008,Qarao'zek,Қараўзек,Караузек
204960199,1735211,1735211013,23140007,Esimo'zek,Эсимўзек,Эсимузек
202805485,1735211,1735211002,23140004,Berdax,Бердах,Бердах
204895184,1735211,1735211009,23140005,G'arezsizlik guzari,Ғарезсизлик гузари,Гарезсизлик гузари
202805501,1735211,1735211005,23140011,Quralpa,Қуралпа,Куралпа
202805518,1735211,1735211006,23140001,Allayar Dosnazarov,Аллаяр Досназаров,Аллаяр Досназаров
202805493,1735211,1735211003,23140002,Akademik Sabir Kamalov,Академик Сабир Камалов,Академик Сабир Камалов
202805461,1735211,1735211012,23140009,Qarao'zek,Қараўзек,Караузек
202841807,1735211,1735211010,23140013,Madeniyat,Маденият,Маденият
202802799,1735212,1735212015,23040005,Gujim Terek,Гужим Терек,Гужим Терек
202805422,1735212,1735212003,23040002,Abat,Абат,Абат
202802807,1735212,1735212014,23040004,Baxitli,Бахитли,Бахитли
202805414,1735212,1735212007,23040014,Madeniyat,Маденият,Маденият
202802774,1735212,1735212016,23040013,Quyashli,Қуяшли,Куяшли
202802767,1735212,1735212002,23040015,Nurli bostan,Нурли бостан,Нурли бостан
202805407,1735212,1735212013,23040001,Abat Makan,Абат Макан,Абат Макан
202811764,1735212,1735212009,23040012,Qumshungul,Қумшунгул,Кумшунгул
202805439,1735212,1735212001,23040008,Juzim bag',Жузим бағ,Жузим баг
202805399,1735212,1735212006,23040009,Jiluanjap,Жилуанжап,Жилуанжап
202815039,1735212,1735212008,23040006,Jalpaq jap,Жалпақ жап,Жалпак жап
202825571,1735212,1735212005,23040007,Janabazar,Жанабазар,Жанабазар
202802782,1735212,1735212010,23040016,Xalqabad,Халқабад,Халкабад
202822362,1735212,1735212012,23040003,Aqtuba,Ақтуба,Актуба
207339627,1735212,1735212004,23040010,Iyshan qala,Ийшан қала,Ийшан кала
207339634,1735212,1735212011,23040017,Ko'ko'zek,Кўкўзек,Кукузек
206979053,1735218,1735218008,23130005,Jayxun,Жайхун,Жайхун
302688700,1735218,1735218006,23130010,Madeniyat,Маденият,Маденият
203054660,1735218,1735218007,23130009,Sari altin,Сари алтин,Сари алтин
206923384,1735218,1735218009,23130001,Arzimbet qum,Арзимбет қум,Арзимбет кум
302688717,1735218,1735218011,23130004,Dosliq,Дослиқ,Дослик
203054677,1735218,1735218001,23130002,Beskopir,Бескопир,Бескопир
206956880,1735218,1735218005,23130003,Bostan,Бостан,Бостан
204805784,1735218,1735218004,23130006,Janga qala,Жаңа қала,Жана кала
203054645,1735218,1735218003,23130007,Qanlikul,Қанликул,Канликул
203054684,1735218,1735218002,23130011,Navriz,Навриз,Навриз
203054653,1735218,1735218010,23130008,Altinko'l,Алтинкўл,Алтинкул
203029588,1735215,1735215002,23150032,Taraqli,Тарақли,Таракли
206829721,1735215,1735215028,23150035,Turkistan,Туркистан,Туркистан
203029722,1735215,1735215030,23150013,Qaraqalpaqstan,Қарақалпақстан,Каракалпакстан
206829674,1735215,1735215003,23150008,Gulabad,Гулабад,Гулабад
206829706,1735215,1735215001,23150004,Almazar,Алмазар,Алмазар
203029564,1735215,1735215031,23150007,Bostan,Бостан,Бостан
203029667,1735215,1735215004,23150031,Talliq,Таллиқ,Таллик
203029549,1735215,1735215033,23150018,Besqala,Бесқала,Бескала
203029746,1735215,1735215010,23150010,Jasliq,Жаслиқ,Жаслик
203029650,1735215,1735215005,23150038,Xan-jap,Хан-жап,Хан-жап
203029628,1735215,1735215012,23150015,Qashi,Қаши,Каши
206829681,1735215,1735215011,23150033,Temir jol,Темир жол,Темир жол
206829714,1735215,1735215024,23150037,Hakim-ata,Ҳаким-ата,Хаким-ата
207062356,1735215,1735215029,23150005,Altinko'l,Алтинкўл,Алтинкул
206829698,1735215,1735215032,23150034,Turan,Туран,Туран
206829738,1735215,1735215021,23150025,Minjarg'an,Минжарған,Минжарган
203029635,1735215,1735215014,23150024,Monshaqli,Моншақли,Моншакли
203029595,1735215,1735215036,23150011,Jinishke,Жинишке,Жинишке
203029571,1735215,1735215035,23150029,Sanaat,Санаат,Санаат
206829666,1735215,1735215034,23150003,Azatliq,Азатлық,Азатлык
203029604,1735215,1735215022,23150020,Qumbiz,Қумбиз,Кумбиз
203029643,1735215,1735215013,23150006,Berdax,Бердах,Бердах
203029739,1735215,1735215020,23150022,Qiriq-qiz,Қириқ-қиз,Кирик-киз
203029611,1735215,1735215023,23150014,Qaratal,Қаратал,Каратал
203029682,1735215,1735215017,23150019,Qongirat,Қоңырат,Конырат
205953094,1735215,1735215018,23150036,Ustirt,Устирт,Устирт
205953110,1735215,1735215039,23150030,Suo‘enli,Суўенли,Сууенли
206829745,1735215,1735215016,23150012,Qangli,Қаңлы,Канлы
203029674,1735215,1735215007,23150039,Xorezm,Хорезм,Хорезм
205953127,1735215,1735215015,23150002,Ajiniyaz,Ажинияз,Ажинияз
203029556,1735215,1735215038,23150026,Navoiy,Навоий,Навоий
207273204,1735215,1735215008,23150016,Kiet,Киет,Киет
203029714,1735215,1735215037,23150021,Qipshaq,Қипшақ,Кипшак
207148872,1735215,1735215026,23150017,Ko'kdarya,Кўкдарья,Кукдарья
205953103,1735215,1735215009,23150027,O'rnek,Ўрнек,Урнек
205953087,1735215,1735215019,23150009,Elabad,Елабад,Елабад
206829753,1735215,1735215006,23150001,Adebiyat,Адебият,Адебият
203029707,1735215,1735215027,23150023,Miynetabad,Мийнетабад,Мийнетабад
203029699,1735215,1735215025,23150028,Raushan,Раушан,Раушан
202800833,1735222,1735222002,23050001,Aral,Арал,Арал
202800840,1735222,1735222003,23050004,Jayxun,Жайхун,Жайхун
202800857,1735222,1735222004,23050009,Talli ozek,Талли озек,Талли озек
204516148,1735222,1735222010,23050012,Xakim ata,Хаким ата,Хаким ата
202800904,1735222,1735222012,23050005,Kazaxdarya,Казахдарья,Казахдарья
202800825,1735222,1735222001,23050008,Moynaq,Мойнақ,Мойнак
207340484,1735222,1735222011,23050006,Qizil jar,Қизил жар,Кизил жар
202800912,1735222,1735222009,23050007,Madeli,Мадели,Мадели
202800889,1735222,1735222007,23050010,Tik-uzyak,Тик-узяк,Тик-узяк
202797814,1735222,1735222006,23050011,Ushsay,Ушсай,Ушсай
202800872,1735222,1735222005,23050003,Dosliq,Дослиқ,Дослик
202800896,1735222,1735222008,23050002,Bozatau,Бозатау,Бозатау
202797655,1735401,1735401029,23170047,Nur,Нур,Нур
202227564,1735401,1735401009,23170024,Doslik,Дослик,Дослик
207049798,1735401,1735401050,23170013,Bereket,Берекет,Берекет
205211321,1735401,1735401043,23170009,Anasay,Анасай,Анасай
200363294,1735401,1735401004,23170063,Shimbay shayxana,Шимбай шайхана,Шимбай шайхана
207061104,1735401,1735401051,23170018,G'arezsizlik,Ғарезсизлик,Гарезсизлик
205211353,1735401,1735401040,23170008,Amudarya,Амударья,Амударья
202714615,1735401,1735401017,23170012,Bayterek,Байтерек,Байтерек
205170604,1735401,1735401034,23170026,Jayxun,Жайхун,Жайхун
202809384,1735401,1735401028,23170048,O'rnek,Ўрнек,Урнек
207337749,1735401,1735401062,23170057,Uzin ko'l,Узин кўл,Узин кул
202030139,1735401,1735401024,23170028,Jeke terek,Жеке терек,Жеке терек
202895329,1735401,1735401032,23170035,Qos bulaq,Қос булақ,Кос булак
202822290,1735401,1735401006,23170061,Shig'is,Шығыс,Шыгыс
202825152,1735401,1735401025,23170055,Turan,Туран,Туран
207151561,1735401,1735401056,23170023,Dosliq guzari,Дослиқ гузари,Дослик гузари
202691449,1735401,1735401011,23170054,Tung'ish qonis,Тунғиш қонис,Тунгиш конис
207337978,1735401,1735401064,23170006,Altin jag'is,Алтин жағис,Алтин жагис
202797670,1735401,1735401031,23170027,Jangabazar,Жаңабазар,Жанабазар
205211345,1735401,1735401039,23170029,Jiydeli baysin,Жийдели байсин,Жийдели байсин
202170494,1735401,1735401021,23170051,Taslaq,Таслақ,Таслак
205226999,1735401,1735401038,23170014,Bestobe,Бестобе,Бестобе
202809400,1735401,1735401022,23170031,Jolshilar,Жолшилар,Жолшилар
202838800,1735401,1735401030,23170011,Baqshiliq,Бақшилиқ,Бакшилик
202822283,1735401,1735401008,23170056,Tinishliq,Тинишлиқ,Тинишлик
205211306,1735401,1735401041,23170002,Aq jag'is,Ақ жағис,Ак жагис
202809360,1735401,1735401016,23170022,Darbent,Дарбент,Дарбент
205170650,1735401,1735401033,23170042,Qizil qum,Қизил қум,Кизил кум
202029952,1735401,1735401012,23170039,Qurilisshi,Қурилисши,Курилисши
202775398,1735401,1735401003,23170001,Aydin jol,Айдин жол,Айдин жол
205211338,1735401,1735401042,23170049,Samanbay,Саманбай,Саманбай
206993615,1735401,1735401046,23170041,Qutli qonis,Қутли қонис,Кутли конис
202698596,1735401,1735401001,23170016,Botanika bag'i,Ботаника бағи,Ботаника баги
207096890,1735401,1735401053,23170004,Allaniyaz Qaharman,Алланияз Қаҳарман,Алланияз Кахарман
201895162,1735401,1735401014,23170005,Almazar,Алмазар,Алмазар
207151585,1735401,1735401055,23170030,Jipek joli,Жипек жолы,Жипек жолы
207151554,1735401,1735401058,23170052,Teleoray,Телеорай,Телеорай
202793614,1735401,1735401027,23170053,Temir jol,Темир жол,Темир жол
202847101,1735401,1735401010,23170050,Sarbinaz,Сарбиназ,Сарбиназ
207010239,1735401,1735401049,23170020,Guzar,Гузар,Гузар
207151578,1735401,1735401057,23170021,Gulzar,Гулзар,Гулзар
202822308,1735401,1735401005,23170058,Xaliqlar dosligi,Халиқлар дослиги,Халиклар дослиги
205358257,1735401,1735401026,23170034,Ko'k o'zek,Кўк ўзек,Кук узек
207100799,1735401,1735401054,23170040,Qutli makan,Қутли макан,Кутли макан
207289254,1735401,1735401059,23170017,Vatanparvar,Ватанпарвар,Ватанпарвар
202775406,1735401,1735401015,23170025,Eliabat,Элиабат,Элиабат
206993608,1735401,1735401045,23170015,Boz ao'il,Боз аўыл,Боз ауыл
202684170,1735401,1735401018,23170045,Nao'pir,Наўпир,Наупир
310218552,1735401,1735401066,23170066,Janga zaman,Жаңа заман,Жана заман
310216760,1735401,1735401069,23170069,Jas ao'lad,Жас әўлад,Жас аулад
207012038,1735401,1735401047,23170038,Qumbiz aul,Қумбиз аул,Кумбиз аул
202680335,1735401,1735401019,23170033,Kattagar,Каттагар,Каттагар
200363152,1735401,1735401044,23170064,Qaratao',Қаратаў,Каратау
202844256,1735401,1735401013,23170036,Qos-ko'l,Қос-кўл,Кос-кул
306882458,1735401,1735401061,23170010,Ata makan,Ата макан,Ата макан
202676924,1735401,1735401020,23170019,Go'ne qala,Гўне қала,Гуне кала
207027270,1735401,1735401048,23170003,Aq otao‘,Ақ отаў,Ак отау
205170595,1735401,1735401035,23170046,Navriz,Навриз,Навриз
202838792,1735401,1735401007,23170060,Shayirlar auli,Шайирлар аули,Шайирлар аули
205226982,1735401,1735401036,23170044,Nao'qan bag',Наўқан бағ,Наукан баг
310216215,1735401,1735401067,23170067,Nurli bostan,Нурли бостан,Нурли бостан
310218140,1735401,1735401071,23170071,Isbilermenler aymag'i,Исбилерменлер аймағи,Исбилерменлер аймаги
310222730,1735401,1735401065,23170065,Jasil bag',Жасыл бағ,Жасыл баг
310220916,1735401,1735401070,23170070,Shadli ovul,Шадли овул,Шадли овул
207337961,1735401,1735401063,23170007,Amanliq guzari,Аманлиқ гузари,Аманлик гузари
202029976,1735401,1735401002,23170059,Xaua joli,Хауа жоли,Хауа жоли
306882497,1735401,1735401060,23170062,Shimbay guzari,Шимбай гузари,Шимбай гузари
202809392,1735401,1735401023,23170037,Qum ovul,Қум овул,Кум овул
310218544,1735401,1735401068,23170068,Abat makan,Абат макан,Абат макан
205211314,1735401,1735401037,23170032,Juo'azshi,Жуўазшы,Жууазшы
207047175,1735401,1735401052,23170043,Navbahar,Навбаҳар,Навбахар
310207337,1735225,1735225011,23060011,Darsan,Дарсан,Дарсан
310207297,1735225,1735225013,23060013,Үlgili makan,Үлгили макан,Үлгили макан
310207241,1735225,1735225012,23060012,Diyxan arna,Дийхан арна,Дийхан арна
304009466,1735225,1735225005,23060007,Qutan-ko'l,Қутан-кўл,Кутан-кул
302692049,1735225,1735225008,23060010,Tok tau,Ток тау,Ток тау
203216237,1735225,1735225010,23060008,Samanbay,Саманбай,Саманбай
203131803,1735225,1735225007,23060005,Kerder,Кердер,Кердер
203112540,1735225,1735225004,23060004,Baqanshaqli,Бақаншақли,Баканшакли
302692032,1735225,1735225001,23060001,Aqterek,Ақтерек,Актерек
202822379,1735225,1735225009,23060002,Aqmang'it,Ақманғит,Акмангит
203112557,1735225,1735225002,23060006,Qirantov,Қирантов,Кирантов
203216244,1735225,1735225003,23060009,Taxirkol,Тахиркол,Тахиркол
203077743,1735225,1735225006,23060003,Arbashi,Арбаши,Арбаши
204012260,1735230,1735230017,23070013,Qostruba,Қоструба,Коструба
301050143,1735230,1735230004,23070002,Aydin jol,Айдин жол,Айдин жол
203023328,1735230,1735230012,23070016,Taxtako'pir,Тахтакўпир,Тахтакупир
301050095,1735230,1735230008,23070005,G'arezsizlik,Ғарезсизлик,Гарезсизлик
301050150,1735230,1735230010,23070017,O'zbekistan,Ўзбекистан,Узбекистан
301049467,1735230,1735230016,23070007,Dao'ыt say,Даўыт сай,Дауыт сай
202831296,1735230,1735230007,23070004,Beltau,Белтау,Белтау
301050128,1735230,1735230003,23070006,Dao‘ir,Даўир,Дауир
202763437,1735230,1735230002,23070009,Jaңadarya,Жаңадарья,Жаңадарья
202831289,1735230,1735230009,23070012,Qara-oy,Қара-ой,Кара-ой
202816567,1735230,1735230001,23070003,Atako'l,Атакўл,Атакул
202816574,1735230,1735230014,23070011,Qongiratkol,Қоңыраткөл,Коныраткол
301050673,1735230,1735230011,23070014,Marjanko'l,Маржанкўл,Маржанкул
202969804,1735230,1735230005,23070008,Dao‘qara,Даўқара,Даукара
202816582,1735230,1735230013,23070001,Ag'itay Adilov,Ағитай Адилов,Агитай Адилов
202816599,1735230,1735230015,23070015,Mulik,Мулик,Мулик
301050680,1735230,1735230006,23070010,Qarateren,Қаратерен,Каратерен
203182700,1735233,1735233035,23080029,Turkiston,Туркистон,Туркистон
203575194,1735233,1735233001,23080007,Do‘stlik,Дўстлик,Дустлик
201236166,1735233,1735233023,23080010,Ibn Sino,Ибн Сино,Ибн Сино
203585910,1735233,1735233034,23080026,Toshkent,Тошкент,Тошкент
203571232,1735233,1735233015,23080032,O'zbekiston,Ўзбекистон,Узбекистон
310209681,1735233,1735233043,23080043,Tozabo‘zyop,Тозабўзёп,Тозабузёп
201826380,1735233,1735233026,23080019,Navoiy,Навоий,Навоий
202959319,1735233,1735233025,23080018,Mustaqillik,Мустақиллик,Мустакиллик
203575203,1735233,1735233002,23080008,Yoshlik,Ёшлик,Ёшлик
202265408,1735233,1735233027,23080037,Yangiobod,Янгиобод,Янгиобод
310209935,1735233,1735233045,23080045,Turkman ko'li,Туркман кўли,Туркман кули
203551558,1735233,1735233029,23080031,O'zbekiston,Ўзбекистон,Узбекистон
310206339,1735233,1735233040,23080040,Nurli yo‘l,Нурли йўл,Нурли йул
310212015,1735233,1735233044,23080044,Yaxtilik,Яхтилик,Яхтилик
310220734,1735233,1735233048,23080048,Bazirgan,Базирган,Базирган
203581118,1735233,1735233016,23080034,Shodlik,Шодлик,Шодлик
310215059,1735233,1735233039,23080039,Yashnobod,Яшнобод,Яшнобод
203488628,1735233,1735233031,23080016,Markazobod,Марказобод,Марказобод
203075359,1735233,1735233030,23080005,G'alaba,Ғалаба,Галаба
310183550,1735233,1735233042,23080042,Miskin,Мискин,Мискин
310223950,1735233,1735233046,23080046,Yangi hayot,Янги ҳаёт,Янги хаёт
203571249,1735233,1735233004,23080011,Istiqlol,Истиқлол,Истиклол
203571224,1735233,1735233013,23080003,Beruniy,Беруний,Беруний
203567892,1735233,1735233032,23080027,Tinchlik,Тинчлик,Тинчлик
310207606,1735233,1735233038,23080038,Ziyokor,Зиёкор,Зиёкор
203584460,1735233,1735233005,23080020,Navro‘z,Наврўз,Навруз
310221234,1735233,1735233049,23080049,Bahor,Баҳор,Бахор
203112572,1735233,1735233036,23080030,To‘rtko‘l,Тўрткўл,Турткул
201236467,1735233,1735233021,23080004,Bog'-yop,Боғ-ёп,Бог-ёп
310224808,1735233,1735233041,23080041,Yakkatol,Нурли уллибоғ,Нурли уллибог
303694812,1735233,1735233014,23080017,Mash’al,Машъал,Машъал
203029840,1735233,1735233022,23080006,Guliston,Гулистон,Гулистон
203175384,1735233,1735233003,23080009,Jayxun,Жайхун,Жайхун
203593370,1735233,1735233020,23080022,Oqqamish,Оққамиш,Оккамиш
203571256,1735233,1735233008,23080036,Yonboshqal’a,Ёнбошқалъа,Ёнбошкала
203590225,1735233,1735233007,23080035,Sho‘raxon,Шўрахон,Шурахон
203585927,1735233,1735233006,23080025,Paxtachi,Пахтачи,Пахтачи
203585903,1735233,1735233033,23080028,Tozabog' yop,Тозабоғ ёп,Тозабог ёп
203581125,1735233,1735233010,23080015,Ko‘na To‘rtko‘l,Кўна Тўрткўл,Куна Турткул
310217854,1735233,1735233047,23080047,Nurata,Нурата,Нурата
203601494,1735233,1735233017,23080024,Paxtaobod,Пахтаобод,Пахтаобод
303694844,1735233,1735233009,23080001,Anhorli,Анҳорли,Анхорли
203596485,1735233,1735233019,23080021,Oqboshli,Оқбошли,Окбошли
203581133,1735233,1735233028,23080014,Qumbaskan,Қумбаскан,Кумбаскан
203594662,1735233,1735233037,23080033,Ullubog',Уллубоғ,Уллубог
203605021,1735233,1735233024,23080013,Ko‘kcha,Кўкча,Кукча
203581140,1735233,1735233012,23080012,Kaltaminor,Калтаминор,Калтаминор
203577137,1735233,1735233018,23080023,Otayurt,Отаюрт,Отаюрт
203577120,1735233,1735233011,23080002,Atauba,Атауба,Атауба
202780281,1735236,1735236018,23090003,Bunyodkor,Бунёдкор,Бунёдкор
202780210,1735236,1735236008,23090002,Bayterek,Байтерек,Байтерек
202831329,1735236,1735236009,23090007,Juzimzar,Жузимзар,Жузимзар
202780194,1735236,1735236024,23090026,Shag'alakol,Шағалакол,Шагалакол
202780203,1735236,1735236016,23090022,Suyenli,Суенли,Суенли
202780124,1735236,1735236023,23090019,Parvoz,Парвоз,Парвоз
202780274,1735236,1735236003,23090024,Tutzar,Тутзар,Тутзар
202780148,1735236,1735236014,23090011,Kun nuri,Кун нури,Кун нури
202780155,1735236,1735236011,23090023,Tasko'pir,Таскўпир,Таскупир
202780163,1735236,1735236001,23090018,Obod,Обод,Обод
202780259,1735236,1735236022,23090013,Madaniyat,Маданият,Маданият
202780242,1735236,1735236021,23090014,Murtazabiy,Муртазабий,Муртазабий
202780314,1735236,1735236002,23090017,Nurli jol,Нурли жол,Нурли жол
202780306,1735236,1735236020,23090001,Amudarya,Амударья,Амударья
202780187,1735236,1735236015,23090012,Qirqinshi,Қирқинши,Киркинши
202780298,1735236,1735236012,23090008,Kulab,Кулаб,Кулаб
207151546,1735236,1735236019,23090005,Jan Qo'ng'irot,Жан Қўнғирот,Жан Кунгирот
202780266,1735236,1735236026,23090006,Jana jap,Жана жап,Жана жап
202780227,1735236,1735236004,23090016,Navroʻz,Наврўз,Навруз
310198563,1735236,1735236028,23090028,Bag'man,Бағман,Багман
207168627,1735236,1735236006,23090015,Mustaqillik,Мустақиллик,Мустакиллик
202780076,1735236,1735236017,23090009,Qumbiz,Қумбиз,Кумбиз
202780170,1735236,1735236010,23090025,Tinishliq,Тинишлиқ,Тинишлик
202518486,1735236,1735236025,23090004,Jayxun,Жайхун,Жайхун
207075173,1735236,1735236005,23090010,Qumjiqqin,Қумжиққин,Кумжиккин
202780234,1735236,1735236013,23090021,Sarichungil,Саричунгил,Саричунгил
202780084,1735236,1735236007,23090020,Samanko‘l,Саманкўл,Саманкул
310198319,1735236,1735236027,23090027,Sabik,Сабик,Сабик
202665202,1735240,1735240017,23100001,Abat Makan,Абат Макан,Абат Макан
203712775,1735240,1735240009,23100021,Temir jol guzari,Темир жол гузари,Темир жол гузари
202665258,1735240,1735240006,23100009,Qara ko'l,Қара кўл,Кара кул
202665226,1735240,1735240022,23100022,Shaxtemir,Шахтемир,Шахтемир
308834206,1735240,1735240010,23100005,Gulistan,Гулистан,Гулистан
202665194,1735240,1735240012,23100004,Gujimli,Гужимли,Гужимли
202665265,1735240,1735240018,23100003,Berdax,Бердах,Бердах
203712783,1735240,1735240007,23100012,Ko'nshi,Кўнши,Кунши
202665234,1735240,1735240020,23100007,Jipek joli,Жипек жолы,Жипек жолы
201011984,1735240,1735240005,23100018,Tag'jap,Тағжап,Тагжап
201011960,1735240,1735240014,23100015,Mayjap,Майжап,Майжап
205901705,1735240,1735240015,23100017,Pashent-tau,Пашент-тау,Пашент-тау
203712768,1735240,1735240021,23100016,Orjap,Оржап,Оржап
206922805,1735240,1735240016,23100008,Kamis arik,Камыс арык,Камыс арык
201012019,1735240,1735240004,23100019,Taza-jol,Таза-жол,Таза-жол
201012002,1735240,1735240003,23100013,Qosterek,Қостерек,Костерек
201012034,1735240,1735240013,23100014,Qizil o'zek,Қизил ўзек,Кизил узек
201011992,1735240,1735240008,23100020,Tazg'ara,Тазғара,Тазгара
202665219,1735240,1735240019,23100006,Dosliq,Дослиқ,Дослик
201012026,1735240,1735240001,23100010,Kenes,Кенес,Кенес
202665241,1735240,1735240002,23100011,Ko'kshi qala,Кўкши қала,Кукши кала
201011977,1735240,1735240011,23100002,Baxitli,Бахитли,Бахитли
202935238,1735243,1735243013,23110013,Taza bazar,Таза базар,Таза базар
202935221,1735243,1735243004,23110010,Monshaqli,Моншақли,Моншакли
203935158,1735243,1735243001,23110001,Aybuyir,Айбуйир,Айбуйир
202935253,1735243,1735243010,23110008,Madeniyat,Маденият,Маденият
202951661,1735243,1735243005,23110005,Diyxanabad,Дийханабад,Дийханабад
202935245,1735243,1735243011,23110011,Navriz,Навриз,Навриз
202951646,1735243,1735243003,23110009,Mamiy,Мамий,Мами
207273118,1735243,1735243009,23110006,Qarabayli,Қарабайли,Карабайли
202951639,1735243,1735243002,23110002,Aq jap,Ақ жап,Ак жап
202951678,1735243,1735243006,23110007,Ketenler,Кетенлер,Кетенлер
202780069,1735243,1735243007,23110003,Begjap,Бегжап,Бегжап
202951654,1735243,1735243008,23110004,Birleshik,Бирлешик,Бирлешик
202951685,1735243,1735243012,23110012,Sarmanbaykol,Сарманбайкол,Сарманбайкол
207138766,1735250,1735250021,23120023,Koinot,Коинот,Коинот
304773088,1735250,1735250013,23120015,Iftixor,Ифтихор,Ифтихор
304773199,1735250,1735250002,23120011,Jasorat,Жасорат,Жасорат
203093756,1735250,1735250031,23120012,Ibn-Sino,Ибн-Сино,Ибн-Сино
207107607,1735250,1735250010,23120026,Oq-oltin,Оқ-олтин,Ок-олтин
207138798,1735250,1735250027,23120034,Cho‘pon,Чўпон,Чупон
304773135,1735250,1735250014,23120007,Kichik Guldursun,Кичик Гулдурсун,Кичик Гулдурсун
207138774,1735250,1735250020,23120016,Ixlos,Ихлос,Ихлос
207138781,1735250,1735250026,23120027,Paxtachi,Пахтачи,Пахтачи
207138821,1735250,1735250017,23120032,Tuproqqal’a,Тупроққалъа,Тупроккалъа
310231292,1735250,1735250040,23120040,Barhayot,Барҳаёт,Бархаёт
304773150,1735250,1735250003,23120024,Navbahor,Навбаҳор,Навбахор
310219488,1735250,1735250039,23120039,To‘rt devor,Тўрт девор,Турт девор
308824147,1735250,1735250037,23120013,Iqbol,Иқбол,Икбол
304779174,1735250,1735250024,23120018,Qoshqo'ra,Қошқўра,Кошкура
207138806,1735250,1735250011,23120037,Yangi O‘zbekiston,Янги Ўзбекистон,Янги Узбекистон
305254455,1735250,1735250036,23120014,Istiqlol,Истиқлол,Истиклол
203093764,1735250,1735250034,23120031,Toshkent,Тошкент,Тошкент
203093749,1735250,1735250030,23120006,Bo‘ston,Бўстон,Бустон
203093771,1735250,1735250033,23120002,Abay,Абай,Абай
310219495,1735250,1735250038,23120038,Burgutqal’a,Бургутқалъа,Бургуткалъа
203093621,1735250,1735250001,23120030,Toza-bog',Тоза-боғ,Тоза-бог
203093732,1735250,1735250032,23120001,Alisher Navoiy,Алишер Навоий,Алишер Навоий
203093614,1735250,1735250019,23120005,Amirobod,Амиробод,Амиробод
203093724,1735250,1735250006,23120019,Qizilqum,Қизилқум,Кизилкум
203093684,1735250,1735250012,23120025,Navoiy,Навоий,Навоий
207138727,1735250,1735250023,23120009,Dumanqal’a,Думанқалъа,Думанкалъа
203093638,1735250,1735250004,23120022,Guldursun,Гулдурсун,Гулдурсун
203093606,1735250,1735250018,23120010,Do‘stlik,Дўстлик,Дустлик
206953933,1735250,1735250035,23120017,Qavatqal’a,Қаватқалъа,Каваткала
203093653,1735250,1735250025,23120020,Qilichinak,Қиличинак,Киличинак
203093645,1735250,1735250009,23120021,Qirqqizobod,Қирққизобод,Кирккизобод
207138814,1735250,1735250029,23120003,Ayozqal'a,Аёзқалъа,Аёзкалъа
203093660,1735250,1735250022,23120028,Sarabiy,Сарабий,Сарабий
203093717,1735250,1735250016,23120035,Sharq Yulduzi,Шарқ Юлдузи,Шарк Юлдузи
207164704,1735250,1735250005,23120029,Saxtiyon,Сахтиён,Сахтиён
203093677,1735250,1735250008,23120008,Guliston,Гулистон,Гулистон
203093700,1735250,1735250015,23120004,Aqchako‘l,Ақчакўл,Акчакул
203093692,1735250,1735250028,23120036,Ellikqal’a,Элликқалъа,Элликкала
204247862,1735250,1735250007,23120033,Chuqurqoq,Чуқурқоқ,Чукуркок
204759992,1735228,1735228010,23180008,Nurli keleshek,Нурли келешек,Нурли келешек
201832184,1735228,1735228001,23180001,Obad makon,Обад макон,Обад макон
201832200,1735228,1735228003,23180011,Taxiatosh,Тахиатош,Тахиатош
202426958,1735228,1735228008,23180002,Aydinjol,Айдынжол,Айдынжол
310201242,1735228,1735228014,23180014,Yangi makon,Янги макон,Янги макон
202779534,1735228,1735228007,23180006,Qusshiliq,Қусшилиқ,Кусшилик
204760004,1735228,1735228009,23180009,Orayliq,Орайлиқ,Орайлик
201832192,1735228,1735228002,23180004,Jayxun,Жайхун,Жайхун
201832217,1735228,1735228004,23180013,Shamshiraq,Шамширақ,Шамширак
202800929,1735228,1735228011,23180007,Naymankul,Найманкул,Найманкул
202676964,1735228,1735228006,23180012,Halqlar doslig'i,Ҳалқлар дослиғи,Халклар дослиги
202780131,1735228,1735228013,23180010,Saraykul,Сарайкул,Сарайкул
202780052,1735228,1735228012,23180005,Keneges,Кенегес,Кенегес
202501438,1735228,1735228005,23180003,Dosliq,Дослиқ,Дослик
202790396,1735209,1735209003,23030005,Kusxanatau,Кусханатау,Кусханатау
205013188,1735209,1735209004,23030004,Ko'k suv,Кўк сув,Кук сув
202790404,1735209,1735209005,23030003,Erkindarya,Еркиндарья,Еркиндарья
202790429,1735209,1735209002,23030001,Aspantay,Аспантай,Аспантай
203147853,1735209,1735209001,23030002,Bozatou,Бозатоу,Бозатоу
202779843,1703214,1703214020,17070014,Gurkirov,Гуркиров,Гуркиров
202779788,1703214,1703214037,17070023,Istiqlol,Истиқлол,Истиклол
202779749,1703214,1703214051,17070018,Jahonobod,Жаҳонобод,Жаxонобод
202756183,1703214,1703214012,17070042,Taraqqiyot,Тараққиёт,Тараккиёт
305566763,1703214,1703214016,17070062,Yangi boston obod,Янги бостон обод,Янги бостон обод
202756286,1703214,1703214022,17070030,Qoʻgʻay,Қўғай,Кугай
202779724,1703214,1703214019,17070006,Beshtarak,Бештерак,Бештерак
202779764,1703214,1703214011,17070036,Navro'zobod,Наврўзобод,Наврозобод
202801088,1703214,1703214017,17070003,Anorzor,Анорзор,Анорзор
202756358,1703214,1703214062,17070059,Yuqori hosil,Юқори ҳосил,Юкори хосил
202801095,1703214,1703214044,17070057,Elatan,Элатан,Елатан
202779804,1703214,1703214004,17070017,Do'stlik,Дўстлик,Достлик
202756397,1703214,1703214053,17070021,Zaxiriddin Muxammad Bobur,Захириддин Муҳаммад Бобур,Захириддин Мухаммад Бобур
202779692,1703214,1703214057,17070037,Obod,Обод,Обод
202756279,1703214,1703214049,17070013,Guliston,Гулистон,Гулистон
202779835,1703214,1703214041,17070043,Tinchlik,Тинчлик,Тинчлик
202801064,1703214,1703214003,17070010,Boston,Бўстон,Бостон
202756190,1703214,1703214031,17070060,Yuqori Chuvama,Юқори Чувама,Юкори Чувама
202756208,1703214,1703214030,17070029,Qumko'cha,Қумкўча,Кумкоча
202756365,1703214,1703214015,17070053,Chekyor,Чекёр,Чекёр
202756405,1703214,1703214009,17070035,Navjur,Навжур,Навжур
202756319,1703214,1703214005,17070032,Manguberdy,Мангуберди,Мангуберди
202809622,1703214,1703214048,17070007,Birlashgan,Бирлашган,Бирлашган
202756151,1703214,1703214023,17070028,Kuygan-yor,Куйган-ёр,Куйган-ёр
202756420,1703214,1703214059,17070041,Solboshi,Солбоши,Солбоши
202801056,1703214,1703214002,17070002,Amir Temur,Амир Темур,Амиртемур
202756413,1703214,1703214054,17070022,Zarbdor,Зарбдор,Зарбдор
202756144,1703214,1703214007,17070033,Markaz,Марказ,Марказ
202756373,1703214,1703214024,17070034,Mirzo Ulug‘bek,Мирзо Улуғбек,Мирзо Улугбек
202756168,1703214,1703214027,17070049,Uzunko'cha,Узункўча,Узункуча
202779717,1703214,1703214014,17070052,Haqqulobod,Ҳаққулобод,Хаккулобод
202779850,1703214,1703214018,17070005,Beshmirza,Бешмирза,Бешмирза
202779811,1703214,1703214034,17070009,Botirobod,Ботиробод,Ботиробод
202779795,1703214,1703214063,17070063,Yangiobod,Янгиобод,Янгиобод
202779684,1703214,1703214036,17070011,Gudor,Гудур,Гудур
204776711,1703214,1703214025,17070051,O'rtaqishloq,Ўртақишлоқ,Уртакишлок
202809639,1703214,1703214058,17070039,Oq-oltin,Оқ-олтин,Ок-олтин
202756302,1703214,1703214006,17070026,Qashqarlik,Қашқарлик,Кашкарлик
202779828,1703214,1703214001,17070019,A.Jomiy,А.Жомий,А.Жоми
202756262,1703214,1703214008,17070040,Rovot,Ровот,Ровот
202756334,1703214,1703214050,17070015,Daminboychek,Даминбойчек,Даминбойчек
202756437,1703214,1703214046,17070004,Barhayot,Барҳаёт,Бархаёт
202756247,1703214,1703214045,17070061,Yangi avlod,Янги авлод,Янги авлод
202805200,1703214,1703214038,17070025,Iftixor,Ифтихор,Ифтихор
202801071,1703214,1703214010,17070058,Yuqori,Юқори,Юкори
202756341,1703214,1703214042,17070045,Toshloq,Тошлоқ,Тошлок
202779867,1703214,1703214052,17070020,Jonobod,Жонобод,Жонобод
202756254,1703214,1703214013,17070046,Tuyachi,Туячи,Туячи
204804762,1703214,1703214060,17070055,Shinam,Шинам,Шинам
202779874,1703214,1703214056,17070031,Qo'shko'prik,Қўшкўприк,Кошкоприк
202779771,1703214,1703214040,17070048,To'rtko'l,Тўрткўл,Торткол
202779732,1703214,1703214035,17070012,Guzar,Гузар,Гузар
202756215,1703214,1703214026,17070044,Toshkechik,Тошкечик,Тошкечик
202805217,1703214,1703214039,17070038,Oybek,Ойбек,Ойбек
202756230,1703214,1703214047,17070016,Daryobo'yi,Дарёбўйи,Дарёбойи
202756380,1703214,1703214061,17070056,Shodlik,Шодлик,Шодлик
202779700,1703214,1703214043,17070047,To'raobod,Тўраобод,Тораобод
202779756,1703214,1703214055,17070024,Ittifoq,Иттифоқ,Иттифок
202756223,1703214,1703214021,17070027,Qorayontoq,Қораёнтоқ,Кораёнток
206955424,1703214,1703214029,17070054,Chortonliq,Чўртанлиқ,Чортонлик
202756326,1703214,1703214028,17070050,Urganji,Урганжи,Урганжи
304974296,1703206,1703206043,17030032,Matonat,Матонат,Матонат
202286064,1703206,1703206034,17030001,Islomobod,Исломобод,Исломобод
202286262,1703206,1703206011,17030035,Navnihol,Навниҳол,Навнихол
202286089,1703206,1703206063,17030051,Turkiston,Туркистон,Туркистон
202286072,1703206,1703206044,17030038,Oqqo'rg'on,Оққўрғон,Оккоргон
202286397,1703206,1703206009,17030029,Qo'rg'oncha,Қўрғонча,Коргонча
202286373,1703206,1703206008,17030024,Qahramon,Қаҳрамон,Кахрамон
202286341,1703206,1703206004,17030010,Gulshan,Гулшан,Гулшан
207226474,1703206,1703206025,17030021,Olimbek,Олимбек,Олимбек
202286025,1703206,1703206048,17030065,Yakkatol,Яккатол,Яккатол
202286334,1703206,1703206006,17030013,Dog'iston,Доғистон,Догистон
202286326,1703206,1703206007,17030020,Ilg'or,Илғор,Илгор
305127485,1703206,1703206066,17030059,Sherobod,Шеробод,Шеробод
202286555,1703206,1703206061,17030052,To‘da,Тўда,Тода
202286531,1703206,1703206059,17030042,Sarnavul,Сарнавул,Сарнавул
202286548,1703206,1703206055,17030025,Qiyali,Қияли,Кияли
202286129,1703206,1703206028,17030041,Eshonchek,Эшончек,Эшончек
202286491,1703206,1703206053,17030022,Chinobod,Чинобод,Чинобод
202286168,1703206,1703206033,17030064,Polvonko'l,Полвонкўл,Полвонкул
204074525,1703206,1703206054,17030027,Ko'l bo'yi,Кўл бўйи,Кул буйи
202286151,1703206,1703206022,17030014,Mustaqillik,Мустақиллик,Мустакиллик
202286380,1703206,1703206001,17030002,Adolat,Адолат,Адолат
202286040,1703206,1703206040,17030023,Kattabuloq,Каттабулоқ,Каттабулок
204032671,1703206,1703206018,17030053,O'lmas,Ўлмас,Олмас
202286057,1703206,1703206042,17030031,Markaz,Марказ,Марказ
202286144,1703206,1703206023,17030015,Do'stlik,Дўстлик,Достлик
202286001,1703206,1703206046,17030054,O'rtaqo'rg'on,Ўртақўрғон,Ортакоргон
202286230,1703206,1703206016,17030048,Tovuldi,Товулди,Товулди
202286136,1703206,1703206029,17030043,Sahovat,Саҳоват,Саховат
207110295,1703206,1703206036,17030004,Aralxon,Аралхон,Аралхон
202286190,1703206,1703206027,17030034,O'rmonbek,Ўрмонбек,Ормонбек
202286524,1703206,1703206065,17030060,Sho‘r,Шўр,Шор
202286420,1703206,1703206002,17030006,A'lam,Аълам,Аълам
202286018,1703206,1703206038,17030011,Go'ravon,Гўравон,Гуравон
202286104,1703206,1703206049,17030007,Barkamol,Баркамол,Баркамол
202286469,1703206,1703206058,17030040,Omonariq,Омонариқ,Омонарик
202286183,1703206,1703206024,17030019,Zulfiqor,Зулфиқор,Зулфикор
202286033,1703206,1703206047,17030061,Eski markaz,Эски марказ,Эски марказ
204047597,1703206,1703206030,17030057,Xalfachek,Халфачек,Халфачек
202286112,1703206,1703206060,17030047,Sortepa,Сортепа,Сортепа
202286484,1703206,1703206062,17030050,Tumor,Тумор,Тумор
202286254,1703206,1703206014,17030045,Siza,Сиза,Сиза
202286452,1703206,1703206039,17030016,Jartepa,Жартепа,Жартепа
202286563,1703206,1703206056,17030026,Qumtepa,Қумтепа,Кумтепа
202286215,1703206,1703206031,17030058,Charog'on,Чароғон,Чарогон
205350434,1703206,1703206041,17030028,Ko‘l,Кўл,Кол
206985839,1703206,1703206064,17030056,Farovon,Фаровон,Фаровон
202285991,1703206,1703206045,17030044,Serquyosh,Серқуёш,Серкуёш
202286413,1703206,1703206005,17030012,Daryo bo'yi,Дарё бўйи,Дарё буйи
202286516,1703206,1703206052,17030018,Zaxkash,Захкаш,Захкаш
202286319,1703206,1703206015,17030046,Obod turmush,Обод турмуш,Обод турмуш
202286175,1703206,1703206032,17030062,Yurtobod,Юртобод,Юртобод
202286358,1703206,1703206020,17030063,Yuzchinor,Юзчинор,Юзчинор
202286223,1703206,1703206017,17030049,Tulkiobod,Тулкиобод,Тулкиобод
202286509,1703206,1703206057,17030037,Nurafshon,Нурафшон,Нурафшон
204032688,1703206,1703206021,17030066,Yangi xayot,Янги хаёт,Янги хаёт
202286365,1703206,1703206003,17030009,Guzar,Гузар,Гузар
202286096,1703206,1703206051,17030017,Jasorat,Жасорат,Жасорат
202286302,1703206,1703206012,17030036,Nasriddinobod,Насриддинобод,Насриддинобод
202286437,1703206,1703206035,17030003,Olchazor,Олчазор,Олчазор
202286476,1703206,1703206050,17030008,Botir,Ботир,Ботир
202286247,1703206,1703206013,17030039,Oqtepa,Оқтепа,Октепа
202286208,1703206,1703206026,17030033,Ziyokor,Зиёкор,Зиёкор
202286444,1703206,1703206037,17030005,Afsona,Афсона,Афсона
202286405,1703206,1703206019,17030055,Fayziobod,Файзиобод,Файзиобод
202286294,1703206,1703206010,17030030,Mallachek,Маллачек,Маллачек
206855342,1703209,1703209003,17050013,Mustaqilik 15 yilligi,Мустақилик 15 йиллиги,Мустакилик 15 йиллиги
202934358,1703209,1703209021,17050010,Madaniyat,Маданият,Маданият
202296449,1703209,1703209022,17050011,Maorif,Маориф,Маориф
202340149,1703209,1703209024,17050017,Sarbon,Сарбон,Сарбон
206855825,1703209,1703209011,17050005,Guliston,Гулистон,Гулистон
206855041,1703209,1703209025,17050008,Do'stlik,Дўстлик,Дустлик
202296360,1703209,1703209002,17050003,G'olib,Ғолиб,Голиб
202296417,1703209,1703209020,17050004,Guzar,Гузар,Гузар
206855058,1703209,1703209023,17050023,Yakka tol,Якка тол,Якка тол
202837042,1703209,1703209001,17050022,Obod,Обод,Обод
202296392,1703209,1703209005,17050025,Yangiobod,Янгиобод,Янгиобод
202296384,1703209,1703209004,17050024,Yangi qishoq,Янги қишоқ,Янги кишок
202296377,1703209,1703209006,17050009,Ko'hinur,Кўхинур,Кохинур
202296432,1703209,1703209014,17050002,Bo'ston,Бўстон,Бостон
206855334,1703209,1703209017,17050014,Navro'z,Наврўз,Навроз
202837034,1703209,1703209012,17050021,Xovos,Ховос,Ховос
201979555,1703209,1703209008,17050015,Nurafshon,Нурафшон,Нурафшон
206855065,1703209,1703209009,17050012,Mexnatobod,Мехнатобод,Мехнатобод
202559174,1703209,1703209010,17050020,Xalqobod,Халқобод,Халкобод
202296424,1703209,1703209013,17050016,Pillakor,Пиллакор,Пиллакор
202319924,1703209,1703209016,17050018,Sariq jo'ja,Сариқ жўга,Сарик жожа
203298516,1703209,1703209015,17050019,Davlatobod,Давлатобод,Давлатобод
206853535,1703209,1703209019,17050001,Bog'i eram,Боғи эрам,Боги ерам
202340156,1703209,1703209018,17050006,Gulshan,Гулшан,Гулшан
202540549,1703209,1703209007,17050007,Dehqonobod,Дехқонобод,Дехконобод
205417791,1703230,1703230031,17130033,Quruqsay,Қуруқсой,Куруксой
203135773,1703230,1703230024,17130011,Bobochek,Бобочек,Бобочек
204130756,1703230,1703230058,17130009,Beshmahalla,Бешмаҳалла,Бешмахалла
203103536,1703230,1703230017,17130062,Xo'jaobod,Хўжаобод,Хожаобод
203090214,1703230,1703230008,17130026,Qoziqo'rg'on,Қозиқўрғон,Козикургон
309426214,1703230,1703230078,17130079,Yoshlar,Ёшлар,Ёшлар
203090104,1703230,1703230073,17130070,Yakka tut,Якка тут,Якка тут
205947196,1703230,1703230038,17130072,Yangi zamon,Янги замон,Янги замон
203080170,1703230,1703230070,17130058,Teraktagi,Терактаги,Терактаги
203090088,1703230,1703230037,17130068,Eshon Qishloq,Эшон Қишлоқ,Эшон Кишлок
203090174,1703230,1703230068,17130046,Nomozgox,Номозгох,Номозгох
203090071,1703230,1703230028,17130032,Qumtepa,Қумтепа,кумтепа
203269567,1703230,1703230004,17130018,Do'rmon,Дўрман,Дормон
203089973,1703230,1703230047,17130047,Oq oltin,Оқ олтин,Ок олтин
205953862,1703230,1703230026,17130019,Do'stlik,Дўстлик,Дустлик
203089886,1703230,1703230050,17130054,Soxiobod,Сохиобод,Сохиобод
203089926,1703230,1703230044,17130017,Do'lon,Дўлан,Долон
203099296,1703230,1703230014,17130051,Poloson,Полосон,Полосон
203089965,1703230,1703230064,17130039,Mullaboy,Муллабой,Муллабой
203090049,1703230,1703230025,17130077,Bo'ston (cho'ja),Бўстон (чўжа),Бустон (чужа)
203090000,1703230,1703230032,17130034,Qushqo'noq,Қушқўноқ,Кушкунок
203103472,1703230,1703230043,17130016,Dorilomon,Дориломон,Дориломон
203119364,1703230,1703230055,17130002,Abdusamat,Абдусамат,Абдусамат
203089997,1703230,1703230051,17130055,Suzoq,Сўзоқ,Созок
203117146,1703230,1703230061,17130023,Karnaychi,Карнайчи,Карнайчи
204552208,1703230,1703230013,17130049,Ortish,Ортиш,Ортиш
309420809,1703230,1703230077,17130080,Ipak yo'li,Ипак йўли,Ипакёли
203090128,1703230,1703230060,17130015,Vaxim,Вахим,Вахим
203089902,1703230,1703230052,17130059,Tumor,Тумор,Тумор
203090024,1703230,1703230039,17130074,Yangi Naynavo,Янги Найнаво,Янги Найнаво
207110708,1703230,1703230069,17130056,Taraqqiyot,Тараққиёт,Тараккиёт
204787373,1703230,1703230010,17130037,Markaz,Марказ,Марказ
203090222,1703230,1703230021,17130075,Yangi turmush,Янги турмуш,Янги турмуш
205619209,1703230,1703230042,17130010,Birlashgan,Бирлашган,Бирлашган
203099257,1703230,1703230003,17130007,Begbachcha,Бегбачча,Бегбачча
203089919,1703230,1703230016,17130057,Tegirmonboshi,Тегирмонбоши,Тегирмонбоши
203080194,1703230,1703230075,17130076,Yangi hayot,Янги ҳаёт,Янги хаёт
205897932,1703230,1703230046,17130031,Qumqayroq,Қумқайроқ,Кумкайрок
203089980,1703230,1703230062,17130028,Qora ko'rpa,Қора кўрпа,Кора курпа
204550914,1703230,1703230054,17130073,Yangi mahalla,Янги маҳалла,Янги махалла
205950369,1703230,1703230018,17130064,Shaydo,Шайдо,Шайдо
203090143,1703230,1703230072,17130065,Shahrixon,Шаҳрихон,Шахрихон
203089879,1703230,1703230063,17130021,Qayrog'ochguzar,Қайроғочгузар,Кайрогочгузар
203080203,1703230,1703230076,17130014,Bahor,Баҳор,Бахор
206130304,1703230,1703230074,17130071,Yangi vahim,Янги ваҳим,Янги вахим
203090199,1703230,1703230056,17130004,Andijonlik,Андижонлик,Андижонлик
203135765,1703230,1703230011,17130078,Turkiston,Туркистон,Туркистон
204525065,1703230,1703230040,17130036,Qo'rg'oncha,Қўрғонча,Коргонча
203110385,1703230,1703230041,17130001,Abdubiy,Абдубий,Абдубий
203099264,1703230,1703230053,17130066,Sherqo'rg'on,Шерқўрғон,Шеркоргон
203090095,1703230,1703230036,17130063,Cho'ja,Чўжа,Чожа
203258098,1703230,1703230049,17130052,Saroy,Сарой,Сарой
203090032,1703230,1703230022,17130045,Nayman,Найман,Найман
203103512,1703230,1703230012,17130048,Oq to'nlik,Оқ тўнлик,Ок тонлик
203090207,1703230,1703230029,17130030,Qumariq,Қумариқ,Кумарик
206112333,1703230,1703230019,17130067,Shokirboy,Шокирбой,Шокирбой
205537263,1703230,1703230066,17130041,Navbahor,Навбаҳор,Навбахор
205349458,1703230,1703230005,17130020,Yonbosh do'rman,Ёнбош дўрман,Ёнбош дурман
203103551,1703230,1703230009,17130029,Qum,Қум,Кум
205435478,1703230,1703230067,17130042,Navroz,Навроз,Навроз
203103489,1703230,1703230045,17130024,Qashqar,Қашқар,Кашкар
205957176,1703230,1703230035,17130060,To'lqin,Тўлқин,Толкин
205545634,1703230,1703230033,17130038,Maslaxattepa,Маслахаттепа,Маслахаттепа
203129369,1703230,1703230023,17130005,Bayroq,Байроқ,Байрок
203090017,1703230,1703230027,17130027,Qoraboʻyin,Қорабўйин,Корабуйин
309694824,1703230,1703230079,17130081,Yangiobod,Янгиобод,Янгиобод
203090182,1703230,1703230006,17130022,Qalacha,Қалача,Калача
203099312,1703230,1703230071,17130061,Oʻzbekiston,Ўзбекистон,Узбекистон
203090111,1703230,1703230030,17130035,Xoldevonbek,Холдевонбек,Холдевонбек
203099304,1703230,1703230048,17130050,Paxtakol,Пахтакўл,Пахтакол
203089894,1703230,1703230057,17130008,Beshariq,Бешариқ,Бешарик
206992767,1703230,1703230065,17130040,Mustaqillik,Мустақиллик,Мустакиллик
203103504,1703230,1703230001,17130003,Andajon,Андажон,Андажон
203080155,1703230,1703230059,17130012,Buvado,Бувадо,Бувадо
203089941,1703230,1703230020,17130069,Yuzlar,Юзлар,Юзлар
203099336,1703230,1703230007,17130025,Qipchoqqo'rg'on,Қипчаққўрғон,Кипчаккургон
203103544,1703230,1703230015,17130053,Segaza,Сегаза,Сегаза
203129376,1703230,1703230002,17130006,Barkamol avlod,Баркамол авлод,Баркамол авлод
203090064,1703230,1703230034,17130043,Nazarmahram,Назармаҳрам,Назармахрам
202834743,1703202,1703202030,17090004,Bo'ston,Бўстон,Бостон
207130065,1703202,1703202049,17090022,Madaniy Mehnat-2,Маданий Мeҳнат-2,Мадани Мeхнат-2
202831519,1703202,1703202036,17090016,Qoraqalpoq,Қорақалпоқ,Коракалпок
202853238,1703202,1703202018,17090050,Chaqqon-1,Чаққон-1,Чаккон-1
202853277,1703202,1703202015,17090028,Mirobod,Миробод,Миробод
202853134,1703202,1703202021,17090003,Andijon,Андижон,Андижон
202853094,1703202,1703202004,17090027,Mehnat,Мeҳнат,Мeхнат
202881149,1703202,1703202042,17090045,O'rtaariq,Ўрта ариқ,Ортаарик
202867021,1703202,1703202008,17090017,Ko'makay,Кўмакай,Комакай
202834839,1703202,1703202046,17090009,Ijtimoyat,Ижтимоят,Ижтимоят
202831486,1703202,1703202047,17090011,Ittifoq,Иттифоқ,Иттифок
309193348,1703202,1703202057,17090054,Shayxislom,Шайхислом,Шайхислом
202853221,1703202,1703202019,17090051,Chaqqon-2,Чаққон-2,Чаккон-2
202878618,1703202,1703202044,17090018,Ko'tarmachek,Кўтармачек,Котармачек
202853300,1703202,1703202003,17090020,Qo'shtepa,Қўштепа,Коштепа
202834750,1703202,1703202035,17090013,Katta oqtepa,Катта оқтепа,Катта октепа
202831494,1703202,1703202039,17090033,Oftobachek,Офтобачeк,Офтобачeк
202853260,1703202,1703202014,17090006,Gulbog',Гулбоғ,Гулбог
202867014,1703202,1703202010,17090044,Uyshin,Уйшин,Уйшин
202853317,1703202,1703202006,17090057,Yangichek,Янгичек,Янгичек
202831454,1703202,1703202054,17090012,Qayirma,Қайирма,Кайирма
202853142,1703202,1703202023,17090037,Saroy,Сарой,Сарой
202853159,1703202,1703202024,17090038,Safarobod,Сафаробод,Сафаробод
202831479,1703202,1703202037,17090026,Markaz,Марказ,Марказ
202834807,1703202,1703202053,17090056,Erkin,Эркин,Еркин
309193617,1703202,1703202059,17090059,Intizom,Интизом,Интизом
202831526,1703202,1703202031,17090035,Saroy-1,Сарой-1,Сарой-1
309178404,1703202,1703202058,17090058,Mustaqillik,Мустақиллик,Мустакиллик
202853284,1703202,1703202013,17090001,Ayronchi,Айрончи,Айрончи
202831502,1703202,1703202038,17090029,Namuna,Намуна,Намуна
202853245,1703202,1703202020,17090014,Qashqar,Қашқар,Кашкар
202853198,1703202,1703202002,17090008,Jalabek,Жалабек,Жалабек
202853174,1703202,1703202026,17090046,O‘rta,Ўрта,Орта
202847480,1703202,1703202056,17090048,Xondibog'i,Хондибоғи,Хондибоги
202853324,1703202,1703202001,17090007,Dalvarzin,Далварзин,Далварзин
202853253,1703202,1703202016,17090032,Ors,Орс,Орс
202847497,1703202,1703202040,17090023,Madyarchek,Мадиёрчек,Мадярчек
202867060,1703202,1703202009,17090034,Sadda,Садда,Садда
202834822,1703202,1703202033,17090010,Ittifoq,Иттифоқ,Иттифок
202834782,1703202,1703202051,17090047,Xasan-Xusan,Хасан-Хусан,Хасан-Хусан
202831447,1703202,1703202041,17090005,Ganjirovon,Ганжировон,Ганжировон
202831534,1703202,1703202032,17090036,Saroy-2,Сарой-2,Сарой-2
202867053,1703202,1703202011,17090053,Cho'ntak,Чўнтак,Чонтак
202853166,1703202,1703202022,17090019,Qo'shko'prik,Қўшкўприк,Кошкоприк
202834735,1703202,1703202034,17090031,Oqtepa,Оқтепа,Октепа
202831462,1703202,1703202055,17090040,Temirxo‘ja,Темирхўжа,Темирхожа
202867038,1703202,1703202012,17090052,Guliston,Гулистон,Гулистон
202834814,1703202,1703202052,17090049,Xo‘ja,Хўжа,Хожа
202834767,1703202,1703202029,17090025,Mamayusufchek,Мамаюсуфчек,Мамаюсуфчек
202853127,1703202,1703202027,17090055,Sharq yulduzi,Шарқ юлдузи,Шарк юлдузи
203926714,1703202,1703202017,17090039,Suvyulduz,Сувюлдуз,Сувюлдуз
202853181,1703202,1703202045,17090042,Uzun kocha,Узун кўча,Узун коча
202853292,1703202,1703202005,17090043,Uyg'ur,Уйғур,Уйгур
202834774,1703202,1703202050,17090024,Maqsad,Мақсад,Максад
202853103,1703202,1703202025,17090041,Toptik,Топтиқ,Топтик
202886125,1703202,1703202043,17090015,Qipchoq,Қипчоқ,Кипчок
202834799,1703202,1703202048,17090021,Madaniy Mehnat-1,Маданий Мeҳнат-1,Мадани Мeхнат-1
202867006,1703202,1703202007,17090002,Ayshaxonum,Айшахонум,Айшахонум
203662704,1703202,1703202028,17090030,Oqtumor,Оқтумор,Октумор
202718633,1703224,1703224019,17020006,Baraka,Барака,Барака
203003082,1703224,1703224042,17020032,Qurama,Қурама,Курама
203003383,1703224,1703224062,17020059,Fayz,Файз,Файз
203003139,1703224,1703224069,17020033,Qo'ng'irot,Қўнғирот,Конгирот
203002962,1703224,1703224056,17020050,Saidobod,Саидобод,Саидобод
203003178,1703224,1703224041,17020031,Kujgan,Кужган,Кужган
202692272,1703224,1703224014,17020002,Amir Temur,Амир Темур,Амир Tемур
202694451,1703224,1703224011,17020039,Muqimiy,Муқимий,Мукими
203003218,1703224,1703224048,17020036,Marqayuz,Марқаюз,Маркаюз
202695656,1703224,1703224006,17020005,Baynalminnal,Байналминал,Байналминал
203003043,1703224,1703224029,17020048,Olaqanot,Олақанот,Олаканот
203003351,1703224,1703224073,17020041,Namuna-boʻston,Намуна-бўстон,Намуна-бустон
202718672,1703224,1703224016,17020024,Qadriyat,Қадрият,Кадрият
309300269,1703224,1703224076,17020077,Navbahor,Навбаҳор,Навбахор
203003296,1703224,1703224030,17020051,Tajriba,Тажриба,Тажриба
202718640,1703224,1703224010,17020021,Abu Ali Ibn Sino,Абу Али Ибн Сино,Абу Али Ибн Сино
203003233,1703224,1703224022,17020029,Beklar,Беклар,Беклар
202692289,1703224,1703224018,17020067,Shodlik,Шодлик,Шодлик
203003368,1703224,1703224072,17020069,Elashqipchoq,Элашқипчоқ,Елашкипчок
203002979,1703224,1703224058,17020070,Ergashobod,Эргашобод,Ергашобод
203003028,1703224,1703224020,17020017,Devatagi,Деватаги,Деватаги
202718664,1703224,1703224002,17020019,Do'stlik,Дўстлик,Достлик
202701085,1703224,1703224012,17020026,Kamalot,Камолот,Камолот
203003099,1703224,1703224047,17020054,Turon,Турон,Турон
203003161,1703224,1703224060,17020025,Qayrag'och,Қайрағоч,Кайрагоч
203003289,1703224,1703224031,17020016,Dasturxonchi,Дастурхончи,Дастурхончи
203002994,1703224,1703224036,17020045,Obod,Обод,Обод
203002986,1703224,1703224038,17020049,Otish,Отиш,Отиш
203003225,1703224,1703224063,17020056,Ungut,Унгут,Унгут
202718601,1703224,1703224013,17020058,Oʻzbekiston,Ўзбекистон,Узбекистон
202694475,1703224,1703224003,17020055,Ulug'bek,Улуғбeк,Улугбeк
203003122,1703224,1703224046,17020066,Cho'ntak,Чўнтак,Чонтак
203003264,1703224,1703224034,17020028,Qipchoq,Қипчоқ,Кипчок
203003257,1703224,1703224033,17020023,Qadim,Қадим,Кадим
203002954,1703224,1703224035,17020034,Ko'rkam,Кўркам,Коркам
203003154,1703224,1703224040,17020071,Yuqori bo'z,Юқори бўз,Юкори буз
203003454,1703224,1703224045,17020007,Bahrin,Баҳрин,Бахрин
203002947,1703224,1703224028,17020074,Yangisor,Янгисор,Янгисор
203003146,1703224,1703224053,17020065,Chek,Чек,Чек
203028731,1703224,1703224064,17020003,Arg'in,Арғин,Аргин
203003035,1703224,1703224037,17020004,Ahtachi,Аҳтачи,Ахтачи
309181133,1703224,1703224077,17020075,Yuqori kujgan,Юқори кужган,Юкори кужган
203003004,1703224,1703224026,17020027,Qashqar,Қашқар,Кашкар
202718657,1703224,1703224005,17020022,Istiqlol,Истиқлол,Истиклол
202718625,1703224,1703224015,17020044,Nurafshon,Нурафшон,Нурафшон
309300094,1703224,1703224075,17020076,Mustahkam,Мустаҳкам,Мустахкам
203003408,1703224,1703224067,17020018,Do'rman,Дўрман,Дурман
203003240,1703224,1703224032,17020057,Uchtosh,Учтош,Учтош
202718696,1703224,1703224008,17020009,Birdamlik,Бирдамлик,Бирдамлик
305087544,1703224,1703224017,17020072,Yuksalish,Юксалиш,Юксалиш
203003074,1703224,1703224054,17020014,G'anchiyuz,Ғанчиюз,Ганчиюз
203003415,1703224,1703224068,17020040,Navkan,Навкан,Навкан
203003304,1703224,1703224025,17020035,Labgardon,Лабгардон,Лабгардон
202718618,1703224,1703224004,17020011,Bobur,Бобур,Бобур
203003201,1703224,1703224057,17020001,Navoiy,Навоий,Навоий
202694468,1703224,1703224009,17020008,Beruniy,Беруний,Беруний
203003329,1703224,1703224074,17020061,Farovon,Фаровон,Фаровон
203003193,1703224,1703224039,17020013,Bozariq,Бўзариқ,Бозарик
203003312,1703224,1703224065,17020064,Xonaqa,Хонақа,Хонака
203002923,1703224,1703224052,17020042,Ne'matobod,Нeъматобод,Нeъматобод
203002930,1703224,1703224027,17020060,Fayziobod,Файзиобод,Файзиобод
203003390,1703224,1703224066,17020052,Toshtepa,Тоштепа,Тоштепа
202718689,1703224,1703224007,17020063,Hamdo'stlik,Ҳамдўстлик,Хамдустлик
203003050,1703224,1703224021,17020030,Qoraqiy,Қорақий,Коракий
203003423,1703224,1703224044,17020073,Yangiobod,Янгиобод,Янгиобод
203003344,1703224,1703224071,17020047,Oqbo'yra,Оқбўйра,Окбойра
203003336,1703224,1703224070,17020038,Mirzaobod,Мирзаобод,Мирзаобод
203003114,1703224,1703224051,17020012,Bozorboshi,Бозорбоши,Бозорбоши
203003375,1703224,1703224061,17020053,Tuvadoq,Тувадоқ,Тувадок
203003107,1703224,1703224043,17020015,Gumbaz,Гумбаз,Гумбаз
203003430,1703224,1703224055,17020043,Niyozbotir,Ниёзботир,Ниязботир
203003185,1703224,1703224049,17020046,Ozod,Озод,Озод
203003447,1703224,1703224059,17020037,Mehnatobod,Меҳнатобод,Мехнатобод
203003011,1703224,1703224024,17020020,Zankan,Занкан,Занкан
203003272,1703224,1703224023,17020068,Sho'rqishloq,Шўрқишлоқ,Шоркишлок
203003067,1703224,1703224050,17020062,Fidokor,Фидокор,Фидокор
305177005,1703401,1703401059,17150005,Oqrovot,Бекгузар,Бекгузар
202720269,1703401,1703401005,17150020,Do'stlik,Дўстлик,Дустлик
202311040,1703401,1703401006,17150043,Navbahor,Навбаҳор,Навбахор
202737396,1703401,1703401039,17150027,Istiqlol,Истиқлол,Истиклол
202671948,1703401,1703401033,17150040,Mirpo'stin,Мирпўстин,Мирпостин
202589178,1703401,1703401052,17150059,Soy,Сой,Сой
204810068,1703401,1703401021,17150001,Al-Buhoriy,Ал-Буҳорий,Аль-Бухори
202721820,1703401,1703401014,17150063,O‘zbekiston,Ўзбекистон,Узбекистон
202831423,1703401,1703401012,17150057,Sog‘lom Avlod,Соғлом Авлод,Соглом Авлод
202672993,1703401,1703401036,17150062,To'qqizarik,Тўққизариқ,Туккизарик
203077538,1703401,1703401064,17150019,Dehqonobod,Дeҳқонобод,Дeхконобод
202752331,1703401,1703401071,17150049,Paxtakor,Пахтакор,Пахтакор
309965612,1703401,1703401092,17150087,Obod Andijon,Обод Андижон,Обод Андижон
310119350,1703401,1703401088,17150093,Temur Malik,Тeмур Малик,Тeмур Малик
202716224,1703401,1703401034,17150072,Hamkorlik,Ҳамкорлик,Хамкорлик
202766163,1703401,1703401001,17150004,Barkamol,Баркамол,Баркамол
302928392,1703401,1703401041,17150033,Qo'shariq,Қўшариқ,Кушарик
202756033,1703401,1703401003,17150010,Bog‘ishamol,Боғишамол,Богишамол
204947134,1703401,1703401037,17150052,Sadoqat,Садоқат,Садокат
305186445,1703401,1703401016,17150068,O'rikzor,Ўрикзор,Урикзор
202681437,1703401,1703401042,17150015,G‘ayrat,Ғайрат,Гайрат
202589185,1703401,1703401044,17150022,Yorboshi,Ёрбоши,Ербоши
206579979,1703401,1703401027,17150080,Sho'rbuloq,Шўрбулоқ,Шорбулок
202766187,1703401,1703401038,17150082,Yangi turmush,Янги турмуш,Янги турмуш
202727069,1703401,1703401007,17150025,Iqbol,Иқбол,Икбол
202589486,1703401,1703401072,17150065,Uyg‘urobod,Уйғуробод,Уйгуробод
202742415,1703401,1703401053,17150056,Sahovat,Саховат,Саховат
202589161,1703401,1703401065,17150071,Hamdo‘stlik,Хамдўстлик,Хамдустлик
304980377,1703401,1703401083,17150045,Nayzaqayragoch,Найзақайрағоч,Найзакайрагоч
202638052,1703401,1703401011,17150053,Sanoat,Саноат,Саноат
202589193,1703401,1703401070,17150048,Ozodlik,Озодлик,Озодлик
202775643,1703401,1703401035,17150061,Taxtako'prik,Тахтакўприк,Тахтакоприк
202766155,1703401,1703401032,17150036,Maorif,Маориф,Маориф
202682704,1703401,1703401074,17150074,Xursandlik,Хурсандлик,Хурсандлик
202691321,1703401,1703401015,17150067,O‘zbekiston 20 yilligi,Ўзбекистон 20 йиллиги,Озбекистон 20 йиллиги
202910514,1703401,1703401009,17150042,Mustaqillik,Мустақиллик,Мустакиллик
202733458,1703401,1703401075,17150075,Ho'tan-Ariq,Ҳўтан-Ариқ,Хутан-Арик
310119367,1703401,1703401085,17150091,Ilg'or,Илғор,Илгор
305003008,1703401,1703401079,17150054,Sarvontepa,Сарвонтепа,Сарвонтепа
205684730,1703401,1703401055,17150058,Sog‘lom turmush,Соғлом турмуш,Соглом турмуш
206847415,1703401,1703401004,17150012,Buyuk ipak yo‘li,Буюк ипак йўли,Буюк ипак йули
202737412,1703401,1703401077,17150078,Shodlik,Шодлик,Шодлик
309973674,1703401,1703401089,17150086,Tinchlik,Тинчлик,Тинчлик
309204102,1703401,1703401090,17150085,Uzumzor,Узумзор,Узумзор
204836636,1703401,1703401058,17150013,Buyuk Turon,Буюк Турон,Буюк Турон
202691314,1703401,1703401008,17150032,Qoratut,Қоратут,Коратут
205293213,1703401,1703401010,17150050,Pistamozor,Пистамозор,Пистамозор
202345308,1703401,1703401013,17150066,O‘zbegim,Ўзбегим,Узбегим
310119374,1703401,1703401086,17150094,Qoraqorgon,Қорақўрғон,Коракоргон
202681405,1703401,1703401051,17150047,Obod,Обод,Обод
202638044,1703401,1703401076,17150076,Cho'lpon 100 yilligi,Чўлпон 100 йиллиги,Чулпон 100 йиллиги
204904923,1703401,1703401056,17150077,Shifokor,Шифокор,Шифокор
202589201,1703401,1703401017,17150083,Yangi hayot,Янги ҳаёт,Янги хаят
202847394,1703401,1703401062,17150024,Bobur,Бобур,Бобур
202822995,1703401,1703401018,17150021,Yoyilma,Ёйилма,Яйилма
202727829,1703401,1703401030,17150028,Ishchilar,Ишчилар,Ишчилар
202742289,1703401,1703401028,17150016,Guliston,Гулистон,Гулистон
204854124,1703401,1703401046,17150029,Qayrag‘ochtagi,Қайрағочтаги,Кайрагочтаги
202834711,1703401,1703401029,17150026,Islomobod,Исломобод,Исломобод
202727076,1703401,1703401060,17150079,Sholdirama,Шолдирама,Шолдирама
202679398,1703401,1703401061,17150007,Birlik,Бирлик,Бирлик
202716779,1703401,1703401025,17150008,Bobosadin,Бобосадин,Бобосадин
202671955,1703401,1703401031,17150031,Kengash,Кенгаш,Кенгаш
200241960,1703401,1703401045,17150023,Jumabozor,Жумабозор,Жумабозор
202291297,1703401,1703401047,17150030,Qalandarxona,Қаландархона,Каландархона
202589479,1703401,1703401057,17150084,Yaxshi,Яхши,Яхши
202270061,1703401,1703401020,17150060,Taraqqiyot,Тараққиёт,Тараккиёт
202737404,1703401,1703401078,17150081,Erkin,Эркин,Еркин
303965814,1703401,1703401080,17150055,Safoiy,Сафоий,Сафоий
202742408,1703401,1703401026,17150014,Boston,Бўстон,Бустон
203089482,1703401,1703401002,17150009,Bog‘i eram,Боғи эрам,Боги ерам
201170574,1703401,1703401068,17150044,Navroz,Наврўз,Навроз
202729643,1703401,1703401048,17150035,Maydonbozor,Майдонбозор,Майдонбозор
202638582,1703401,1703401067,17150039,Mexnat,Мeхнат,Мeхнат
309184896,1703401,1703401091,17150090,Yuksalish,Юксалиш,Юксалиш
202673003,1703401,1703401043,17150017,Gumbaz,Гумбаз,Гумбаз
202671931,1703401,1703401019,17150037,Mashal,Машъал,Машал
203665050,1703401,1703401049,17150038,Marifat,Маърифат,Марифат
309191936,1703401,1703401087,17150089,Nodirabegim,Нодирабегим,Нодирабегим
202752316,1703401,1703401040,17150011,Bunyodkor,Бунёдкор,Бунёдкор
202671852,1703401,1703401073,17150069,Farobiy,Фаробий,Фаробий
310018359,1703401,1703401093,17150088,Yangi bo'ston,Янги бўстон,Янги бустон
207233578,1703401,1703401081,17150041,Mustaqillkning 21 yilligi,Мустақиллкнинг 21 йиллиги,Мустакиллкнинг 21 йиллиги
304954369,1703401,1703401022,17150003,Ahmad-Yassaviy,Аҳмад-Яссавий,Ахмад-Яссави
202737389,1703401,1703401024,17150006,Birlashgan,Бирлашган,Бирлашган
202721773,1703401,1703401023,17150002,Andijon,Андижон,Андижон
202671844,1703401,1703401054,17150064,O‘zgarish,Ўзгариш,Узгариш
202973319,1703401,1703401063,17150018,Dalvarzin,Далварзин,Далварзин
305018050,1703401,1703401082,17150051,Sadda,Садда,Садда
202673010,1703401,1703401066,17150034,Madaniyat,Маданият,Маданият
202694444,1703401,1703401050,17150073,Hunarmand,Ҳунарманд,Хунарманд
203691510,1703203,1703203009,17010041,Mirobod,Миробод,Миробод
203681744,1703203,1703203039,17010037,Qo'shchinor,Қўшчинор,Кошчинор
203681641,1703203,1703203066,17010019,Dongqishloq,Донгқишлоқ,Донгкишлок
203683164,1703203,1703203034,17010003,Bahor,Баҳор,Бахор
203213859,1703203,1703203075,17010009,Buyuk Turon,Буюк Турон,Буюк Турон
204072773,1703203,1703203022,17010070,Chorbog‘,Чорбоғ,Чорбог
203213810,1703203,1703203073,17010023,Jevaсhi,Жевачи,Жевачи
203683844,1703203,1703203049,17010057,Saydilobod,Сайдилобод,Сайдилобод
204100753,1703203,1703203059,17010045,Namuna,Намуна,Намуна
203711760,1703203,1703203021,17010059,Sultonobod,Султонобод,Султонобод
203683021,1703203,1703203052,17010008,Bobog'ozi,Бобоғози,Бобогози
203470231,1703203,1703203007,17010028,Istiqlol,Истиқлол,Истиклол
203681776,1703203,1703203042,17010054,Rovvot,Роввот,Роввот
204341969,1703203,1703203010,17010035,Qo‘qonlik,Қўқонлик,Коконлик
203310944,1703203,1703203020,17010073,Ekin-tikin,Экин-тикин,Экин-тикин
310115301,1703203,1703203079,17010079,O'rikzor-2,Ўрикзор-2,Урикзор-2
203345149,1703203,1703203014,17010050,Oqrovvot,Оқроввот,Окроввот
203213834,1703203,1703203070,17010064,O'rikzor,Ўрикзор,Урикзор
204078851,1703203,1703203016,17010007,Beshpahlavon,Бешпахлавон,Бешпахлавон
203213874,1703203,1703203076,17010024,Zavroq,Завроқ,Заврок
203683092,1703203,1703203027,17010026,Intilish,Интилиш,Интилиш
203345164,1703203,1703203060,17010017,Dehqon,Дeҳқон,Дeхкон
203681673,1703203,1703203064,17010065,Haqiqat,Ҳақиқат,Хакикат
203683156,1703203,1703203033,17010016,Darxon,Дархон,Дархон
203683006,1703203,1703203051,17010012,Gulobod,Гулобод,Гулобод
203310936,1703203,1703203017,17010002,Ittifoq,Иттифоқ,Иттифок
203691503,1703203,1703203008,17010066,Xo'ja,Хўжа,Хужа
203681752,1703203,1703203038,17010061,Terak-tagi,Тeрак-таги,Тeрак-таги
203683117,1703203,1703203029,17010033,Qum ko'cha,Қум кўча,Кум куча
203681705,1703203,1703203062,17010056,Saddatagi,Саддатаги,Саддатаги
203345156,1703203,1703203013,17010043,Navro'z,Наврўз,Навроз
203681713,1703203,1703203061,17010030,Kengash,Кенгаш,Кенгаш
203683100,1703203,1703203028,17010048,Og‘ullik,Оғуллик,Огуллик
207336544,1703203,1703203023,17010078,Obi-xayot,Оби-хаёт,Оби-хаёт
203691542,1703203,1703203003,17010062,Tolmozor,Толмозор,Толмозор
203683132,1703203,1703203031,17010068,Chem,Чем,Чем
203683124,1703203,1703203030,17010013,Gumbaz,Гумбаз,Гумбаз
203681697,1703203,1703203069,17010069,Chilon,Чилон,Чилон
203683171,1703203,1703203035,17010046,Nurafshon,Нурафшон,Нурафшон
203683852,1703203,1703203047,17010055,Rohat,Роҳат,Рохат
203682989,1703203,1703203037,17010063,Toshloq,Тошлоқ,Тошлок
203470224,1703203,1703203001,17010053,Poloson,Полосон,Полосон
203681720,1703203,1703203063,17010011,Guliston,Гулистон,Гулистон
203681680,1703203,1703203065,17010052,Otchopar,Отчопар,Отчопар
203683053,1703203,1703203054,17010071,Cho'ngbog‘ich,Чўнгбоғич,Чонгбогич
203681769,1703203,1703203040,17010021,Jannatmonand,Жаннатмонанд,Жаннатмонанд
203683820,1703203,1703203053,17010001,Aylanpa,Айланпа,Айланпа
203683837,1703203,1703203048,17010051,Orol,Орол,Орол
203683084,1703203,1703203026,17010075,Yangi yo'l,Янги йўл,Янги йул
203681737,1703203,1703203036,17010020,Do'stlik,Дўстлик,Достлик
203691527,1703203,1703203006,17010047,Noxatak,Нохатак,Нохатак
204371719,1703203,1703203011,17010018,Duldur,Дулдур,Дулдур
203683060,1703203,1703203024,17010034,Qurama,Қурама,Курама
203682996,1703203,1703203041,17010040,Mingo'rik,Мингўрик,Мингорик
203213866,1703203,1703203078,17010022,Jaxonobod,Жахонобод,Жахонобод
203691559,1703203,1703203005,17010036,Qoshariq,Қўшариқ,Кошарик
203345124,1703203,1703203015,17010042,Mustaqillik,Мустақиллик,Мустакиллик
203213827,1703203,1703203074,17010010,Guzar,Гузар,Гузар
203681658,1703203,1703203068,17010072,Sharq yulduzi,Шарқ юлдузи,Шарк юлдузи
203681665,1703203,1703203067,17010029,Kattaguzar,Каттагузар,Каттагузар
203683884,1703203,1703203044,17010004,Baxt,Бахт,Бахт
203683891,1703203,1703203045,17010058,Sanoat,Саноат,Саноат
203683869,1703203,1703203043,17010049,Oyjamol,Ойжамол,Ойжамол
203345132,1703203,1703203012,17010039,Mart,Март,Март
203683045,1703203,1703203055,17010067,Chavkandaryo,Чавкандарё,Чавкандарё
203683014,1703203,1703203057,17010031,Qoraqalpoq,Қорақалпоқ,Коракалпок
203213881,1703203,1703203071,17010027,Islomobod,Исломобод,Исломобод
204772345,1703203,1703203056,17010005,Bekobod,Бекобод,Бекобод
203683149,1703203,1703203032,17010032,Qoratut,Қоратут,Коратут
203640408,1703203,1703203002,17010074,Yuksalish,Юксалиш,Юксалиш
203213803,1703203,1703203072,17010077,Yangi to'lqin,Янги тўлқин,Янги тулкин
203683876,1703203,1703203046,17010015,Daryo bo'yi,Дарё бўйи,Дарё буйи
203683038,1703203,1703203050,17010076,Yangiobod,Янгиобод,Янгиобод
203683077,1703203,1703203025,17010025,Zangibobo,Зангибобо,Зангибобо
203691534,1703203,1703203004,17010044,Naymanobod,Найманобод,Найманобод
203310929,1703203,1703203019,17010006,Beshbo'ynoq,Бешбўйноқ,Бешбойнок
312579214,1703203,,,Yangi Andijon,Янги Андижон,Янги Андижон
202987767,1703227,1703227040,17080033,Turon,Турон,Турон
203055232,1703227,1703227001,17080037,O‘zbekiston,Ўзбекистон,Узбекистон
202980627,1703227,1703227028,17080046,Ershi,Эрши,Ерши
202995551,1703227,1703227030,17080002,Barhayot,Барҳаёт,Бархаёт
202990883,1703227,1703227043,17080042,Shaxriston,Шахристон,Шахристон
202987799,1703227,1703227007,17080044,Sho'rqaqir,Шўрқақир,Шоркакир
202980666,1703227,1703227016,17080009,Dukchi Eshon,Дукчи Эшон,Дукчи Эшон
202974467,1703227,1703227022,17080040,Ho'jaariq,Ҳўжаариқ,Хужаарик
202980642,1703227,1703227010,17080047,Yuqori rovot,Юқори ровот,Юкори ровот
202974522,1703227,1703227039,17080023,Navro'z,Наврўз,Навроз
202977218,1703227,1703227005,17080017,Qushchi,Қушчи,Кушчи
202987782,1703227,1703227042,17080030,Rohat,Роҳат,Рохат
202974578,1703227,1703227046,17080018,Qo'g'oncha,Қўрғонча,Когонча
202977240,1703227,1703227033,17080048,Yangihayot,Янги ҳаёт,Янгихаёт
202990890,1703227,1703227003,17080043,Shomat,Шомат,Шомат
202974561,1703227,1703227047,17080004,Boboxurosоn,Бобохуросон,Бобохуросон
202995568,1703227,1703227006,17080045,Sho'rqishloq,Шўрқишлоқ,Шоркишлок
202988464,1703227,1703227008,17080034,To'lg'a,Тўлға,Тулга
202977225,1703227,1703227018,17080038,O'qchi,Ўқчи,Укчи
202981349,1703227,1703227015,17080020,Markaziy,Марказий,Марказий
202980634,1703227,1703227017,17080019,Ko'tarma,Кўтарма,Кутарма
202974514,1703227,1703227035,17080016,Qoraqo'rg'on,Қорақўрғон,Коракоргон
202974482,1703227,1703227032,17080024,Nayman,Найман,Найман
203055518,1703227,1703227012,17080039,Hasanmergan,Ҳасанмeрган,Хасанмeрган
202977257,1703227,1703227025,17080036,Uzumzor,Узумзор,Узумзор
202974546,1703227,1703227023,17080031,Tosh yo'li,Тош йўли,Тош йули
202974450,1703227,1703227026,17080026,Oqbosh,Оқбош,Окбош
202974474,1703227,1703227029,17080007,G‘ofur G‘ulom,Ғофур Ғулом,Гофур Гулом
203055249,1703227,1703227009,17080010,Durafshon,Дурафшон,Дурафшон
202987244,1703227,1703227036,17080005,Bozorboshi,Бозорбоши,Бозорбоши
202974539,1703227,1703227038,17080003,Birlik,Бирлик,Бирлик
203024745,1703227,1703227024,17080006,Gar-gar,Гар-гар,Гар-гар
202974507,1703227,1703227041,17080015,Qorabog‘ich,Қорабоғич,Корабогич
202982354,1703227,1703227019,17080011,Do'stlik,Дўстлик,Дустлик
202995544,1703227,1703227037,17080012,Yo'lamatol,Йўламатол,Йуламатол
202982362,1703227,1703227013,17080028,Polvontosh,Полвонтош,Полвонтош
202981356,1703227,1703227014,17080014,Konchilar,Кончилар,Кончилар
202990875,1703227,1703227045,17080032,Toshloq,Тошлоқ,Тошлок
202974499,1703227,1703227027,17080008,Guliston,Гулистон,Гулистон
205642743,1703227,1703227021,17080022,Mirishkor,Миришкор,Миришкор
202980659,1703227,1703227004,17080027,Paxtakor,Пахтакор,Пахтакор
203055288,1703227,1703227031,17080025,Oybek,Ойбек,Ойбек
203055264,1703227,1703227002,17080021,Mingtepa,Мингтепа,Мингтепа
202974554,1703227,1703227034,17080013,Qovunchi,Қовунчи,Ковунчи
205642735,1703227,1703227020,17080035,Uvaysiy,Увайсий,Увайсий
202987774,1703227,1703227044,17080001,Alitepa,Алитепа,Алитепа
202977233,1703227,1703227048,17080041,Chilon,Чилон,Чилон
203055493,1703227,1703227011,17080029,Rovot,Ровот,Ровот
202911014,1703232,1703232060,17100059,Chorbog',Чорбоғ,Чорбог
202911007,1703232,1703232062,17100030,Marifat,Маърифат,Марифат
202910980,1703232,1703232020,17100049,Tinchlik,Тинчлик,Тинчлик
202910965,1703232,1703232022,17100001,Andijon,Андижон,Андижан
202911275,1703232,1703232037,17100019,Iltifot,Илтифот,Илтифот
202911140,1703232,1703232028,17100052,To'raobod,Тўраобод,Тораобод
202910783,1703232,1703232003,17100062,Shomat,Шомат,Шомат
202911244,1703232,1703232045,17100018,Ziyoli,Зиёли,Зиёли
202911085,1703232,1703232015,17100048,Teraktagi,Терактаги,Терактаги
202910775,1703232,1703232010,17100032,Mustaqillik,Мустақиллик,Мустакиллик
202911268,1703232,1703232039,17100014,Do'ngqishloq,Дўнгқишлоқ,Донгкишлок
203117185,1703232,1703232058,17100011,Guliston-pastqishloq,Гулистон-пастқишлоқ,Гулистон-пасткишлок
202910886,1703232,1703232049,17100040,Olmazor,Олмазор,Олмазор
202911101,1703232,1703232017,17100025,Ko'kto'nlik,Кўктўнлик,Коктонлик
202911046,1703232,1703232061,17100033,Mustahkam,Мустаҳкам,Мустахкам
202911125,1703232,1703232026,17100055,Uchkо'za,Учкўза,Учкоза
202910847,1703232,1703232056,17100058,Xayraobod,Хайраобод,Хайраобод
202911196,1703232,1703232036,17100041,Paynob,Пайноб,Пайноб
202910696,1703232,1703232002,17100065,Yuqori,Юқори,Юкори
202911172,1703232,1703232031,17100022,Qoraqo'rg'on,Қорақўрғон,Коракоргон
202910815,1703232,1703232052,17100043,Sangraobod,Санграобод,Санграобод
202910768,1703232,1703232005,17100024,Qo‘qonqishloq,Қўқонқишлоқ,Коконкишлок
202911236,1703232,1703232042,17100053,To'qqizbog‘,Тўққизбоғ,Токкизбог
202910808,1703232,1703232035,17100057,Hayotbaxsh,Ҳаётбахш,Хаётбахш
202911078,1703232,1703232013,17100039,Ovushqa,Овушқа,Овушка
205514861,1703232,1703232011,17100003,Bobur,Бобур,Бобур
202911251,1703232,1703232043,17100061,Shovruq,Шовруқ,Шоврук
202910854,1703232,1703232057,17100038,Obod,Обод,Обод
202910823,1703232,1703232054,17100051,Tupobjuvoz,Тупобжувоз,Тупобжувоз
206566117,1703232,1703232053,17100029,Mashal,Машъал,Машал
202911212,1703232,1703232046,17100046,Soy,Сой,Сой
202911039,1703232,1703232064,17100044,Sanoat,Саноат,Саноат
202911054,1703232,1703232065,17100067,Yangi obod,Янги обод,Янги обод
202910997,1703232,1703232066,17100050,Toshqo'rg'on,Тошқўрғон,Тошкоргон
202910751,1703232,1703232009,17100023,Qorashox,Қорашох,Корашох
202911164,1703232,1703232030,17100037,Nurdiyor,Нурдиёр,Нурдиёр
202911290,1703232,1703232040,17100047,Sohil,Сохил,Сохил
202910902,1703232,1703232050,17100004,Bog‘iguliston,Боғигулистон,Богигулистон
202910712,1703232,1703232008,17100031,Muazzimboy,Муаззимбой,Муаззимбой
202911093,1703232,1703232016,17100026,Qumshaydon,Қумшайдон,Кумшайдон
202923782,1703232,1703232014,17100006,Boy To'pi,Бой Тўпи,Бой Тупи
202911133,1703232,1703232027,17100056,Fayziobod,Файзиобод,Файзиобод
302870143,1703232,1703232055,17100012,Gulobod,Гулобод,Гулобод
202911189,1703232,1703232032,17100020,Qayir,Қайир,Кайир
202910919,1703232,1703232051,17100005,Bodrog‘obod,Бодроғобод,Бодрогобод
202910862,1703232,1703232059,17100063,Shuvoqzor-Boykechik,Шувоқзор-Бойкечик,Шувокзор-Бойкечик
202911229,1703232,1703232044,17100042,Pushmon,Пушмон,Пушмон
202910736,1703232,1703232004,17100017,Z.Xabibiy,З.Хабибий,З.Хабиби
202910941,1703232,1703232024,17100060,Chorsu,Чорсу,Чорсу
202910790,1703232,1703232034,17100034,Navbahor,Навбаҳор,Навбахор
202911157,1703232,1703232029,17100016,Yolg‘izbog‘,Ёлғизбоғ,Ёлгизбог
202910729,1703232,1703232006,17100036,Nodirabegim,Нодирабегим,Нодирабегим
202911283,1703232,1703232038,17100028,Lolazor,Лолазор,Лолазор
202910934,1703232,1703232018,17100027,Qorg'oncha,Қўрғонча,Коргонча
202911204,1703232,1703232041,17100008,Guzar,Гузар,Гузар
202911118,1703232,1703232025,17100064,Eskiqo'rg'on,Эскиқўрғон,Ескикоргон
202910744,1703232,1703232007,17100021,Qashqar,Қашқар,Кашкар
202910958,1703232,1703232023,17100002,Ahillik,Аҳиллик,Ахиллик
202910704,1703232,1703232001,17100035,Navro'z,Наврўз,Навроз
205640224,1703232,1703232033,17100007,Bostonobod,Бўстонобод,Бостонобод
205487951,1703232,1703232047,17100054,Uchqo'rg'on,Учқўрғон,Учкоргон
202910926,1703232,1703232067,17100013,Durdiyor,Дурдиёр,Дурдиёр
203819894,1703220,1703220038,17140066,Eshonobod,Эшонобод,Ешонобод
202293294,1703220,1703220018,17140073,Shoshtepa,Шоштепа,Шоштепа
203700893,1703220,1703220036,17140018,Z.M.Bobur,З.М.Бобур,З.М.Бобур
203700861,1703220,1703220002,17140032,Ma'murobod,Маъмуробод,Маъмуробод
203819926,1703220,1703220047,17140057,To'rachek,Тўрачек,Торачек
203826783,1703220,1703220050,17140019,Zarbuloq,Зарбулоқ,Зарбулок
203701014,1703220,1703220020,17140068,Yangibo'ston,Янги бўстон,Янгибостон
203700996,1703220,1703220031,17140005,Birlik,Бирлик,Бирлик
203701053,1703220,1703220014,17140004,Birlashgan,Бирлашган,Бирлашган
203701038,1703220,1703220016,17140046,Obodon,Ободон,Ободон
203700957,1703220,1703220007,17140063,Hojatepa,Хўжатепа,Хожатепа
203819830,1703220,1703220040,17140056,Turon zamin,Турон замин,Турон замин
203826768,1703220,1703220058,17140022,Iqtisodchi,Иқтисодчи,Иктисодчи
203826775,1703220,1703220057,17140039,Naynаvo,Найнаво,Найнаво
200277188,1703220,1703220073,17140048,Oltin Vodiy,Олтин Водий,Олтин Води
203819847,1703220,1703220041,17140043,Norbo'ta,Норбўта,Норбота
204340954,1703220,1703220059,17140071,Yangi xayot,Янги хаёт,Янги хаёт
203700878,1703220,1703220001,17140059,Uchqun,Учқун,Учкун
203701045,1703220,1703220019,17140064,Chorvador,Чорвадор,Чорвадор
203826736,1703220,1703220054,17140026,Qirlik,Қирлик,Кирлик
203819783,1703220,1703220021,17140028,Ko'nchilik,Кўнчилик,Кунчилик
203826751,1703220,1703220051,17140011,Dardoqtepa,Дардоқтепа,Дардоктепа
203819902,1703220,1703220045,17140049,Oltinsoy,Олтинсой,Олтинсой
203700918,1703220,1703220010,17140024,Iftihor,Ифтиҳор,Ифтихор
200277195,1703220,1703220061,17140020,Ibn Sino,Ибн Сино,Ибн Сино
203700933,1703220,1703220006,17140012,Dehqonobod,Деҳқонобод,Дехконобод
202319797,1703220,1703220034,17140072,Amir Temur,Амир Темур,Амир Темир
203700964,1703220,1703220008,17140030,Qoshtepa,Қўштепа,Коштепа
200277132,1703220,1703220065,17140038,Navro'z,Наврўз,Навроз
200277124,1703220,1703220068,17140044,Nurli yog'du,Нурли ёғду,Нурли ёгду
203701006,1703220,1703220017,17140053,Tadbirkor,Тадбиркор,Тадбиркор
203826744,1703220,1703220053,17140025,Qizil to'qay,Қизил тўқай,Кизил тукай
202296116,1703220,1703220030,17140078,Paxtachi,Пахтачи,Пахтачи
202293286,1703220,1703220033,17140074,Ahmad Yassaviy,Аҳмад Яссавий,Ахмад Яссавий
203700989,1703220,1703220013,17140035,Navbaxor,Навбахор,Навбахор
203700885,1703220,1703220003,17140029,Qotqar,Қўтқар,Коткар
203826712,1703220,1703220056,17140042,Nodira,Нодира,Нодира
202293262,1703220,1703220037,17140079,Uchtegirmon,Учтегирмон,Учтегирмон
203819815,1703220,1703220027,17140070,Yangi obod,Янги обод,Янги обод
203819919,1703220,1703220049,17140047,Ozod,Озод,Озод
200277211,1703220,1703220062,17140069,Yangi Qo'rg'on,Янги Қўрғон,Янги Кургон
203826729,1703220,1703220052,17140015,Yortibosh,Ёртибош,Ёртибош
203826704,1703220,1703220055,17140037,Navoiy,Навоий,Навоий
205553854,1703220,1703220032,17140077,Qadryat,Қадрят,Кадрят
203819934,1703220,1703220046,17140013,Dehqonchek,Деҳқончек,Дехкончек
203819775,1703220,1703220022,17140062,Xurobod,Хуробод,Хуробод
200277171,1703220,1703220028,17140081,Yuksalish,Юксалиш,Юксалиш
202293279,1703220,1703220029,17140076,Mirzo Ulug'bek,Мирзо Улуғбек,Мирзо Улугбек
200277100,1703220,1703220066,17140058,Ustoz,Устоз,Устоз
205553861,1703220,1703220067,17140067,Qorasuv,Қорасув,Корасув
206954274,1703220,1703220035,17140080,Mustaqillikning 15 yilligi,Мустақилликнинг 15 йиллиги,Мустакилликнинг 15 йиллиги
203891000,1703220,1703220063,17140034,Mustaqillik,Мустақиллик,Мустакиллик
203700972,1703220,1703220009,17140054,Toshloq,Тошлоқ,Тошлок
203700940,1703220,1703220012,17140021,Ijtimoyat,Ижтимоят,Ижтимоят
203819879,1703220,1703220039,17140036,Navnihol,Навниҳол,Навнихол
202576542,1703220,1703220004,17140075,Karvon yo'li,Карвон йўли,Карвон йули
203819823,1703220,1703220024,17140017,Jannatmakon,Жаннатмакон,Жаннатмакон
203819808,1703220,1703220026,17140051,Sohibqiron,Соҳибқирон,Сохибкирон
203819886,1703220,1703220043,17140040,Namuna,Намуна,Намуна
200277149,1703220,1703220071,17140065,Shaxrixonsoy,Шахрихонсой,Шахрихонсой
203736168,1703220,1703220060,17140001,A.Jomiy,А.Жомий,А.Жоми
202836993,1703408,1703408003,17170011,Fozilmon,Фозилмон,Фозилмон
202575647,1703408,1703408007,17170015,Yuksalish,Юксалиш,Юксалиш
202575623,1703408,1703408013,17170008,Navoiy,Навоий,Навоий
202575630,1703408,1703408009,17170003,Bunyodkor,Бунёдкор,Бунёдкор
202284455,1703408,1703408005,17170001,A.Fitrat,А.Фитрат,А.Фитрат
202511195,1703408,1703408010,17170004,Istiqlol,Истиқлол,Истиклол
202579775,1703408,1703408004,17170012,Xidirsha,Хидирша,Хидирша
202575590,1703408,1703408011,17170009,Teyit,Тейит,Тейит
202579783,1703408,1703408002,17170007,Mustaqillik,Мустақиллик,Мустакиллик
207167708,1703408,1703408008,17170016,Yangihayot,Янги хаёт,Янгихаёт
207079974,1703408,1703408001,17170006,Mehmonobod,Меҳмонобод,Мехмонобод
202575654,1703408,1703408006,17170014,Xonobod,Хонобод,Хонобод
202575608,1703408,1703408015,17170005,Kampirrovot,Кампирровот,Кампирровот
309074724,1703408,1703408012,17170017,Xontoq,Хонтоқ,Хонток
202575615,1703408,1703408014,17170002,Anhor,Анхор,Анхор
203057980,1703236,1703236023,17120022,Nishobboyi,Нишоббўйи,Нишоббойи
203055407,1703236,1703236024,17120008,Dilkushod,Дилкушод,Дилкушод
309161094,1703236,1703236039,17120039,Mustaqillikning 30 yilligi,Мустақилликнинг 30 йиллиги,Мустакилликнинг30йиллиги
203055446,1703236,1703236002,17120002,Bahrin,Баҳрин,Бахрин
203058022,1703236,1703236015,17120013,Qorabuloq,Қорабулоқ,Корабулок
203058061,1703236,1703236014,17120016,Ko'prikboshi,Кўприкбоши,Коприкбоши
203058007,1703236,1703236011,17120034,Chimbuloq,Чимбулоқ,Чимбулок
203055399,1703236,1703236026,17120014,Quvvatmurod,Қувватмурод,Кувватмурод
203055414,1703236,1703236017,17120024,Sanoatchilar,Саноатчилар,Саноатчилар
203150416,1703236,1703236019,17120026,Solpi,Солпи,Солпи
207301500,1703236,1703236038,17120018,Mustaqillikning 27 yilligi,Мустақилликнинг 27 йиллиги,Мустакилликнинг 27йиллиги
203055454,1703236,1703236033,17120019,Mustaxkam,Мустахкам,Мустахкам
203058125,1703236,1703236003,17120020,Navbahor,Навбаҳор,Навбахор
203055439,1703236,1703236031,17120001,Andijon,Андижон,Андижон
203057973,1703236,1703236021,17120017,Manak,Манак,Манак
203058046,1703236,1703236016,17120031,Uch ko'cha,Уч кўча,Уч куча
203057958,1703236,1703236027,17120032,Ipak yo'li,Ипак йўли,Ипкал Йоли
203135844,1703236,1703236005,17120003,Beshkaram,Бешкарам,Бешкарам
203070587,1703236,1703236020,17120004,Beshqavoq,Бeшқавоқ,Бeшкавок
203110393,1703236,1703236036,17120025,Sarqamish,Сарқамиш,Саркамиш
203057965,1703236,1703236022,17120007,Guliston,Гулистон,Гулистон
203055461,1703236,1703236004,17120030,Uzun ko'cha,Узун кўча,Узун куча
203110401,1703236,1703236013,17120006,Garaguri,Гарагури,Гарагури
203055374,1703236,1703236029,17120037,Yangi farg‘ona,Янги Фарғона,Янги фаргона
203058014,1703236,1703236025,17120023,Orday,Ордай,Ордай
203055382,1703236,1703236007,17120036,Shaxrixonsoy,Шахрихонсой,Шахрихонсой
203058118,1703236,1703236001,17120021,Navoiy,Навоий,Навоий
203055367,1703236,1703236018,17120011,Ipakchi,Ипакчи,Ипакчи
203058133,1703236,1703236030,17120035,Fayzobod,Файзобод,Файзобод
203058039,1703236,1703236012,17120009,Yetmishmergan,Етмишмерган,Етмишмерган
203057997,1703236,1703236010,17120012,Karnaychi,Карнайчи,Карнайчи
203123693,1703236,1703236034,17120015,Qurama,Қурама,Курама
203055478,1703236,1703236006,17120005,Bobur,Бобур,Бобур
203055422,1703236,1703236009,17120028,Tosh ota,Тош ота,Тош ота
203058054,1703236,1703236037,17120033,Xidirsha,Хидирша,Хидирша
203055350,1703236,1703236035,17120038,Yangi hayot,Янги ҳаёт,Янги хаёт
203057941,1703236,1703236028,17120029,To'raobod,Тўраобод,Тораобод
203058093,1703236,1703236008,17120027,Yuksalish,Юксалиш,Юксалиш
203058078,1703236,1703236032,17120010,Jome,Жомe,Жомe
203650213,1703211,1703211051,17060058,Haqiqat,Ҳақиқат,Хакикат
205310389,1703211,1703211012,17060040,Madaniyat,Маданият,Маданият
203850004,1703211,1703211004,17060018,Dostonobod,Достонобод,Достонобод
203831762,1703211,1703211008,17060029,Kattapolvon,Каттаполвон,Каттаполвон
203857208,1703211,1703211025,17060026,Qadaqsin,Қадақсин,Кадаксин
204782024,1703211,1703211001,17060003,Aqcha,Ақча,Акча
203831779,1703211,1703211024,17060031,Kesak,Кесак,Кесак
203648672,1703211,1703211023,17060021,Yorqishloq,Ёрқишлоқ,Ёркишлок
203660747,1703211,1703211048,17060049,Toshloq,Тошлоқ,Тошлок
203646984,1703211,1703211058,17060046,Oxunboboev,Охунбобоев,Охунбобоев
203648689,1703211,1703211027,17060035,Qutlug‘,Қутлуғ,Кутлуг
203647001,1703211,1703211020,17060012,G‘alaba,Ғалаба,Галаба
203843644,1703211,1703211059,17060051,Tuyalas,Туялас,Туялас
203849984,1703211,1703211044,17060037,Qo'rtqi,Қўртқи,Кортки
203828979,1703211,1703211061,17060065,Yangichek,Янгичек,Янгичек
203852214,1703211,1703211062,17060042,Neftchilar,Нефтчилар,Нефтчилар
203867685,1703211,1703211015,17060056,O'rg'u,Ўрғу,Ургу
204030864,1703211,1703211005,17060019,Do'nqishloq,Дўнқишлоқ,Дункишлок
203646138,1703211,1703211057,17060027,Qalambek,Қаламбек,Каламбек
205310404,1703211,1703211031,17060061,Xasanobod,Хасанобод,Хасанобод
203649315,1703211,1703211014,17060052,To'racheki,Тўрачеки,Торачеки
203649290,1703211,1703211033,17060063,Yangi ko'rpa,Янги кўрпа,Янги курпа
203660730,1703211,1703211040,17060016,Delvarzin,Делварзин,Делварзин
203828947,1703211,1703211050,17060048,Uzun ko'cha,Узун кўча,Узун куча
204630427,1703211,1703211041,17060017,Dexqonobod,Дeхқонобод,Дeхконобод
203649308,1703211,1703211016,17060060,Hamzaobod,Хамзаобод,Хамзаобод
203828994,1703211,1703211054,17060020,Do'stlik,Дўстлик,Достлик
203643237,1703211,1703211028,17060039,Qo'shterak,Қўштерак,Коштерак
203646121,1703211,1703211052,17060002,Abdullabiy,Абдуллабий,Абдуллабий
203646991,1703211,1703211029,17060050,Toshhovuz,Тошховуз,Тошховуз
204028081,1703211,1703211003,17060010,Bo'ston,Бўстон,Бостон
204080409,1703211,1703211043,17060036,Ko'kalаm,Кўкалам,Кокалам
203843637,1703211,1703211013,17060043,Namuna,Намуна,Намуна
203982077,1703211,1703211022,17060014,Qo'shtepa,Қўштепа,Куштепа
204028066,1703211,1703211049,17060055,O‘zbekiston,Ўзбекистон,Узбекистон
203643220,1703211,1703211019,17060005,Beshtol,Бештол,Бештол
203650237,1703211,1703211011,17060034,Qorayantoq,Қораянтоқ,Кораянток
203828954,1703211,1703211030,17060059,Hamza,Хамза,Хамза
203660723,1703211,1703211021,17060013,G'ozicheki,Ғозичeки,Гозичeки
203828986,1703211,1703211002,17060008,Boycheki,Бойчеки,Бойчеки
204093938,1703211,1703211045,17060044,Olmazor,Олмазор,Олмазор
204750720,1703211,1703211009,17060032,Qilichmozor,Қиличмозор,Киличмозор
203660690,1703211,1703211042,17060024,Yangi O'zbekiston,Янги Ўзбeкистон,Янги Узбeкистон
203685683,1703211,1703211034,17060015,Guliston,Гулистон,Гулистон
203660708,1703211,1703211053,17060006,Birlashgan,Бирлашган,Бирлашган
204028074,1703211,1703211026,17060030,Qashqar,Қашқар,Кашкар
204016105,1703211,1703211010,17060033,Qoragʻul,Қорағул,Корагул
203650220,1703211,1703211039,17060011,G‘ayrat,Ғайрат,Гайрат
203829004,1703211,1703211055,17060023,Ibrat,Ибрат,Ибрат
204030872,1703211,1703211006,17060022,Jalaquduq,Жалақудуқ,Жалакудук
203661627,1703211,1703211018,17060004,Beshkaram,Бешкарам,Бешкарам
205310396,1703211,1703211056,17060038,Ko'tarma,Кўтарма,Котарма
203870034,1703211,1703211036,17060001,A.Rahmonov,А.Раҳмонов,А.Рахмонов
203852207,1703211,1703211007,17060028,Kapa,Капа,Капа
204080391,1703211,1703211063,17060025,Ittifoq,Иттифоқ,Иттифок
204028059,1703211,1703211038,17060009,Buzruxxonto'ra,Бузрукхонтўра,Бузрукхонтора
203843620,1703211,1703211047,17060047,So'fiqishloq,Сўфиқишлоқ,Софикишлок
203845104,1703211,1703211037,17060007,Bozorboshi,Бозорбоши,Бозорбоши
204028098,1703211,1703211017,17060064,Yangisor,Янгисор,Янгисор
203660715,1703211,1703211032,17060062,Sharxoncheki,Шархончеки,Шархончеки
207153052,1703217,1703217016,17110013,Ulug‘bek,Улуғбек,Улугбек
308991510,1703217,1703217006,17110022,Kelajak,Келажак,Келажак
204232620,1703217,1703217019,17110001,Oq tom,Оқ том,Ок том
206823041,1703217,1703217009,17110017,Fayziobod,Файзиобод,Файзиобод
204821687,1703217,1703217018,17110014,Uchkо'prik,Учкўприк,Учкоприк
207153044,1703217,1703217014,17110009,Obod,Обод,Обод
207226388,1703217,1703217012,17110008,Nurobod,Нуробод,Нуробод
204232597,1703217,1703217008,17110011,Terakzor,Теракзор,Теракзор
308991384,1703217,1703217015,17110023,Na'muna,Наъмуна,Наъмуна
206825102,1703217,1703217003,17110010,Sariq Suv,Сариқ Сув,Сарик Сув
206823034,1703217,1703217010,17110015,O‘zbekiston,Ўзбекистон,Узбекистан
204232605,1703217,1703217011,17110019,Cholobod,Чўлобод,Чолобод
204758321,1703217,1703217002,17110003,Bobur,Бобур,Бобур
206200643,1703217,1703217023,17110016,Fazogir,Фазогир,Фазогир
204232580,1703217,1703217007,17110006,Mingbuloq,Мингбулоқ,Мингбулок
204232644,1703217,1703217004,17110021,Yangiobod,Янгиобод,Янгиобод
204232565,1703217,1703217001,17110020,Shaxriobod,Шахриобод,Шахриобод
204232637,1703217,1703217020,17110012,To'rttol,Тўрттол,Торттол
204232613,1703217,1703217017,17110007,Mingchinor,Мингчинор,Мингчинор
204552136,1703217,1703217021,17110005,Guliston,Гулистон,Гулистон
308991606,1703217,1703217024,17110024,Yoshlik,Ёшлик,Ёшлик
204232573,1703217,1703217022,17110002,Avulmat,Авулмат,Авулмат
206824174,1703217,1703217005,17110004,Bo'ston,Бўстон,Бостон
202828314,1703210,1703210025,17040010,Zarg'aldoq,Зарғалдоқ,Заргалдок
203006291,1703210,1703210023,17040035,Shirmonbuloq,Ширмонбулоқ,Ширмонбулок
202828149,1703210,1703210007,17040033,Chaqar,Чақар,Чакар
202828132,1703210,1703210004,17040017,Mirzakalon Ismoiliy,Мирзакалон Исмоилий,Мирзакалон Исмоилий
202828385,1703210,1703210035,17040023,Sanoat,Саноат,Саноат
203006309,1703210,1703210022,17040012,Qaqir,Қақир,Какир
202828282,1703210,1703210010,17040005,Boymahalla,Боймаҳалла,Боймахалла
202861465,1703210,1703210034,17040019,Neftchilar,Нефтчилар,Нефтчилар
203087098,1703210,1703210016,17040001,Baynalminnal,Байналминал,Байналминал
202828228,1703210,1703210012,17040014,Qumariq,Қумариқ,Кумарик
202828354,1703210,1703210037,17040002,Balandchek,Баландчек,Баландчек
203081502,1703210,1703210015,17040020,Nayman,Найман,Найман
203087114,1703210,1703210001,17040028,Toshkechik,Тошкечик,Тошкечик
202823091,1703210,1703210030,17040022,Rivoj,Ривож,Ривож
203094754,1703210,1703210014,17040029,Uchko'cha,Учкўча,Учкоча
202823076,1703210,1703210029,17040004,Bozorboshi,Бозорбоши,Бозорбоши
202934365,1703210,1703210008,17040006,Buyuk Turon,Буюк Турон,Буюк Турон
202828084,1703210,1703210027,17040003,Barlos,Барлос,Барлос
202823044,1703210,1703210032,17040021,Raish,Раиш,Раиш
203077918,1703210,1703210009,17040037,Yuksalish,Юксалиш,Юксалиш
202995496,1703210,1703210006,17040031,Farovon,Фаровон,Фаровон
202861505,1703210,1703210002,17040032,Xontepa,Хонтепа,Хонтепа
202823084,1703210,1703210028,17040025,Soybo'yi,Сойбўйи,Сойбойи
202828235,1703210,1703210019,17040013,Qashqar,Қашқар,Кашкар
202823069,1703210,1703210031,17040016,Ko'prikboshi,Кўприкбоши,Коприкбоши
202934373,1703210,1703210021,17040018,Navoiy,Навоий,Навоий
202828092,1703210,1703210003,17040007,Guliston,Гулистон,Гулистон
202828361,1703210,1703210036,17040011,Istiqlol,Истиқлол,Истиклол
203087106,1703210,1703210017,17040034,Sharq yulduzi,Шарқ юлдузи,Шарк юлдузи
203081486,1703210,1703210011,17040008,Do'lana,Дўлана,Долана
202828339,1703210,1703210024,17040030,Uchtepa,Учтепа,Учтепа
202828250,1703210,1703210018,17040026,Sohibkor,Сохибкор,Сохибкор
202828124,1703210,1703210005,17040015,Qumguzar,Қумгузар,Кумгузар
202828243,1703210,1703210020,17040024,Sarvontepa,Сарвонтeпа,Сарвонтeпа
202828188,1703210,1703210013,17040036,Shohguzar,Шоҳгузар,Шохгузар
202823052,1703210,1703210033,17040009,Yorboshi,Ёрбоши,Ёрбоши
202828322,1703210,1703210026,17040027,Tinchlik,Тинчлик,Тинчлик
205732924,1706240,1706240019,20060031,Xo'lbor,Хўлбор,Хулбор
205007297,1706240,1706240029,20060027,Turkiston,Туркистон,Туркистон
205594946,1706240,1706240015,20060001,Bobohoji,Бобоҳожи,Бобоҳожи
202940027,1706240,1706240014,20060009,Zandani,Зандани,Зандани
205323879,1706240,1706240022,20060025,Soʻsana,Сўсана,Сусана
305733817,1706240,1706240026,20060011,Qal'a,Қалъа,Калъа
205731015,1706240,1706240018,20060036,Yangiobod,Янгиобод,Янгиобод
203850375,1706240,1706240004,20060016,Malishoyak,Малишояк,Малишояк
200883660,1706240,1706240024,20060008,Jongeldi,Жонгелди,Жонгелди
205607168,1706240,1706240016,20060030,Xorkash,Хоркаш,Хоркаш
200883653,1706240,1706240001,20060037,Yangibozor,Янгибозор,Янгибозор
203781589,1706240,1706240020,20060007,Do‘stlik,Дўстлик,Дўстлик
206216796,1706240,1706240023,20060026,Talisobun,Талисобун,Талисобун
205856286,1706240,1706240037,20060032,Xurram,Хуррам,Хуррам
204731926,1706240,1706240025,20060021,Navoiy,Навоий,Навоий
203171818,1706240,1706240021,20060017,Mahallai Mirishkor,Маҳаллаи Миришкор,Махаллаи Миришкор
203781572,1706240,1706240012,20060005,Guliston,Гулистон,Гулистон
203064886,1706240,1706240017,20060013,Qoraqalpoq,Қорақалпоқ,Қорақалпоқ
205007305,1706240,1706240033,20060035,Shavgon,Шавгон,Шавгон
205030509,1706240,1706240010,20060006,Deycha,Дейча,Дейча
203698643,1706240,1706240006,20060019,Navbahor,Навбаҳор,Навбаҳор
202952637,1706240,1706240005,20060002,Bogʻimuso,Боғимусо,Богимусо
205572561,1706240,1706240036,20060015,Quchoq,Қучоқ,Қучоқ
203475042,1706240,1706240028,20060004,Varaxsho,Варахшо,Варахшо
202942886,1706240,1706240008,20060010,Abu Ali Ibn Sino,Абу али ибн сино,Абу Али Ибн Сино
206821052,1706240,1706240032,20060020,Navgahon,Навгаҳон,Навгаҳон
204516947,1706240,1706240007,20060003,Valfajir,Валфажир,Валфажир
207164584,1706240,1706240030,20060014,Kuyovxo‘ja,Куёвхўжа,Куёвхўжа
203865292,1706240,1706240003,20060034,Chig'irchi,Чиғирчи,Чигирчи
205015762,1706240,1706240031,20060022,Obidxo‘ja,Обидхўжа,Обидхўжа
203708859,1706240,1706240009,20060024,Sadir,Садир,Садир
203771324,1706240,1706240035,20060028,O‘g‘lon,Ўғлон,Ўғлон
205376719,1706240,1706240027,20060029,O‘zbek,Ўзбек,Ўзбек
203171801,1706240,1706240034,20060033,Chibog‘oni,Чибоғони,Чибоғони
203857405,1706240,1706240002,20060018,Mustaqillik,Мустақиллик,Мустақиллик
203235253,1706240,1706240011,20060023,Peshko‘,Пешкў,Пешкў
203025585,1706232,1706232007,20090007,Cho‘lquvar,Чўлқувар,Чўлқувар
203025593,1706232,1706232006,20090003,Jarqoq,Жарқоқ,Жарқоқ
203025601,1706232,1706232001,20090006,Tinchlik,Тинчлик,Тинчлик
203044523,1706232,1706232005,20090004,Imom buxoriy,Имом бухорий,Имом бухорий
203025618,1706232,1706232002,20090005,Navbahor,Навбаҳор,Навбаҳор
205933508,1706232,1706232004,20090002,Bo‘ston,Бўстон,Бўстон
203050421,1706232,1706232003,20090001,Bo‘zachi,Бўзачи,Бўзачи
202593808,1706258,1706258046,20080039,Tezguzar,Тезгузар,Тезгузар
202848306,1706258,1706258004,20080019,Qalmaqon,Қалмақон,Қалмақон
202848345,1706258,1706258021,20080049,Shodlik,Шодлик,Шодлик
203974964,1706258,1706258007,20080038,Talisafed,Талисафед,Талисафед
202593847,1706258,1706258013,20080005,Bobur,Бобур,Бобур
207037679,1706258,1706258033,20080030,Nekkishi,Неккиши,Неккиши
206932509,1706258,1706258023,20080010,Dorigar,Доригар,Доригар
202593854,1706258,1706258024,20080011,Do‘rmon,Дўрмон,Дўрмон
205318979,1706258,1706258037,20080043,Xorin,Хорин,Хорин
202848321,1706258,1706258026,20080016,Zarchabek,Зарчабек,Зарчабек
202593783,1706258,1706258008,20080047,Sharof Rashidov,Шароф Рашидов,Шароф Рашидов
206667229,1706258,1706258041,20080007,Guliston,Гулистон,Гулистон
203974933,1706258,1706258042,20080021,Kotiyon,Котиён,Котиён
203974893,1706258,1706258038,20080048,Shibirg‘on,Шибирғон,Шибирғон
203974918,1706258,1706258017,20080028,Mirzoqul,Мирзоқул,Мирзоқул
203974972,1706258,1706258003,20080017,Iskogare,Искогаре,Искогаре
203974861,1706258,1706258030,20080026,Mahallaqozi,Маҳаллақози,Махаллакози
206923036,1706258,1706258043,20080031,Nurafshon,Нурафшон,Нурафшон
206794070,1706258,1706258028,20080024,Ko‘rishkent,Кўришкент,Кўришкент
202593815,1706258,1706258002,20080013,Jo'ynav,Жўйнав,Жуйнав
202848353,1706258,1706258022,20080009,Denov,Денов,Денов
202848298,1706258,1706258049,20080042,Xoja Orif,Хожа Ориф,Хожа Ориф
202593790,1706258,1706258039,20080001,Alisher Navoiy,Алишер Навоий,Алишер Навоий
205736744,1706258,1706258045,20080037,Talisangobod,Талисангобод,Талисангобод
205763141,1706258,1706258050,20080033,Paxtaobod,Пахтаобод,Пахтаобод
202593830,1706258,1706258025,20080014,Joyrabod,Жойрабод,Жойрабод
206695660,1706258,1706258027,20080020,Kalon,Калон,Калон
203974878,1706258,1706258014,20080006,Bog‘iafzal,Боғиафзал,Боғиафзал
205567203,1706258,1706258034,20080032,Pattaxon,Паттахон,Паттахон
203974957,1706258,1706258015,20080012,Jilvon,Жилвон,Жилвон
205712465,1706258,1706258009,20080046,Chuqurak,Чуқурак,Чуқурак
206450974,1706258,1706258035,20080036,Sultonobod,Султонобод,Султонобод
206944628,1706258,1706258011,20080002,Arabxona,Арабхона,Арабхона
202593823,1706258,1706258047,20080041,Tinchlik,Тинчлик,Тинчлик
202593862,1706258,1706258019,20080025,Mazlaxon chandir,Мазлахон чандир,Мазлахон чандир
205842984,1706258,1706258012,20080003,Boboato,Бобоато,Бобоато
202848314,1706258,1706258044,20080035,Savrak,Саврак,Саврак
203974885,1706258,1706258029,20080018,Qayragʻoch,Қайрағоч,Кайрагоч
206240927,1706258,1706258006,20080023,Qo‘rg‘oni vardonze,Қўрғони вардонзе,Қўрғони вардонзе
205723981,1706258,1706258016,20080015,Jo'shura,Жўшура,Жушура
203974925,1706258,1706258040,20080004,Bobohaydar,Бобоҳайдар,Бобоҳайдар
206932516,1706258,1706258031,20080027,Mingchinor,Мингчинор,Мингчинор
203974901,1706258,1706258020,20080045,Chitkaron,Читкарон,Читкарон
206952111,1706258,1706258005,20080022,Quyi chuqurak,Қуйи чуқурак,Қуйи чуқурак
205876903,1706258,1706258001,20080008,Gʻulomte,Ғуломте,Ғуломте
205963430,1706258,1706258010,20080050,Yangiqishloq,Янгиқишлоқ,Янгикишлок
205806584,1706258,1706258018,20080034,Pashmon,Пашмон,Пашмон
205859528,1706258,1706258032,20080029,Navbahor,Навбаҳор,Навбаҳор
205140079,1706258,1706258036,20080040,Temirchi,Темирчи,Темирчи
204782254,1706219,1706219014,20040015,Tun-Iroq,Тун-Ироқ,Тун-Ирок
205785874,1706219,1706219020,20040021,Hukumatobod,Ҳукуматобод,Ҳукуматобод
202994972,1706219,1706219021,20040010,Sarayon,Сараён,Сараён
205785881,1706219,1706219008,20040004,Istiqbol,Истиқбол,Истиқбол
202989186,1706219,1706219002,20040023,Yangi hayot,Янги ҳаёт,Янги ҳаёт
202990170,1706219,1706219011,20040009,Nurafshon,Нурафшон,Нурафшон
306325714,1706219,1706219012,20040014,Taraqqiyot,Тараққиёт,Тараққиёт
203313623,1706219,1706219019,20040017,O‘ba cho‘li,Ўба чўли,Ўба чўли
204790728,1706219,1706219016,20040012,Sorg‘un,Сорғун,Сорғун
206670843,1706219,1706219010,20040018,O'rta cho'l,Ўрта чўл,Урта чул
203008431,1706219,1706219017,20040011,Siyoz poyon,Сиёз поён,Сиёз поён
203317633,1706219,1706219009,20040016,Tutkunda,Туткунда,Туткунда
205785866,1706219,1706219006,20040006,Mustaqillik,Мустақиллик,Мустақиллик
202994989,1706219,1706219007,20040002,Beklar,Беклар,Беклар
202994964,1706219,1706219001,20040008,Niyoz hoji,Ниёз ҳожи,Ниёз ҳожи
206923621,1706219,1706219005,20040022,Choloki,Чолоки,Чолоки
203329547,1706219,1706219003,20040013,Suxor,Сухор,Сухор
306326260,1706219,1706219023,20040019,O‘zbekiston,Ўзбекистон,Ўзбекистон
203006466,1706219,1706219015,20040005,Kogon,Когон,Когон
203006474,1706219,1706219013,20040020,Xo‘ja yakshaba,Хўжа якшаба,Хўжа якшаба
202994957,1706219,1706219004,20040001,B.Naqshband,Б.Нақшбанд,Б.Накшбанд
203007188,1706219,1706219022,20040003,Geofizika,Геофизика,Геофизика
204782261,1706219,1706219018,20040007,Navro‘z,Наврўз,Наврўз
204986901,1706403,1706403018,20140006,Beruniy,Беруний,Беруний
204957098,1706403,1706403021,20140017,Mustaqillik,Мустақиллик,Мустақиллик
202014268,1706403,1706403013,20140004,Amir Temur,Амир Темур,Амир Темур
202914714,1706403,1706403006,20140001,Abdulla Qodiriy,Абдулла Қодирий,Абдулла Қодирий
204986893,1706403,1706403019,20140020,Turkiston,Туркистон,Туркистон
202914682,1706403,1706403003,20140015,Maxtumquli,Махтумқули,Махтумқули
204960903,1706403,1706403020,20140016,Mirzo Ulugʻbek,Мирзо Улуғбек,Мирзо Улугбек
202914739,1706403,1706403011,20140002,Adolat,Адолат,Адолат
202685454,1706403,1706403008,20140012,Ziyokor,Зиёкор,Зиёкор
202914674,1706403,1706403002,20140008,Bunyodkor,Бунёдкор,Бунёдкор
306432960,1706403,1706403022,20140010,Vatanparvar,Ватанпарвар,Ватанпарвар
202914722,1706403,1706403009,20140022,Xo‘jabargi,Хўжабарги,Хўжабарги
202914707,1706403,1706403004,20140013,Zirabod,Зирабод,Зирабод
202914754,1706403,1706403014,20140014,Istiqlol,Истиқлол,Истиқлол
202914667,1706403,1706403001,20140005,Arabxona,Арабхона,Арабхона
202663688,1706403,1706403007,20140003,Alisher Navoiy,Алишер Навоий,Алишер Навоий
202914746,1706403,1706403012,20140019,Temiryo‘lchi,Темирйўлчи,Темирйўлчи
202685423,1706403,1706403010,20140007,Bobur,Бобур,Бобур
202271930,1706403,1706403016,20140009,Buxoroyi Sharif,Бухоройи Шариф,Бухоройи Шариф
203988116,1706207,1706207013,20010026,Rabotipoyon,Работипоён,Работипоён
204068033,1706207,1706207008,20010006,Galaosiyo,Галаосиё,Галаосиё
203988091,1706207,1706207006,20010024,Rabotak,Работак,Работак
206944611,1706207,1706207025,20010011,Zarmanoq,Зарманоқ,Зарманоқ
204068112,1706207,1706207001,20010016,Ko‘chko‘mar,Кўчкўмар,Кўчкўмар
204067991,1706207,1706207004,20010005,Bog‘ikalon,Боғикалон,Боғикалон
204067984,1706207,1706207036,20010028,Soxibkor,Сохибкор,Сохибкор
302923487,1706207,1706207028,20010009,Dilobod-Zafarobod,Дилобод-Зафаробод,Дилобод-Зафаробод
203988155,1706207,1706207017,20010008,Dexcha,Дехча,Дехча
204068064,1706207,1706207016,20010025,Rabot qalmoq,Работ қалмоқ,Работ калмок
205682038,1706207,1706207011,20010022,Oybek,Ойбек,Ойбек
204068018,1706207,1706207022,20010015,Kunji-qal'a,Кунжи-қалъа,Кунжи-калъа
204068040,1706207,1706207002,20010013,Qavola Maxmud,Қавола Махмуд,Қавола Махмуд
204068025,1706207,1706207009,20010010,Do‘stlik,Дўстлик,Дўстлик
205003682,1706207,1706207010,20010020,Navro‘z,Наврўз,Наврўз
203988131,1706207,1706207029,20010033,Xumin,Хумин,Хумин
302916692,1706207,1706207020,20010018,Madaniyat rabot,Маданият работ,Маданият работ
204068104,1706207,1706207034,20010012,Istiqbol,Истиқбол,Истиқбол
302916645,1706207,1706207015,20010001,Amirobod-Guliston,Амиробод-Гулистон,Амиробод-Гулистон
204067976,1706207,1706207014,20010034,Shergiron,Шергирон,Шергирон
204068072,1706207,1706207032,20010037,Yangi turmush,Янги турмуш,Янги турмуш
203988148,1706207,1706207033,20010031,Turkon,Туркон,Туркон
204068001,1706207,1706207007,20010019,Mustakillik,Мустақиллик,Мустакиллик
204067969,1706207,1706207035,20010027,Saxovat,Саховат,Саховат
205026678,1706207,1706207023,20010021,Novmetan,Новметан,Новметан
204068096,1706207,1706207021,20010035,Shexoncha,Шехонча,Шехонча
203639533,1706207,1706207003,20010029,So‘fikorgar,Сўфикоргар,Сўфикоргар
205682021,1706207,1706207030,20010004,Bog‘dasht,Боғдашт,Боғдашт
205659436,1706207,1706207019,20010023,Podshoxi,Подшохи,Подшохи
204068089,1706207,1706207024,20010036,Yangiobod,Янгиобод,Янгиобод
203988124,1706207,1706207012,20010032,Xonabod,Хонабод,Хонабод
203988109,1706207,1706207026,20010030,Talaliyon,Талалиён,Талалиён
204068057,1706207,1706207031,20010007,Gulshanobod,Гулшанобод,Гулшанобод
205682045,1706207,1706207027,20010014,Kulonxona,Кулонхона,Кулонхона
205028524,1706207,1706207005,20010017,Qoʻshxodim,Қўшходим,Кушходим
203988163,1706207,1706207018,20010002,Arabxona,Арабхона,Арабхона
204135718,1706242,1706242013,20070039,Xosa,Хоса,Хоса
204119689,1706242,1706242020,20070032,Tarnaut,Тарнаут,Тарнаут
204598030,1706242,1706242012,20070036,Urganjiyon,Урганжиён,Урганжиён
204599060,1706242,1706242036,20070038,Hazortut,Ҳазортут,Ҳазортут
200978479,1706242,1706242005,20070024,Qoʻrgʻon,Қўрғон,Кургон
204782318,1706242,1706242010,20070033,Toshrabot,Тошработ,Тошработ
204628507,1706242,1706242024,20070034,O‘ba,Ўба,Ўба
204599077,1706242,1706242035,20070041,Xo‘jaubbon,Хўжауббон,Хўжауббон
200978502,1706242,1706242038,20070017,Istiqlol,Истиқлол,Истиқлол
200978486,1706242,1706242015,20070043,Chelong‘u,Челонғу,Челонғу
203214113,1706242,1706242016,20070012,Gazli,Газли,Газли
204796394,1706242,1706242034,20070023,Kumrabot,Қумработ,Қумработ
200978462,1706242,1706242032,20070009,Bog‘iturkon,Боғитуркон,Боғитуркон
204790735,1706242,1706242037,20070040,Hofizrabot,Ҳофизработ,Хофизработ
204846347,1706242,1706242039,20070018,Iftixor,Ифтихор,Ифтихор
204125294,1706242,1706242004,20070035,O‘zbekiston,Ўзбекистон,Ўзбекистон
200978519,1706242,1706242019,20070030,Romitan,Ромитан,Ромитан
204968851,1706242,1706242042,20070037,O‘tabek,Ўтабек,Ўтабек
203334201,1706242,1706242025,20070002,Alisher Navoiy,Алишер Навоий,Алишер Навоий
204790743,1706242,1706242043,20070028,Navbahor,Навбаҳор,Навбахор
203334193,1706242,1706242027,20070015,Zarafshon,Зарафшон,Зарафшон
204136770,1706242,1706242033,20070025,Marziya,Марзия,Марзия
204131786,1706242,1706242044,20070029,Poyjo'y,Пойжўй,Пойжуй
204135701,1706242,1706242011,20070011,G'azberon,Ғазберон,Газберон
204804944,1706242,1706242002,20070001,Azizon,Азизон,Азизон
204577319,1706242,1706242018,20070020,Qahramon,Қаҳрамон,Кахрамон
204810273,1706242,1706242001,20070031,Samosiy,Самосий,Самосий
204578507,1706242,1706242031,20070008,Bog‘isaydon,Боғисайдон,Богисайдон
204145752,1706242,1706242041,20070045,Sho‘rcha,Шўрча,Шўрча
204105549,1706242,1706242023,20070026,Mirishkor,Миришкор,Миришкор
203334185,1706242,1706242028,20070016,Ibn Sino,Ибн Сино,Ибн Сино
204782278,1706242,1706242014,20070014,Decha,Деча,Деча
204103037,1706242,1706242007,20070019,Qalaychorbog‘,Қалайчорбоғ,Қалайчорбоғ
200978526,1706242,1706242006,20070021,Qizil ravot,Қизил равот,Кизил равот
203334225,1706242,1706242017,20070006,Baynalminal,Байналминал,Байналминал
204581924,1706242,1706242021,20070010,Bog‘cha,Боғча,Богча
204587091,1706242,1706242045,20070022,Qoqishtuvon,Қоқиштувон,Кокиштувон
204587109,1706242,1706242022,20070003,Attaron,Аттарон,Аттарон
204129479,1706242,1706242030,20070013,Guliston,Гулистон,Гулистон
204601715,1706242,1706242040,20070044,Sho‘robod,Шўробод,Шўробод
204133094,1706242,1706242029,20070005,Bobur,Бобур,Бобур
204124256,1706242,1706242008,20070027,Mug‘oncha,Муғонча,Муғонча
205325796,1706230,1706230037,20100001,Osiyo,Осиё,Осиё
202995654,1706230,1706230039,20100038,Tinchlik,Тинчлик,Тинчлик
203707582,1706230,1706230018,20100011,Do‘rman,Дўрман,Дўрман
203264029,1706230,1706230017,20100006,Bandboshi,Бандбоши,Бандбоши
202980753,1706230,1706230038,20100036,Tayqir,Тайқир,Тайқир
203020807,1706230,1706230020,20100018,Qorako‘l,Қоракўл,Қоракўл
202957922,1706230,1706230048,20100041,Xo‘jalar,Хўжалар,Хўжалар
203264012,1706230,1706230019,20100015,Ziyorat,Зиёрат,Зиёрат
202957939,1706230,1706230028,20100043,Chekirchi,Чекирчи,Чекирчи
205217867,1706230,1706230047,20100037,Tashabbus,Ташаббус,Ташаббус
202985492,1706230,1706230043,20100009,Darg‘ali,Дарғали,Дарғали
203702717,1706230,1706230010,20100002,Oq oltin,Оқ олтин,Оқ олтин
203702724,1706230,1706230012,20100040,Xo‘jakon,Хўжакон,Хўжакон
204043096,1706230,1706230001,20100004,Arabxona,Арабхона,Арабхона
203701204,1706230,1706230009,20100029,Mustaqillik,Мустақиллик,Мустақиллик
202972675,1706230,1706230044,20100012,Do‘stlik,Дўстлик,Дўстлик
202957946,1706230,1706230032,20100013,Jig‘achi,Жиғачи,Жиғачи
203249702,1706230,1706230021,20100025,Qulonchi,Қулончи,Қулончи
202995014,1706230,1706230005,20100022,Qoraxoji,Қорахожи,Қорахожи
203699791,1706230,1706230024,20100033,Regi-haydar,Реги-ҳайдар,Реги-хайдар
205250488,1706230,1706230049,20100045,Shakarbek,Шакарбек,Шакарбек
203260342,1706230,1706230013,20100044,Chovli,Човли,Човли
202957907,1706230,1706230046,20100020,Qozon,Қозон,Қозон
203243781,1706230,1706230036,20100024,Quyi-Yangibozor,Қуйи-Янгибозор,Куйи-Янгибозор
202878546,1706230,1706230006,20100026,Mallaishayx,Маллаишайх,Маллаишайх
203223861,1706230,1706230025,20100034,Sayyod,Сайёд,Сайёд
203730041,1706230,1706230045,20100016,Istiqlol,Истиқлол,Истиқлол
202972651,1706230,1706230040,20100042,Chandirobod,Чандиробод,Чандиробод
203715201,1706230,1706230026,20100035,Solur,Солур,Солур
203697146,1706230,1706230007,20100027,Mirzaqal'a,Мирзақалъа,Мирзакалъа
203261887,1706230,1706230035,20100023,Quvvacha,Қуввача,Қуввача
203695884,1706230,1706230050,20100050,Yangi turmush,Янги турмуш,Янги турмуш
203702732,1706230,1706230034,20100021,Qoraqulonchi,Қорақулончи,Қорақулончи
202957914,1706230,1706230014,20100047,Eski Qal'a,Ески Қалъа,Ески Калъа
203702749,1706230,1706230015,20100049,Yangi-zamon,Янги-замон,Янги-замон
205293957,1706230,1706230023,20100031,Paxtakor,Пахтакор,Пахтакор
206945530,1706230,1706230022,20100030,Paykent,Пайкент,Пайкент
207218967,1706230,1706230033,20100019,Ketmondo'gdi,Кетмондўгди,Кетмондугди
205221752,1706230,1706230027,20100039,Tojikent,Тожикент,Тожикент
203260359,1706230,1706230011,20100032,Polvonlar,Полвонлар,Полвонлар
203223885,1706230,1706230029,20100046,Shorrabot,Шорработ,Шорработ
206938680,1706230,1706230008,20100028,Mirob,Мироб,Мироб
203739947,1706230,1706230042,20100008,Darg‘abog‘i,Дарғабоғи,Дарғабоғи
202959760,1706230,1706230003,20100014,Zarafshon,Зарафшон,Зарафшон
203697154,1706230,1706230030,20100005,Arna,Арна,Арна
205789844,1706215,1706215058,20110014,Bo‘lakiyon,Бўлакиён,Бўлакиён
204490214,1706215,1706215008,20110036,Ko'lijabbor,Кўлижаббор,Кулижаббор
204490246,1706215,1706215046,20110031,Qaraxoni,Қарахони,Қарахони
204495548,1706215,1706215015,20110058,Soxibiyon,Сохибиён,Сохибиён
202951037,1706215,1706215062,20110027,Zarangari,Зарангари,Зарангари
204490261,1706215,1706215071,20110059,Tavarriyon,Таварриён,Таварриён
202950845,1706215,1706215064,20110038,Qo‘rg‘on,Қўрғон,Қўрғон
204495476,1706215,1706215017,20110067,Xavzak,Хавзак,Хавзак
204495516,1706215,1706215036,20110064,O‘zanon,Ўзанон,Ўзанон
202950917,1706215,1706215067,20110046,Nodirabegim,Нодирабегим,Нодирабегим
206963865,1706215,1706215022,20110011,Biyosin,Биёсин,Биёсин
202950995,1706215,1706215053,20110065,Ulfatbibi,Улфатбиби,Улфатбиби
202950900,1706215,1706215023,20110019,Gavshun,Гавшун,Гавшун
204498345,1706215,1706215035,20110063,Todon,Тодон,Тодон
202951020,1706215,1706215059,20110020,Guliston,Гулистон,Гулистон
202950971,1706215,1706215014,20110056,Sarmijon,Сармижон,Сармижон
202952605,1706215,1706215049,20110050,Paxtaobod,Пахтаобод,Пахтаобод
204503117,1706215,1706215041,20110009,Baraka,Барака,Барака
202950877,1706215,1706215074,20110071,Chorsu,Чорсу,Чорсу
205459653,1706215,1706215005,20110026,Jovgari,Жовгари,Жовгари
205788316,1706215,1706215019,20110074,Sho‘rcha,Шўрча,Шўрча
204490278,1706215,1706215007,20110029,Zargaron,Заргарон,Заргарон
204490207,1706215,1706215011,20110040,Labiro‘t,Лабирўт,Лабирўт
204498353,1706215,1706215047,20110048,Oqrabot,Оқработ,Оқработ
207208512,1706215,1706215020,20110075,Yangiobod,Янгиобод,Янгиобод
202950892,1706215,1706215004,20110021,Gulistonobod,Гулистонобод,Гулистонобод
204495524,1706215,1706215002,20110015,Vazirshox,Вазиршох,Вазиршох
206955749,1706215,1706215016,20110061,Taxtaxon,Тахтахон,Тахтахон
207208457,1706215,1706215012,20110001,Obod,Обод,Обод
202950821,1706215,1706215013,20110047,Oqgul,Оқгул,Оқгул
205759920,1706215,1706215003,20110016,Gajdumak,Гаждумак,Гаждумак
204495452,1706215,1706215040,20110008,Baqollar,Бақоллар,Баколлар
204495491,1706215,1706215029,20110043,Mahallamirzayon,Маҳалламирзаён,Маҳалламирзаён
204495469,1706215,1706215043,20110018,G‘ishti,Ғишти,Ғишти
204490239,1706215,1706215024,20110023,Denav,Денав,Денав
202950884,1706215,1706215056,20110002,Abdulla Qaxxor,Абдулла Қаххор,Абдулла Қаххор
202950924,1706215,1706215057,20110012,Bobur,Бобур,Бобур
205808645,1706215,1706215038,20110072,Chog‘alon,Чўғалон,Чўғалон
204498338,1706215,1706215001,20110013,Buktaroy,Буктарой,Буктарой
204495444,1706215,1706215030,20110044,Mirakon,Миракон,Миракон
202950860,1706215,1706215031,20110051,Pozagari,Позагари,Позагари
204520911,1706215,1706215044,20110035,Ko'kcha,Кўкча,Кукча
202950814,1706215,1706215006,20110028,Zarafshon,Зарафшон,Зарафшон
202950806,1706215,1706215072,20110066,Fayzulla Xo‘jayev,Файзулла Хўжаев,Файзулла Хўжаев
204490254,1706215,1706215010,20110033,Qassobon,Қассобон,Кассобон
202950838,1706215,1706215075,20110073,Sharq,Шарқ,Шарқ
204490222,1706215,1706215027,20110037,Qumoq,Қумоқ,Қумоқ
204495484,1706215,1706215034,20110060,Tarxanon,Тарханон,Тарханон
205652897,1706215,1706215037,20110069,Xatcha,Хатча,Хатча
205435461,1706215,1706215042,20110010,Beshtuvo,Бештуво,Бештуво
206825126,1706215,1706215066,20110045,Mustaqillik,Мустақиллик,Мустақиллик
205690162,1706215,1706215025,20110025,Dodarak,Додарак,Додарак
202972572,1706215,1706215068,20110049,Pomo‘za,Помўза,Помўза
204495509,1706215,1706215028,20110041,Mazragan,Мазраган,Мазраган
202950949,1706215,1706215069,20110054,Sarvari,Сарвари,Сарвари
204495437,1706215,1706215032,20110053,Saidkent,Саидкент,Саидкент
205745005,1706215,1706215045,20110034,Qorabog',Қорабоғ,Корабог
206832237,1706215,1706215009,20110039,Ko'shk,Кўшк,Кушк
205770901,1706215,1706215039,20110004,Ayirtom,Айиртом,Айиртом
202950964,1706215,1706215054,20110068,Xalqobod,Халқобод,Халқобод
205784227,1706215,1706215051,20110052,Rostgoʻy,Ростгўй,Ростгуй
204495531,1706215,1706215018,20110070,Chag‘dari,Чағдари,Чағдари
202950956,1706215,1706215055,20110003,Abduxoliq G‘ijduvoniy,Абдухолиқ Ғиждувоний,Абдухолиқ Ғиждувоний
203637948,1706215,1706215060,20110022,Degrezon,Дегрезон,Дегрезон
207294542,1706215,1706215050,20110006,Amirobod,Амиробод,Амиробод
204507324,1706215,1706215052,20110062,Toshloq,Тошлоқ,Тошлоқ
202954049,1706215,1706215073,20110017,G‘alaba,Ғалаба,Ғалаба
205683130,1706215,1706215063,20110030,Kallon,Каллон,Каллон
202950988,1706215,1706215033,20110057,Soktari,Соктари,Соктари
202951013,1706215,1706215021,20110007,Armechan,Армечан,Армечан
204529234,1706246,1706246040,20030052,Yangiobod,Янгиобод,Янгиобод
204529226,1706246,1706246030,20030049,Chorzona,Чорзона,Чорзона
203870184,1706246,1706246003,20030016,Qazoqon,Қазоқон,Қазоқон
202975520,1706246,1706246011,20030007,Denov,Денов,Денов
203875906,1706246,1706246023,20030045,Hazorman,Ҳазорман,Ҳазорман
202975917,1706246,1706246043,20030001,Aleli,Алели,Алели
203875874,1706246,1706246051,20030030,Obod,Обод,Обод
202952620,1706246,1706246001,20030040,Romish,Ромиш,Ромиш
204836288,1706246,1706246049,20030028,Namgoni,Намгони,Намгони
202975892,1706246,1706246046,20030034,Oxshix,Охших,Охших
204529258,1706246,1706246026,20030012,Zangi,Занги,Занги
203875810,1706246,1706246039,20030043,Tobagar,Тобагар,Тобагар
203870177,1706246,1706246013,20030025,Murg‘ak,Мурғак,Мурғак
205588596,1706246,1706246015,20030003,Boliob,Болиоб,Болиоб
202991233,1706246,1706246031,20030018,Qaroli,Қароли,Қароли
203875842,1706246,1706246048,20030013,Zarafshon,Зарафшон,Зарафшон
205588564,1706246,1706246033,20030005,Darveshi,Дарвеши,Дарвеши
205588557,1706246,1706246029,20030002,Bahoriston,Баҳористон,Баҳористон
207210013,1706246,1706246032,20030035,Pahlavon,Паҳлавон,Паҳлавон
202975497,1706246,1706246020,20030038,Po‘loti,Пўлоти,Пўлоти
205588304,1706246,1706246005,20030010,Jamiyat,Жамият,Жамият
201807697,1706246,1706246021,20030048,Xumin,Хумин,Хумин
204529194,1706246,1706246007,20030033,Oqtepa,Оқтепа,Оқтепа
203046457,1706246,1706246010,20030031,Oydin,Ойдин,Ойдин
204836249,1706246,1706246016,20030044,Ushot,Ушот,Ушот
202975884,1706246,1706246038,20030026,Mustaqillik,Мустақиллик,Мустақиллик
203875866,1706246,1706246008,20030004,Dalmunobod,Далмунобод,Далмунобод
204529219,1706246,1706246037,20030032,Oytugdi,Ойтугди,Ойтугди
204529202,1706246,1706246047,20030011,Jondor,Жондор,Жондор
204836256,1706246,1706246019,20030050,Sho‘robod,Шўробод,Шўробод
203870160,1706246,1706246050,20030019,Qovchin,Қовчин,Қовчин
203875827,1706246,1706246034,20030021,Qorovul,Қоровул,Коровул
202975480,1706246,1706246025,20030047,Xumdonak,Хумдонак,Хумдонак
203870153,1706246,1706246002,20030023,Luqmon,Луқмон,Луқмон
207158734,1706246,1706246052,20030042,Tinchlik,Тинчлик,Тинчлик
205588629,1706246,1706246045,20030039,Rabot,Работ,Работ
204836264,1706246,1706246028,20030051,Eronshoh,Эроншох,Эроншох
203875834,1706246,1706246024,20030022,Koʻliyon,Кўлиён,Кулиён
204836271,1706246,1706246036,20030037,Pochchoyi,Поччойи,Поччойи
205588612,1706246,1706246012,20030041,Samonchuq,Самончуқ,Самончуқ
202975513,1706246,1706246004,20030014,Ibn Sino,Ибн Сино,Ибн Сино
202982426,1706246,1706246041,20030029,Nurafshon,Нурафшон,Нурафшон
203870145,1706246,1706246009,20030009,Yosh kuch,Ёш куч,Ёш куч
204529186,1706246,1706246044,20030027,Navgadi,Навгади,Навгади
205588572,1706246,1706246027,20030046,Xo‘jaxayron,Хўжахайрон,Хўжахайрон
204529241,1706246,1706246017,20030020,Qozikenti,Қозикенти,Қозикенти
202987822,1706246,1706246006,20030024,Mirzayon,Мирзаён,Мирзаён
203875859,1706246,1706246035,20030008,Dovud,Довуд,Довуд
202972636,1706246,1706246018,20030017,Qalmoq,Қалмоқ,Қалмоқ
205588604,1706246,1706246014,20030015,Istiqlol,Истиқлол,Истиқлол
204208941,1706212,1706212015,20020021,Mo‘minobod,Мўминобод,Мўминобод
204160370,1706212,1706212028,20020044,Xayrxush,Хайрхуш,Хайрхуш
204170288,1706212,1706212013,20020012,Kosari,Косари,Косари
204165902,1706212,1706212036,20020043,Shohnigor,Шоҳнигор,Шоҳнигор
205666364,1706212,1706212010,20020020,Mirvoshi,Мирвоши,Мирвоши
204065250,1706212,1706212029,20020032,Xayrobod,Хайробод,Хайробод
202907857,1706212,1706212042,20020010,Istiqlol,Истиқлол,Истиқлол
204165894,1706212,1706212007,20020016,Kolxatib,Кўлхатиб,Кўлхатиб
204065228,1706212,1706212001,20020026,Rozmoz,Розмоз,Розмоз
204065195,1706212,1706212008,20020028,Sofidexqon,Софидехқон,Софидехкон
204065235,1706212,1706212025,20020022,Nayman,Найман,Найман
204065243,1706212,1706212012,20020031,Xajuvon,Хажувон,Хажувон
202907840,1706212,1706212037,20020005,Vobkent,Вобкент,Вобкент
204065171,1706212,1706212032,20020033,Xalach,Халач,Халач
204276012,1706212,1706212011,20020035,Changaron,Чангарон,Чангарон
204302027,1706212,1706212002,20020017,Kumushkent,Кумушкент,Кумушкент
204233951,1706212,1706212009,20020038,Cho‘rikalon,Чўрикалон,Чўрикалон
206847161,1706212,1706212021,20020001,Anjirbog‘,Анжирбоғ,Анжирбоғ
202907833,1706212,1706212040,20020009,Do‘stlik,Дўстлик,Дўстлик
204065188,1706212,1706212005,20020029,Teraklik,Тераклик,Тераклик
205663962,1706212,1706212026,20020011,Qatag‘an,Қатаған,Қатаған
205702572,1706212,1706212023,20020023,Niyozxo‘ja,Ниёзхўжа,Ниёзхўжа
204310856,1706212,1706212020,20020014,Koliodina,Колиодина,Колиодина
204165919,1706212,1706212031,20020040,Shanba,Шанба,Шанба
202907872,1706212,1706212041,20020018,Quruvchi,Қурувчи,Қурувчи
204167488,1706212,1706212018,20020007,Guliston,Гулистон,Гулистон
204065211,1706212,1706212016,20020013,Qo‘qin,Қўқин,Қўқин
204194424,1706212,1706212033,20020008,Diyor,Диёр,Диёр
204065267,1706212,1706212022,20020019,Latifsobungar,Латифсобунгар,Латифсобунгар
204065204,1706212,1706212019,20020004,Bozorjoyi,Бозоржойи,Бозоржойи
205663954,1706212,1706212030,20020030,O‘zbakon,Ўзбакон,Ўзбакон
204247958,1706212,1706212024,20020039,Shakarkent,Шакаркент,Шакаркент
204065274,1706212,1706212034,20020041,Shirin,Ширин,Ширин
202907864,1706212,1706212038,20020036,Charmgaron,Чармгарон,Чармгарон
205664028,1706212,1706212004,20020027,Sariosiyo,Сариосиё,Сариосиё
205701448,1706212,1706212014,20020003,Beshrabot,Бешработ,Бешработ
204173663,1706212,1706212003,20020034,Xo'jarabot,Хўжаработ,Хужаработ
202907896,1706212,1706212043,20020015,Kulolchi,Кулолчи,Кулолчи
204097092,1706212,1706212027,20020024,Ponob,Поноб,Поноб
202320275,1706401,1706401064,20120041,Otbozor,Отбозор,Отбозор
205748508,1706401,1706401061,20120011,Bog‘idasht,Боғидашт,Боғидашт
203035050,1706401,1706401052,20120007,Avshor mahalla,Авшор маҳалла,Авшор махалла
202325839,1706401,1706401037,20120006,Amir Temur,Амир Темур,Амир Темур
203894559,1706401,1706401046,20120019,Do‘stlik,Дўстлик,Дўстлик
202301433,1706401,1706401025,20120031,Sitorai moxi xossa,Ситораи мохи хосса,Ситораи мохи хосса
203032277,1706401,1706401053,20120029,Maxmud Tarobiy,Махмуд Таробий,Махмуд Тароби
203402156,1706401,1706401004,20120005,Alisher Navoiy,Алишер Навоий,Алишер Навоий
203310990,1706401,1706401010,20120002,Abdurauf Fitrat,Абдурауф Фитрат,Абдурауф Фитрат
204101142,1706401,1706401044,20120049,To‘qimachi,Тўқимачи,Тўқимачи
202909878,1706401,1706401020,20120030,Ulug‘bek,Улуғбек,Улуғбек
203641643,1706401,1706401038,20120042,Piridastgir,Пиридастгир,Пиридастгир
202338133,1706401,1706401019,20120051,Fayzullo Xo‘jayev,Файзулло Хўжаев,Файзулло Хўжаев
202301346,1706401,1706401009,20120021,Jalol Ikromiy,Жалол Икромий,Жалол Икромий
204960809,1706401,1706401045,20120052,Foshun,Фошун,Фошун
202301339,1706401,1706401006,20120026,Ko‘kaldosh,Кўкалдош,Кўкалдош
202889754,1706401,1706401022,20120058,Chorbaxossa,Чорбахосса,Чорбахосса
203579964,1706401,1706401055,20120046,Sadriddin Ayniy,Садриддин Айний,Садриддин Айний
204103091,1706401,1706401041,20120017,Gulshan,Гулшан,Гулшан
202301378,1706401,1706401031,20120065,Yangiobod,Янгиобод,Янгиобод
202301440,1706401,1706401011,20120045,Sa’di Sheroziy,Саъди Шерозий,Саъди Шерозий
203284272,1706401,1706401003,20120053,Furkat,Фуркат,Фуркат
205781706,1706401,1706401057,20120010,Bixishtiyon,Бихиштиён,Бихиштиён
203702867,1706401,1706401042,20120013,Varaxsha,Варахша,Варахша
203359960,1706401,1706401049,20120035,Navbahor,Навбахор,Навбахор
203044547,1706401,1706401039,20120064,Shodlik,Шодлик,Шодлик
203631900,1706401,1706401036,20120023,Zarafshon,Зарафшон,Зарафшон
202301314,1706401,1706401013,20120022,Jo‘bor,Жўбор,Жўбор
202313133,1706401,1706401017,20120047,Sobir Raximov,Собир Рахимов,Собир Рахимов
203284233,1706401,1706401023,20120027,Ko‘ksaroy,Кўксарой,Кўксарой
205805665,1706401,1706401063,20120059,Shayxon,Шайхон,Шайхон
205835336,1706401,1706401062,20120001,Abduloyi Sifatmuniy,Абдулойи Сифатмуний,Абдулойи Сифатмуний
202301385,1706401,1706401001,20120033,Muxammad Narshaxiy,Мухаммад Наршахий,Мухаммад Наршахий
204099557,1706401,1706401047,20120025,Istiqlol,Истиқлол,Истиқлол
202588504,1706401,1706401043,20120040,Olim Xo‘jayev,Олим Хўжаев,Олим Хўжаев
202393082,1706401,1706401027,20120061,Sharq yulduzi,Шарқ юлдузи,Шарқ юлдузи
203380383,1706401,1706401034,20120036,Navro‘z,Наврўз,Наврўз
202301361,1706401,1706401030,20120054,Havzi-nav,Ҳавзи-нав,Хавзи-нав
202889761,1706401,1706401024,20120060,Shayxul Olam,Шайхул Олам,Шайхул Олам
202301425,1706401,1706401007,20120024,Imom Al-Buxoriy,Имом Ал-Бухорий,Имом Аль-Бухори
202408963,1706401,1706401029,20120016,Gulchorbog‘,Гулчорбоғ,Гулчорбоғ
203269836,1706401,1706401050,20120037,Namozgoh,Намозгоҳ,Намозгоҳ
205819133,1706401,1706401059,20120039,Oybek,Ойбек,Ойбек
202354011,1706401,1706401026,20120050,Turkiy jandi,Туркий жанди,Турки жанди
202320212,1706401,1706401016,20120034,Muxtor Ashrafiy,Мухтор Ашрафий,Мухтор Ашрафий
204099572,1706401,1706401054,20120028,Losha,Лоша,Лоша
205748515,1706401,1706401058,20120048,Toshmachit,Тошмачит,Тошмачит
202325846,1706401,1706401012,20120057,Xoʻja Gunjoriy,Хўжа Гунжорий,Хужа Гунжорий
202407695,1706401,1706401032,20120015,Guliston,Гулистон,Гулистон
202408955,1706401,1706401028,20120032,Mutavakkil Burxonov,Мутаваккил Бурхонов,Мутаваккил Бурхонов
204842463,1706401,1706401033,20120003,Abdulholiq G‘ijduvoniy,Абдулҳолиқ Ғиждувоний,Абдулҳолиқ Ғиждувоний
205757274,1706401,1706401060,20120056,Xo‘jamushkin,Хўжамушкин,Хўжамушкин
202301457,1706401,1706401018,20120018,Dilkusho,Дилкушо,Дилкушо
203666990,1706401,1706401035,20120012,Bunyodkor,Бунёдкор,Бунёдкор
203284240,1706401,1706401008,20120055,Hamid Olimjon,Ҳамид Олимжон,Ҳамид Олимжон
202900108,1706401,1706401015,20120038,Nizomiy Ganjaviy,Низомий Ганжавий,Низомий Ганжавий
203663552,1706401,1706401051,20120009,Bahouddin Naqshband,Баҳоуддин Нақшбанд,Баҳоуддин Нақшбанд
203337799,1706401,1706401002,20120044,Sayfiddin Baxorziy,Сайфиддин Бахорзий,Сайфиддин Бахорзий
202301322,1706401,1706401005,20120014,G‘afur G‘ulom,Ғафур Ғулом,Ғафур Ғулом
204099540,1706401,1706401048,20120020,Yoshlik,Ёшлик,Ёшлик
202889785,1706401,1706401065,20120063,Shirbudin,Ширбудин,Ширбудин
203369119,1706401,1706401040,20120043,Razzoq Xamraev,Раззоқ Хамраев,Раззок Хамраев
202903934,1706401,1706401021,20120062,Shergiron,Шергирон,Шергирон
202459379,1706401,1706401014,20120004,Abu Ali Ibn Sino,Абу Али Ибн Сино,Абу Али Ибн Сино
204858767,1706401,1706401056,20120008,Ahmad Donish,Ахмад Дониш,Ахмад Дониш
203822401,1706204,1706204008,20050019,Koʻl-Chovdur,Кўл-Човдур,Кул-Човдур
202922436,1706204,1706204004,20050026,Kattabayot,Каттабаёт,Каттабаёт
204325876,1706204,1706204030,20050006,Burjoq,Буржоқ,Буржоқ
205403407,1706204,1706204017,20050010,Davlatboy,Давлатбой,Давлатбой
204306757,1706204,1706204033,20050012,Dilkor,Дилкор,Дилкор
203822361,1706204,1706204029,20050014,Jayhunobod,Жайхунобод,Жайхунобод
204424183,1706204,1706204006,20050017,Qirtay,Қиртай,Қиртай
202922412,1706204,1706204014,20050011,Denov,Денов,Денов
203243663,1706204,1706204020,20050038,Eski Olot,Эски Олот,Эски Олот
203822393,1706204,1706204002,20050021,Muxtor,Мухтор,Мухтор
206833204,1706204,1706204012,20050030,Usmonshayx,Усмоншайх,Усмоншайх
203822346,1706204,1706204015,20050023,Nurobod,Нуробод,Нуробод
203822378,1706204,1706204003,20050003,Bayot,Баёт,Баёт
206833211,1706204,1706204013,20050013,Yosh botir,Ёш ботир,Ёш ботир
203822354,1706204,1706204023,20050034,Xidreyli,Хидрейли,Хидрейли
203822339,1706204,1706204011,20050002,Asajam,Асажам,Асажам
202566530,1706204,1706204038,20050032,Xalifa,Халифа,Халифа
204378984,1706204,1706204022,20050009,G‘anchi chandir,Ғанчи чандир,Ғанчи чандир
205403399,1706204,1706204016,20050027,Pichoqchi,Пичоқчи,Пичоқчи
204764759,1706204,1706204007,20050031,O‘zbekiston,Ўзбекистон,Ўзбекистон
204322532,1706204,1706204001,20050036,Chovdur,Човдур,Човдур
202922483,1706204,1706204025,20050028,Soyinqorovul,Сойинқоровул,Сойинқоровул
301658058,1706204,1706204027,20050024,Oq-Oltin,Оқ-Олтин,Ок-Олтин
202922475,1706204,1706204009,20050016,Qirlishon,Қирлишон,Қирлишон
204514245,1706204,1706204031,20050029,Soloqorovul,Солоқоровул,Солокоровул
204429517,1706204,1706204035,20050037,Shayxlar,Шайхлар,Шайхлар
205573054,1706204,1706204024,20050007,Bo‘ston,Бўстон,Бўстон
204306740,1706204,1706204034,20050035,Xosabo'yi,Хосабўйи,Хосабўйи
204378977,1706204,1706204021,20050008,Bo‘ribek chandir,Бўрибек чандир,Бўрибек чандир
203822385,1706204,1706204032,20050025,Opshoq,Опшоқ,Опшоқ
203967807,1706204,1706204037,20050005,Bunyodkor,Бунёдкор,Бунёдкор
204967591,1706204,1706204026,20050001,Arabxona,Арабхона,Арабхона
302862327,1706204,1706204019,20050022,Navro'z,Наврўз,Наврўз
206834961,1706204,1706204005,20050018,Qumkashon,Қумкашон,Қумкашон
204322549,1706204,1706204036,20050015,Kesakli,Кесакли,Кесакли
202638883,1708401,1708401010,13130031,Xayraobod,Хайраобод,Хайраобод
202638947,1708401,1708401005,13130009,Bobur,Бобур,Бобур
202638923,1708401,1708401003,13130018,Nurliobod,Нурлиобод,Нурлиобод
202638962,1708401,1708401018,13130029,O‘ratepalik,Ўратепалик,Уратепалик
202639043,1708401,1708401033,13130002,Amir Temur,Амир Темур,Амир Темур
202639067,1708401,1708401031,13130008,Zargarlik,Заргарлик,Заргарлик
202639074,1708401,1708401001,13130011,Ittifoq,Иттифоқ,Иттифок
206072850,1708401,1708401007,13130005,Do‘stlik,Дўстлик,Дустлик
202638915,1708401,1708401019,13130022,Ravalliq,Раваллиқ,Раваллик
203125778,1708401,1708401022,13130020,Oqqoʻrgʻonlik,Оққўрғонлик,Оккургонлик
202638908,1708401,1708401021,13130021,Olmazor,Олмазор,Олмазор
202639114,1708401,1708401013,13130014,Kimyogar,Кимёгар,Кимёгар
202638954,1708401,1708401032,13130025,Sangzor,Сангзор,Сангзор
202638868,1708401,1708401002,13130006,Yoshlik,Ёшлик,Ёшлик
202639107,1708401,1708401023,13130010,Zilol,Зилол,Зилол
202639011,1708401,1708401014,13130015,Madaniyat,Маданият,Маданият
202639028,1708401,1708401025,13130013,Qassoblik,Қассоблик,Кассоблик
202638930,1708401,1708401009,13130001,Alisher Navoiy,Алишер Навоий,Алишер Навоий
202638836,1708401,1708401029,13130034,Shodlik,Шодлик,Шодлик
202639082,1708401,1708401028,13130023,Sayiljoyi,Сайилжойи,Сайилжойи
202638829,1708401,1708401016,13130033,Hamid Olimjon,Ҳамид Олимжон,хамид Олимжон
202639099,1708401,1708401012,13130019,Obod,Обод,Обод
202639050,1708401,1708401026,13130027,Toshloq,Тошлоқ,Тошлок
202638875,1708401,1708401006,13130016,Ulugbek,Улугбeк,Улугбeк
202638979,1708401,1708401017,13130030,Uchariq,Учариқ,Учарик
202638890,1708401,1708401011,13130026,Tinchlik,Тинчлик,Тинчлик
202638986,1708401,1708401004,13130012,Qaliya,Қалия,Калия
202639004,1708401,1708401020,13130032,Xalqaobod,Халқаобод,Халкаобод
202639122,1708401,1708401034,13130003,Bogʻishamol,Боғишамол,Богишамол
207015286,1708401,1708401008,13130004,Bunyodkor,Бунёдкор,Бунёдкор
202638851,1708401,1708401030,13130017,Navro‘z,Наврўз,Навруз
202638844,1708401,1708401024,13130007,Jizzaxlik,Жиззахлик,Жиззахлик
202638994,1708401,1708401027,13130028,Turon,Турон,Турон
202639035,1708401,1708401015,13130024,Sayxan,Сайхан,Сайхан
207193921,1708212,1708212021,13040021,Nurafshon,Нурафшон,Нурафшон
207198044,1708212,1708212032,13040013,Qorayantoq,Қораянтоқ,Кораянток
207193960,1708212,1708212007,13040002,Bo'ston,Бўстон,Бустон
207193914,1708212,1708212048,13040045,Yangihayot,Янгиҳаёт,Янгиxаёт
207194564,1708212,1708212013,13040030,So'gdiyona,Сўгдиёна,Сугдиёна
207193938,1708212,1708212004,13040034,Toshkentlik,Тошкентлик,Тошкентлик
204947735,1708212,1708212001,13040012,Qaxramon,Қахрамон,Кахрамон
207193953,1708212,1708212003,13040017,Qo‘shko‘prik,Қўшкўприк,Кушкуприк
207210923,1708212,1708212002,13040008,Istiqlol,Истиқлол,Истиклол
305148602,1708212,1708212031,13040018,Madaniyat,Маданият,Маданият
204994590,1708212,1708212023,13040033,Toqchilik,Тоқчилик,Токчилик
207209946,1708212,1708212027,13040007,Ziyokor,Зиёкор,Зиёкор
206992989,1708212,1708212039,13040042,Sharilloq,Шариллоқ,Шариллок
207193945,1708212,1708212005,13040019,Mulkanlik,Мулканлик,Мулканлик
207237414,1708212,1708212017,13040023,Olmachi,Олмачи,Олмачи
207223638,1708212,1708212026,13040037,Uchtepa,Учтепа,Учтепа
207237073,1708212,1708212035,13040038,Fayziobod,Файзиобод,Файзиобод
207237065,1708212,1708212034,13040035,Tuyoqli,Туёқли,Туёкли
207193984,1708212,1708212010,13040048,Yaxtanlik,Яхтанлик,Яхтанлик
305137924,1708212,1708212009,13040031,Taraqqiyot,Тараққиёт,Тараккиёт
207124000,1708212,1708212019,13040024,Pastki suloqli ,Пастки сулоқли ,Пастки сулокли 
207194524,1708212,1708212020,13040009,Qang'li,Қанғли,Кангли
207209939,1708212,1708212028,13040039,Xavastlik,Хавастлик,Хавастлик
207237058,1708212,1708212033,13040022,Oqtosh ota,Оқтош ота,Октош ота
207193881,1708212,1708212037,13040040,Xayrabod,Хайрабод,Хайрабод
305218894,1708212,1708212040,13040005,Yoshlik,Ёшлик,Ёшлик
207223645,1708212,1708212045,13040025,Rabot,Работ,Работ
305210827,1708212,1708212046,13040032,Tinchlik,Тинчлик,Тинчлик
207193977,1708212,1708212047,13040047,Yangiobod,Янгиобод,Янгиобод
207209961,1708212,1708212030,13040029,Soungarlik,Соунгарлик,Соунгарлик
207237406,1708212,1708212018,13040003,Gʻozgʻontepa,Ғозғонтепа,Гозгонтепа
207195285,1708212,1708212043,13040036,Umar,Умар,Умар
207194556,1708212,1708212038,13040011,Kattaqishloq,Каттақишлоқ,Каттакишлок
207210614,1708212,1708212011,13040043,Eski toshkentlik,Эски тошкeнтлик,Эски тошкeнтлик
207193906,1708212,1708212014,13040014,Kuyovboshi,Куёвбоши,Куёвбоши
305150174,1708212,1708212036,13040001,Bobur,Бобур,Бобур
207193898,1708212,1708212012,13040015,Qulpisar,Қулписар,Кулписар
207228994,1708212,1708212006,13040010,Qatortol,Қатортол,Катортол
207193874,1708212,1708212022,13040004,Yoyilma,Ёйилма,Ёйилма
201432492,1708212,1708212042,13040027,Samarqand-quduq,Самарқанд-қудуқ,Самарканд-кудук
207194549,1708212,1708212025,13040044,Yakka qayrag'och,Якка қайрағоч,Якка кайрагоч
207196957,1708212,1708212008,13040028,Saraylik,Сарайлик,Сарайлик
207212294,1708212,1708212016,13040041,Xalqobod,Халқобод,Халкобод
204988717,1708212,1708212024,13040026,Ravalliq,Раваллиқ,Раваллик
305148863,1708212,1708212015,13040046,Yangi-Diyor,Янги-Диёр,Янги-Диёр
203841884,1708212,1708212041,13040016,Korpasoy,Корпасой,Корпасой
207209954,1708212,1708212029,13040006,Jizzaxlik,Жиззахлик,Жиззахлик
207196940,1708212,1708212044,13040020,Nonisangil,Нонисангил,Нонисангил
202540904,1708223,1708223009,13090011,O‘zbekiston,Ўзбекистон,Узбекистон
202540833,1708223,1708223006,13090005,Yerjar,Ержар,Ержар
202540912,1708223,1708223008,13090009,Paxtazor,Пахтазор,Пахтазор
202540857,1708223,1708223010,13090004,Do‘stlik,Дўстлик,Дустлик
202540825,1708223,1708223007,13090002,G‘alaba,Ғалаба,Галаба
202540889,1708223,1708223011,13090010,Toshkent,Тошкент,Тошкент
202540929,1708223,1708223005,13090001,Bog‘bon,Боғбон,Богбон
202540896,1708223,1708223001,13090012,Yangidala,Янгидала,Янгидала
200340577,1708223,1708223012,13090003,Gulzor,Гулзор,Гулзор
202540864,1708223,1708223002,13090006,Ipak Yoli ,Ипак Йоли ,Ипак Йоли 
202540872,1708223,1708223004,13090007,Mirzadala,Мирзадала,Мирзадала
202540840,1708223,1708223003,13090008,Mustaqillik,Мустақиллик,Мустакиллик
202940192,1708215,1708215011,13050002,Bog‘zor,Боғзор,Богзор
202940098,1708215,1708215004,13050012,Chinobod,Чинобод,Чинобод
202940145,1708215,1708215005,13050005,Qahramon,Қаҳрамон,Каxрамон
202940160,1708215,1708215008,13050011,Saritepa,Саритепа,Саритепа
202940106,1708215,1708215001,13050001,Alisher Navoiy,Алишер Навоий,Алишер Навоий
202940184,1708215,1708215012,13050007,Mevazor,Мевазор,Мевазор
202940081,1708215,1708215007,13050004,G‘afur G‘ulom,Ғафур Ғулом,Гафур Гулом
202940138,1708215,1708215003,13050006,Manas,Манас,Манас
202940153,1708215,1708215006,13050009,Oltin vodiy,Олтин водий,Олтин Водий
202940177,1708215,1708215009,13050003,Bunyodkor,Бунёдкор,Бунёдкор
202940114,1708215,1708215010,13050010,Sanoatchilar,Саноатчилар,Саноатчилар
202940121,1708215,1708215002,13050008,Navro‘z,Наврўз,Навруз
202863541,1708228,1708228013,13100005,Do‘stlik,Дўстлик,Дустлик
201740885,1708228,1708228012,13100008,Oqbuloq,Оқбулоқ,Окбулок
202861687,1708228,1708228004,13100012,Samarqand,Самарқанд,Самарканд
307142349,1708228,1708228010,13100007,Nurli-Pangat,Нурли-Пангат,Нурли-Пангат
201740893,1708228,1708228001,13100002,Buyuk Ipak yo‘li,Буюк Ипак йўли,Буюк Ипак Йули
202861703,1708228,1708228003,13100014,Toshkent,Тошкент,Тошкент
202382792,1708228,1708228007,13100013,Suvonobod,Сувонобод,Сувонобод
201455464,1708228,1708228002,13100015,Chamanzor,Чаманзор,Чаманзор
202861694,1708228,1708228015,13100010,Oltinko‘l,Олтинкўл,Олтинкул
201740878,1708228,1708228005,13100011,Paxtakor,Пахтакор,Пахтакор
201455488,1708228,1708228008,13100001,Bog‘ishamol,Боғишамол,Богишамол
201740901,1708228,1708228006,13100009,Olmazor,Олмазор,Олмазор
202863565,1708228,1708228011,13100004,Dilorom,Дилором,Дилором
201455471,1708228,1708228009,13100006,Mingchinor,Мингчинор,Мингчинор
202863558,1708228,1708228014,13100003,G‘alaba,Ғалаба,Галаба
203689456,1708201,1708201008,13010002,Bobur,Бобур,Бобур
202878736,1708201,1708201011,13010004,G‘oliblar,Ғолиблар,Голиблар
202782224,1708201,1708201003,13010007,Do‘stlik,Дўстлик,Дустлик
204968915,1708201,1708201006,13010011,Chinobod,Чинобод,Чинобод
206839836,1708201,1708201009,13010005,G‘ofur G‘ulom,Ғофур Ғулом,Гофур Гулом
202782191,1708201,1708201010,13010009,Oltin vodiy,Олтин водий,Олтин водий
202782248,1708201,1708201013,13010003,Bo‘ston,Бўстон,Бустон
203990867,1708201,1708201012,13010001,Baxtli,Бахтли,Бахтли
202782231,1708201,1708201002,13010012,Cho‘lquvar,Чўлқувар,Чулкувар
202782209,1708201,1708201005,13010013,Yangibo‘ston,Янгибўстон,Янгибустон
204154282,1708201,1708201001,13010010,Tinchlik,Тинчлик,Тинчлик
202863368,1708218,1708218010,13080004,Birlik,Бирлик,Бирлик
202886853,1708218,1708218030,13080011,Duoba,Дуоба,Дуоба
202863390,1708218,1708218003,13080027,Taraqqiyot,Тараққиёт,Тараккиёт
202863329,1708218,1708218007,13080036,Sharof Rashidov,Шароф Рашидов,Шароф Рашидов
207089804,1708218,1708218018,13080012,Yoshlik,Ёшлик,Ёшлик
207015040,1708218,1708218035,13080018,Mustaqillik,Мустақиллик,Мустакиллик
202876010,1708218,1708218002,13080015,Qayirma,Қайирма,Кайирма
202862979,1708218,1708218023,13080001,Baxt,Бахт,Бахт
202943244,1708218,1708218032,13080023,Obi-Hayot,Оби-Ҳаёт,Оби-Хаёт
202862986,1708218,1708218026,13080021,Nurafshon,Нурафшон,Нурафшон
202943212,1708218,1708218034,13080008,G‘allakor,Ғаллакор,Галлакор
202886838,1708218,1708218016,13080026,Peshog'or ,Пeшоғор ,Пeшогор 
202873047,1708218,1708218011,13080003,Beshkubi,Бешкуби,Бешкуби
203471959,1708218,1708218015,13080017,Qo‘shtol,Қўштол,Куштол
202873008,1708218,1708218021,13080002,Beruniy,Беруний,Беруний
207191268,1708218,1708218033,13080035,Chorvador,Чорвадор,Чорвадор
202886860,1708218,1708218012,13080010,Gulshan,Гулшан,Гулшан
202943204,1708218,1708218014,13080020,Navoiy,Навоий,Навоий
202863336,1708218,1708218006,13080032,Xalqobod,Халқобод,Халкобод
203456484,1708218,1708218031,13080014,Istiqlol,Истиқлол,Истиклол
202862962,1708218,1708218020,13080030,Ulug‘bek,Улуғбек,Улугбек
202863304,1708218,1708218008,13080016,Qo‘rg‘on,Қўрғон,Кургон
207111208,1708218,1708218036,13080028,Turkman,Туркман,Туркман
309336594,1708218,1708218038,13080039,Nihol,Ниҳол,Ниxол
203509568,1708218,1708218028,13080009,Guliston,Гулистон,Гулистон
203509551,1708218,1708218029,13080034,Chilonzor,Чилонзор,Чилонзор
202943283,1708218,1708218022,13080031,O‘zbekiston,Ўзбекистон,Узбекистон
203471966,1708218,1708218017,13080038,Yuksalish,Юксалиш,Юксалиш
202863344,1708218,1708218004,13080024,Oqtepa,Оқтепа,Октепа
202873023,1708218,1708218025,13080006,Bunyodkor,Бунёдкор,Бунёдкор
202873015,1708218,1708218027,13080025,Pahtakor,Паҳтакор,Пахтакор
202863296,1708218,1708218001,13080005,Bog‘ishamol,Боғишамол,Богишамол
206849396,1708218,1708218013,13080022,Nurlikent,Нурликент,Нурликент
202863312,1708218,1708218005,13080019,Navbaxor,Навбахор,Навбахор
202810045,1708218,1708218019,13080037,Shirin,Ширин,Ширин
202873054,1708218,1708218024,13080033,Xamid Olimjon,Хамид Олимжон,Хамид Олимжон
309338236,1708218,1708218039,13080040,Farovon,Фаровон,Фаровон
207130785,1708218,1708218037,13080029,To‘rttom,Тўрттом,Турттом
202863351,1708218,1708218009,13080007,G'.G'ulom ,Ғ.Ғулом ,Г.Гулом 
202919343,1708204,1708204002,13020023,Saroy,Сарой,Сарой
202927420,1708204,1708204001,13020021,Oqtosh,Оқтош,Октош
202927444,1708204,1708204017,13020008,Do‘stlik,Дўстлик,Дустлик
202791079,1708204,1708204013,13020020,Oyqor,Ойқор,Ойкор
202919335,1708204,1708204030,13020026,Uzunbuloq,Узунбулоқ,Узунбулок
207338249,1708204,1708204024,13020009,Istiqlol,Истиқлол,Истиклол
207338256,1708204,1708204032,13020029,Fayzabod ,Файзабод ,Файзабод 
202711460,1708204,1708204025,13020027,O‘smat,Ўсмат,Усмат
202919328,1708204,1708204022,13020018,Nurafshon,Нурафшон,Нурафшон
309568916,1708204,1708204033,13020033,Nurobod,Нуробод,Нуробод
204459170,1708204,1708204029,13020031,Shodlik,Шодлик,Шодлик
202927437,1708204,1708204007,13020015,Mustaqillik,Мустақиллик,Мустакиллик
203577209,1708204,1708204019,13020030,Fidokor,Фидокор,Фидокор
203557106,1708204,1708204012,13020019,Nushkent,Нушкент,Нушкент
310537211,1708204,1708204034,13020034,Muzbel,Музбел,Музбел
203844002,1708204,1708204023,13020032,Yangibog‘,Янгибоғ,Янгибог
202776451,1708204,1708204020,13020001,Barlos,Барлос,Барлос
202919382,1708204,1708204026,13020007,Gulbuloq,Гулбулоқ,Гулбулок
310367219,1708204,1708204014,13020005,Vatanparvar,Ватанпарвар,Ватанпарвар
202924314,1708204,1708204021,13020025,Tongotar,Тонготар,Тонготар
207301746,1708204,1708204008,13020012,Davlat,Давлат,Давлат
207301739,1708204,1708204016,13020028,O‘rmonchi,Ўрмончи,Урмончи
202919374,1708204,1708204006,13020017,Novqa,Новқа,Новка
202711445,1708204,1708204009,13020010,Qutlug‘obod,Қутлуғобод,Кутлугобод
203553769,1708204,1708204011,13020014,Muzbuloq,Музбулоқ,Музбулок
202919367,1708204,1708204028,13020004,Bunyodkor,Бунёдкор,Бунёдкор
202791062,1708204,1708204010,13020002,Baxmal,Бахмал,Бахмал
204370394,1708204,1708204031,13020011,Madaniyat,Маданият,Маданият
202924339,1708204,1708204003,13020022,Sangzor,Сангзор,Сангзор
202924307,1708204,1708204005,13020013,Mo‘g‘ol,Мўғол,Мугол
206839986,1708204,1708204004,13020006,G‘allakon,Ғаллакон,Галлакон
202919350,1708204,1708204027,13020016,Navbahor,Навбаҳор,Навбаxор
207301722,1708204,1708204015,13020024,Temirqadam,Темирқадам,Темиркадам
202956235,1708204,1708204018,13020003,Bog‘ishamol,Боғишамол,Богишамол
310250602,1708209,1708209033,13030033,Nurafshon,Нурафшон,Нурафшон
304149926,1708209,1708209025,13030015,Ko‘kgumbaz,Кўкгумбаз,Кукгумбаз
202305087,1708209,1708209002,13030005,G‘o‘bdin,Ғўбдин,Губдин
310247153,1708209,1708209031,13030031,Uzunbuloq,Узунбулоқ,Узунбулок
207124404,1708209,1708209018,13030011,Qipchoqsuv,Қипчоқсув,Кипчоксув
202814395,1708209,1708209016,13030009,Jiydali,Жийдали,Жийдали
202693191,1708209,1708209009,13030004,G‘ofur G‘ulom,Ғофур Ғулом,Гофур Гулом
207148019,1708209,1708209019,13030016,Lalmikor,Лалмикор,Лалмикор
202814332,1708209,1708209007,13030029,Xonimqo‘rg‘on,Хонимқўрғон,Хонимкургон
203168265,1708209,1708209020,13030018,Marjonbuloq,Маржонбулоқ,Маржонбулок
202814349,1708209,1708209008,13030003,Buloqboshi,Булоқбоши,Булокбоши
310247328,1708209,1708209030,13030030,Yashnaobod,Яшнаобод,Яшнаобод
202685565,1708209,1708209023,13030002,Baxt,Бахт,Бахт
202814404,1708209,1708209022,13030026,Samarqand,Самарқанд,Самарканд
207079262,1708209,1708209013,13030027,Sarbozor,Сарбозор,Сарбозор
202814371,1708209,1708209014,13030028,Tozaurug‘,Тозауруғ,Тозауруг
310249657,1708209,1708209035,13030035,Qangli,Қангли,Кангли
202693216,1708209,1708209004,13030019,Mirzabuloq,Мирзабулоқ,Мирзабулок
207053288,1708209,1708209021,13030023,Oqtosh,Оқтош,Октош
310248935,1708209,1708209032,13030032,Naxroch,Нахроч,Нахроч
202685534,1708209,1708209003,13030008,Do‘stlik,Дўстлик,Дустлик
207083171,1708209,1708209029,13030025,Savruk,Саврук,Саврук
202685526,1708209,1708209001,13030001,Alamli,Аламли,Аламли
207043324,1708209,1708209011,13030010,Qashqabuloq,Қашқабулоқ,Кашкабулок
204524842,1708209,1708209017,13030012,Korizquduq,Коризқудуқ,Коризкудук
202814411,1708209,1708209024,13030014,Ko‘kbuloq,Кўкбулоқ,Кукбулок
202275394,1708209,1708209010,13030006,Guliston,Гулистон,Гулистон
202814435,1708209,1708209005,13030020,Moltob,Молтоб,Молтоб
203841853,1708209,1708209015,13030007,Gulchambar,Гулчамбар,Гулчамбар
202814292,1708209,1708209006,13030021,Mulkush,Мулкуш,Мулкуш
202685541,1708209,1708209028,13030024,Olimlar,Олимлар,Олимлар
202814364,1708209,1708209026,13030013,Qo‘ytosh,Қўйтош,Куйтош
202814428,1708209,1708209027,13030017,Madaniyat,Маданият,Маданият
303093982,1708209,1708209012,13030022,Oqtom,Оқтом,Октом
205708327,1708235,1708235022,13110017,Osmonsoy,Осмонсой,Осмонсой
202867758,1708235,1708235009,13110009,Qoraobdol ota,Қораобдол ота,Кораобдол Ота
202806001,1708235,1708235001,13110002,Bog‘don,Боғдон,Богдон
201411012,1708235,1708235005,13110019,Uxum ,Ухум ,Ухум 
205941885,1708235,1708235002,13110021,Uchma,Учма,Учма
207298022,1708235,1708235004,13110001,Amir Temur,Амир Темур,Амир Темур
204914207,1708235,1708235007,13110011,Mustaqillik,Мустақиллик,Мустакиллик
202805984,1708235,1708235019,13110022,O‘zbekiston,Ўзбекистон,Узбекистон
204914182,1708235,1708235008,13110025,Musoqul Orolov,Мусоқул Оролов,Мусокул Оролов
200340538,1708235,1708235023,13110008,Qizilqum,Қизилқум,Кизилкум
205729024,1708235,1708235014,13110018,Sayyod,Сайёд,Сайёд
207277468,1708235,1708235006,13110005,Do‘stlik,Дўстлик,Дустлик
206817737,1708235,1708235017,13110024,Egizbuloq,Эгизбулоқ,Эгизбулок
205771536,1708235,1708235015,13110015,Oq tepa,Оқ тепа,Ок Тепа
200340688,1708235,1708235021,13110020,Uchquloch,Учқулоч,Учкулоч
303403817,1708235,1708235012,13110006,Ilonli,Илонли,Илонли
206817720,1708235,1708235016,13110016,Oqtom,Оқтом,Октом
200340584,1708235,1708235024,13110004,Darboza,Дарбоза,Дарбоза
202867741,1708235,1708235011,13110003,Garasha,Гараша,Гараша
202806018,1708235,1708235013,13110014,Oybek,Ойбек,Ойбек
207320153,1708235,1708235018,13110013,Nurak,Нурак,Нурак
204914199,1708235,1708235010,13110012,Narvon,Нарвон,Нарвон
205941893,1708235,1708235003,13110010,Qo‘lba,Қўлба,Кулба
202875179,1708235,1708235020,13110023,Xonbandi,Хонбанди,Хонбанди
200340545,1708225,1708225010,13070009,Chimqo‘rg‘on,Чимқўрғон,Чимкургон
202785425,1708225,1708225007,13070005,Nurafshon,Нурафшон,Нурафшон
202795674,1708225,1708225008,13070006,Pistalikent,Писталикент,Писталикент
202795666,1708225,1708225009,13070004,Lolazor,Лолазор,Лолазор
202795476,1708225,1708225003,13070008,Uzun,Узун,Узун
202779455,1708225,1708225002,13070007,Samarqand,Самарқанд,Самарканд
202795484,1708225,1708225005,13070001,Birlik,Бирлик,Бирлик
202795681,1708225,1708225006,13070003,Yorqin,Ёрқин,Ёркин
202762121,1708225,1708225001,13070002,Bo‘ston,Бўстон,Бустон
302894216,1708225,1708225004,13070010,Cho‘liguliston,Чўлигулистон,Чулигулистон
202886877,1708220,1708220003,13060019,Toshkesgan,Тошкесган,Тошкесган
207337867,1708220,1708220014,13060011,Nurobod,Нуробод,Нуробод
202794304,1708220,1708220008,13060024,Yangiobod,Янгиобод,Янгиобод
202886845,1708220,1708220001,13060013,Oqar,Оқар,Окар
203832286,1708220,1708220022,13060010,Nurafshon,Нурафшон,Нурафшон
202794232,1708220,1708220007,13060014,Oqbuloq,Оқбулоқ,Окбулок
204474859,1708220,1708220021,13060008,Navoiy,Навоий,Навоий
203339194,1708220,1708220019,13060001,Adirobod,Адиробод,Адиробод
202794288,1708220,1708220015,13060021,Shodlik,Шодлик,Шодлик
202943236,1708220,1708220004,13060004,Yoshlik,Ёшлик,Ёшлик
202794264,1708220,1708220020,13060017,Tinchlik,Тинчлик,Тинчлик
204474866,1708220,1708220006,13060015,Ravot,Равот,Равот
202794249,1708220,1708220013,13060012,Oybek,Ойбек,Ойбек
203832302,1708220,1708220010,13060016,Taraqqiyot,Тараққиёт,Тараккиёт
202794271,1708220,1708220016,13060003,Do‘stlik,Дўстлик,Дустлик
201454814,1708220,1708220009,13060005,Lalmikor,Лалмикор,Лалмикор
207338232,1708220,1708220002,13060007,Navbahor,Навбаҳор,Навбахор
202794295,1708220,1708220017,13060009,Navro‘z,Наврўз,Навруз
202794256,1708220,1708220005,13060006,Mustaqillik,Мустақиллик,Мустакиллик
201454798,1708220,1708220024,13060020,Sharq Yulduzi,Шарқ Юлдузи,Шарк Юлдузи
206979529,1708220,1708220011,13060022,Yangi Hayot,Янги Ҳаёт,Янги Хаёт
201454781,1708220,1708220018,13060023,Yangikent,Янгикент,Янгикент
201454838,1708220,1708220023,13060002,Andijon,Андижон,Андижон
207124364,1708237,1708237004,13120006,Xoʻjamushkent,Хўжамушкент,Хужамушкент
303068102,1708237,1708237005,13120002,Do‘stlik,Дўстлик,Дустлик
202894360,1708237,1708237007,13120003,Sarmich,Сармич,Сармич
204645620,1708237,1708237008,13120007,Shodlik,Шодлик,Шодлик
202894338,1708237,1708237001,13120008,Yangiobod,Янгиобод,Янгиобод
207124389,1708237,1708237006,13120005,Havotog‘,Ҳавотоғ,Xавотог
202894314,1708237,1708237003,13120001,Balandchaqir,Баландчақир,Баландчакир
207124372,1708237,1708237002,13120004,Sovot,Совот,Совот
202816994,1710401,1710401017,18150005,Batosh,Батош,Батош
202817178,1710401,1710401042,18150055,Cho'lquvar,Чўлқувар,Чулкувар
309166958,1710401,1710401064,18150064,Taraqqiyot,Тараққиёт,Тараккиёт
202461084,1710401,1710401051,18150030,Maxsumobod,Махсумобод,Махсумобод
202810171,1710401,1710401014,18150049,Xaramjuy,Харамжуй,Харамжуй
309174402,1710401,1710401063,18150063,Bunyodkor,Бунёдкор,Бунёдкор
202413769,1710401,1710401023,18150023,Kat,Кат,Кат
202817185,1710401,1710401028,18150058,Shodlik,Шодлик,Шодлик
202791252,1710401,1710401006,18150020,Qarliqxona,Қарлиқхона,Карликхона
202822473,1710401,1710401029,18150059,Shoxbekat,Шохбекат,Шохбекат
202431478,1710401,1710401058,18150053,Chaqar,Чақар,Чакар
202810188,1710401,1710401032,18150004,Aralovul,Араловул,Араловул
202798091,1710401,1710401034,18150013,Gungon,Гунгон,Гунгон
202491095,1710401,1710401025,18150036,Naqshab,Нақшаб,Накшаб
202822513,1710401,1710401003,18150011,Geolog,Геолог,Геолог
202826364,1710401,1710401052,18150034,Navro'z,Наврўз,Навруз
202817099,1710401,1710401038,18150039,Oydin,Ойдин,Ойдин
202684384,1710401,1710401022,18150022,Qarshi,Қарши,Карши
202807657,1710401,1710401057,18150051,Xudoyzod,Худойзод,Худойзод
202512811,1710401,1710401015,18150050,Xontepa,Хонтепа,Хонтепа
202807640,1710401,1710401045,18150003,Aral,Арал,Арал
202808971,1710401,1710401007,18150024,Qilichbek-Qurgʻoncha,Қиличбек-Қурғонча,Киличбек-Кургонча
202589960,1710401,1710401024,18150032,Navo,Наво,Наво
202822497,1710401,1710401041,18150043,Paxtazor,Пахтазор,Пахтазор
202817193,1710401,1710401035,18150018,Qavali,Қавали,Кавали
202791269,1710401,1710401053,18150035,Nasaf,Насаф,Насаф
202810204,1710401,1710401059,18150054,Charmgar,Чармгар,Чармгар
202747305,1710401,1710401013,18150047,Tabassum,Табассум,Табассум
202689053,1710401,1710401047,18150012,Gulshan,Гулшан,Гулшан
202807672,1710401,1710401011,18150029,Mahallot,Маҳаллот,Махаллот
202817154,1710401,1710401037,18150038,Nuriston,Нуристон,Нуристон
202613829,1710401,1710401027,18150048,Temir yulchi,Темир йулчи,Темир йулчи
202817107,1710401,1710401055,18150045,Roguzar,Рогузар,Рогузар
202822480,1710401,1710401036,18150037,Neftchi,Нефтчи,Нефтчи
202491104,1710401,1710401031,18150033,Alisher Navoiy,Алишер Навоий,Алишер Навоий
202686460,1710401,1710401039,18150041,Otchopar,Отчопар,Отчопар
202817004,1710401,1710401049,18150016,Zog'za,Зоғза,Зогза
202564803,1710401,1710401019,18150010,G'.G'ulom,Ғ.Ғулом,Г.Гулом
202817074,1710401,1710401044,18150002,Arabxona,Арабхона,Арабхона
202794343,1710401,1710401026,18150040,Oqtepa,Оқтепа,Октепа
202822505,1710401,1710401048,18150014,Darvozatutak,Дарвозатутак,Дарвозатутак
202491017,1710401,1710401060,18150056,Shayhali,Шайҳали,Шайхали
202817218,1710401,1710401001,18150001,Amir Temur,Амир Темур,Амир Темур
202421134,1710401,1710401008,18150025,Komilon,Комилон,Комилон
202810195,1710401,1710401050,18150027,Qurgʻoncha,Қурғонча,Кургонча
202559064,1710401,1710401010,18150028,Mag'zon,Мағзон,Магзон
202363340,1710401,1710401062,18150061,Eskianxor,Эскианхор,Эскианхор
202817067,1710401,1710401012,18150031,Mustaqillik,Мустақиллик,Мустакиллик
202442812,1710401,1710401020,18150015,Zaxokimaron,Захокимарон,Захокимарон
202491088,1710401,1710401005,18150021,Qarliqbog'ot,Қарлиқбоғот,Карликбогот
202808932,1710401,1710401054,18150044,Ravoq,Равоқ,Равок
204643315,1710401,1710401061,18150057,Shayhali-1,Шайҳали-1,Шайхали-1
202722162,1710401,1710401018,18150008,Buyuk Turon,Буюк Турон,Буюк Турон
202461038,1710401,1710401009,18150026,Kunchiqar,Кунчиқар,Кунчикар
202454719,1710401,1710401033,18150006,Beglar,Беглар,Беглар
202817050,1710401,1710401030,18150060,Shurtangaz,Шўртангаз,Шуртангаз
202807618,1710401,1710401016,18150052,Xo'jaxiyol,Хўжахиёл,Хужахиёл
202810243,1710401,1710401021,18150017,Istiqlol,Истиқлол,Истиклол
202817011,1710401,1710401004,18150019,Kamandi,Каманди,Каманди
202808995,1710401,1710401002,18150009,Bo'ston,Бўстон,Бустон
207106093,1710235,1710235020,18070021,Nurchi,Нурчи,Нурчи
201286564,1710235,1710235006,18070019,Nishon,Нишон,Нишон
202807894,1710235,1710235024,18070023,Obod,Обод,Обод
305549048,1710235,1710235032,18070033,Umr bunyodkori,Умр бунёдкори,Умр бунёдкори
202807808,1710235,1710235028,18070001,Abdulla Qodiriy,Абдулла Қодирий,Абдулла Кодирий
202807879,1710235,1710235015,18070005,Guliston,Гулистон,Гулистон
202807830,1710235,1710235008,18070029,Paxtaobod,Пахтаобод,Пахтаобод
305562319,1710235,1710235012,18070008,Jalajin,Жалажин,Жалажин
202807847,1710235,1710235026,18070006,Do'stlik,Дўстлик,Дустлик
207106039,1710235,1710235018,18070014,Kimyogar,Кимёгар,Кимёгар
201286628,1710235,1710235021,18070027,Paxtazor,Пахтазор,Пахтазор
201286595,1710235,1710235010,18070025,Oq oltin,Оқ олтин,Ок олтин
202807823,1710235,1710235004,18070012,Kaptarli,Каптарли,Каптарли
306176274,1710235,1710235014,18070007,Yoshlar diyori,Ёшлар диёри,Ёшлар диёри
202807886,1710235,1710235027,18070011,Istiqbol,Истиқбол,Истикбол
202807926,1710235,1710235001,18070002,Baynalminal,Байналминал,Байналминал
203942506,1710235,1710235005,18070015,Qirqquloch,Қирққулоч,Кирккулоч
202807902,1710235,1710235033,18070017,Navbahor,Навбаҳор,Навбахор
202807862,1710235,1710235036,18070035,Yuksalish,Юксалиш,Юксалиш
201718095,1710235,1710235030,18070034,Shirinobod,Ширинобод,Ширинобод
306111276,1710235,1710235017,18070009,Janub mash'ali,Жануб машъали,Жануб машъали
207206372,1710235,1710235003,18070004,Gulzor,Гулзор,Гулзор
202807815,1710235,1710235035,18070028,Paxtakor,Пахтакор,Пахтакор
202807941,1710235,1710235031,18070036,Yangiobod,Янгиобод,Янгиобод
201286754,1710235,1710235002,18070003,Balxiyak,Балхияк,Балхияк
306099655,1710235,1710235013,18070013,Katta anhor,Катта анҳор,Катта анхор
305034167,1710235,1710235011,18070026,Orzu bo'stoni,Орзу бўстони,Орзу бустони
201286524,1710235,1710235034,18070018,Navro'z,Наврўз,Навруз
202807919,1710235,1710235022,18070030,Samarqand,Самарқанд,Самарканд
201284930,1710235,1710235019,18070020,Nuriston,Нуристон,Нуристон
201284274,1710235,1710235007,18070024,Oydin,Ойдин,Ойдин
305564229,1710235,1710235016,18070016,Ko'ksoy,Кўксой,Куксой
207106046,1710235,1710235029,18070010,Ibn Sino,Ибн Сино,Ибн Сино
310654146,1710235,1710235038,18070038,Yangi nurchi,Янги нурчи,Янги нурчи
310642407,1710235,1710235040,18070040,Bog'ishamol,Боғишамол,Богишамол
310633077,1710235,1710235037,18070037,Chaman,Чаман,Чаман
310653868,1710235,1710235039,18070039,Bo'ston,Бўстон,Бустон
303244517,1710245,1710245026,18100040,Tepar,Тепар,Тепар
305907242,1710245,1710245029,18100023,Navbaxor,Навбахор,Навбахор
304978060,1710245,1710245056,18100041,Toshbuloq,Тошбулоқ,Тошбулок
303244477,1710245,1710245051,18100035,Sarchashma,Сарчашма,Сарчашма
202837501,1710245,1710245021,18100046,Hazara,Ҳазара,Хазара
202921137,1710245,1710245057,18100050,Xitoy,Хитой,Хитой
202983979,1710245,1710245027,18100059,Shamaton,Шаматон,Шаматон
203842069,1710245,1710245047,18100004,Achchig‘i,Аччиғи,Аччиги
305849061,1710245,1710245030,18100010,Istiqlol,Истиқбол,Истикбол
203840395,1710245,1710245039,18100030,Paxtakor,Пахтакор,Пахтакор
202961665,1710245,1710245005,18100053,Xo‘jaxuroson,Хўжахуросон,Хужахуросон
203808496,1710245,1710245011,18100002,Avazmalik,Авазмалик,Авазмалик
304977094,1710245,1710245004,18100063,Yangibog‘,Янгибоғ,Янгибог
305907266,1710245,1710245002,18100052,Xontepa,Хонтепа,Хонтепа
304978164,1710245,1710245052,18100033,Sayyod,Сайёд,Сайёд
203072806,1710245,1710245023,18100016,Qo‘shqanot,Қўшқанот,Кушканот
304978100,1710245,1710245044,18100058,Shakarteri,Шакартери,Шакартери
303244421,1710245,1710245036,18100047,Xalqobod,Халқобод,Халкобод
303244445,1710245,1710245038,18100011,Qiyomshaex,Қиёмшаех,Киёмшаех
304978117,1710245,1710245043,18100061,Shiramon,Ширамон,Ширамон
303244524,1710245,1710245008,18100005,Big‘mi,Биғми,Бигми
204346344,1710245,1710245041,18100055,Chorshanbe,Чоршанбе,Чоршанбе
204132040,1710245,1710245031,18100045,O‘rtaqo‘rg‘on,Ўртақўрғон,Уртакурган
204022502,1710245,1710245025,18100042,Tudamaydon,Тудамайдон,Тудамайдон
303244549,1710245,1710245032,18100013,Qumqishloq,Қумқишлоқ,Кумкишлок
203808512,1710245,1710245018,18100015,Qutchi,Қутчи,Кутчи
204296296,1710245,1710245001,18100062,Yangiqishloq,Янгиқишлоқ,Янгикишлок
304977918,1710245,1710245053,18100012,Ko‘l,Кўл,Кул
202902089,1710245,1710245040,18100014,Qo‘rg‘ontepa,Қўрғонтепа,Кургантепа
304978124,1710245,1710245045,18100031,Polmon,Полмон,Полмон
303244484,1710245,1710245010,18100001,Abziyat,Абзият,Абзият
202921120,1710245,1710245055,18100048,Hisor,Ҳисор,Хисор
202915104,1710245,1710245048,18100022,Miraki,Мираки,Мираки
202930173,1710245,1710245046,18100044,Uloch,Улоч,Улоч
305907321,1710245,1710245014,18100025,Nurafshon,Нурафшон,Нурафшон
202837478,1710245,1710245019,18100017,Qo‘shchinor,Қўшчинор,Кушчинор
304977822,1710245,1710245017,18100026,Obod,Обод,Обод
303303846,1710245,1710245033,18100034,Saroy,Сарой,Сарой
204122299,1710245,1710245009,18100006,Bog‘ishamol,Боғишамол,Багишамол
303244453,1710245,1710245016,18100064,Yangiobod,Янгиобод,Янгиобод
204376229,1710245,1710245050,18100049,Hisorak,Ҳисорак,Хисорак
305848926,1710245,1710245034,18100038,Tanhоz,Танхоз,Танхоз
204119024,1710245,1710245054,18100007,G‘elon,Ғелон,Гелон
202922641,1710245,1710245035,18100008,Duxchi,Духчи,Духчи
304978188,1710245,1710245013,18100051,Hojimaydon,Ҳожимайдон,Хожимайдон
204027843,1710245,1710245007,18100021,Mevazor,Мевазор,Мевазор
202958145,1710245,1710245003,18100028,Oqdaryo,Оқдарё,Окдарё
305907281,1710245,1710245006,18100032,Ravot,Равот,Равот
204029452,1710245,1710245049,18100003,Amir Temur,Амир Темур,Амир Темур
303244460,1710245,1710245015,18100019,Maktobod,Мактобод,Мактобод
303301287,1710245,1710245020,18100056,Chuqun,Чуқун,Чукун
303244500,1710245,1710245012,18100060,Shanbe,Шанбе,Шанбе
304977901,1710245,1710245024,18100027,Oq oltin,Оқ олтин,Ок олтин
304977348,1710220,1710220028,18120040,Odoqjonbo'z,Одоқжонбўз,Одокжонбуз
207205682,1710220,1710220057,18120017,Ibn Sino,Ибн Сино,Ибн Сино
203295686,1710220,1710220048,18120002,Badaxshon,Бадахшон,Бадахшон
207165433,1710220,1710220052,18120044,Olmazor,Олмазор,Олмазор
304985536,1710220,1710220014,18120047,Tinchlik,Тинчлик,Тинчлик
206819955,1710220,1710220012,18120020,Kaptarxona,Каптархона,Каптархона
203295662,1710220,1710220035,18120034,Mayda,Майда,Майда
207168279,1710220,1710220003,18120049,Sarbazor,Сарбазор,Сарбазор
201575821,1710220,1710220001,18120057,Chim,Чим,Чим
207204716,1710220,1710220031,18120027,Qorasuv,Қорасув,Корасув
201575742,1710220,1710220053,18120013,Yortepa,Ёртепа,Ёртепа
206743054,1710220,1710220030,18120048,Samarqand,Самарқанд,Самарканд
203284351,1710220,1710220058,18120056,Changak,Чангак,Чангак
205111414,1710220,1710220051,18120042,Oqguzar,Оқгузар,Окгузар
306174088,1710220,1710220017,18120050,Sohibkor,Соҳибкор,Сохибкор
306172580,1710220,1710220016,18120008,Bunyodkor,Бунёдкор,Бунёдкор
207205176,1710220,1710220041,18120021,Katta Ura,Катта Ура,Катта Ура
207205303,1710220,1710220032,18120055,O‘zbekiston,Ўзбекистон,Узбекистон
203295694,1710220,1710220046,18120009,G'ishtli,Ғиштли,Гиштли
306024534,1710220,1710220044,18120006,Bogobod,Боғобод,Богобод
207170475,1710220,1710220008,18120059,Elobod,Элобод,Элобод
203312807,1710220,1710220040,18120041,Oynakol,Ойнакўл,Ойнакол
207039675,1710220,1710220019,18120012,Do'stlik,Дўстлик,Дустлик
207206389,1710220,1710220054,18120039,Obod,Обод,Обод
203291558,1710220,1710220024,18120003,Balandchayla,Баландчайла,Баландчайла
203294291,1710220,1710220038,18120014,Jonbo'z,Жонбўз,Жонбуз
203295679,1710220,1710220036,18120001,Azlartepa,Азлартепа,Азлартепа
206433281,1710220,1710220042,18120054,O'rtadara,Ўртадара,Уртадара
201575759,1710220,1710220050,18120019,Qamay,Қамай,Камай
201575774,1710220,1710220047,18120033,Loyqasoy,Лойқасой,Лойкасой
201575814,1710220,1710220005,18120023,Qiziltepa,Қизилтепа,Кизилтепа
203332648,1710220,1710220011,18120010,Gulshan,Гулшан,Гулшан
203370300,1710220,1710220002,18120032,Qushkapa,Қушкапа,Кушкапа
305999374,1710220,1710220015,18120060,Yuksalish,Юксалиш,Юксалиш
201575734,1710220,1710220023,18120026,Qorabog,Қорабоғ,Корабог
207205714,1710220,1710220045,18120037,Navoiy,Навоий,Навоий
203216933,1710220,1710220004,18120045,Paxtaobod,Пахтаобод,Пахтаобод
207236447,1710220,1710220059,18120011,Dovud,Довуд,Довуд
201575798,1710220,1710220034,18120028,Qoratepa,Қоратепа,Коратепа
206935155,1710220,1710220022,18120007,Boyburi,Бойбури,Бойбури
201575766,1710220,1710220037,18120015,Guliston,Гулистон,Гулистон
201575710,1710220,1710220026,18120030,Ko'kbuloq,Кўкбулоқ,Кукбулок
306173650,1710220,1710220029,18120029,Quyi yangi,Қуйи янги,Куйи янги
203291541,1710220,1710220025,18120025,Qovchin,Қовчин,Ковчин
306017470,1710220,1710220049,18120038,Nurli yo'l,Нурли йўл,Нурли йул
203291526,1710220,1710220027,18120022,Qizilqishloq,Қизилқишлоқ,Кизилкишлок
201575727,1710220,1710220009,18120046,Ravot,Равот,Равот
207205137,1710220,1710220055,18120035,Mang'it,Манғит,Мангит
203317324,1710220,1710220010,18120052,Uzun,Узун,Узун
203204473,1710220,1710220006,18120024,Qishliq,Қишлиқ,Кишлик
203291534,1710220,1710220021,18120004,Berdoli,Бердоли,Бердоли
201575781,1710220,1710220020,18120051,To'qboy,Тўқбой,Тукбой
207236454,1710220,1710220013,18120058,Chuqurqishloq,Чуқурқишлоқ,Чукуркишлок
207205294,1710220,1710220056,18120016,Zafar,Зафар,Зафар
306173334,1710220,1710220060,18120031,Qo'ng'irot,Қўнғирот,Кунгирот
306023679,1710220,1710220043,18120018,Istiqbol,Истиқбол,Истикбол
203291519,1710220,1710220007,18120005,Boburtepa,Бобуртепа,Бобуртепа
202677979,1710232,1710232008,18040036,Panji,Панжи,Панжи
305070377,1710232,1710232024,18040029,Navro'z,Наврўз,Навруз
202677986,1710232,1710232047,18040048,Tupchoq,Тупчоқ,Тупчок
202677701,1710232,1710232049,18040016,Jilisuv,Жилисув,Жилисув
202677930,1710232,1710232012,18040047,Toshkent,Тошкент,Тошкент
305037614,1710232,1710232014,18040032,Obod,Обод,Обод
202677829,1710232,1710232020,18040020,Qaynar,Қайнар,Кайнар
202677844,1710232,1710232048,18040006,Bektemir,Бектемир,Бектемир
202677883,1710232,1710232002,18040008,Beshterak,Бештерак,Бештерак
305041870,1710232,1710232017,18040034,Oq suv,Оқ сув,Ок сув
202677812,1710232,1710232034,18040042,Saroy,Сарой,Сарой
305037090,1710232,1710232005,18040025,Qo'shdaryo,Қўшдарё,Кушдарё
305037075,1710232,1710232018,18040037,Parchakent,Парчакент,Парчакент
305087347,1710232,1710232022,18040017,Zarafshon,Зарафшон,Зарафшон
202677962,1710232,1710232021,18040033,Oyoqchi,Оёқчи,Оёкчи
305040002,1710232,1710232013,18040015,Denov,Денов,Денов
305103610,1710232,1710232023,18040022,Qashqadaryo,Қашқадарё,Кашкадарё
305040707,1710232,1710232038,18040021,Katlos,Катлос,Катлос
202677851,1710232,1710232052,18040056,Shurobsoy,Шуробсой,Шуробсой
202677693,1710232,1710232028,18040027,Mustaqillik,Мустақиллик,Мустакиллик
202677868,1710232,1710232054,18040049,Ulug‘bek,Улуғбек,Улугбек
202677923,1710232,1710232015,18040043,Sevaz,Севаз,Севаз
305037503,1710232,1710232004,18040030,Nurafshon,Нурафшон,Нурафшон
202677740,1710232,1710232036,18040013,Varganza,Варганза,Варганза
202677772,1710232,1710232027,18040055,Sharq Yulduzi,Шарқ Юлдузи,Шарк Юлдузи
305038715,1710232,1710232056,18040028,Navbahor,Навбаҳор,Навбахор
202678011,1710232,1710232025,18040040,Sanam,Санам,Санам
202678028,1710232,1710232032,18040054,Charmgar,Чармгар,Чармгар
202677685,1710232,1710232006,18040007,Beshariq,Бешариқ,Бешарик
202677908,1710232,1710232043,18040005,Bashir,Башир,Башир
305037194,1710232,1710232016,18040053,Xo'jailmkoni,Хўжаилмкони,Хужаилмкони
202677836,1710232,1710232051,18040052,Xoji,Хожи,Хожи
202677804,1710232,1710232058,18040010,Bog'bon,Боғбон,Богбон
202677661,1710232,1710232019,18040057,Yakkatut,Яккатут,Яккатут
202677789,1710232,1710232001,18040038,Paxtaobod,Пахтаобод,Пахтаобод
202677954,1710232,1710232009,18040023,Qorabuloq,Қорабулоқ,Корабулок
207114210,1710232,1710232041,18040024,Kuxsor,Кухсор,Кухсор
202677915,1710232,1710232039,18040012,Bo'ston,Бўстон,Бустон
305037978,1710232,1710232050,18040001,Alaquyliq,Алақуйлиқ,Алакуйлик
202677725,1710232,1710232010,18040051,Xomid Olimjon,Хомид Олимжон,Хомид Олимжон
305043164,1710232,1710232042,18040011,Bog'ibaland,Боғибаланд,Богибаланд
207113924,1710232,1710232033,18040035,Palandara,Паландара,Паландара
202677733,1710232,1710232035,18040031,Obikanda,Обиканда,Обиканда
202678004,1710232,1710232057,18040014,Guliston,Гулистон,Гулистон
202677678,1710232,1710232011,18040045,Surum,Сурум,Сурум
202677718,1710232,1710232045,18040002,Ali qushchi,Али қушчи,Али кушчи
305037409,1710232,1710232031,18040004,Bahor,Баҳор,Бахор
202677994,1710232,1710232044,18040059,Yangiobod,Янгиобод,Янгиобод
202677875,1710232,1710232059,18040050,Xalq­lar do'stligi,Халқлар дўстлиги,Халклар дустлиги
305038311,1710232,1710232053,18040019,Istiqbol,Истиқбол,Истикбол
305038382,1710232,1710232007,18040009,Birlk,Бирлик,Бирлик
202677757,1710232,1710232046,18040018,Iskana,Искана,Искана
202677947,1710232,1710232003,18040041,Sariosiyo,Сариосиё,Сариосиё
204642672,1710232,1710232030,18040039,Samarqand,Самарқанд,Самарканд
202677796,1710232,1710232026,18040026,Makrid,Макрид,Макрид
200677759,1710207,1710207040,18140035,Tinchlik,Тинчлик,Тинчлик
202667943,1710207,1710207019,18140038,Xalqobod,Халқобод,Халкабод
308242659,1710207,1710207002,18140011,Dashtobod,Даштобод,Даштобод
200676388,1710207,1710207043,18140022,Mexnatobod,Мехнатобод,Мехнатобод
207125291,1710207,1710207032,18140024,Mustaqillik,Мустақиллик,Мустакиллик
202661517,1710207,1710207045,18140033,Tengdosh,Тенгдош,Тенгдош
201561887,1710207,1710207021,18140004,Batosh,Батош,Батош
200676902,1710207,1710207046,18140019,Qorako'l,Қоракўл,Коракул
202668024,1710207,1710207051,18140039,Xo'jaguzar,Хўжагузар,Хужагузар
200676435,1710207,1710207037,18140048,Shakarbuloq,Шакарбулоқ,Шакарбулок
200678740,1710207,1710207004,18140010,Gulshan,Гулшан,Гулшан
202668055,1710207,1710207018,18140026,Navro'z,Наврўз,Навруз
305050385,1710207,1710207006,18140041,Chaqar,Чақар,Чакар
200676980,1710207,1710207017,18140013,Do'stlik,Дўстлик,Дустлик
202668070,1710207,1710207041,18140001,Amir Temur,Амир Темур,Амир Темур
202668009,1710207,1710207038,18140055,Yangikent,Янгикент,Янгикент
201561816,1710207,1710207050,18140030,Paxtazor,Пахтазор,Пахтазор
200679605,1710207,1710207034,18140016,Zarbdor,Зарбдор,Зарбдор
202263892,1710207,1710207001,18140049,Sherali,Шерали,Шерали
308242587,1710207,1710207003,18140054,Yangi hayot,Янги ҳаёт,Янги хаёт
202667982,1710207,1710207007,18140015,Jarariq,Жарариқ,Жарарик
202668048,1710207,1710207033,18140042,Chanoq,Чаноқ,Чанок
203637994,1710207,1710207013,18140036,Toshguzar,Тошгузар,Тошгузар
206958736,1710207,1710207048,18140052,Eshonquduq,Эшонқудуқ,Эшонкудук
308242509,1710207,1710207016,18140037,Fayzobod,Файзобод,Файзобод
200677505,1710207,1710207049,18140005,Buyuk karvon yo'li,Буюк карвон йўли,Буюк карвон йули
305052461,1710207,1710207005,18140051,Eskibog',Эскибоғ,Эскибог
202667935,1710207,1710207026,18140002,Avg'onbog',Авғонбоғ,Авгонбог
202668016,1710207,1710207039,18140032,Sovbog',Совбоғ,Совбог
201572819,1710207,1710207020,18140056,Yangiobod,Янгиобод,Янгиобод
305055308,1710207,1710207025,18140040,Xumdon,Хумдон,Хумдон
200676142,1710207,1710207010,18140007,Guliston,Гулистон,Гулистон
308242491,1710207,1710207015,18140021,Mevazor,Мевазор,Мевазор
202667950,1710207,1710207012,18140012,Do'ltali,Дўлтали,Дултали
202657228,1710207,1710207035,18140018,Qovchin,Қовчин,Ковчин
200676561,1710207,1710207024,18140006,Bo'ston,Бўстон,Бустон
206867439,1710207,1710207022,18140025,Mo'minobod,Мўминобод,Муминобод
202667999,1710207,1710207014,18140045,Chugurtma,Чугуртма,Чугуртма
308242706,1710207,1710207030,18140027,Obihayot,Обиҳаёт,Обихаёт
200679597,1710207,1710207047,18140020,Jonbuloq,Жонбулоқ,Жонбулок
203637987,1710207,1710207027,18140058,Yarg'unchi,Ярғунчи,Яргунчи
308242548,1710207,1710207031,18140029,Omonota,Омонота,Омонота
202667967,1710207,1710207023,18140003,Apardi,Апарди,Апарди
206595912,1710207,1710207008,18140053,Yakkadaraxt,Яккадарахт,Яккадарахт
202667974,1710207,1710207009,18140014,Yonqishloq,Ёнқишлоқ,Ёнкишлок
202354304,1710207,1710207036,18140034,Sovlig'or,Совлиғор,Совлигор
206947211,1710207,1710207044,18140047,Cho'michli,Чўмичли,Чумичли
206987961,1710242,1710242078,18090045,Oqtosh,Оқтош,Октош
201748770,1710242,1710242022,18090067,Xumo,Хумо,Хумо
201748716,1710242,1710242075,18090061,Uyshun,Уйшун,Уйшун
203084355,1710242,1710242023,18090043,Obod,Обод,Обод
305517823,1710242,1710242077,18090088,Yashnabod,Яшнабод,Яшнабод
202782571,1710242,1710242065,18090029,Kishmisht­epa,Кишмиштепа,Кишмиштепа
309122062,1710242,1710242093,18090091,Obu-Xayot,Обу-Хаёт,Обу-Хаёт
203084324,1710242,1710242059,18090010,Buronjuz,Буронжуз,Буронжуз
305170158,1710242,1710242046,18090073,Chimqo'rg'on,Чимқўрғон,Чимкургон
203084348,1710242,1710242033,18090040,Navro'z,Наврўз,Навруз
201748810,1710242,1710242082,18090037,Mirzato'p,Мирзатўп,Мирзатоп
203084481,1710242,1710242072,18090032,Quruqsoy,Қуруқсой,Куруксой
201748669,1710242,1710242050,18090016,Dam,Дам,Дам
202875732,1710242,1710242029,18090027,Qizilchovra,Қизилчовра,Кизилчовра
202782564,1710242,1710242063,18090074,Chiroqchi,Чироқчи,Чирокчи
201748644,1710242,1710242027,18090020,Jar,Жар,Жар
206976191,1710242,1710242024,18090034,Ko'ktosh,Кўктош,Куктош
202782532,1710242,1710242066,18090039,Navoiy,Навоий,Навоий
305058643,1710242,1710242028,18090002,Amir Temur,Амир Темур,Амир Темур
207254314,1710242,1710242051,18090084,Yangi dam,Янги дам,Янги дам
304944903,1710242,1710242032,18090080,Shakarbuloq,Шакарбулоқ,Шакарбулок
201748691,1710242,1710242071,18090036,Langar,Лангар,Лангар
308981246,1710242,1710242094,18090095,Xalqabod,Халқабод,Халкабод
303275709,1710242,1710242084,18090033,Qush anxor,Қуш анхор,Куш анхор
305231190,1710242,1710242068,18090035,Qo'rg'ontepa,Қўрғонтепа,Кургонтепа
202782524,1710242,1710242043,18090064,O‘zbekiston,Ўзбекистон,Узбекистон
203084459,1710242,1710242074,18090013,G'allachi,Ғаллачи,Галлачи
308561024,1710242,1710242095,18090094,Farovon kelajak,Фаровон келажак,Фаровон келажак
303910179,1710242,1710242026,18090077,Chorshanba,Чоршанба,Чоршанба
305655185,1710242,1710242079,18090042,Nurobod,Нуробод,Нуробод
201748748,1710242,1710242056,18090038,Mustaqillik,Мустақиллик,Мустакиллик
201748652,1710242,1710242058,18090026,Qahramon,Қаҳрамон,Кахрамон
201748724,1710242,1710242048,18090046,Olmazor,Олмазор,Олмазор
203084403,1710242,1710242052,18090049,Pakandi,Паканди,Паканди
201748637,1710242,1710242045,18090051,Paxtaobod,Пахтаобод,Пахтаобод
206995461,1710242,1710242047,18090085,Yangiqishloq,Янгиқишлоқ,Янгикишлок
203084466,1710242,1710242076,18090044,Oq oltin,Оқ олтин,Ок олтин
207253119,1710242,1710242061,18090053,Sohil,Соҳил,Сохил
207158361,1710242,1710242069,18090071,Chambil,Чамбил,Чамбил
303151689,1710242,1710242073,18090056,Tarag'ay,Тарағай,Тарагай
203084442,1710242,1710242054,18090021,Zarbdor,Зарбдор,Зарбдор
203084474,1710242,1710242083,18090004,Arabbandi,Араббанди,Араббанди
203087493,1710242,1710242070,18090011,Galabek,Галабек,Галабек
206976524,1710242,1710242049,18090072,Chiljivut,Чилживут,Чилживут
207181374,1710242,1710242025,18090086,Yangi qurilish,Янги қурилиш,Янги курилиш
304976855,1710242,1710242081,18090008,Beshbuloq,Бешбулоқ,Бешбулок
206981281,1710242,1710242060,18090018,Dursun,Дурсун,Дурсун
207160812,1710242,1710242057,18090028,Qirg‘iz,Қирғиз,Киргиз
309104306,1710242,1710242088,18090096,Iftixor,Ифтихор,Ифтихор
207254916,1710242,1710242055,18090023,Istiqlol,Истиқлол,Истиклол
201748620,1710242,1710242031,18090017,Dodiq,Додиқ,Додик
309122213,1710242,1710242092,18090092,Bolsuvar,Болсувар,Болсувар
202782549,1710242,1710242064,18090078,Choshtepa,Чоштепа,Чоштепа
304977989,1710242,1710242080,18090015,Gulobod,Гулобод,Гулобод
201748731,1710242,1710242067,18090024,Qalqama,Қалқама,Калкама
203093828,1710224,1710224040,18130012,Istiqlol,Истиқлол,Истиклол
205309847,1710224,1710224049,18130041,Taxtapul,Тахтапул,Тахтапул
200688966,1710224,1710224018,18130003,Bodomzor,Бодомзор,Бодомзор
306899404,1710224,1710224037,18130040,Taraqqiyot,Тараққиёт,Тараккиет
200688934,1710224,1710224020,18130029,Navro'z,Наврўз,Навруз
203531606,1710224,1710224032,18130030,Nukrabod,Нукрабод,Нукрабод
306892549,1710224,1710224015,18130007,Gulshan,Гулшан,Гулшан
200688816,1710224,1710224054,18130046,Hilol,Ҳилол,Хилол
203521301,1710224,1710224050,18130033,Paxtazor,Пахтазор,Пахтазор
203117462,1710224,1710224029,18130017,Kojor,Кожор,Кожор
203526895,1710224,1710224046,18130051,Cho'lbo'ston,Чўлбўстон,Чулбустон
200688942,1710224,1710224021,18130027,Navbaxor,Навбахор,Навбахор
205982258,1710224,1710224034,18130001,Batosh,Батош,Батош
207031877,1710224,1710224045,18130023,Mang'it,Манғит,Мангит
207160511,1710224,1710224002,18130034,Paxtakor,Пахтакор,Пахтакор
205228497,1710224,1710224038,18130047,Xoniyon,Хониён,Хонийон
203101214,1710224,1710224044,18130038,Saroy,Сарой,Сарой
306917965,1710224,1710224053,18130057,Yangi Xonobod,Янги Хонобод,Янги Xонобод
201286611,1710224,1710224047,18130050,Charog'il,Чароғил,Чарогил
205236456,1710224,1710224004,18130020,Kuyi Beshkent,Куйи Бешкент,Куйи Бешкент
203777884,1710224,1710224009,18130010,Yertepa,Ертепа,Ертепа
200688776,1710224,1710224025,18130039,Tallikuron,Талликурон,Талликурон
200689054,1710224,1710224056,18130002,Bog'obod,Боғобод,Богобод
203110623,1710224,1710224001,18130035,Potron,Потрон,Потрон
200688508,1710224,1710224036,18130008,Dasht,Дашт,Дашт
200688910,1710224,1710224030,18130043,O‘zbekiston mustaqilligi,Ўзбекистон мустақиллиги,Узбекистон мустакиллиги
205120997,1710224,1710224008,18130031,Omontepa,Омонтепа,Омонтепа
200688824,1710224,1710224051,18130049,Chaman,Чаман,Чаман
203081724,1710224,1710224055,18130015,Kerayit,Керайит,Керайит
200688927,1710224,1710224010,18130005,G'ubdin,Ғубдин,Губдин
203107696,1710224,1710224026,18130053,Shodlik,Шодлик,Шодлик
203093843,1710224,1710224013,18130044,Uzumzor,Узумзор,Узумзор
306934881,1710224,1710224057,18130055,Yangi Bog'obod,Янги Боғобод,Янги Богобод
203087335,1710224,1710224006,18130052,Shirkent,Ширкент,Ширкент
200688894,1710224,1710224048,18130013,Kat,Кат,Кат
305041182,1710224,1710224011,18130054,Shoyxo'ja,Шойхўжа,Шойхужа
203110608,1710224,1710224012,18130021,Ko'chkak,Кўчкак,Кучкак
205259554,1710224,1710224003,18130014,Kahlak,Кахлак,Кахлак
200688959,1710224,1710224023,18130004,Bunyodkor,Бунёдкор,Бунедкор
200688863,1710224,1710224005,18130016,Qovchin,Қовчин,Ковчин
203107704,1710224,1710224033,18130036,Poshton,Поштон,Поштон
200688974,1710224,1710224022,18130009,Xitoykenti,Хитойкенти,Хитойкенти
203134743,1710224,1710224014,18130025,Mirmiron,Мирмирон,Мирмирон
200689015,1710224,1710224024,18130028,A.Navoiy,А.Навоий,А.Навои
203110615,1710224,1710224016,18130006,Guliston,Гулистон,Гулистон
200688784,1710224,1710224027,18130018,Qoraquchchi,Қорақуччи,Коракуччи
203097196,1710224,1710224042,18130045,Fayzabod,Файзабод,Файзабод
200688490,1710224,1710224041,18130019,Qoratepa,Қоратепа,Коратепа
200688981,1710224,1710224019,18130037,Rovot,Ровот,Ровот
204100714,1710224,1710224031,18130024,Mevazor,Мевазор,Мевазор
206931644,1710224,1710224017,18130042,Tinchlik,Тинчлик,Тинчлик
203047186,1710224,1710224052,18130048,Xonobod,Хонобод,Хонобод
203003605,1710224,1710224028,18130022,Lagandi,Лаганди,Лаганди
306769991,1710224,1710224058,18130032,Parvoz,Парвоз,Парвоз
206883783,1710250,1710250038,18110029,Navro'z,Наврўз,Навруз
202668317,1710250,1710250013,18110001,Ayg'irkul,Айғиркўл,Айгиркул
207180771,1710250,1710250019,18110016,Istiqlol,Истиқлол,Истиклол
205697097,1710250,1710250014,18110002,Alakuylak,Алакуйлак,Алакуйлак
203030264,1710250,1710250051,18110017,Ishkent,Ишкент,Ишкент
202668221,1710250,1710250017,18110012,Jambul,Жамбул,Жамбул
203022795,1710250,1710250053,18110021,Kenguzar,Кенгузар,Кенгузар
200710804,1710250,1710250010,18110053,Chaydari,Чайдари,Чайдари
207187270,1710250,1710250012,18110061,Yangi xayot,Янги хаёт,Янги хаёт
203039987,1710250,1710250003,18110030,Nurafshon,Нурафшон,Нурафшон
204600463,1710250,1710250055,18110033,Oqtosh,Оқтош,Октош
200709186,1710250,1710250022,18110036,Sandal,Сандал,Сандал
302870697,1710250,1710250029,18110006,Guliston,Гулистон,Гулистон
206345114,1710250,1710250059,18110041,Turon,Турон,Турон
203039970,1710250,1710250026,18110051,Xojailg'or,Хўжаилғор,Хожаилгор
202668260,1710250,1710250032,18110014,Ibn Sino,Ибн Сино,Ибн Сино
202569036,1710250,1710250039,18110044,Uyg'ur,Уйғур,Уйгур
200708931,1710250,1710250011,18110058,Esat,Эсат,Эсат
206850491,1710250,1710250008,18110042,Tuqboy,Тўқбой,Тукбой
202668277,1710250,1710250036,18110026,Madaniyat,Маданият,Маданият
200708948,1710250,1710250034,18110022,Qishliq,Қишлиқ,Кишлик
205042097,1710250,1710250049,18110003,Besho'g'il,Бешўғил,Бешугил
202668245,1710250,1710250037,18110028,Mustaqillik,Мустақиллик,Мустакиллик
200711050,1710250,1710250046,18110059,Eski Yak­kabog',Эски Яккабоғ,Эски Яккабог
202668300,1710250,1710250002,18110013,Jiyda,Жийда,Жийда
200711043,1710250,1710250056,18110035,Samoq,Самоқ,Самок
202668284,1710250,1710250005,18110032,Obod,Обод,Обод
200709090,1710250,1710250021,18110025,Qo'shchinor,Қўшчинор,Кушчинор
305061862,1710250,1710250043,18110052,Chinobod,Чинобод,Чинобод
200711028,1710250,1710250060,18110047,O'rta,Ўрта,Урта
305064423,1710250,1710250047,18110062,Yashnobod,Яшнобод,Яшнобод
205707272,1710250,1710250040,18110045,Ulamji,Уламжи,Уламжи
305067688,1710250,1710250045,18110056,Sherozi,Шерози,Шерози
305061024,1710250,1710250024,18110046,Uchtepa,Учтепа,Учтепа
205373556,1710250,1710250044,18110055,Shar-sharbog'ot,Шар-шарбоғот,Шар-шарбогот
202668238,1710250,1710250058,18110039,Tatar,Татар,Татар
200710796,1710250,1710250033,18110018,Qayrag'och,Қайрағоч,Кайрагоч
203045807,1710250,1710250016,18110011,Jaychi,Жайчи,Жайчи
308446245,1710250,1710250062,18110009,Do'stlik,Дўстлик,Дустлик
203030271,1710250,1710250054,18110027,Mevazor,Мевазор,Мевазор
207180788,1710250,1710250052,18110020,Kattabog',Каттабоғ,Каттабог
305082504,1710250,1710250057,18110037,Serob,Сероб,Сероб
308403274,1710250,1710250028,18110057,Shodlik,Шодлик,Шодлик
206110139,1710250,1710250001,18110005,G'ozliq,Ғозлиқ,Гозлик
203030256,1710250,1710250004,18110031,Nurli yo'l,Нурли йўл,Нурли йул
305161968,1710250,1710250018,18110015,Istiqbol,Истиқбол,Истикбол
203038839,1710250,1710250023,18110038,Sovuqbuloq,Совуқбулоқ,Совукбулок
305062078,1710250,1710250025,18110048,Farovonlik,Фаровонлик,Фаровонлик
202668324,1710250,1710250009,18110043,Uzun,Узун,Узун
202668292,1710250,1710250027,18110060,Yangiobod,Янгиобод,Янгиобод
200711035,1710250,1710250041,18110049,Xiyobon,Хиёбон,Хиёбон
205187755,1710250,1710250030,18110007,Daryo,Дарё,Дарё
305063377,1710250,1710250007,18110040,Tollibuloq,Толлибулоқ,Толлибулок
204025331,1710250,1710250042,18110050,Honaqa,Ҳонақа,Хонака
203038822,1710250,1710250031,18110008,Darxon,Дархон,Дархон
203053092,1710250,1710250061,18110054,Chumich,Чўмич,Чумич
204628704,1710250,1710250035,18110024,Qushtegirmon,Қўштегирмон,Куштегирмон
206850484,1710250,1710250006,18110034,Paxtakor,Пахтакор,Пахтакор
310258314,1710250,1710250063,18110063,Bog'zor,Боғзор,Богзор
202839159,1710229,1710229030,18050030,Mug'jagul,Муғжагул,Мугжагул
202870921,1710229,1710229008,18050008,Boyterak,Бойтерак,Бойтерак
202859237,1710229,1710229011,18050011,Gulbog',Гулбоғ,Гулбог
202859244,1710229,1710229032,18050032,Mo'lali,Мўлали,Мулали
202859252,1710229,1710229005,18050005,Beshqo'ton,Бешқўтон,Бешкутон
306085167,1710229,1710229061,18050061,Chorbog',Чорбоғ,Чорбог
202859331,1710229,1710229016,18050016,Jizzalik,Жиззалик,Жиззалик
202839174,1710229,1710229015,18050015,Do'stlik,Дўстлик,Дустлик
205451332,1710229,1710229039,18050039,Nihol,Ниҳол,Нихол
201614961,1710229,1710229025,18050025,Qoʻngʻirtogʻ,Қўнғиртоғ,Кунгиртог
309118422,1710229,1710229075,18050071,Yuqori Maydayobu,Юқори Майдаёбу,Юкори Майдаёбу
202867909,1710229,1710229027,18050027,Maydayobu,Майдаёбу,Майдаёбу
202839166,1710229,1710229026,18050026,Lolazor,Лолазор,Лолазор
202839181,1710229,1710229048,18050048,Saripul,Сарипул,Сарипул
202880119,1710229,1710229029,18050029,Mesit,Месит,Месит
202859291,1710229,1710229014,18050014,Darcha,Дарча,Дарча
204792029,1710229,1710229063,18050063,Shirintepa,Ширинтепа,Ширинтепа
206842027,1710229,1710229009,18050009,Bunyodkor,Бунёдкор,Бунёдкор
205109028,1710229,1710229018,18050018,Istiqbol,Истиқбол,Истикбол
202861877,1710229,1710229003,18050003,Arabxona,Арабхона,Арабхона
309117344,1710229,1710229073,18050072,Birdamlik,Бирдамлик,Бирдамлик
201614946,1710229,1710229067,18050068,Yuksalish,Юксалиш,Юксалиш
204618186,1710229,1710229044,18050044,Pudina,Пудина,Пудина
207324930,1710229,1710229066,18050066,Yuqori arabxona,Юқори арабхона,Юкори арабхона
206998315,1710229,1710229058,18050057,Xamkorlik,Ҳамкорлик,Хамкорлик
206835200,1710229,1710229046,18050046,Rahimso'fi,Раҳимсўфи,Рахимсуфи
201614939,1710229,1710229019,18050019,Istiqlol,Истиқлол,Истиклол
207167343,1710229,1710229028,18050028,Mash'al,Машъал,Машъал
202859324,1710229,1710229024,18050023,Quybog',Қуйбоғ,Куйбог
202859309,1710229,1710229064,18050064,Esaboy,Эсабой,Есабой
202839206,1710229,1710229042,18050042,Paxtazor,Пахтазор,Пахтазор
305220158,1710229,1710229017,18050017,Zamin,Замин,Замин
207309694,1710229,1710229050,18050050,Taraqqiyot,Тараққиёт,Тараккиёт
202861884,1710229,1710229070,18050070,Yangiobod,Янгиобод,Янгиобод
309122799,1710229,1710229074,18050073,Navnihol,Навниҳол,Навнихол
204122204,1710229,1710229035,18050035,Navro'z,Наврўз,Навруз
202839198,1710229,1710229036,18050036,Nartibaland,Нартибаланд,Нартибаланд
206955455,1710229,1710229022,18050024,Quyi Obron,Қуйи Оброн,Куйи Оброн
204779439,1710229,1710229020,18050020,Qozoqli,Қозоқли,Козокли
201614978,1710229,1710229002,18050002,Alachabob,Алачабоб,Алачабоб
202839253,1710229,1710229069,18050069,Yakkasaroy,Яккасарой,Яккасарой
204783134,1710229,1710229055,18050055,Ushoqtepa,Ушоқтепа,Ушоктепа
206828184,1710229,1710229010,18050010,Gala,Гала,Гала
205426274,1710229,1710229007,18050007,Boyg'undi,Бойғунди,Бойгунди
205376765,1710229,1710229062,18050062,Sherbek,Шербек,Шербек
305222463,1710229,1710229006,18050006,Bog'ishamol,Боғишамол,Богишамол
207120766,1710229,1710229052,18050052,Toshko'prik,Тошкўприк,Тошкуприк
309124108,1710229,1710229071,18050074,Shirinobod,Ширинобод,Ширинобод
202875684,1710229,1710229054,18050054,O'rta Obron,Ўрта Оброн,Урта Оброн
202839214,1710229,1710229047,18050047,Regzor,Регзор,Регзор
202867869,1710229,1710229031,18050031,Mudin,Мудин,Мудин
202901952,1710229,1710229060,18050060,Chiroqchi,Чироқчи,Чирокчи
205381697,1710229,1710229001,18050001,Ayronchi,Айрончи,Айрончи
203642451,1710229,1710229049,18050049,Surxon,Сурхон,Сурхон
202859316,1710229,1710229038,18050038,Neko'z,Некўз,Некуз
202861924,1710229,1710229043,18050043,Pistali,Пистали,Пистали
201785932,1710229,1710229068,18050067,Yuqor­i Obron,Юқори Оброн,Юкори Оброн
206830667,1710229,1710229059,18050058,Xalqobod,Халқобод,Халкобод
202839221,1710229,1710229045,18050045,Ravot,Равот,Равот
203062422,1710229,1710229023,18050021,Qorabayir,Қорабайир,Корабайир
206951477,1710229,1710229040,18050040,Nurafshon,Нурафшон,Нурафшон
202859348,1710229,1710229037,18050037,Nartichuqur,Нартичуқур,Нартичукур
201614985,1710229,1710229021,18050022,Koson,Косон,Косон
202859276,1710229,1710229004,18050004,Ara­liq,Аралиқ,Аралик
309156566,1710229,1710229072,18050075,Yuqori Mudin,Юқори Мудин,Юкори Мудин
201614993,1710229,1710229051,18050051,Tinchlik,Тинчлик,Тинчлик
202861917,1710229,1710229012,18050012,Guliston,Гулистон,Гулистон
206997284,1710229,1710229053,18050053,Uyrot,Уйрот,Уйрот
202839238,1710229,1710229041,18050041,Obod,Обод,Обод
206997277,1710229,1710229033,18050033,Mustaqillik,Мустақиллик,Мустакиллик
303262850,1710229,1710229056,18050056,Farovon,Фаровон,Фаровон
203705474,1710229,1710229057,18050059,Xo'jaquduq,Хўжақудуқ,Хужакудук
202861860,1710229,1710229065,18050065,Etak,Этак,Этак
201614954,1710229,1710229013,18050013,Guvalak,Гувалак,Гувалак
201047084,1710212,1710212040,18020005,Beshqo'ton,Бешқўтон,Бешкутон
201047038,1710212,1710212005,18020020,Qizilcha,Қизилча,Кизилча
308795699,1710212,1710212049,18020049,Qo'ng‘irot,Қўнғирот,Кунгирот
201047045,1710212,1710212006,18020023,Qo'r­g‘ontosh,Қўрғонтош,Кургонтош
202308541,1710212,1710212007,18020021,Qodir baxshi Raximov,Қодир бахши Рахимов,Кодир бахши Рахимов
202330209,1710212,1710212045,18020044,Chilgaz,Чилгаз,Чилгаз
306104592,1710212,1710212036,18020046,Yangi hayot,Янги ҳаёт,Янги хаёт
201047021,1710212,1710212025,18020040,O‘zbekiston,Ўзбекистон,Узбекистон
202284621,1710212,1710212031,18020017,Farovon,Фаровон,Фаровон
201582419,1710212,1710212019,18020013,Dehqonobod,Деҳқонобод,Дехконобод
201047092,1710212,1710212029,18020008,Boyqo'rg'on,Бойқўрғон,Бойкургон
201047100,1710212,1710212003,18020030,Oqirtma,Оқиртма,Окиртма
207182136,1710212,1710212033,18020037,Terakli,Теракли,Теракли
206730790,1710212,1710212027,18020027,Obod,Обод,Обод
202308558,1710212,1710212043,18020042,Chambil,Чамбил,Чамбил
309776791,1710212,1710212050,18020051,Yangi O‘zbekiston,Янги Ўзбекистон,Янги Узбекистан
202308534,1710212,1710212039,18020012,G‘oroti,Ғўроти,Гуроти
202308526,1710212,1710212020,18020035,Paxtachi,Пахтачи,Пахтачи
201047060,1710212,1710212032,18020014,Duob,Дуоб,Дуоб
308230744,1710212,1710212014,18020041,Xo'jamaxmud,Хўжамахмуд,Хужамахмуд
307011344,1710212,1710212038,18020016,Zavqiy,Завқий,Завкий
201047014,1710212,1710212041,18020033,Oqtosh,Оқтош,Октош
206970572,1710212,1710212047,18020036,Sarchashma,Сарчашма,Сарчашма
201047077,1710212,1710212004,18020032,Oqrabot,Оқработ,Окработ
207018076,1710212,1710212030,18020022,Oqmachit,Оқмачит,Окмачит
305588198,1710212,1710212009,18020038,Tog‘aytemir,Тоғайтемир,Тогайтемир
207211755,1710212,1710212010,18020045,Chuchuquduq,Чучуқудуқ,Чучукудук
207201823,1710212,1710212042,18020003,Beliboyli,Белибойли,Белибойли
201047006,1710212,1710212048,18020009,Boshchorbog‘,Бошчорбоғ,Бошчорбог
205183674,1710212,1710212001,18020004,Beshbuloq,Бешбулоқ,Бешбулок
305620181,1710212,1710212023,18020029,Oydin yo‘l,Ойдин йўл,Ойдин йул
306105987,1710212,1710212035,18020026,Nurli kelajak,Нурли келажак,Нурли келажак
201046996,1710212,1710212018,18020006,Bibiqorasoch,Бибиқорасоч,Бибикорасоч
206817634,1710212,1710212017,18020001,Ayridеvol,Айридевол,Айридевол
202203064,1710212,1710212022,18020018,Istiqlol,Истиқлол,Истиклол
305751597,1710212,1710212028,18020019,Kaltaminor,Калтаминор,Калтаминор
305757010,1710212,1710212011,18020047,Yangiobod,Янгиобод,Янгиобод
308224688,1710212,1710212024,18020015,Do‘stlik,Дўстлик,Дустлик
206946442,1710212,1710212013,18020028,Oybek,Ойбек,Ойбек
202368555,1710212,1710212034,18020011,Gumbuloq,Гумбулоқ,Гумбулок
207144744,1710212,1710212016,18020010,Bo‘ston,Бўстон,Бустон
306063487,1710212,1710212012,18020048,Yashnaobod,Яшнаобод,Яшнаобод
202870874,1710212,1710212026,18020007,Bozortepa,Бозортепа,Бозортепа
201047053,1710212,1710212015,18020031,Oqqishloq,Оққишлоқ,Оккишлок
306104331,1710212,1710212046,18020024,Mustaqillik,Мустақиллик,Мустакиллик
202267863,1710212,1710212037,18020002,Tepaguzar,Тепагузар,Тепагузар
202203071,1710212,1710212021,18020025,Nodira,Нодира,Нодира
202220108,1710212,1710212002,18020034,Otqamar,Отқамар,Откамар
206970589,1710212,1710212044,18020043,Chashmaimiron,Чашмаимирон,Чашмаимирон
309481274,1710212,1710212052,18020050,Darxon,Дархон,Дархон
206927576,1710212,1710212008,18020039,Torqopchug'oy,Торқопчуғой,Торкопчугой
202352315,1710237,1710237041,18030013,Qoratepa,Қоратепа,Коратепа
201803251,1710237,1710237020,18030011,Komilon,Комилон,Комилон
305464036,1710237,1710237025,18030023,Obod neko'z,Обод некўз,Обод некуз
201803354,1710237,1710237029,18030029,Paxtakor,Пахтакор,Пахтакор
202396799,1710237,1710237038,18030022,Nurobod,Нуробод,Нуробод
201803330,1710237,1710237023,18030012,Qoraqong'irot,Қорақонғирот,Кораконгирот
206834337,1710237,1710237005,18030006,Jizza,Жизза,Жизза
202339622,1710237,1710237007,18030036,Xo'jaqarliq,Хўжақарлиқ,Хужакарлик
207167944,1710237,1710237002,18030038,Xo'jahayron,Хўжахайрон,Хужахайрон
202961641,1710237,1710237010,18030027,Oqtepa,Оқтепа,Октепа
206844094,1710237,1710237030,18030034,Fazli,Фазли,Фазли
202368610,1710237,1710237018,18030016,Maymanoq,Майманоқ,Майманок
205809779,1710237,1710237003,18030024,Obod Yurt,Обод Юрт,Обод Юрт
201803347,1710237,1710237015,18030010,Qatag'on,Қатағон,Катагон
202368627,1710237,1710237039,18030019,Mustaqilobod,Мустақилобод,Мустакилобод
202339614,1710237,1710237032,18030021,Nazartepa,Назартепа,Назартепа
205846195,1710237,1710237014,18030025,Oqjangal,Оқжангал,Окжангал
207088988,1710237,1710237012,18030032,Talliyulg'un,Таллиюлғун,Таллиюлгун
201803308,1710237,1710237035,18030008,Qamashi,Қамаши,Камаши
308118914,1710237,1710237019,18030042,Yangi Maymanoq,Янги Майманоқ,Янги Майманок
202360210,1710237,1710237021,18030017,Mesit,Месит,Месит
202388894,1710237,1710237016,18030030,Sohibkor,Соҳибкор,Соxибкор
202360203,1710237,1710237011,18030028,Pandiron,Пандирон,Пандирон
202360194,1710237,1710237013,18030026,Oqqamish,Оққамиш,Оккамиш
202352354,1710237,1710237027,18030037,Xo'ja kasbi,Хўжа касби,Хужа касби
201803315,1710237,1710237028,18030018,Mug'lon,Муғлон,Муглон
201803290,1710237,1710237008,18030003,Denov,Денов,Денов
207119876,1710237,1710237022,18030014,Qo'ngirot,Қўнғирот,Кунгирот
207088971,1710237,1710237017,18030007,Istiqlol,Истиқлол,Истиклол
200701790,1710237,1710237033,18030039,Cho'lquvar,Чўлқувар,Чулкувар
202388903,1710237,1710237024,18030015,Mirzo ­Ulugbek,Мирзо Улуғбек,Мирзо Улугбек
202352347,1710237,1710237034,18030031,Talishbe,Талишбе,Талишбе
205856904,1710237,1710237042,18030004,Do'stlik,Дўстлик,Дустлик
202352330,1710237,1710237026,18030040,Shakarjo'y,Шакаржўй,Шакаржуй
202368603,1710237,1710237004,18030009,Kasbi,Касби,Касби
205856895,1710237,1710237036,18030035,Xo'jaki,Хўжаки,Хужаки
201803323,1710237,1710237001,18030041,Yuksalish,Юксалиш,Юксалиш
201803362,1710237,1710237006,18030002,Galaba,Ғалаба,Галаба
202673224,1710233,1710233028,18010005,Bahoriston,Баҳористон,Бахористон
308510411,1710233,1710233024,18010016,Qurama,Қурама,Курама
203121672,1710233,1710233015,18010002,Ayzabod,Айзабод,Айзабод
206175216,1710233,1710233004,18010027,O'zbekiston,Ўзбекистон,Узбекистан
309087580,1710233,1710233037,18010040,Yuksalish,Юксалиш,Юксалиш
206175209,1710233,1710233003,18010023,Oqmachit,Оқмачит,Окмачит
203121664,1710233,1710233007,18010019,Mirobod,Миробод,Миробод
200701808,1710233,1710233018,18010020,Navbaxor,Навбахор,Навбахор
200701823,1710233,1710233040,18010007,Vori,Вори,Вори
204885386,1710233,1710233036,18010037,Yangi hayot,Янги ҳаёт,Янги хаёт
203121696,1710233,1710233010,18010001,Avvona,Аввона,Аввона
309087842,1710233,1710233013,18010039,Navro'z,Наврўз,Навруз
205832585,1710233,1710233034,18010017,Madaniyat,Маданият,Маданият
203139664,1710233,1710233005,18010022,Obodon,Ободон,Ободон
201565589,1710233,1710233027,18010025,Pomuq,Помуқ,Помук
206164166,1710233,1710233029,18010026,Tinchlik,Тинчлик,Тинчлик
206987147,1710233,1710233025,18010024,Oltin boshoq,Олтин бошоқ,Олтин бошок
309087866,1710233,1710233012,18010038,Baraka,Барака,Барака
201565596,1710233,1710233022,18010028,Chamanzor,Чаманзор,Чаманзор
206975597,1710233,1710233011,18010032,Yangiariq,Янгиариқ,Янгиарик
203127940,1710233,1710233001,18010035,Yangi Mirishkor,Янги Миришкор,Янги Миришкор
205332400,1710233,1710233008,18010012,Jeynov,Жейнов,Жейнов
206058946,1710233,1710233032,18010034,Yangi qishloq,Янги қишлоқ,Янги кишлок
203103630,1710233,1710233038,18010031,Shodlik,Шодлик,Шодлик
203256322,1710233,1710233009,18010033,Yangi Jeynov,Янги Жейнов,Янги Жейнов
200701775,1710233,1710233039,18010009,Guliston,Гулистон,Гулистон
204793913,1710233,1710233023,18010030,Shirin,Ширин,Ширин
202519739,1710233,1710233017,18010011,Gulshanbog‘,Гулшанбоғ,Гулшанбог
203120911,1710233,1710233026,18010008,Do'stlik,Дўстлик,Дустлик
200701854,1710233,1710233021,18010006,Bo'ston,Бўстон,Бустон
204815764,1710233,1710233030,18010004,Barhayot,Барҳаёт,Бархаёт
201565604,1710233,1710233033,18010029,Chandir,Чандир,Чандир
203121657,1710233,1710233006,18010015,Nurafshon,Нурафшон,Нурафшон
207001390,1710233,1710233031,18010010,Gulobod,Гулобод,Гулобод
200701783,1710233,1710233002,18010018,Mirishkor,Миришкор,Миришкор
202504361,1710233,1710233020,18010036,Yangiobod,Янгиобод,Янгиобод
203093804,1710233,1710233016,18010013,Zafar,Зафар,Зафар
205598354,1710233,1710233035,18010014,Istiqlol,Истиқлол,Истиклол
200701815,1710233,1710233019,18010021,Obod,Обод,Обод
308510522,1710233,1710233014,18010003,Baluj,Балуж,Балуж
305253679,1710234,1710234021,18060009,Istiqlol,Истиқлол,Истиклол
305256943,1710234,1710234008,18060003,Barkamol avlod,Баркамол авлод,Баркамол авлод
206971057,1710234,1710234022,18060014,Ko'xnashaxar,Кўхнашахар,Кухнашахар
202675499,1710234,1710234001,18060001,Alisher Navoiy,Алишер Навоий,Алишер Навоий
206606216,1710234,1710234016,18060017,Obod turmush,Обод турмуш,Обод турмуш
202675428,1710234,1710234023,18060015,Mash'al,Машъал,Машьал
201571179,1710234,1710234017,18060020,Sariq,Сариқ,Сарик
202675411,1710234,1710234015,18060013,Quruvchilar,Қурувчилар,Курувчилар
202431651,1710234,1710234011,18060010,Qarliq,Қарлиқ,Карлик
202675482,1710234,1710234002,18060004,Bobur,Бобур,Бобур
202675435,1710234,1710234009,18060007,Do'stlik,Дўстлик,Дустлик
204380636,1710234,1710234012,18060018,Paxtakor,Пахтакор,Пахтакор
202446126,1710234,1710234004,18060016,Muborak,Муборак,Муборак
305060104,1710234,1710234020,18060005,Bo'ston,Бўстон,Бустон
202675474,1710234,1710234010,18060011,Konchilar,Кончилар,Кончилар
202675507,1710234,1710234006,18060019,Sardoba,Сардоба,Сардоба
201571194,1710234,1710234019,18060025,Yashnobod,Яшнобод,Яшнобод
202675467,1710234,1710234024,18060021,Tong,Тонг,Тонг
203544430,1710234,1710234025,18060024,Yangiobod,Янгиобод,Янгиобод
202675443,1710234,1710234013,18060008,Yoshlik,Ёшлик,Ёшлик
202675450,1710234,1710234003,18060006,Geolog,Геолог,Геолог
204788919,1710234,1710234014,18060012,Qoraqum,Қорақум,Коракум
206566156,1710234,1710234007,18060002,Amir Тemur,Амир Темур,Амир Темур
202902104,1710405,1710405035,18160025,Oqsaroy,Оқсарой,Оксарой
202329531,1710405,1710405033,18160008,Zargarlik,Заргарлик,Заргарлик
202971431,1710405,1710405025,18160027,Sariosiyo,Сариосиё,Сариосиё
202880252,1710405,1710405014,18160007,Do‘stlik,Дўстлик,Дустлик
202336358,1710405,1710405004,18160004,Bo‘ston,Бўстон,Бустон
202329548,1710405,1710405006,18160019,Qushxona,Қушхона,Кушхона
202645488,1710405,1710405026,18160037,Barhayot,Барҳаёт,Бархаёт
202385883,1710405,1710405007,18160017,Kulollik,Кулоллик,Кулоллик
202645495,1710405,1710405011,18160020,Qo‘shxovuz,Қўшховуз,Кушховуз
304978171,1710405,1710405037,18160040,Yashil diyor,Яшил диёр,Яшил диёр
202336319,1710405,1710405024,18160024,Namozgox,Намозгох,Намозгох
303229218,1710405,1710405010,18160001,Ammog‘on,Аммоғон,Аммогон
202329524,1710405,1710405023,18160009,Ziyokor,Зиёкор,Зиёкор
202826490,1710405,1710405009,18160036,Xabarlik,Хабарлик,Хабарлик
203996494,1710405,1710405039,18160013,Katta Novqat,Катта Новқат,Катта Новкат
202605853,1710405,1710405030,18160012,Kamolot,Камолот,Камолат
202436794,1710405,1710405029,18160011,Ipak yo'li,Ипак йўли,Ипак йули
202822576,1710405,1710405022,18160010,Zingiron,Зингирон,Зингирон
202809266,1710405,1710405040,18160029,Tiklanish,Тикланиш,Тикланиш
202961673,1710405,1710405021,18160032,Uymovut,Уймовут,Уймовут
304978149,1710405,1710405017,18160016,Qorasuv,Қорасув,Корасув
202915111,1710405,1710405020,18160006,Guliston,Гулистон,Гулистон
202853958,1710405,1710405016,18160021,Ma’rifat,Маърифат,Маьрифат
202871019,1710405,1710405031,18160028,Sinabog‘,Синабоғ,Синабог
202787557,1710405,1710405018,18160035,Fayzobod,Файзобод,Файзобод
202837454,1710405,1710405003,18160031,Tutzor,Тутзор,Тутзор
202880269,1710405,1710405015,18160030,Turon,Турон,Турон
203996502,1710405,1710405036,18160039,Yangihayot,Янгиҳаёт,Янгихаёт
204023184,1710405,1710405002,18160038,Choshtepa,Чоштепа,Чоштепа
202826508,1710405,1710405034,18160018,Kunchiqar,Кунчиқар,Кунчикар
202810274,1710405,1710405038,18160033,Uychilik,Уйчилик,Уйчилик
202336341,1710405,1710405005,18160022,Navro‘z,Наврўз,Навруз
202436787,1710405,1710405028,18160005,G‘alaba,Ғалаба,Галаба
203785069,1710405,1710405008,18160015,Qoziguzar,Қозигузар,Козигузар
304978038,1710405,1710405019,18160023,Namaton,Наматон,Наматон
202880244,1710405,1710405013,18160014,Kesh,Кеш,Кеш
303229257,1710405,1710405032,18160002,Sohibqiron,Соҳибқирон,Сохибкирoн
202782611,1710405,1710405027,18160026,Pillakashlik,Пиллакашлик,Пиллакашлик
206976041,1710240,1710240030,18080030,Sho'rbozor,Шўрбозор,Шурбозор
203084521,1710240,1710240017,18080017,Taloqtepa,Талоқтепа,Талоктепа
203097251,1710240,1710240021,18080021,Uymovut,Уймовут,Уймовут
309122711,1710240,1710240034,18080034,Manguyurt,Мангуюрт,Мангуюрт
203084331,1710240,1710240006,18080006,Guliston,Гулистон,Гулистон
204013164,1710240,1710240011,18080011,Naymansaroy,Наймансарой,Наймансарой
207181224,1710240,1710240019,18080019,Toshli,Тошли,Тошли
203084410,1710240,1710240020,18080020,To'qmor,Тўқмор,Тукмор
201748684,1710240,1710240031,18080031,Sho'rquduq,Шўрқудуқ,Шуркудук
304980384,1710240,1710240025,18080025,Xushali,Хушали,Хушали
203084387,1710240,1710240022,18080022,Umakay,Умакай,Умакай
201748676,1710240,1710240028,18080028,Chorvador,Чорвадор,Чорвадор
303870009,1710240,1710240012,18080012,Oltin boshoq,Олтин бошоқ,Олтин бошок
201748763,1710240,1710240018,18080018,Torjilg'a,Торжилға,Торжилга
305058628,1710240,1710240013,18080013,Oltin dala,Олтин дала,Олтин дала
203084514,1710240,1710240015,18080015,Soybo'yi,Сойбўйи,Сойбуйи
203084370,1710240,1710240014,18080014,Paxtalisoy,Пахталисой,Пахталисой
205685784,1710240,1710240004,18080004,Beglamish,Бегламиш,Бегламиш
201748755,1710240,1710240009,18080009,Qumdaryo,Қумдарё,Кумдарё
203084506,1710240,1710240002,18080002,Annaruz,Аннарўз,Аннаруз
309046781,1710240,1710240036,18080036,Quchqorbuloq,Қучқорбулоқ,Кучкорбулок
203309627,1710240,1710240024,18080024,Harduri,Ҳардури,Хардури
201748709,1710240,1710240027,18080027,Chiyal,Чиял,Чиял
201748803,1710240,1710240003,18080003,Baxt,Бахт,Бахт
207072447,1710240,1710240008,18080008,Qanotli,Қанотли,Канотли
305568515,1710240,1710240026,18080026,Xo'jaobod,Хўжаобод,Хужаобод
308539105,1710240,1710240033,18080033,Yashiltepa,Яшилтепа,Яшилтепа
203084427,1710240,1710240023,18080023,Oʻtamayli,Ўтамайли,Утамайли
303870048,1710240,1710240007,18080007,Zum,Зум,Зум
203084498,1710240,1710240016,18080016,Suvliq,Сувлиқ,Сувлик
201748787,1710240,1710240010,18080010,Ko'kdala,Кўкдала,Кукдала
203084363,1710240,1710240001,18080001,Ayritom,Айритом,Айритом
206976002,1710240,1710240005,18080005,G'allakor,Ғаллакор,Галлакор
201748794,1710240,1710240032,18080032,Eski-anhor,Эски-анҳор,Эски-анхор
203125983,1710240,1710240029,18080029,Chuvulloq,Чувуллоқ,Чувуллок
202906028,1712401,1712401005,21090002,Binokor,Бинокор,Бинокор
202822884,1712401,1712401026,21090029,O‘zbekiston,Ўзбекистон,Узбекистон
308821104,1712401,1712401035,21090041,Ziyokor,Зиёкор,Зиёкор
202822877,1712401,1712401002,21090017,Lochin,Лочин,Лочин
308810838,1712401,1712401036,21090039,Ma’rifat,Маърифат,Маърифат
202906154,1712401,1712401011,21090022,Ishonch,Ишонч,Ишонч
202906185,1712401,1712401028,21090027,Tinchlik,Тинчлик,Тинчлик
202906074,1712401,1712401030,21090020,Muruvvat,Мурувват,Мурувват
202906107,1712401,1712401018,21090035,Xumo,Хумо,Хумо
202906122,1712401,1712401020,21090024,Oltin vodiy,Олтин водий,Олтин водий
202822900,1712401,1712401003,21090005,Yangiariq,Янгиариқ,Янгиарик
202906161,1712401,1712401012,21090036,Chinor,Чинор,Чинор
202906011,1712401,1712401006,21090008,Guliston,Гулистон,Гулистон
202822956,1712401,1712401010,21090004,Vatan,Ватан,Ватан
202906082,1712401,1712401031,21090030,Umid,Умид,Умид
202822924,1712401,1712401029,21090025,Orzu,Орзу,Орзу
202906099,1712401,1712401024,21090001,Bahor,Баҳор,Бахор
202906146,1712401,1712401014,21090021,Mustaqillik,Мустақиллик,Мустакиллик
202906035,1712401,1712401001,21090011,Janubiy,Жанубий,Жанубий
202906004,1712401,1712401004,21090031,Hayot,Ҳаёт,Хаёт
204062674,1712401,1712401021,21090032,Xoncharbog‘,Хончарбоғ,Хончарбог
202822917,1712401,1712401016,21090028,Turon,Турон,Турон
202906139,1712401,1712401017,21090018,Matonat,Матонат,Матонат
202906043,1712401,1712401007,21090034,Bunyodkor,Бунёдкор,Бунёдкор
203569906,1712401,1712401023,21090010,Yoshlik,Ёшлик,Ёшлик
202906050,1712401,1712401027,21090012,Zarafshon,Зарафшон,Зарафшон
202822964,1712401,1712401009,21090014,Istiqlol,Истиқлол,Истиклол
308820990,1712401,1712401032,21090038,Taraqqiyot,Тараққиёт,Тараккиёт
308811574,1712401,1712401034,21090042,Yangihayot,Янгиҳаёт,Янгихаёт
202906067,1712401,1712401008,21090037,Yangiobod,Янгиобод,Янгиобод
202906178,1712401,1712401013,21090016,Kimyogar,Кимёгар,кимёгар
308812225,1712401,1712401033,21090040,Faravon,Фаравон,Фаравон
202822932,1712401,1712401022,21090019,Me’mor,Меъмор,Мемор
202430431,1712211,1712211001,21010008,Navro‘z,Наврўз,Навруз
202999729,1712211,1712211011,21010005,Zafarobod,Зафаробод,Зафаробод
306369421,1712211,1712211009,21010007,Ko‘kcha,Кўкча,кукча
202067234,1712211,1712211014,21010001,Baymurat,Баймурат,Баймурат
202365820,1712211,1712211004,21010013,Sho‘rtepa,Шўртепа,Шуртепа
202430455,1712211,1712211008,21010003,Guliston,Гулистон,Гулистон
202067202,1712211,1712211010,21010009,Sarjal,Саржал,Саржал
202430463,1712211,1712211002,21010004,Birlik,Бирлик,Бирлик
202067258,1712211,1712211013,21010015,Yangiqazgʻan,Янгиқазған,Янгиказган
202067226,1712211,1712211012,21010006,Qarag'ata,Қарағата,Карагата
202866119,1712211,1712211015,21010011,Ushtobe,Уштобe,Уштобe
204573893,1712211,1712211005,21010014,Yuksalish,Юксалиш,Юксалиш
202365813,1712211,1712211007,21010010,Sho‘rko‘l,Шўркўл,Шуркул
203330760,1712238,1712238001,21040033,Mustaqillik,Мустақиллик,Мустакиллик
203327289,1712238,1712238028,21040004,Bo‘diq,Бўдиқ,Будик
203654967,1712238,1712238019,21040032,Yangiturmush,Янгитурмуш,Янгитурмуш
203659366,1712238,1712238005,21040007,Dehibaland,Деҳибаланд,Дехибаланд
309033079,1712238,1712238031,21040034,Nurobod,Нуробод,Нуробод
203659359,1712238,1712238008,21040003,Amir Temur,Амир Темур,Амир Темур
203659374,1712238,1712238007,21040001,Avazsoy,Авазсой,Авазсой
203339581,1712238,1712238024,21040009,Ibn Sino,Ибн Сино,Ибн Сино
203339527,1712238,1712238023,21040018,Nurfaxr,Нурфахр,Нурфахр
203671281,1712238,1712238017,21040027,Chuya,Чуя,Чуя
203324435,1712238,1712238026,21040016,Mirishkor,Миришкор,Миришкор
203656480,1712238,1712238018,21040023,Suvliq,Сувлиқ,Сувлик
205362815,1712238,1712238015,21040011,Istiqlol,Истиқлол,Истиклол
203671298,1712238,1712238011,21040024,Temirqovuq,Темирқовуқ,Темирковук
309028202,1712238,1712238009,21040036,Tinchlik,Тинчлик,Тинчлик
203659327,1712238,1712238016,21040008,Jarma,Жарма,Жарма
203327225,1712238,1712238004,21040019,Oqmachit,Оқмачит,Окмачит
203659381,1712238,1712238013,21040022,Sentob,Сентоб,Сентоб
204929622,1712238,1712238012,21040013,Kattasoy,Каттасой,каттасой
203327185,1712238,1712238027,21040002,Alisher Navoiy,Алишер Навоий,Алишер Навоий
203327233,1712238,1712238022,21040031,Yangi hayot,Янги ҳаёт,Янги хаёт
203659334,1712238,1712238020,21040012,Qadoq,Қадоқ,кадок
203332781,1712238,1712238030,21040030,Eshon Sudur,Эшон Судур,Эшон Судур
203330745,1712238,1712238025,21040005,G‘afur G‘ulom,Ғафур Ғулом,Гафур Гулом
309027852,1712238,1712238021,21040035,Bo‘ston,Бўстон,Бустон
206678143,1712238,1712238006,21040020,Orasoy,Орасой,Орасой
203530425,1712238,1712238003,21040021,Saydato,Сайдато,Сайдато
203650750,1712238,1712238010,21040014,Qizilcha,Қизилча,кизилча
203569787,1712234,1712234021,21030020,Katta Machit,Катта Мачит,катта Мачит
203569810,1712234,1712234028,21030028,Narpay,Нарпай,Нарпай
203569984,1712234,1712234005,21030005,Arabxona,Арабхона,Арабхона
203569803,1712234,1712234030,21030031,Paxtaobod,Пахтаобод,Пахтаобод
203569938,1712234,1712234002,21030002,Ayronchi,Айрончи,Айрончи
202813294,1712234,1712234026,21030025,MirSaid Baxrom,МирСаид Бахром,МирСаид Бахром
203569914,1712234,1712234035,21030035,Uyrot,Уйрот,Уйрот
203569763,1712234,1712234006,21030006,Arg‘un,Арғун,Аргун
203569898,1712234,1712234023,21030021,Qahramon,Қаҳрамон,кахрамон
202813144,1712234,1712234013,21030012,Dehqon,Деҳқон,Дехкон
207213468,1712234,1712234008,21030008,Bog‘ishamol,Боғишамол,Богишамол
203569953,1712234,1712234039,21030037,Hazora,Ҳазора,Хазора
203569827,1712234,1712234040,21030040,Madaniyat,Маданият,Маданият
202813247,1712234,1712234019,21030017,Ziyokor,Зиёкор,Зиёкор
203569921,1712234,1712234043,21030042,Yangiobod,Янгиобод,Янгиобод
202813223,1712234,1712234024,21030023,Ko'xna qo'rg'on,Кўхна қўрғон,Кухна кургон
202813151,1712234,1712234038,21030039,Xo'ja xisrav,Хўжа хисрав,Хужа хисрав
203569992,1712234,1712234032,21030032,Sardoba,Сардоба,Сардоба
207232168,1712234,1712234022,21030022,Kumushkon,Кумушкон,кумушкон
203569945,1712234,1712234037,21030038,Xonchorbog‘,Хончорбоғ,Хончорбог
203569794,1712234,1712234027,21030027,Navro‘z,Наврўз,Навруз
305468275,1712234,1712234034,21030034,O‘zbekiston,Ўзбекистон,Узбекистон
203569881,1712234,1712234015,21030013,Do‘rman,Дўрман,Дурман
203569755,1712234,1712234020,21030018,Kalovot,Каловот,каловот
203569866,1712234,1712234029,21030029,Nurafshon,Нурафшон,Нурафшон
203569859,1712234,1712234004,21030004,Allon,Аллон,Аллон
202813254,1712234,1712234036,21030036,Farhod,Фарҳод,Фарход
203570004,1712234,1712234016,21030014,Do‘stlik,Дўстлик,Дустлик
308784048,1712234,1712234014,21030044,Yangi varq,Янги варқ,Янги варк
203569960,1712234,1712234012,21030011,Degaron,Дегарон,Дегарон
203569748,1712234,1712234010,21030009,Varq,Варқ,Варк
203569842,1712234,1712234017,21030016,Jaloyir,Жалойир,Жалойир
203569977,1712234,1712234025,21030024,Malik,Малик,Малик
203569834,1712234,1712234031,21030030,Paxlavon,Пахлавон,Пахлавон
203569770,1712234,1712234033,21030033,Talqoq,Талқоқ,Талкок
203569731,1712234,1712234041,21030041,Yangi ariq,Янги ариқ,Янги арик
308805415,1712234,1712234042,21030046,Yangihayot,Янгиҳаёт,Янгихаёт
203569874,1712234,1712234001,21030001,Azamat,Азамат,Азамат
202813279,1712234,1712234007,21030007,Beshkent,Бешкент,Бешкент
202782699,1712251,1712251003,21070017,Zarafshon,Зарафшон,Зарафшон
202782761,1712251,1712251042,21070030,Madaniyat,Маданият,Маданият
202782739,1712251,1712251041,21070027,Qo‘rg‘oncha,Қўрғонча,кургонча
202806168,1712251,1712251055,21070028,Qo‘shchinor,Қўшчинор,кушчинор
203480385,1712251,1712251015,21070054,Toshquloq,Тошқулоқ,Тошкулок
202740576,1712251,1712251028,21070050,Saroy,Сарой,Сарой
202740655,1712251,1712251043,21070034,Mirzo­ Ulug‘bek,Мирзо Улуғбек,Мирзо Улугбек
202782722,1712251,1712251036,21070011,Galabek,Галабек,Галабек
202740687,1712251,1712251031,21070068,Yangirabod,Янгирабод,Янгирабод
202740648,1712251,1712251023,21070022,Qoracha,Қорача,корача
203501832,1712251,1712251058,21070033,Mirdosh,Мирдош,Мирдош
203335184,1712251,1712251037,21070014,Dehqonobod,Деҳқонобод,Дехконобод
202740609,1712251,1712251025,21070032,Miyonqol,Миёнқол,Миёнкол
203224551,1712251,1712251021,21070018,Zarbdor,Зарбдор,Зарбдор
203505375,1712251,1712251019,21070012,Guliston,Гулистон,Гулистон
202790104,1712251,1712251057,21070031,Maydon,Майдон,Майдон
203368318,1712251,1712251063,21070049,Sangijuman,Сангижуман,Сангижуман
203593839,1712251,1712251013,21070051,Tamabax­rin,Тамабахрин,Тамабахрин
202740591,1712251,1712251059,21070036,Navbahor,Навбаҳор,Навбахор
203480378,1712251,1712251016,21070060,Xo‘jaqulobod,Хўжақулобод,Хужакулобод
202790207,1712251,1712251066,21070056,Uchqora,Учқора,Учкора
203654326,1712251,1712251045,21070042,Olmazor,Олмазор,Олмазор
202740694,1712251,1712251038,21070015,Do‘stlik,Дўстлик,Дустлик
203725704,1712251,1712251050,21070064,Chechakota,Чечакота,Чечакота
201351547,1712251,1712251069,21070065,Chinobod,Чинобод,Чинобод
203599742,1712251,1712251022,21070021,Kattasoy,Каттасой,каттасой
202790174,1712251,1712251056,21070029,Langar,Лангар,Лангар
203620581,1712251,1712251018,21070002,Alisher Navoiy,Алишер Навоий,Алишер Навоий
202782714,1712251,1712251044,21070040,Oq-oltin,Оқ-олтин,Ок-олтин
309077729,1712251,1712251067,21070069,Xonaqa,Хонақа,Хонака
202312443,1712251,1712251009,21070045,Paraxun,Парахун,Парахун
202740569,1712251,1712251027,21070038,Nayman,Найман,Найман
203599687,1712251,1712251061,21070043,Oltinobod,Олтинобод,Олтинобод
202782746,1712251,1712251070,21070067,Yangi,Янги,Янги
204563597,1712251,1712251033,21070006,Binokor,Бинокор,Бинокор
202782793,1712251,1712251064,21070052,Tasmachi,Тасмачи,Тасмачи
202790167,1712251,1712251062,21070044,Oltinsoy,Олтинсой,Олтинсой
203656465,1712251,1712251017,21070066,Yangi qurilish,Янги қурилиш,Янги курилиш
203639754,1712251,1712251035,21070010,Bunyodkor,Бунёдкор,Бунёдкор
202782785,1712251,1712251002,21070008,Bog‘chakalon,Боғчакалон,Богчакалон
203064578,1712251,1712251034,21070007,Bog‘ishamol,Боғишамол,Богишамол
202803544,1712251,1712251024,21070025,Quchchi,Қуччи,куччи
203599727,1712251,1712251065,21070055,Uyshun,Уйшун,Уйшун
203645527,1712251,1712251046,21070057,Uchtepa,Учтепа,Учтепа
202911323,1712251,1712251001,21070001,Avoq­li,Авоқли,Авокли
202740616,1712251,1712251012,21070048,Samarqand,Самарқанд,Самарканд
202806175,1712251,1712251006,21070026,Ko‘ksaroy,Кўксарой,куксарой
202790199,1712251,1712251010,21070046,Paxtakor,Пахтакор,Пахтакор
203453663,1712251,1712251014,21070053,Tinchlik,Тинчлик,Тинчлик
202782707,1712251,1712251007,21070037,Navro‘z,Наврўз,Навруз
204567575,1712251,1712251008,21070039,Novja,Новжа,Новжа
309045815,1712251,1712251049,21070070,Farovon,Фаровон,Фаровон
203345385,1712251,1712251030,21070063,Changir,Чангир,Чангир
203459038,1712251,1712251047,21070058,Fidokor,Фидокор,Фидокор
203590408,1712251,1712251029,21070061,Xoʻjaqoʻrgʻon,Хўжақўрғон,Хужакургон
202740624,1712251,1712251020,21070013,Damariq,Дамариқ,Дамарик
202740727,1712251,1712251032,21070003,Amir Temur,Амир Темур,Амир Темур
203586252,1712251,1712251053,21070009,Bug‘irdoq,Буғирдоқ,Бугирдок
202803551,1712251,1712251004,21070019,Ikrom Karvon,Икром Карвон,Икром карвон
202782754,1712251,1712251011,21070047,Polvonota,Полвонота,Полвонота
305210644,1712251,1712251054,21070024,Qo‘rg‘ontepa,Қўрғонтепа,кургонтепа
202740663,1712251,1712251039,21070016,Jaloyir,Жалойир,Жалойир
202790182,1712251,1712251060,21070041,Oqtepa,Оқтепа,Октепа
202782778,1712251,1712251040,21070023,Koriz Arab,Кориз Араб,кориз Араб
203590390,1712251,1712251005,21070020,Istiqlol,Истиқлол,Истиклол
202986626,1712251,1712251026,21070035,Mustaqillik,Мустақиллик,Мустакиллик
203654302,1712251,1712251051,21070004,Angidon,Ангидон,Ангидон
203590383,1712251,1712251052,21070005,Baxshijar,Бахшижар,Бахшижар
202790111,1712251,1712251068,21070062,Chag‘atoy,Чағатой,Чагатой
202740631,1712251,1712251048,21070059,Mirishkor,Миришкор,Миришкор
204737964,1712216,1712216015,21080006,Bobodo‘g‘i,Бободўғи,Бободуги
205704198,1712216,1712216050,21080028,Oqsoch,Оқсоч,Оксоч
204737885,1712216,1712216003,21080038,O‘rtaqo‘rg‘on,Ўртақўрғон,Уртакургон
204737854,1712216,1712216019,21080022,Kulolon,Кулолон,кулолон
309066679,1712216,1712216036,21080021,Konsurun,Консурун,Консурун
204737861,1712216,1712216020,21080045,Kusharti,Кушарти,Кушарти
204738045,1712216,1712216049,21080048,Yashnaobod,Яшнаобод,Яшнаобод
204738077,1712216,1712216035,21080018,Zarmetan,Зарметан,Зарметан
204737996,1712216,1712216047,21080016,Gumbaz,Гумбаз,Гумбаз
204737933,1712216,1712216008,21080031,Saroy,Сарой,Сарой
204738038,1712216,1712216051,21080032,So‘fiyon,Сўфиён,Суфиён
202303708,1712216,1712216044,21080008,Bo‘ston,Бўстон,Бустон
204738124,1712216,1712216040,21080044,Xusbuddin,Хусбуддин,Хусбуддин
204738117,1712216,1712216032,21080011,Varozun,Варозун,Варозун
309066583,1712216,1712216002,21080050,Nurafshon,Нурафшон,Нурафшон
203417635,1712216,1712216004,21080015,Gulzor,Гулзор,Гулзор
204738053,1712216,1712216042,21080003,Ayronchi,Айрончи,Айрончи
204738132,1712216,1712216034,21080017,Demas,Демас,Демас
206919751,1712216,1712216021,21080023,Madaniyat,Маданият,Маданият
204737925,1712216,1712216009,21080037,Uzilishkent,Узилишкент,Узилишкент
204737839,1712216,1712216022,21080019,Ziyokor,Зиёкор,Зиёкор
204737814,1712216,1712216017,21080005,Bashir,Башир,Башир
204738060,1712216,1712216030,21080004,Arabxona,Арабхона,Арабхона
204737799,1712216,1712216018,21080010,Vang‘ozi,Ванғози,Вангози
204737846,1712216,1712216016,21080025,Oboddiyor,Ободдиёр,Ободдиёр
204738014,1712216,1712216045,21080013,G‘oyibon,Ғойибон,Гойибон
204737807,1712216,1712216025,21080034,Tojikon,Тожикон,Тожикон
204737957,1712216,1712216007,21080027,Oqrabot,Оқработ,Окработ
204737918,1712216,1712216006,21080024,Malikobod,Маликобод,Маликобод
203220558,1712216,1712216039,21080036,O‘zbekiston,Ўзбекистон,Узбекистон
204737774,1712216,1712216023,21080026,Oqmachit,Оқмачит,Окмачит
203417643,1712216,1712216010,21080039,Furqat,Фурқат,Фуркат
204738006,1712216,1712216052,21080033,Tavois,Тавоис,Тавоис
204738092,1712216,1712216028,21080002,Azizobod,Азизобод,Азизобод
204737822,1712216,1712216024,21080029,Paxtaobod,Пахтаобод,Пахтаобод
204737767,1712216,1712216027,21080040,Hafqoriyon,Ҳафқориён,Хафкориён
204737893,1712216,1712216012,21080042,Xo‘jaqo‘rg‘on,Хўжақўрғон,Хужакургон
204738100,1712216,1712216041,21080046,Sheyxon,Шейхон,Шейхон
309066734,1712216,1712216031,21080051,Mustaqillik,Мустақиллик,Мустакиллик
204737878,1712216,1712216001,21080012,G‘amxo‘r,Ғамхўр,Гамхур
204738021,1712216,1712216053,21080041,Xomrabot,Хомработ,Хомработ
204737901,1712216,1712216013,21080043,Humo,Ҳумо,Хумо
204737972,1712216,1712216043,21080007,Bo‘lakrabot,Бўлакработ,Булакработ
203226969,1712216,1712216014,21080047,Yangi hayot,Янги ҳаёт,Янги хаёт
204738156,1712216,1712216033,21080014,Gulbog‘,Гулбоғ,Гулбог
204737782,1712216,1712216026,21080035,Toshmachit,Тошмачит,Тошмачит
204737940,1712216,1712216005,21080020,Qalayi-Azizon,Қалайи-Азизон,Калайи-Азизон
203417650,1712216,1712216029,21080001,Alisher Navoiy,Алишер Навоий,Алишер Навоий
203030540,1712230,1712230017,21020034,Xashman,Хашман,Хашман
203070745,1712230,1712230024,21020011,Qalqon ota,Қалқон ота,Калкон ота
203049610,1712230,1712230029,21020032,Uch tut,Уч тут,Уч тут
203030461,1712230,1712230036,21020023,Navbahor,Навбаҳор,Навбахор
203907223,1712230,1712230003,21020040,Yangi hayot,Янги ҳаёт,Янги хаёт
203030493,1712230,1712230007,21020036,Yuqori Beshrabot,Юқори Бешработ,Юкори Бешработ
203043216,1712230,1712230001,21020015,Qiziloy,Қизилой,кизилой
203904274,1712230,1712230034,21020037,Yaltirabot,Ялтиработ,Ялтиработ
203030446,1712230,1712230015,21020001,Arabsaroy,Арабсарой,Арабсарой
206947719,1712230,1712230009,21020013,Kelachi,Келачи,келачи
203030407,1712230,1712230031,21020017,Qiziltepa,Қизилтепа,кизилтепа
203030533,1712230,1712230039,21020019,Qorovultepa,Қоровултепа,коровултепа
203032499,1712230,1712230027,21020033,Xalovat-tepa,Халоват-тепа,Халоват-тепа
203904267,1712230,1712230026,21020030,Tosh­rabot,Тошработ,Тошработ
203032482,1712230,1712230011,21020041,Yangiobod,Янгиобод,Янгиобод
203924069,1712230,1712230028,21020021,Mehnat,Меҳнат,Мехнат
203030414,1712230,1712230032,21020039,Yangi kuch,Янги куч,Янги куч
203030399,1712230,1712230033,21020016,Qizilrabot,Қизилработ,кизилработ
203909379,1712230,1712230038,21020007,G‘ujbog‘tepa,Ғужбоғтепа,Гужбогтепа
203047566,1712230,1712230030,21020010,Yosh kuch,Ёш куч,Ёш куч
203909386,1712230,1712230008,21020025,Oq oltin,Оқ олтин,Ок олтин
202027536,1712230,1712230016,21020028,Saroy,Сарой,Сарой
202027544,1712230,1712230013,21020012,Karvon,Карвон,карвон
203030422,1712230,1712230014,21020029,Sovungar,Совунгар,Совунгар
203043224,1712230,1712230002,21020014,Keskanterak,Кескантерак,кескантерак
203030485,1712230,1712230019,21020003,Armijon,Армижон,Армижон
203948275,1712230,1712230021,21020027,Sarbozor,Сарбозор,Сарбозор
203054226,1712230,1712230023,21020024,Navkar,Навкар,Навкар
203021805,1712230,1712230022,21020035,Chorvoqguzar,Чорвоқгузар,Чорвокгузар
203037831,1712230,1712230041,21020026,Paxtakor,Пахтакор,Пахтакор
302757227,1712230,1712230006,21020002,Arabxona,Арабхона,Арабхона
203043248,1712230,1712230004,21020018,Qorajon,Қоражон,коражон
203942704,1712230,1712230010,21020020,Ko‘hron,Кўҳрон,кухрон
203043231,1712230,1712230005,21020008,Guliston,Гулистон,Гулистон
203056341,1712230,1712230012,21020004,Beshrabot,Бeшработ,Бeшработ
203030518,1712230,1712230040,21020038,Yangi yo‘l,Янги йўл,Янги йул
203030454,1712230,1712230035,21020005,Burqut,Бурқут,Буркут
203030501,1712230,1712230037,21020031,O‘zbekiston,Ўзбекистон,Узбекистон
202960327,1712408,1712408002,21100008,Konchilar,Кончилар,кончилар
202896595,1712408,1712408007,21100007,Geolog,Геолог,Геолог
202969930,1712408,1712408010,21100018,Yulduz,Юлдуз,Юлдуз
202881686,1712408,1712408006,21100017,Tinchlik,Тинчлик,Тинчлик
202964978,1712408,1712408008,21100006,Bahor,Баҳор,Бахор
202960334,1712408,1712408003,21100013,Oltin vodiy,Олтин водий,Олтин водий
309024650,1712408,1712408015,21100021,Istiqlol,Истиқлол,Истиклол
202960144,1712408,1712408001,21100005,Alisher Navoiy,Алишер Навоий,Алишер Навоий
309046932,1712408,1712408014,21100020,O‘zbekiston,Ўзбекистон,Узбекистон
202936584,1712408,1712408011,21100019,Yangi Zarafshon,Янги Зарафшон,Янги Зарафшон
202881679,1712408,1712408005,21100009,Yoshlik,Ёшлик,Ёшлик
202969923,1712408,1712408009,21100014,Navro‘z,Наврўз,Навруз
202977035,1712408,1712408012,21100022,Daugiztau,Даугизтау,Даугизтау
202936591,1712408,1712408004,21100012,Quruvchi,Қурувчи,курувчи
200010045,1712408,1712408013,21050007,Muruntau,Мурунтау,Мурунтау
204081003,1712244,1712244006,21050005,Keregetov,Керегетов,керегетов
204081010,1712244,1712244003,21050002,Aqtov,Ақтов,Актов
204080954,1712244,1712244008,21050004,Ayaqquduq,Аяққудуқ,Аяккудук
204080961,1712244,1712244004,21050008,Suketti,Сукетти,Сукетти
204080978,1712244,1712244001,21050009,Tomdibuloq,Томдибулоқ,Томдибулок
309047829,1712244,1712244002,21050001,Sharq,Шарқ,Шарк
204080985,1712244,1712244007,21050011,Shieli,Шиели,Шиели
204080993,1712244,1712244005,21050006,Keriz,Кериз,кериз
202892902,1712248,1712248010,21110001,Abay,Абай,Абай
203942617,1712248,1712248006,21110007,Kokpatas,Кокпатас,кокпатас
203942624,1712248,1712248007,21110010,Mustaqillik,Мустақиллик,Мустакиллик
203942600,1712248,1712248011,21110011,Navoiy,Навоий,Навоий
203942592,1712248,1712248003,21110005,Do‘stlik,Дўстлик,Дустлик
308746995,1712248,1712248004,21110014,Iftixor,Ифтихор,Ифтихор
203942584,1712248,1712248001,21110002,Aytim,Айтим,Айтим
202692906,1712248,1712248009,21110004,Bozdun,Боздун,Боздун
202692945,1712248,1712248012,21110013,Shalxar,Шалхар,Шалхар
207237342,1712248,1712248005,21110006,Yo‘lchilar,Йўлчилар,Йулчилар
202692898,1712248,1712248002,21110003,Altintov,Алтинтов,Алтинтов
202692938,1712248,1712248014,21110008,Kukayaz,Кукаяз,кукаяз
202692921,1712248,1712248013,21110009,Mingbuloq,Мингбулоқ,Мингбулок
202692914,1712248,1712248008,21110012,Uzunquduq,Узунқудуқ,Узункудук
203659310,1712412,1712412003,21120005,Shayxon,Шайхон,Шайхон
205414338,1712412,1712412001,21120003,Marmarobod,Мармаробод,Мармаробод
206857656,1712412,1712412002,21120004,Tumar,Тумар,Тумар
203659303,1712412,1712412004,21120002,Guliston,Гулистон,Гулистон
202770190,1714212,1714212012,16030040,To‘sar,Тўсар,Тусар
202770413,1714212,1714212024,16030030,No'g'ayqo'rg'on,Нўғайқўрғон,Нугайкургон
202769981,1714212,1714212043,16030013,Kichik Qurama,Кичик Қурама,Кичик Курама
202770373,1714212,1714212044,16030014,Kichik Toshbuloq,Кичик Тошбулоқ,Кичик Тошбулок
202770365,1714212,1714212029,16030054,Yangiyo'l,Янгийўл,Янгийул
202770405,1714212,1714212025,16030031,Nurtepa,Нуртепа,Нуртепа
202770476,1714212,1714212033,16030019,Qumqo‘rg‘on,Қумқўрғон,Кумкургон
202770151,1714212,1714212007,16030012,Qirg'izqo'rg'on,Қирғизқўрғон,Киргизкургон
202770072,1714212,1714212023,16030029,Na'muna,Наъмуна,Наъмуна
202823599,1714212,1714212021,16030024,Mallaxovuz,Маллаховуз,Маллаховуз
202770484,1714212,1714212030,16030006,G‘ayrat,Ғайрат,Гайрат
202770168,1714212,1714212048,16030035,Past qiyot,Паст қиёт,Паст киёт
202770302,1714212,1714212016,16030050,Sho‘rqishloq,Шўрқишлоқ,Шуркишлок
202770247,1714212,1714212028,16030044,Xonobod,Хонобод,Хонобод
202770570,1714212,1714212010,16030034,Olaxamak,Олахамак,Олахамак
305606499,1714212,1714212040,16030021,Qo‘rg‘oncha,Қўрғонча,Кургонча
202770262,1714212,1714212015,16030046,Chag‘ir,Чағир,Чагир
202770319,1714212,1714212037,16030051,Sho‘rqo‘rg‘on,Шўрқўрғон,Шуркургон
202770531,1714212,1714212046,16030026,Mullakuding,Муллакудинг,Муллакудинг
202770254,1714212,1714212051,16030009,Ibrat,Ибрат,Ибрат
202770089,1714212,1714212006,16030007,Guldirov,Гулдиров,Гулдиров
202770096,1714212,1714212047,16030027,Navqiron,Навқирон,Навкирон
202770144,1714212,1714212042,16030011,Katta Toshbuloq,Катта Тошбулоқ,Катта Тошбулок
202770452,1714212,1714212032,16030018,Ko'l bo'yi,Кўл бўйи,Кул буйи
203613384,1714212,1714212052,16030045,Xo‘jaqishloq,Хўжақишлоқ,Хужакишлок
202770563,1714212,1714212035,16030033,Oq er,Оқ ер,Ок ер
202823607,1714212,1714212005,16030005,Bo‘ston,Бўстон,Бустон
202770509,1714212,1714212017,16030022,Yashnaobod,Яшнаобод,Яшнаобод
202770555,1714212,1714212009,16030032,Oqbuloq,Оқбулоқ,Окбулок
202770516,1714212,1714212045,16030025,Mirishkor,Миришкор,Миришкор
202770215,1714212,1714212014,16030042,Urganji,Урганжи,Урганжи
202770064,1714212,1714212020,16030023,Qo‘shchinor,Қўшчинор,Кушчинор
202770334,1714212,1714212039,16030053,Eshobod,Эшобод,Эшобод
202770397,1714212,1714212018,16030016,Qoratepa,Қоратепа,Коратепа
202770548,1714212,1714212026,16030036,Ravnaq,Равнақ,Равнак
202770175,1714212,1714212049,16030038,Tepa Qiyot,Тепа Қиёт,Тепа Киёт
202770491,1714212,1714212034,16030020,Qurama,Қурама,Курама
203832760,1714212,1714212001,16030001,Anjirzor,Анжирзор,Анжирзор
202769974,1714212,1714212053,16030047,Chorbog‘,Чорбоғ,Чорбог
202770437,1714212,1714212019,16030017,Qo'qon qishloq,Қўқон қишлоқ,Кукон кишлок
202770524,1714212,1714212050,16030043,Farovon,Фаровон,Фаровон
202770136,1714212,1714212031,16030010,Kaykovus,Кайковус,Кайковус
203214294,1714212,1714212022,16030028,Navro‘z,Наврўз,Навруз
205403177,1714212,1714212004,16030004,Bozorboshi,Бозорбоши,Бозорбоши
202770183,1714212,1714212011,16030039,Tepaqo‘rg‘on,Тепақўрғон,Тепакургон
202770380,1714212,1714212008,16030015,Qorako‘l,Қоракўл,Коракул
202770018,1714212,1714212002,16030002,Beshkapa,Бешкапа,Бешкапа
202770279,1714212,1714212036,16030048,Shamsikoʻl,Шамсикўл,Шамсикул
207035475,1714212,1714212041,16030008,Dexqonobod,Дехқонобод,Дехконобод
202848915,1714212,1714212027,16030037,Sahovat,Саҳоват,Саховат
202701584,1714219,1714219028,16050030,Mirishkor,Миришкор,Миришкор
202701434,1714219,1714219052,16050039,Ozod,Озод,Озод
202701624,1714219,1714219021,16050004,Birlashgan,Бирлашган,Бирлашган
202701552,1714219,1714219024,16050014,Gʻurumsaroy,Ғурумсарой,Гурумсарой
202701480,1714219,1714219038,16050058,Uch uyli,Уч уйли,Уч уйли
202701537,1714219,1714219027,16050029,Margʻizor,Марғизор,Маргизор
202707758,1714219,1714219009,16050032,Mustaqillik,Мустақиллик,Мустакиллик
202701734,1714219,1714219067,16050019,Istiqlol,Истиқлол,Истиклол
202701520,1714219,1714219037,16050056,Oʻrta Margʻizor,Ўрта Марғизор,Урта Маргизор
202701806,1714219,1714219059,16050073,Yangi to'da,Янги тўда,Янги туда
202701932,1714219,1714219046,16050017,Iskovut,Исковут,Исковут
202701505,1714219,1714219035,16050053,Uygʻur,Уйғур,Уйгур
202701884,1714219,1714219066,16050015,Imon ota,Имон ота,Имон ота
202701798,1714219,1714219051,16050037,Obihayot,Обиҳаёт,Обихаёт
203628752,1714219,1714219056,16050061,Xoʻjaobod,Хўжаобод,Ходжаабад
202701774,1714219,1714219054,16050045,Pilol,Пилол,Пилол
202701402,1714219,1714219053,16050044,Pillakash,Пиллакаш,Пиллакаш
202701877,1714219,1714219069,16050027,Madaniyat,Маданият,Маданият
203631290,1714219,1714219008,16050026,Qoʻshtepa,Қўштепа,Куштепа
202701860,1714219,1714219074,16050065,Chorkesar,Чоркесар,Чоркэсар
202701609,1714219,1714219032,16050049,Tepaqo'rg'on,Тeпақўрғон,Тeпакургон
202701900,1714219,1714219073,16050064,Chodak boshi,Чодак боши,Чодак боши
202701924,1714219,1714219010,16050033,Navbahor,Навбаҳор,Навбахор
202707780,1714219,1714219013,16050041,Olmazor,Олмазор,Алмазор
202701576,1714219,1714219022,16050006,Bogʻ,Боғ,Баг
202701473,1714219,1714219030,16050046,Pop,Поп,Поп
203599806,1714219,1714219031,16050047,Soxibkor,Сохибкор,Сохибкор
202701663,1714219,1714219065,16050013,Guliston,Гулистон,Гулистан
202701742,1714219,1714219068,16050025,Qoʻshminor,Қўшминор,Кушминор
203628720,1714219,1714219023,16050011,Vodiy,Водий,Водий
202701569,1714219,1714219033,16050051,Toshqoʻrgʻon,Тошқўрғон,Ташкурган
203595219,1714219,1714219039,16050063,Chinor,Чинор,Чинор
202701710,1714219,1714219072,16050057,O'rta Xonobod,Ўрта Хонобод,Урта Хонобод
202701703,1714219,1714219075,16050069,Yuqori xonobod,Юқори хонобод,Юкори хонобод
202701759,1714219,1714219060,16050074,Yangi Xo'jaobod,Янги Хўжаобод,Янги Хужаобод
206915758,1714219,1714219076,16050070,Yuqori Chodak Boshi,Юқори Чодак Боши,Юкори Чодак Боши
202707773,1714219,1714219014,16050043,Paxtakor,Пахтакор,Пахтакор
202701648,1714219,1714219026,16050022,Qandigʻon,Қандиғон,Кандигон
202701655,1714219,1714219029,16050034,Navruz,Навруз,Навруз
202707741,1714219,1714219006,16050023,Kelachi,Келачи,Келачи
202701838,1714219,1714219018,16050062,Chigʻanoq,Чиғаноқ,Чиганак
202701497,1714219,1714219036,16050055,Ultarma,Ултарма,Ултарма
202701766,1714219,1714219057,16050066,Chortoq,Чортоқ,Чартак
202701694,1714219,1714219070,16050028,Maydon,Майдон,Майдон
202701544,1714219,1714219040,16050075,Yangiyer,Янгиер,Янгиер
202701591,1714219,1714219042,16050077,Yangichek,Янгичек,Янги чек
202701616,1714219,1714219025,16050020,Ittifoq,Иттифоқ,Иттифок
202701727,1714219,1714219062,16050007,Bogʻishamol,Боғишамол,Багишамол
202701892,1714219,1714219064,16050010,Bunyodkor,Бунёдкор,Бунёдкор
202701631,1714219,1714219041,16050076,Yangiobod,Янгиобод,Янгиабад
202701781,1714219,1714219058,16050068,Eski to'da,Эски тўда,Эски туда
302825901,1714219,1714219071,16050054,Uygʻursoy,Уйғурсой,Уйгурсой
202701465,1714219,1714219047,16050018,Istiqbol,Истиқбол,Истикбол
202701670,1714219,1714219077,16050067,Shayxon,Шайхон,Шайхон
202701386,1714219,1714219050,16050040,Oybek,Ойбек,Ойбек
202707805,1714219,1714219016,16050059,Xazrati-Bob,Хазрати-Боб,Хазрати-Баб
202701379,1714219,1714219045,16050012,Guzar,Гузар,Гузар
202701441,1714219,1714219049,16050036,Nurobod,Нуробод,Нурабад
202701853,1714219,1714219007,16050024,Kenagas,Кенагас,Кенагаc
202701845,1714219,1714219011,16050035,Nayman,Найман,Найман
202701513,1714219,1714219034,16050052,Tuman,Туман,Туман
202898750,1714219,1714219015,16050050,Tinchlik,Тинчлик,Тинчлик
202707813,1714219,1714219005,16050021,Iftixor,Ифтихор,Ифтихор
202701814,1714219,1714219020,16050072,Yakkatut,Яккатут,Яккатут
202701687,1714219,1714219063,16050009,Boyon,Боён,Боён
202707694,1714219,1714219003,16050008,Bodomzor,Бодомзор,Бодомзор
207287598,1714219,1714219061,16050042,Orom,Ором,Ором
202701821,1714219,1714219019,16050071,Yuksalish,Юксалиш,Юксалиш
202701426,1714219,1714219055,16050048,Temir yo'l,Темир йўл,Темир йул
202707719,1714219,1714219004,16050016,Ipak yoʻli,Ипак йўли,Ипак йули
202701458,1714219,1714219043,16050003,Anhor,Анҳор,Анхор
202707765,1714219,1714219002,16050002,A.Navoiy,А.Навоий,А.Навои
202707726,1714219,1714219001,16050001,Abdulla Qahhor,Абдулла Қаҳҳор,Абдулла Каххор
202701394,1714219,1714219048,16050031,Muqimiy,Муқимий,Мукимий
202753243,1714204,1714204009,16020016,Qorashahar,Қорашаҳар,Корашахар
202745671,1714204,1714204023,16020035,Oʻrtaqishloq,Ўртақишлоқ,Уртакишлок
202745656,1714204,1714204022,16020033,Oʻzgarish,Ўзгариш,Узгариш
202766646,1714204,1714204003,16020008,Yoshlik,Ёшлик,Ёшлик
202753235,1714204,1714204017,16020007,Damkoʻl,Дамкўл,Дамкул
202766661,1714204,1714204038,16020032,Toʻpsada,Тўпсада,Тупсада
202730138,1714204,1714204031,16020004,Birlashgan,Бирлашган,Бирлашган
202766740,1714204,1714204005,16020011,Qizilqum,Қизилқум,Кизилкум
202753171,1714204,1714204006,16020012,Qirqchek,Қирқчек,Киркчек
202766678,1714204,1714204040,16020038,Chordona,Чордона,Чордона
202766685,1714204,1714204033,16020009,Ingichka,Ингичка,Ингичка
202753164,1714204,1714204027,16020022,Mehnatobod,Меҳнатобод,Мехнатобод
202753149,1714204,1714204011,16020026,Nayman,Найман,Найман
202766733,1714204,1714204001,16020001,Alami,Алами,Алами
202753228,1714204,1714204037,16020030,Tegirmonboshi,Тегирмонбоши,Тегирмонбоши
202740971,1714204,1714204028,16020025,Mustaqillik,Мустақиллик,Мустакиллик
202730200,1714204,1714204018,16020018,Qo'riqobod,Қўриқобод,Курикобод
202745664,1714204,1714204020,16020021,Madiyarovul,Мадияровул,Мадияровул
202753117,1714204,1714204004,16020013,Kichik jomashuy,Кичик жомашуй,Кичик жомашуй
202753188,1714204,1714204036,16020029,Serxarakat,Серхаракат,Серхаракат
202753132,1714204,1714204008,16020015,Qolgandaryo,Қолгандарё,Колгандарё
202766796,1714204,1714204013,16020031,Tollik,Толлик,Толлик
202753204,1714204,1714204034,16020019,Qoʻshqishloq,Қўшқишлоқ,Кошкишлок
202766654,1714204,1714204035,16020028,Paxtakor,Пахтакор,Пахтакор
202730192,1714204,1714204012,16020027,Oybek,Ойбек,Ойбек
202753250,1714204,1714204026,16020017,Qo'g'oliko'l,Қўғоликўл,Куголикул
202753124,1714204,1714204010,16020023,Momoxon,Момохон,Момохон
202766725,1714204,1714204007,16020014,Qozoqovul,Қозоқовул,Козоковул
202766639,1714204,1714204014,16020036,Farovon,Фаровон,Фаровон
202769934,1714204,1714204002,16020003,Beshserka,Бешсерка,Бешсерка
202753156,1714204,1714204015,16020040,Yangi Gulbogʻ,Янги Гулбоғ,Янги Гулбог
202740995,1714204,1714204024,16020006,Guliston,Гулистон,Гулистон
202745632,1714204,1714204021,16020024,Mulkobod,Мулкобод,Мулкобод
202745649,1714204,1714204019,16020020,Madaniyat,Маданият,Маданият
202753211,1714204,1714204032,16020005,Bozorboshi,Бозорбоши,Бозорбоши
202753195,1714204,1714204016,16020002,Baland gurtepa,Баланд гуртeпа,Баланд гуртeпа
202766718,1714204,1714204029,16020034,Uyurchi damko'l,Уюрчи дамкўл,Уюрчи дамкул
202753274,1714204,1714204025,16020010,Qayrogochovul,Қайроғочовул,Кайрогочовул
202175543,1714401,1714401034,16120013,Boʻston,Бўстон,Бостон
207182208,1714401,1714401051,16120075,Taraqqiyot,Тараққиёт,Тараккият
202132042,1714401,1714401017,16120062,Ozod,Озод,Озод
202683631,1714401,1714401009,16120074,Sumalak Guzari,Сумалак Гузари,Сумалак Гузари
202258834,1714401,1714401025,16120031,Zarkent,Заркент,Заркент
202132034,1714401,1714401049,16120024,Dambogʻ,Дамбоғ,Дамбог
309058119,1714401,1714401015,16120112,Ibrat,Ибрат,Ибрат
202659256,1714401,1714401003,16120016,Guzar,Гузар,Гузар
309306212,1714401,1714401111,16120108,Quvonch,Қувонч,Кувонч
202194719,1714401,1714401041,16120072,Soxibkor,Сохибкор,Сохибкор
202659264,1714401,1714401008,16120068,Sanoat,Саноат,Саноат
202777180,1714401,1714401010,16120090,Sharshara,Шаршара,Шаршара
202166435,1714401,1714401023,16120017,Gulbogʻ,Гулбоғ,Гулбог
202659311,1714401,1714401007,16120064,Oltitosh,Олтитош,Олтитош
202139784,1714401,1714401054,16120045,Majnuntol,Мажнунтол,Мажнунтол
309058054,1714401,1714401030,16120111,Ziyokor,Зиёкор,Зиёкор
206940395,1714401,1714401040,16120042,Lola,Лола,Лола
202777141,1714401,1714401016,16120022,Gʻuncha,Ғунча,Гунча
202132081,1714401,1714401038,16120088,Chorsu,Чорсу,Чорсу
202659596,1714401,1714401012,16120099,Yakkatut,Яккатут,Яккатут
207174913,1714401,1714401058,16120104,Yangiobod,Янгиобод,Янгиобод
202439671,1714401,1714401053,16120007,Bahor,Баҳор,Бахор
202047495,1714401,1714401018,16120081,Uchqun,Учқун,Учкун
202681753,1714401,1714401021,16120026,Diyor,Диёр,Диёр
305583459,1714401,1714401001,16120006,Barkamol avlod,Баркамол Авлод,Баркамол Авлод
201712610,1714401,1714401024,16120025,Dashtbogʻ,Даштбоғ,Даштбог
202796317,1714401,1714401002,16120014,G'isht ko'prik,Ғишт кўприк,Гишт куприк
202135172,1714401,1714401028,16120041,Kurashxona,Курашхона,Курашхона
202681777,1714401,1714401046,16120048,Maʼrifat,Маърифат,Марифат
202692866,1714401,1714401029,16120057,Nurafshon,Нурафшон,Нурафшон
202769870,1714401,1714401043,16120087,Chinor,Чинор,Чинор
202139809,1714401,1714401052,16120029,Zarafshon,Зарафшон,Зарафшон
202844501,1714401,1714401020,16120102,Yangi-yo'l,Янги-йўл,Янги-йул
202777158,1714401,1714401037,16120033,Ilgʻor,Илғор,Илгор
202181513,1714401,1714401026,16120093,Shodlik,Шодлик,Шодлик
202166443,1714401,1714401050,16120061,Obod,Обод,Обод
202132003,1714401,1714401014,16120106,Yangi hayot,Янги ҳаёт,Янги хаёт
309278328,1714401,1714401113,16120110,Ravnaq,Равнақ,Равнак
206941995,1714401,1714401006,16120059,Objuvoz,Обжувоз,Обжувоз
202766622,1714401,1714401022,16120069,Sardoba,Сардоба,Сардоба
202047607,1714401,1714401039,16120037,Qadamjo,Қадамжо,Кадамжо
207127939,1714401,1714401055,16120100,Yangi asr,Янги аср,Янги Аср
202129155,1714401,1714401044,16120089,Sharq tongi,Шарқ тонги,Шарк Тонги
202146887,1714401,1714401005,16120043,Madaniy Maorif,Маданий Маориф,Маданий Маориф
202139791,1714401,1714401056,16120050,Mehribonlik,Меҳрибонлик,Мехрибонлик
202681714,1714401,1714401011,16120098,Yakkasada,Яккасада,Яккасада
309123765,1714401,1714401031,16120113,Oydinkoʻl,Ойдинкўл,Ойдинкол
202181520,1714401,1714401048,16120001,Alpomish,Алпомиш,Алпомиш
202132010,1714401,1714401047,16120046,Margʻilon,Марғилон,Маргилон
202681721,1714401,1714401045,16120063,Olvalizor,Олвализор,Олвализор
202777165,1714401,1714401013,16120103,Yangi Qurilish,Янги Қурилиш,Янги Курилиш
202700181,1714401,1714401057,16120082,Farovon,Фаровон,Фаровон
202675854,1714401,1714401019,16120005,Baynalmilal,Байналмилал,Байналмилал
309304319,1714401,1714401112,16120107,Chaman,Чаман,Чаман
202451294,1714401,1714401027,16120060,Obi-Hayot,Оби-Ҳаёт,Оби-Хаёт
202156961,1714401,1714401035,16120020,Iftixor,Ифтихор,Ифтихор
202631284,1714401,1714401036,16120030,Zarbdor,Зарбдор,Зарбдор
202854157,1714401,1714401042,16120084,Xaqiqat,Хақиқат,Хакикат
202769894,1714401,1714401033,16120010,Boburshoh,Бобуршоҳ,Бобуршох
202702091,1714242,1714242027,16110044,Oqsuv Gʻovozon,Оқсув Ғовозон,Оксув Говозон
207015279,1714242,1714242009,16110047,Olmazor,Олмазор,Олмазор
202679595,1714242,1714242038,16110069,Yumaloq tepa,Юмалоқ тепа,Юмалок тепа
202702005,1714242,1714242034,16110071,Yangiobod,Янгиобод,Янгиобод
202679635,1714242,1714242007,16110020,Doʻstlik,Дўстлик,Достлик
202679571,1714242,1714242001,16110038,Moʻgʻol,Мўғол,Могол
207109137,1714242,1714242040,16110066,Yuqori qorayontoq,Юқори қорайонтоқ,Юкори корайонток
206946878,1714242,1714242015,16110041,Nov,Нов,Нов
202665542,1714242,1714242051,16110031,Quyi qorapolvon,Қуйи қораполвон,Куйи кораполвон
202679611,1714242,1714242043,16110030,Qorasuv,Қорасув,Корасув
202829265,1714242,1714242012,16110025,Qayroqi,Қайроқи,Кайроки
202764854,1714242,1714242066,16110022,Zarkent,Заркент,Заркент
202665566,1714242,1714242036,16110007,Bogʻiston,Боғистон,Богистон
202665534,1714242,1714242049,16110029,Qorapolvon,Қораполвон,Кораполвон
202679643,1714242,1714242010,16110032,Koʻkyor,Кўкёр,Кокёр
202665503,1714242,1714242067,16110067,Yuqori navkent,Юқори навкент,Юкори навкент
205952476,1714242,1714242039,16110062,Tillatepa,Тиллатепа,Тиллатепа
206976975,1714242,1714242069,16110050,Rovot,Ровот,Ровот
202664575,1714242,1714242070,16110039,Navkent,Навкент,Навкент
202664583,1714242,1714242063,16110003,Bekobod,Бекобод,Бекабад
202692748,1714242,1714242003,16110021,Zarbdor,Зарбдор,Зарбдор
202702116,1714242,1714242021,16110014,Gʻayrat,Ғайрат,Гайрат
202670577,1714242,1714242055,16110051,Rovut,Ровут,Ровут
202702124,1714242,1714242053,16110001,Baraka,Барака,Барака
202712182,1714242,1714242060,16110037,Mash'al,Машъал,Машъал
202712207,1714242,1714242059,16110052,Salmon,Салмон,Салмон
202702044,1714242,1714242025,16110060,Oʻrta,Ўрта,Орта
202702020,1714242,1714242023,16110065,Choʻngbagʻish,Чўнгбағиш,Чонгбагиш
202701995,1714242,1714242028,16110006,Bogʻ,Боғ,Бог
202690347,1714242,1714242004,16110040,Na'muna,Наъмуна,Наъмуна
202712199,1714242,1714242014,16110035,Madaniyat,Маданият,Маданият
202702148,1714242,1714242058,16110015,Gʻalaba,Ғалаба,Галаба
202715581,1714242,1714242062,16110026,Qandiyon,Қандиён,Кандиён
202679564,1714242,1714242011,16110036,Mamay,Мамай,Мамай
202702052,1714242,1714242019,16110057,Tinchlik,Тинчлик,Тинчлик
202702013,1714242,1714242026,16110063,Xoʻjashoʻrkent,Хўжашўркент,Ходжашоркент
202679556,1714242,1714242052,16110013,Gaiston,Гаистон,Гаистон
207035705,1714242,1714242024,16110070,Yangi Bog'iston,Янги Боғистон,Янги Богистон
202686825,1714242,1714242042,16110033,Qoʻriq,Қўриқ,Корик
206958395,1714242,1714242033,16110017,Guliston,Гулистон,Гулистон
302783590,1714242,1714242047,16110068,Yuksalish,Юксалиш,Юксалиш
207163429,1714242,1714242048,16110034,Qutlugʻtol,Қутлуғтол,Кутлугтол
202666976,1714242,1714242050,16110049,Radivon,Радивон,Радивон
202702109,1714242,1714242022,16110019,Dexqonobod,Дехқонобод,Дехконобод
202712254,1714242,1714242056,16110042,Nurafshon,Нурафшон,Нурафшон
207109120,1714242,1714242037,16110023,Ibrat,Ибрат,Ибрат
202712246,1714242,1714242054,16110002,Barkamol,Баркамол,Баркамол
202764847,1714242,1714242016,16110045,Oqtepa,Оқтепа,Октепа
202679549,1714242,1714242057,16110028,Qizilqiyoq,Қизилқиёқ,Кизилкиёк
206969904,1714242,1714242008,16110046,Oqtom,Оқтом,Октом
202719379,1714242,1714242018,16110005,Birlik,Бирлик,Бирлик
202723920,1714242,1714242041,16110004,Beshbuloq,Бешбулоқ,Бешбулок
202702037,1714242,1714242031,16110059,Tuman,Туман,Туман
202692755,1714242,1714242002,16110027,Qizilyozi,Қизилёзи,Кизилёзи
202665487,1714242,1714242032,16110010,Boʻston,Бўстон,Бостон
202712214,1714242,1714242061,16110009,Bunyodkor,Бунёдкор,Бунёдкор
202665527,1714242,1714242071,16110056,Sutlibuloq,Сутлибулоқ,Сутлибулок
207041169,1714242,1714242064,16110012,Gaznon,Газнон,Газнон
302784320,1714242,1714242046,16110043,Obod,Обод,Обод
202665510,1714242,1714242065,16110008,Buloqboshi,Булоқбоши,Булокбоши
202665574,1714242,1714242030,16110018,Gulshan,Гулшан,Гулшан
202679628,1714242,1714242006,16110053,Soy bo'yi,Сой бўйи,Сой буйи
202712239,1714242,1714242017,16110048,Poromon,Поромон,Поромон
202665494,1714242,1714242068,16110064,Hurriyat,Ҳуррият,Хуррият
203204932,1714242,1714242020,16110061,Hadikent,Ҳадикент,Хадикент
202665559,1714242,1714242035,16110055,Sohil,Соҳил,Сохил
202702076,1714242,1714242013,16110024,Istiqbol,Истиқбол,Истикбол
202719362,1714242,1714242029,16110016,Gʻovozon,Ғовозон,Говозон
206576064,1714237,1714237041,16100068,Yangiobod,Янгиобод,Янгиобод
202851984,1714237,1714237023,16100012,Buloqboshi,Булоқбоши,Булокбоши
202669591,1714237,1714237046,16100011,Bofanda,Бофанда,Бофанда
309278414,1714237,1714237072,16100071,Chust Gulzori,Чуст Гулзори,Чуст Гулзори
202854251,1714237,1714237014,16100052,Serob,Сероб,Сероб
202817977,1714237,1714237033,16100044,Ogʻasaroy,Оғасарой,Огасарой
202810608,1714237,1714237001,16100002,Baymoq,Баймоқ,Баймок
202670553,1714237,1714237038,16100057,Toshqoʻrgʻon,Тошқўрғон,Тошкоргон
202820183,1714237,1714237012,16100043,Navroʻz,Наврўз,Навроз
202849028,1714237,1714237053,16100036,Laylak uya,Лайлак уя,Лайлак уя
202660709,1714237,1714237058,16100053,Tepaqoʻrgʻon,Тепақўрғон,Тепакоргон
202820168,1714237,1714237042,16100069,Yangi xayot,Янги хаёт,Янги хаёт
202654414,1714237,1714237030,16100031,Qorakapa,Қоракапа,Коракапа
203596913,1714237,1714237069,16100041,Mustaqillik,Мустақиллик,Мустакиллик
204303405,1714237,1714237024,16100013,Varzigon,Варзигон,Варзигон
202664615,1714237,1714237057,16100048,Sabzazor,Сабзазор,Сабзазор
202652392,1714237,1714237032,16100040,Munchoqtepa,Мунчоқтепа,Мунчоктепа
202660669,1714237,1714237018,16100070,Yangichak,Янгичак,Янгичак
202854290,1714237,1714237028,16100024,Zvutqand,Звутқанд,Звутканд
202660676,1714237,1714237002,16100010,Bolo,Боло,Боло
202858301,1714237,1714237045,16100008,Bogʻormos,Боғормос,Богормос
202832080,1714237,1714237015,16100062,Shoyon,Шоён,Шоён
202849043,1714237,1714237040,16100065,Yuqori,Юқори,Юкори
202660652,1714237,1714237011,16100037,Maydon,Майдон,Майдон
202666969,1714237,1714237047,16100020,Doʻstlik,Дўстлик,Достлик
202814862,1714237,1714237056,16100045,Pansada,Пансада,Пансадa
202854275,1714237,1714237029,16100035,Koʻcha,Кўча,Куча
203633336,1714237,1714237016,16100061,Sherbilak,Шербилак,Шербилак
202684804,1714237,1714237062,16100019,Doʻzanda,Дўзанда,Дозанда
202660716,1714237,1714237051,16100027,Qayirma,Қайирма,Кайирма
202656656,1714237,1714237048,16100021,Yorqishloq,Ёрқишлоқ,Ёркишлок
206576072,1714237,1714237006,16100023,Zarafshon,Зарафшон,Зарафшон
202814854,1714237,1714237055,16100042,Navbahor,Навбаҳор,Навбахор
202817984,1714237,1714237020,16100003,Baliqchi,Балиқчи,Баликчи
203752838,1714237,1714237061,16100004,Bibiona,Бибиона,Бибиона
202652384,1714237,1714237037,16100056,Toymasobod,Тоймасобод,Тоймасобод
202864611,1714237,1714237005,16100018,Dehqonobod,Деҳқонобод,Дехконобод
202851969,1714237,1714237065,16100058,Xisorak,Хисорак,Хисорак
202852001,1714237,1714237004,16100017,Dam,Дам,Дам
202851991,1714237,1714237054,16100039,Mexnatobod,Мехнатобод,Мехнатобод
202854283,1714237,1714237026,16100015,Guzar,Гузар,Гузар
202817960,1714237,1714237067,16100060,Chustnon-Doʻstlarobod,Чустнон-Дўстларобод,Чустнон-Достларобод
206986354,1714237,1714237027,16100022,Yettiqoʻrgʻon,Еттиқўрғон,Еттикоргон
202849050,1714237,1714237035,16100054,Tinchlik,Тинчлик,Тинчлик
203552105,1714237,1714237039,16100063,Shuvar,Шувар,Шувар
202577003,1714237,1714237003,16100016,Guliston,Гулистон,Гулистон
206576089,1714237,1714237044,16100007,Bog'i eram,Боғи эрам,Боги эрам
202664590,1714237,1714237013,16100046,Pilol,Пилол,Пилол
202666937,1714237,1714237010,16100032,Qoraqoʻrgʻon,Қорақўрғон,Коракоргон
202854268,1714237,1714237017,16100066,Yakkabuloq,Яккабулоқ,Яккабулок
202648626,1714237,1714237066,16100059,Xoʻjaobod,Хўжаобод,Ходжаобод
309278834,1714237,1714237070,16100072,Yangi bog'ishamol,Янги боғишамол,Янги богишамол
202849074,1714237,1714237050,16100034,Koʻktosh,Кўктош,Коктош
202849067,1714237,1714237025,16100014,Gʻovasoy Sohili,Ғовасой Соҳили,Говасой Сохили
202652360,1714237,1714237022,16100009,Bozorboshi,Бозорбоши,Бозорбоши
202669584,1714237,1714237052,16100033,Quyi Karnon,Қуйи Карнон,Куйи Карнон
203646335,1714237,1714237034,16100051,Sarqamish-Mirzaobod,Сарқамиш-Мирзаобод,Саркмиш-Мирзаобод
202652417,1714237,1714237019,16100001,Ariqboʻyi,Ариқбўйи,Арикбуйи
206576057,1714237,1714237036,16100055,Toymas,Тоймас,Тоймас
202851976,1714237,1714237063,16100047,Rezaksoy,Резаксой,Резаксой
202810583,1714237,1714237068,16100067,Yangiyer,Янгиер,Янгийер
202849082,1714237,1714237064,16100050,Sarimsoqtepa,Саримсоқтепа,Саримсоктепа
202647524,1714237,1714237049,16100029,Kamarsada,Камарсада,Камарсада
202664623,1714237,1714237071,16100049,Sadacha,Садача,Садача
202652400,1714237,1714237043,16100005,Birlik (Olmos),Бирлик (Олмос),Бирлик (Олмос)
202676172,1714237,1714237031,16100038,Mashhad,Машҳад,Машхад
202656664,1714237,1714237021,16100006,Birlik (Shahar),Бирлик (Шаҳар),Бирлик (Шахар)
202858318,1714237,1714237060,16100026,Yo'tmos,Йўтмос,Йутмос
202837612,1714237,1714237009,16100030,Qizilteppa,Қизилтeппа,Кизилтeппа
202706309,1714234,1714234010,16080003,Birlik,Бирлик,Бирлик
207016009,1714234,1714234020,16080053,Farovon,Фаровон,Фаровон
202800611,1714234,1714234019,16080034,Norin,Норин,Норин
202705934,1714234,1714234048,16080044,Turkiston,Туркистон,Туркистан
202706370,1714234,1714234038,16080039,Paxtachi,Пахтачи,Пахтачи
202706062,1714234,1714234026,16080018,Kattachek,Каттачек,Каттачек
202706030,1714234,1714234061,16080043,Tinchlik,Тинчлик,Тинчлик
202706269,1714234,1714234032,16080059,Elatan,Элатан,Элатан
202706394,1714234,1714234016,16080037,Ozod,Озод,Озод
202705863,1714234,1714234044,16080022,Qumtoʻgʻon,Қумтўғон,Кумтогон
202706180,1714234,1714234033,16080061,Yangiyer,Янгиер,Янгийер
202706434,1714234,1714234012,16080020,Qo'g'ay o'lmas,Қўғай ўлмас,Кугай улмас
202705966,1714234,1714234051,16080052,Fargʻona,Фарғона,Фаргона
202705910,1714234,1714234043,16080023,Koʻprikboshi,Кўприкбоши,Копрікбоши
204644733,1714234,1714234015,16080036,Obod,Обод,Обод
202706355,1714234,1714234039,16080025,Qoʻrgʻoncha,Қўрғонча,Коргонча
202706427,1714234,1714234013,16080011,Yorqinboychek,Ёрқинбойчек,Ёркинбойчек
202706220,1714234,1714234028,16080064,Yashiq,Яшиқ,Яшик
202800667,1714234,1714234024,16080054,Xalfatoʻpi,Халфатўпи,Халфатопи
202705981,1714234,1714234060,16080017,Kattamo'g'ol,Каттамўғол,Каттамугол
202800604,1714234,1714234052,16080057,Shodlik,Шодлик,Шодлик
202705894,1714234,1714234049,16080012,Yorqin Hayot,Ёрқин Ҳаёт,Ёркин Хаёт
202706324,1714234,1714234006,16080049,Uchyogʻoch,Учёғоч,Учёгоч
202706237,1714234,1714234030,16080026,Koʻchaboshi,Кўчабоши,Кучабоши
202706363,1714234,1714234037,16080050,Uchkoʻprik,Учкўприк,Учкопрік
202705927,1714234,1714234050,16080040,Sanoat,Саноат,Саноат
202705998,1714234,1714234058,16080029,Mustaqillik,Мустақиллик,Мустакиллик
202706331,1714234,1714234008,16080035,Nurobod,Нуробод,Нурабод
202705870,1714234,1714234002,16080047,Ulugʻbek,Улуғбек,Улугбек
202706119,1714234,1714234055,16080031,Navoiy,Навоий,Навоий
202706008,1714234,1714234059,16080042,Tegirmon,Тегирмон,Тегирмон
202706023,1714234,1714234062,16080015,Istiqbol,Истиқбол,Истикбол
202800635,1714234,1714234035,16080006,Guliston,Гулистон,Гулистон
207038313,1714234,1714234022,16080016,Istiqlol,Истиқлол,Истиклол
202800628,1714234,1714234034,16080005,Boʻston,Бўстон,Бостон
202706079,1714234,1714234027,16080010,Yopisxon,Ёписхон,Ёписхон
203590430,1714234,1714234003,16080013,Yoshlik,Ёшлик,Ёшлик
202800650,1714234,1714234057,16080058,Sholdirama,Шолдирама,Шолдирaма
202705942,1714234,1714234042,16080027,Madaniyat,Маданият,Маданият
202706459,1714234,1714234011,16080056,Shaxrixonchek,Шахрихончек,Шахрихончек
202706284,1714234,1714234005,16080014,Islomobod,Исломобод,Исламобод
202706291,1714234,1714234004,16080021,Qoʻgʻay,Қўғай,Когай
202706141,1714234,1714234053,16080051,Fayziobod,Файзиобод,Файзиобод
202705959,1714234,1714234001,16080055,Chek,Чек,Чек
202706252,1714234,1714234029,16080060,Eshontoʻpi,Эшонтўпи,Эшонтопи
202705903,1714234,1714234047,16080048,Oʻrdabogʻ,Ўрдабоғ,Ордабoг
202706094,1714234,1714234023,16080046,Baxt,Бахт,Бахт
202706205,1714234,1714234036,16080009,Yogʻdu,Ёғду,Ёгду
202706316,1714234,1714234009,16080033,Namuna,Намуна,Намуна
202706244,1714234,1714234031,16080001,Atlas,Атлас,Атлас
202706015,1714234,1714234064,16080024,Qurama,Қурама,Курама
202706086,1714234,1714234025,16080019,Qozoqovul,Қозоқовул,Козоковул
207149207,1714234,1714234007,16080032,Navroʻz,Наврўз,Навроз
202706403,1714234,1714234017,16080062,Yangiobod,Янгиобод,Янгиобод
202706165,1714234,1714234021,16080030,Navbahor,Навбаҳор,Навбахор
202706197,1714234,1714234040,16080007,Dehqonobod,Дeҳқонобод,Дeхконобод
202706442,1714234,1714234014,16080002,Bahriobod,Баҳриобод,Бахриобод
202800643,1714234,1714234041,16080028,Mehnatobod,Меҳнатобод,Мехнатобод
202705855,1714234,1714234045,16080041,Sohil,Соҳил,Сохил
202706047,1714234,1714234063,16080063,Yangi Hayot,Янги Ҳаёт,Янги Хаёт
202706126,1714234,1714234054,16080038,Oqtovlik,Оқтовлик,Октовлик
202719323,1714207,1714207003,16010018,Doʻstlik,Дўстлик,Достлик
202813666,1714207,1714207015,16010059,Yangi shahar,Янги шаҳар,Янги шахар
202813587,1714207,1714207056,16010021,Zamondosh,Замондош,Замондош
202810568,1714207,1714207054,16010049,O'rta ko'cha,Ўрта кўча,Урта куча
202813674,1714207,1714207031,16010004,Namuna,Намуна,Намуна
202686635,1714207,1714207004,16010020,Jar,Жар,Жар
202813603,1714207,1714207017,16010002,A.Navoiy,А.Навоий,А.Навои
202810464,1714207,1714207055,16010050,Uchqoʻrgʻon,Учқўрғон,Учкоргон
202813563,1714207,1714207047,16010005,Bogʻ Koʻcha,Боғ Кўча,Бог Куча
202813714,1714207,1714207029,16010053,Chak,Чак,Чак
202813634,1714207,1714207038,16010027,Majnuntol,Мажнунтол,Мажнунтол
202810393,1714207,1714207044,16010055,Chust ko'cha,Чуст кўча,Чуст куча
202844518,1714207,1714207028,16010051,Xonqoʻrgʻon,Хонқўрғон,Хонкоргон
202695893,1714207,1714207018,16010006,Bogʻ,Боғ,Бог
202810504,1714207,1714207023,16010035,Obodon,Ободон,Ободон
202813594,1714207,1714207027,16010041,Soy bo'yi,Сой бўйи,Сой буйи
202810544,1714207,1714207042,16010007,Bogʻibaland,Боғибаланд,Богибаланд
202813698,1714207,1714207033,16010012,Boʻston,Бўстон,Бостон
202813570,1714207,1714207058,16010057,Shirinbuloq,Ширинбулоқ,Ширинбулок
202813642,1714207,1714207025,16010040,S.Sheroziy,С.Шeрозий,С.Шeрози
202695940,1714207,1714207036,16010019,Yoshlik,Ёшлик,Ёшлик
202813706,1714207,1714207049,16010037,Olmazor,Олмазор,Олмазор
202750184,1714207,1714207032,16010009,Bogʻishamol,Боғишамол,Богишамол
202810496,1714207,1714207057,16010056,Shayxon,Шайхон,Шайхон
202868108,1714207,1714207059,16010022,Istiqlol,Истиқлол,Истиклол
202813681,1714207,1714207037,16010025,Ququmboy,Қуқумбой,Кукумбой
202817676,1714207,1714207008,16010034,Obod,Обод,Обод
202815465,1714207,1714207006,16010033,Nurafshon,Нурафшон,Нурафшон
202810457,1714207,1714207053,16010047,Uzunqishloq,Узунқишлоқ,Узункишлок
202829202,1714207,1714207021,16010016,Gulobod,Гулобод,Гулобод
202719330,1714207,1714207022,16010032,Navroʻz,Наврўз,Навруз
202695885,1714207,1714207020,16010013,Guzar,Гузар,Гузар
206973196,1714207,1714207010,16010048,Oʻrikzor,Ўрикзор,Орикзор
202810425,1714207,1714207009,16010046,Oʻzbekiston,Ўзбекистон,Узбекистон
202686650,1714207,1714207041,16010044,Tagijar,Тагижар,Тагижар
202813610,1714207,1714207034,16010014,Gulbogʻ,Гулбоғ,Гулбог
202810512,1714207,1714207013,16010054,Chorbogʻ,Чорбоғ,Чорбог
202810440,1714207,1714207043,16010023,Iftixor,Ифтихор,Ифтихор
202700221,1714207,1714207019,16010011,Buloqboshi,Булоқбоши,Булокбоши
202859506,1714207,1714207050,16010042,Soycha,Сойча,Сойча
202689235,1714207,1714207011,16010026,Kushon,Кушон,Кушон
202810401,1714207,1714207048,16010036,Ozod,Озод,Озод
202854172,1714207,1714207052,16010045,Taxtakoʻprik,Тахтакўприк,Тахтакоприк
202810433,1714207,1714207024,16010038,Ravot,Равот,Равот
202810551,1714207,1714207046,16010003,Bahoriston,Баҳористон,Бахористон
202686628,1714207,1714207001,16010010,Fayzobod,Файзобод,Файзобод
202700238,1714207,1714207035,16010017,Goʻrmiron,Гўрмирон,Гормирон
202695918,1714207,1714207030,16010029,Mavorounnaxr,Мавороуннахр,Мавороуннахр
202813721,1714207,1714207016,16010008,Yuksalish,Юксалиш,Юксалиш
202810472,1714207,1714207040,16010030,Yangi O'zbekiston,Янги Ўзбeкистон,Янги Узбeкистон
202810536,1714207,1714207045,16010001,A.Jomiy,А.Жомий,А.Жоми
202839435,1714207,1714207014,16010058,Yangi yo'l,Янги йўл,Янги йул
202689267,1714207,1714207039,16010028,M.A'zam,М.Аъзам,М.Аъзам
202689243,1714207,1714207012,16010052,Hurriyat-1,Ҳуррият-1,Хуррият-1
202813659,1714207,1714207007,16010031,Navbahor-1,Навбаҳор-1,Навбахор-1
202810529,1714207,1714207005,16010024,Qorasuv,Қорасув,Корасув
202817709,1714216,1714216044,16040056,Yangi Fargʻona,Янги Фарғона,Янги Фаргона
202888794,1714216,1714216032,16040022,Qoʻshchek,Қўшчек,Кошчек
207168247,1714216,1714216030,16040034,Rovot,Ровот,Ровот
202871231,1714216,1714216050,16040044,Uchtepa,Учтепа,Учтепа
202817731,1714216,1714216045,16040049,Changitma,Чангитма,Чангитма
202817748,1714216,1714216042,16040047,Xoʻjaqoʻrgʻoncha,Хўжақўрғонча,Ходжакоргонча
202885499,1714216,1714216029,16040002,Boyovul,Боёвул,Боёвул
202898649,1714216,1714216015,16040019,Qurama,Қурама,Курама
202817755,1714216,1714216049,16040017,Qorateri,Қоратери,Коратери
202888842,1714216,1714216054,16040016,Qozoqovul,Қозоқовул,Козоковул
202888803,1714216,1714216031,16040021,Qoʻshariq,Қўшариқ,Кошарик
202874401,1714216,1714216036,16040024,Margʻizor,Марғизор,Маргизор
202817770,1714216,1714216010,16040027,Navoiy,Навоий,Навоий
206945222,1714216,1714216057,16040028,Naymanobod,Найманобод,Найманобод
202817866,1714216,1714216008,16040012,Katta Oʻlmas,Катта Ўлмас,Катта Улмас
202888810,1714216,1714216034,16040037,Suzoqovul,Сузоқовул,Сузоковул
202817724,1714216,1714216048,16040029,Norinkapa,Норинкапа,Норинкапа
202817827,1714216,1714216012,16040005,Boʻston,Бўстон,Бостан
202885522,1714216,1714216023,16040040,Toshloq,Тошлоқ,Тошлок
202885482,1714216,1714216026,16040048,Xoʻjaobod,Хўжаобод,Ходжаобод
207168294,1714216,1714216047,16040010,Istiqlol,Истиқлол,Истиклол
202885539,1714216,1714216052,16040032,Pastki Choʻja,Пастки Чўжа,Пастки Чужа
202885546,1714216,1714216051,16040053,Yuqori cho'ja,Юқори чўжа,Юкори чужа
202817898,1714216,1714216009,16040023,Quyultepa,Қуюлтепа,Куйултепа
202817834,1714216,1714216011,16040045,Furqat,Фурқат,Фуркат
202817859,1714216,1714216003,16040003,Boʻzoʻlmas,Бўзўлмас,Бозолмас
202874418,1714216,1714216038,16040020,Qoʻrgʻoncha,Қўрғонча,Коргонча
202817906,1714216,1714216002,16040001,Bobur,Бобур,Бобур
202874378,1714216,1714216040,16040014,Kemaboshi,Кемабоши,Кемабоши
202874393,1714216,1714216039,16040039,Toshqin,Тошқин,Тошкин
202888787,1714216,1714216033,16040031,Otbozor,Отбозор,Отбозор
202898656,1714216,1714216017,16040038,Tegirmonboshi,Тегирмонбоши,Тегирмонбоши
202879140,1714216,1714216024,16040042,Toʻlqin,Тўлқин,Толкин
202817874,1714216,1714216013,16040054,Yaydoq,Яйдоқ,Яйдок
202866220,1714216,1714216022,16040015,Qiziltov,Қизилтов,Кизилтов
202888834,1714216,1714216053,16040052,Yangi Namangan,Янги Наманган,Янги Наманган
207067554,1714216,1714216041,16040051,Shoxidon,Шохидон,Шохидон
202874385,1714216,1714216037,16040018,Saodat,Саодат,Саодат
202817794,1714216,1714216006,16040013,Katta yaydoq,Катта яйдоқ,Катта яйдок
202888866,1714216,1714216056,16040050,Ibrat,Ибрат,Ибрат
202888827,1714216,1714216035,16040041,Toʻda,Тўда,Тода
202817810,1714216,1714216007,16040008,Yettiqashqa,Еттиқашқа,Еттикъашка
202898695,1714216,1714216020,16040025,Mirsultonchek,Мирсултончек,Мирсултончек
202885514,1714216,1714216027,16040030,Nurziyo,Нурзиё,Нурзиё
202898664,1714216,1714216018,16040035,Sirmoq,Сирмоқ,Сирмок
202817881,1714216,1714216005,16040009,Zarbdor,Зарбдор,Зарбдор
202885507,1714216,1714216028,16040033,Polvonkoʻl,Полвонкўл,Полвонкол
202888859,1714216,1714216055,16040006,Doʻmar,Дўмар,Домар
202898671,1714216,1714216016,16040057,Yashik,Яшик,Яшик
202817716,1714216,1714216043,16040036,Soy bo'yi,Сой бўйи,Сой буйи
202817787,1714216,1714216014,16040055,Yangi tong,Янги тонг,Янги тонг
202898688,1714216,1714216021,16040011,Katta Oqtovliq,Катта Оқтовлиқ,Катта Октовлик
207115834,1714216,1714216019,16040026,Mustaqillikning yigirma yilligi,Мустақилликнинг йигирма йиллиги,Мустакилликнинг йигирма йиллиги
202817763,1714216,1714216046,16040046,Xajintol,Хажинтол,Хажинтол
202664654,1714224,1714224042,16060026,Katta Qoʻrgʻoncha,Катта Қўрғонча,Катта Коргонча
202681824,1714224,1714224007,16060067,Yangi Xayot,Янги Хаёт,Янги Хаёт
202678082,1714224,1714224033,16060040,Oqtosh,Оқтош,Октош
202673374,1714224,1714224023,16060005,Birlashgan,Бирлашган,Бирлашган
202689282,1714224,1714224017,16060042,Past Naymancha,Паст Найманча,Паст Найманча
202686761,1714224,1714224011,16060029,Qodirobod,Қодиробод,Кодиробод
202678185,1714224,1714224040,16060039,Ozod,Озод,Озод
202675934,1714224,1714224054,16060013,Dukat,Дукат,Дукат
202681817,1714224,1714224008,16060011,Gulqishloq,Гулқишлоқ,Гулкишлок
202670521,1714224,1714224027,16060018,Yettikon,Еттикон,Йеттикон
202675980,1714224,1714224048,16060031,Kuymozor,Куймозор,Куймозор
202673439,1714224,1714224062,16060051,Toshloq,Тошлоқ,Тошлок
202678122,1714224,1714224002,16060009,Buramatut,Бураматут,Бураматут
202673501,1714224,1714224022,16060052,Turkiston,Туркистон,Туркистон
202704556,1714224,1714224045,16060010,Guliston,Гулистон,Гулистон
202686722,1714224,1714224014,16060054,Uzumzor,Узумзор,Узумзор
202686754,1714224,1714224013,16060066,Yakkatom,Яккатом,Яккатом
202673407,1714224,1714224031,16060061,Chust Ko'prik,Чуст Кўприк,Чуст Куприк
202673422,1714224,1714224061,16060045,Saroy,Сарой,Сарой
202673367,1714224,1714224006,16060055,Oʻrda,Ўрда,Орда
202686778,1714224,1714224009,16060001,Axsi,Ахси,Ахси
202675919,1714224,1714224056,16060048,Temirqishloq,Темирқишлоқ,Темиркишлок
202676046,1714224,1714224058,16060041,Olchin,Олчин,Олчин
202675941,1714224,1714224053,16060006,Bogʻishamol,Боғишамол,Богишамол
202686707,1714224,1714224067,16060046,Soxibkor,Сохибкор,Сохибкор
202681864,1714224,1714224050,16060007,Bozorboshi,Бозорбоши,Бозорбоши
202673350,1714224,1714224032,16060022,Istiqlol,Истиқлол,ИстиКлол
202673414,1714224,1714224024,16060021,Isvaxon,Исвахон,Исвахон
202678107,1714224,1714224003,16060019,Zarbdor,Зарбдор,Зарбдор
202676078,1714224,1714224037,16060049,Tepa Naymancha,Тепа Найманча,Тепа Найманча
202678154,1714224,1714224004,16060036,Mozorkoʻxna,Мозоркўхна,Мозоркокхна
202686739,1714224,1714224052,16060027,Qashqarguzar,Қашқаргузар,Кашкаргузар
202697123,1714224,1714224010,16060057,Fayziobod,Файзиобод,Файзиобод
202678146,1714224,1714224001,16060023,Kalvak,Калвак,Калвак
202675965,1714224,1714224064,16060024,Qatagʻon,Қатағон,Катагон
202670538,1714224,1714224025,16060020,Ibrat,Ибрат,Ибрат
202676007,1714224,1714224028,16060016,Shirinbuloq,Ширинбулоқ,Ширинбулок
202673485,1714224,1714224034,16060068,Yangiobod,Янгиобод,Янгиобод
202676085,1714224,1714224039,16060030,Kujron,Кужрон,Кужрон
202673454,1714224,1714224026,16060044,Porosmon,Поросмон,Поросмон
202673335,1714224,1714224046,16060064,Shoxidon,Шохидон,Шохидон
202715677,1714224,1714224060,16060037,Obod,Обод,Обод
202675997,1714224,1714224049,16060043,Porloq,Порлоқ,Порлок
202675926,1714224,1714224055,16060056,Oʻrtaqishloq,Ўртақишлоқ,Ортакишлок
202675902,1714224,1714224066,16060025,Katta qurama,Катта қурама,Катта курама
202676054,1714224,1714224059,16060012,Dasht,Дашт,Дашт
202673343,1714224,1714224047,16060017,Yortepa,Ёртепа,Ёртепа
202681871,1714224,1714224057,16060015,Er masjid,Ер масжид,Ер масжид
202676039,1714224,1714224051,16060035,Majnuntol,Мажнунтол,Мажнунтол
202664662,1714224,1714224044,16060032,Kumidon,Кумидон,Кумидон
202689307,1714224,1714224020,16060008,Bordimkoʻl,Бордимкўл,Бордимкол
202689314,1714224,1714224019,16060033,Qo'shqayrag'och,Қўшқайрағоч,Кушкайрагоч
202689299,1714224,1714224016,16060059,Xoʻjand,Хўжанд,Ходжанд
202673446,1714224,1714224030,16060003,Bekobod,Бекобод,Бекобод
202676061,1714224,1714224038,16060034,Langarbobo,Лангарбобо,Лангарбобо
202678114,1714224,1714224036,16060002,Baxt,Бахт,Бахт
202673493,1714224,1714224021,16060062,Sharq,Шарқ,Шарк
202678139,1714224,1714224005,16060004,Beruniy,Беруний,Беруний
202673461,1714224,1714224035,16060050,Toshkent,Тошкент,Ташкент
202673328,1714224,1714224065,16060053,Oʻzbekiston,Ўзбекистон,Узбекистон
202675894,1714224,1714224063,16060063,Shovon,Шовон,Шовон
202686746,1714224,1714224012,16060047,Sohilobod-1,Соҳилобод-1,Сохилобод-1
202673399,1714224,1714224029,16060058,Hamid Olimjon,Ҳамид Олимжон,Хамид Олимжон
202697130,1714224,1714224015,16060065,Yuqori Mug'iltoy,Юқори Муғилтой,Юкори Мугилтой
202654801,1714229,1714229043,16070003,Beruniy,Беруний,Беруний
202659224,1714229,1714229040,16070027,Qumtepa,Қумтепа,Кумтепа
202659414,1714229,1714229036,16070011,Guliston,Гулистон,Гулистон
202654793,1714229,1714229006,16070025,Keskanyor,Кесканёр,Кесканняр
202654833,1714229,1714229030,16070009,Gulbogʻ,Гулбоғ,Гулбог
202659636,1714229,1714229037,16070013,Daxyak Ota,Дахяк Ота,Дахяк Ота
202659478,1714229,1714229054,16070056,Yangichek,Янгичек,Янгичек
202659382,1714229,1714229013,16070047,Xojiobod,Хожиобод,Хожиобод
202659399,1714229,1714229014,16070053,Ezgulik,Эзгулик,Эзгулик
202659138,1714229,1714229047,16070052,Shifokor,Шифокор,Шифокор
202659153,1714229,1714229023,16070012,Gumbaz,Гумбаз,Гумбаз
202659288,1714229,1714229035,16070007,Boʻston,Бўстон,Бостан
202659106,1714229,1714229025,16070020,Islomobod,Исломобод,Исламобод
202659217,1714229,1714229024,16070017,Yorkatay,Ёркатай,Ёркатай
202659422,1714229,1714229041,16070051,Shaftoli,Шафтоли,Шафтоли
202659271,1714229,1714229046,16070049,Xurriyat,Хуррият,Хуррият
203623815,1714229,1714229005,16070015,Dexqonobod,Дехқонобод,Дехконобод
202659114,1714229,1714229026,16070031,Mirzarovot,Мирзаровот,Мирзаровот
206858496,1714229,1714229029,16070010,Gulzor,Гулзор,Гулзор
202659249,1714229,1714229032,16070040,Soku,Соку,Соку
202659374,1714229,1714229011,16070033,Mustaqillik,Мустақиллик,Мустакиллик
202659145,1714229,1714229027,16070045,Fayziobod,Файзиобод,Файзиобод
202661611,1714229,1714229019,16070036,Ovchibuloq,Овчибулоқ,Овчибулок
202659629,1714229,1714229042,16070001,Axsi,Ахси,Ахси
202661588,1714229,1714229020,16070044,Oʻnxayat,Ўнхаят,Онхаёт
202659350,1714229,1714229015,16070054,Yangiyer,Янгиер,Янгийер
202661628,1714229,1714229002,16070008,Gʻayrat,Ғайрат,Гайрат
202659612,1714229,1714229052,16070042,Toshloq,Тошлоқ,Тошлок
202654825,1714229,1714229031,16070028,Qoʻrgʻoncha,Қўрғонча,Коргонча
202659557,1714229,1714229049,16070032,Muborak,Муборак,Муборак
202661595,1714229,1714229018,16070035,Obod,Обод,Обод
202661643,1714229,1714229003,16070022,Ittifoq,Иттифоқ,Иттифок
202659367,1714229,1714229012,16070046,Xizirobod,Хизиробод,Хизиробод
202659564,1714229,1714229045,16070034,Navoiy,Навоий,Навоий
202659454,1714229,1714229053,16070048,Xoʻjaobod,Хўжаобод,Ходжаобод
202654785,1714229,1714229007,16070024,Qashqar,Қашқар,Кашкар
202661635,1714229,1714229001,16070006,Boyagʻon,Бояғон,Боягон
202659232,1714229,1714229034,16070002,Balandariq,Баландариқ,Баландарик
202659572,1714229,1714229044,16070005,Bogʻ,Боғ,Бог
202659461,1714229,1714229050,16070037,Oqtosh,Оқтош,Октoш
202661650,1714229,1714229004,16070038,Olmurut,Олмурут,Олмурот
202661604,1714229,1714229017,16070021,Istiqlol,Истиқлол,Истиклол
202659644,1714229,1714229022,16070029,Mashad,Машад,Машхад
202659328,1714229,1714229008,16070016,Doʻstlik,Дўстлик,Достлик
202659604,1714229,1714229021,16070026,Quvurboshi,Қувурбоши,Кувурбоши
202659295,1714229,1714229039,16070018,Jiydakapa,Жийдакапа,Жийдакапа
202654840,1714229,1714229048,16070004,Bogʻ koʻcha,Боғ кўча,Бог куча
202659407,1714229,1714229056,16070039,Pastguzar,Пастгузар,Пастгузар
202659493,1714229,1714229051,16070041,Tepasaroy,Тепасарой,Тепасарой
202659121,1714229,1714229028,16070050,Churtuk,Чуртук,Чуртук
202659343,1714229,1714229010,16070023,Qahramon,Қаҳрамон,Кахрамон
202659304,1714229,1714229038,16070014,Dehqon,Деҳқон,Дехкон
206982906,1714229,1714229016,16070055,Yangi hayot,Янги ҳаёт,Янги хаёт
200108024,1714236,1714236009,16090026,Qorabogʻ,Қорабоғ,Корабог
202265834,1714236,1714236053,16090030,Navbaxor,Навбахор,Навбахор
202288821,1714236,1714236006,16090019,Doʻstlik,Дўстлик,Достлик
200107929,1714236,1714236012,16090041,Soz-Soy,Соз-Сой,Соз-Сой
202881909,1714236,1714236017,16090056,Yuksalish,Юксалиш,Юкcалиш
202874440,1714236,1714236020,16090008,Beshtol,Бештол,Бештол
200108017,1714236,1714236036,16090027,Qoramurt,Қорамурт,Корамурт
202874464,1714236,1714236027,16090036,Oqterak,Оқтерак,Октерек
202780789,1714236,1714236042,16090051,O'rikzor,Ўрикзор,Урикзор
200107611,1714236,1714236039,16090040,Saroy,Сарой,Сарой
200107840,1714236,1714236032,16090001,Alixon,Алихон,Алихон
207293987,1714236,1714236018,16090053,Xayirli,Хайирли,Хайирли
201870123,1714236,1714236015,16090049,Oʻzbekiston,Ўзбекистон,Узбекистон
202874489,1714236,1714236050,16090010,Bogʻiston,Боғистон,Богистон
202228903,1714236,1714236003,16090014,Guldirov,Гулдиров,Гулдиров
201870179,1714236,1714236048,16090002,Alisher Navoiy,Алишер Навоий,Алишер Навои
203018601,1714236,1714236008,16090024,Keskanyor,Кесканёр,Кесканняр
200107628,1714236,1714236026,16090033,Nurafshon,Нурафшон,Нурафшон
202945296,1714236,1714236001,16090003,Arbagʻish,Арбағиш,Арбагиш
202874472,1714236,1714236031,16090050,Uzun ko'cha,Узун кўча,Узун куча
207294004,1714236,1714236047,16090004,Bagʻrikenglik,Бағрикенглик,Багрикенглик
203009525,1714236,1714236056,16090043,Sohibkor,Соҳибкор,Сохибкор
200107714,1714236,1714236016,16090055,Chorsu,Чорсу,Чорсу
201870108,1714236,1714236041,16090048,Turkiston,Туркистон,Туркистон
202937979,1714236,1714236002,16090012,Bozorboshi,Бозорбоши,Бозорбоши
207293994,1714236,1714236055,16090044,Tengdosh,Тенгдош,Тенгдош
200064303,1714236,1714236037,16090032,Namangan,Наманган,Наманган
200107889,1714236,1714236035,16090020,Zangobod,Зангобод,Зангобод
201870115,1714236,1714236007,16090021,Zafar diyor,Зафар диёр,Зафар диёр
200107699,1714236,1714236013,16090042,Soy,Сой,Сой
200107825,1714236,1714236005,16090016,Damariq,Дамариқ,Дамарик
200107936,1714236,1714236043,16090052,Xazratishox,Хазратишох,Хазратшох
202543820,1714236,1714236019,16090006,Baliq-Koʻl,Балиқ-Кўл,Балик-Кол
200107650,1714236,1714236029,16090039,Sarkor,Саркор,Саркор
201870130,1714236,1714236033,16090005,Baynalmilal,Байналмилал,Байналмилал
207136800,1714236,1714236011,16090034,Obod diyor,Обод диёр,Обод диёр
201870147,1714236,1714236049,16090007,Beshkapa,Бешкапа,Бешкапа
200107667,1714236,1714236023,16090022,Istiqlol,Истиқлол,Истиклол
200107643,1714236,1714236024,16090029,Mustaqillik,Мустақиллик,Мустакиллик
200107635,1714236,1714236025,16090031,Navruz,Навруз,Навруз
200108000,1714236,1714236030,16090045,Tinchlik,Тинчлик,Тинчлик
202866309,1714236,1714236004,16090015,Gulshan,Гулшан,Гулшан
207294012,1714236,1714236057,16090018,Dildosh,Дилдош,Дилдош
202933200,1714236,1714236021,16090011,Bodomzor,Бодомзор,Бодомзор
202436881,1714236,1714236045,16090057,Yangiobod,Янгиобод,Янгиобод
202874457,1714236,1714236028,16090037,Ora-Ariq,Ора-Ариқ,Ора-Арик
202896445,1714236,1714236010,16090028,Laskidon,Ласкидон,Ласкидон
207293970,1714236,1714236046,16090025,Komillik,Комиллик,Комиллик
202879814,1714236,1714236034,16090009,Bogʻ,Боғ,Бог
202937986,1714236,1714236014,16090046,Peshqo'rg'on,Пешқўрғон,Пешкурган
201870162,1714236,1714236051,16090013,Bo'lon,Бўлон,Булон
201870186,1714236,1714236054,16090038,Oromgoh,Оромгоҳ,Оромгох
200107857,1714236,1714236022,16090017,Dehqonobod,Деҳқонобод,Дехконобод
201870154,1714236,1714236052,16090023,Iftihor,Ифтиҳор,Ифтихор
203012959,1714236,1714236040,16090047,Turiq,Туриқ,Турик
202770104,1714401365,1714401081,16120094,Elobod,Элобод,Элобод
202823693,1714401365,1714401075,16120053,Mustaqillik,Мустақиллик,Мустакиллик
202802008,1714401365,1714401077,16120067,Porloq,Порлоқ,Порлок
202823582,1714401365,1714401060,16120065,Orzu,Орзу,Орзу
202673478,1714401365,1714401061,16120027,Yelxon,Елхон,Елхон
207338730,1714401365,1714401065,16120032,Ijodkor,Ижодкор,Иджодкор
202770223,1714401365,1714401079,16120079,O'rta g'irvon,Ўрта ғирвон,Урта гирвон
202770033,1714401365,1714401083,16120011,Bogʻ,Боғ,Бог
202770129,1714401365,1714401066,16120019,Gulobod,Гулобод,Гулобод
202770341,1714401365,1714401078,16120095,Yuqori g'irvon,Юқори ғирвон,Юкори гирвон
202577690,1714401365,1714401084,16120023,Davlatobod,Давлатобод,Давлатобод
201973564,1714401365,1714401074,16120085,Halqlar do'stligi,Ҳалқлар дўстлиги,Халклар дустлиги
202766908,1714401365,1714401064,16120056,Navroʻz,Наврўз,Навроз
309380843,1714401365,1714401114,16120114,Tadbirkor,Тадбиркор,Тадбиркор
202770230,1714401365,1714401069,16120080,Oʻrta Rovuston,Ўрта Ровустон,Урта Ровустон
202770444,1714401365,1714401070,16120040,Quyi rovuston,Қуйи ровустон,Куйи ровустон
202307930,1714401365,1714401072,16120078,Umid,Умид,Умид
202406095,1714401365,1714401062,16120058,Nurobod,Нуробод,Нуробод
201931734,1714401365,1714401076,16120055,Navbaxor,Навбахор,Навбахор
202770358,1714401365,1714401068,16120096,Yuqori rovuston,Юқори ровустон,Юкори ровустон
202838373,1714401365,1714401059,16120097,Yuksalish,Юксалиш,Юксалиш
202770112,1714401365,1714401067,16120034,Irvadon,Ирвадон,Ирвадон
201931402,1714401365,1714401071,16120077,Toʻquvchi,Тўқувчи,Токувчи
309377061,1714401365,1714401115,16120115,Istiqlol,Истиқлол,Истиклол
202519303,1714401365,1714401063,16120021,Gulshan,Гулшан,Гулшан
202770420,1714401365,1714401080,16120039,Quyi G'irvon,Қуйи Ғирвон,Куйи Гирвон
202770294,1714401365,1714401082,16120092,Shishaki,Шишаки,Шишаки
202192000,1714401365,1714401073,16120105,Yangi tong,Янги тонг,Янги тонг
202823504,1714401367,1714401096,16120018,Guliston,Гулистон,Гулистон
202439743,1714401367,1714401092,16120052,Mingchinor,Мингчинор,Мингчинор
202650965,1714401367,1714401095,16120047,Maʼnaviyat,Маънавият,Манавият
202073852,1714401367,1714401102,16120015,Goʻzal,Гўзал,Гузал
203010731,1714401367,1714401109,16120073,Sohil,Соҳил,Сохил
202681706,1714401367,1714401093,16120009,B.Mashrab,Б.Машраб,Б.Машраб
305660093,1714401367,1714401098,16120101,Yangi zamin,Янги замин,Янги замин
207038075,1714401367,1714401089,16120076,Tinchlik,Тинчлик,Тинчлик
202770057,1714401367,1714401085,16120012,Bunyodkor,Бунёдкор,Бунёдкор
202132027,1714401367,1714401090,16120004,Axsikent,Ахсикент,Ахсикент
202770286,1714401367,1714401108,16120091,Sherbuloq,Шербулоқ,Шербулок
202766614,1714401367,1714401100,16120066,Oromgoh,Оромгоҳ,Оромгох
202131993,1714401367,1714401087,16120051,Mingterak,Мингтерак,Мингтерак
202132066,1714401367,1714401105,16120036,Ishonch,Ишонч,Ишонч
202796356,1714401367,1714401086,16120054,Mustaqillikning besh yilligi,Мустақилликнинг беш йиллиги,Мустакилликнинг беш йиллиги
207177046,1714401367,1714401107,16120038,Kelajak Tongi,Келажак Тонги,Келажак Тонги
202766574,1714401367,1714401106,16120035,Istiqbol,Истиқбол,Истикбол
202146863,1714401367,1714401094,16120083,Furqat,Фурқат,Фуркат
207334372,1714401367,1714401091,16120070,Sahovat,Саҳоват,Саховат
202132106,1714401367,1714401097,16120008,A.Beruniy,А.Бeруний,А.Бeруни
202386724,1714401367,1714401104,16120003,Atangan guzar,Атанган гузар,Атанган гузар
202769855,1714401367,1714401099,16120049,Mehnatobod,Меҳнатобод,Мехнатобод
202231956,1714401367,1714401101,16120071,Sihatgoh,Сиҳатгоҳ,Сихатгох
202854093,1714401367,1714401103,16120086,Chamanzor,Чаманзор,Чаманзор
305617968,1714401367,1714401088,16120028,Yoshlik,Ёшлик,Ёшлик
202722503,1718401,1718401009,14160043,Бостон,Бўстон,Бостон
202689433,1718401,1718401023,14160121,Mustaqillik,Мустақиллик,Мустакиллик
203729326,1718401,1718401160,14160056,Darg‘om,Дарғом,Даргом
204580205,1718401,1718401049,14160029,Bog'i-Mirzo,Боғи-Мирзо,Боги-Мирзо
203936504,1718401,1718401069,14160078,Istiqbol,Истиқбол,Истикбол
203936719,1718401,1718401051,14160032,Bog'i Feruza,Боғи Фeруза,Боги Фeруза
202948671,1718401,1718401149,14160162,Terakzor,Теракзор,Теракзор
202952898,1718401,1718401144,14160128,Nodirabegim,Нодирабегим,Нодирабегим
203937258,1718401,1718401075,14160094,Qo'sh hovuz,Қўш ҳовуз,Куш ховуз
202732450,1718401,1718401037,14160184,Xofiz Sheroziy,Хофиз Шерозий,Хофиз Шерозий
202950236,1718401,1718401123,14160024,Besh chinor,Бeш чинор,Бeш чинор
308019775,1718401,1718401212,14160018,Bahodir Yalangto‘sh,Баҳодир Ялангтўш,Баходир Ялангтуш
202715542,1718401,1718401027,14160139,Panjob,Панжоб,Панжоб
203937075,1718401,1718401107,14160202,Sharq,Шарқ,Шарк
203639880,1718401,1718401088,14160148,Sayxun,Сайхун,Сайхун
202950039,1718401,1718401122,14160021,Beklar,Беклар,Беклар
202948624,1718401,1718401185,14160027,Bog‘bonlar,Боғбонлар,Богбонлар
203936195,1718401,1718401099,14160185,Xo‘ja Аbdurarun,Хўжа Абдударун,Хужа Абдударун
202952921,1718401,1718401120,14160012,Amir Temur,Амир Темур,Амир Tемур
202952945,1718401,1718401130,14160071,Zulfiya,Зулфия,Зулфия
202683742,1718401,1718401001,14160011,Alisher Navoiy,Алишер Навоий,Алишер Навоий
202700284,1718401,1718401172,14160192,Xo‘ja Yusuf,Хўжа Юсуф,Хужа Юсуф
207286464,1718401,1718401211,14160020,Baxtli hayot,Бахтли хаёт,Бахтли хаёт
203643577,1718401,1718401178,14160187,Xoʻjagʻunjoyish,Хўжағунжойиш,Хужагунжойиш
203936440,1718401,1718401114,14160201,Cho'pon ota,Чўпон ота,Чупон ота
202950061,1718401,1718401140,14160108,Mash'al,Машъал,Машъал
202715534,1718401,1718401003,14160013,Anxor,Анхор,Анхор
202949987,1718401,1718401182,14160009,Ali-Qushchi,Али-Қушчи,Али-Кушчи
207291278,1718401,1718401210,14160134,Obod maskan,Обод маскан,Обод маскан
202951234,1718401,1718401150,14160163,Tinchlik,Тинчлик,Тинчлик
202948774,1718401,1718401187,14160036,Bog‘iston,Боғистон,Богистон
202950189,1718401,1718401207,14160168,Tutzor,Тутзор,Тутзор
203936647,1718401,1718401078,14160103,Maroqand,Мароқанд,Мароканд
203936401,1718401,1718401064,14160066,Zarafshon,Зарафшон,Зарафшон
203638961,1718401,1718401071,14160087,Kaftarxona,Кафтархона,Кафтархона
203696306,1718401,1718401162,14160129,Nurafshon,Нурафшон,Нурафшон
202952960,1718401,1718401191,14160069,Ziyolilar,Зиёлилар,Зиёлилар
203936204,1718401,1718401177,14160136,Oqsaroy,Оқсарой,Оксарой
202706466,1718401,1718401017,14160098,Lolazor,Лолазор,Лолазор
202952953,1718401,1718401153,14160169,Uvaysiy,Увайсий,Увайсий
202948664,1718401,1718401192,14160077,Ipak yo‘li,Ипак йўли,Ипак йули
202680819,1718401,1718401031,14160156,Siyobcha,Сиёбча,Сиёбча
202950196,1718401,1718401125,14160038,Bog‘ishamol,Боғишамол,Богишамол
202949963,1718401,1718401139,14160104,Marxabo,Мархабо,Мархабо
202649370,1718401,1718401174,14160093,Qoʻrgʻoncha,Қўрғонча,Кургонча
202948711,1718401,1718401148,14160157,Sug‘diyona,Суғдиёна,Сугдиёна
202706506,1718401,1718401021,14160100,Madadkor,Мададкор,Мададкор
202948814,1718401,1718401138,14160115,Mirzo Bedil,Мирзо Бедил,Мирзо Бедил
203640914,1718401,1718401070,14160080,Kavola,Кавола,Кавола
202950022,1718401,1718401124,14160035,Bog‘isaroy,Боғисарой,Богисарой
203936575,1718401,1718401089,14160149,Sarbadorlar,Сарбадорлар,Сарбадорлар
202948649,1718401,1718401205,14160161,Temiryoʻlchilar,Темирйўлчилар,Темирйулчилар
203936267,1718401,1718401046,14160002,Abdulla Qahhor,Абдулла Қаххор,Абдулла Каххор
202649387,1718401,1718401033,14160097,Ko‘l,Кўл,Кул
202690386,1718401,1718401008,14160042,Bunyodkor,Бунёдкор,Бунёдкор
203158128,1718401,1718401173,14160052,Gulobod,Гулобод,Гулобод
202949931,1718401,1718401189,14160063,Yoshlar,Ёшлар,Ёшлар
203936924,1718401,1718401059,14160054,Davlatshox Samarqandiy,Давлатшох Самарқандий,Давлатшох Самаркандий
202956132,1718401,1718401020,14160116,Mirzo Ulug‘bek,Мирзо Улуғбек,Мирзо Улугбек
203936590,1718401,1718401086,14160142,Registon,Регистон,Регистон
203936299,1718401,1718401087,14160145,Sadriddin Ayniy,Садриддин Айний,Садриддин Айний
202949948,1718401,1718401134,14160082,Kamolot,Камолот,Камолот
202704595,1718401,1718401007,14160031,Bog'i Temur,Боғи Тeмур,Боги Тeмур
202680802,1718401,1718401010,14160050,Guliston,Гулистон,Гулистон
202952842,1718401,1718401186,14160028,Bog‘dod,Боғдод,Богдод
202710329,1718401,1718401043,14160124,Navro‘z,Наврўз,Навруз
203640731,1718401,1718401030,14160151,Sattepo,Саттепо,Саттепо
203399374,1718401,1718401050,14160030,Bogʻi Safed,Боғи Сафед,Боги Сафед
202693722,1718401,1718401167,14160026,Birlіk,Бирлик,Бирлик
203664464,1718401,1718401165,14160208,Shukrona,Шукрона,Шукрона
203639920,1718401,1718401012,14160060,Dukchiyon,Дукчиён,Дукчиён
203936765,1718401,1718401110,14160209,Eski Qalandarxona,Эски Қаландархона,Эски Каландархона
202646272,1718401,1718401171,14160174,Farovonlik,Фаровонлик,Фаровонлик
202952938,1718401,1718401136,14160086,Katta qo'rg'on,Катта қўрғон,Катта кургон
202950172,1718401,1718401196,14160110,Mevazor,Мевазор,Мевазор
203936274,1718401,1718401055,14160048,G'iyosiddin Jamshid,Ғиёсиддин Жамшид,Гиёсиддин Жамшид
202948704,1718401,1718401158,14160207,Shodlik,Шодлик,Шодлик
202948728,1718401,1718401157,14160194,Hunarmandlar,Ҳунармандлар,Хунармандлар
202796633,1718401,1718401014,14160081,Kamoliddin Bexzod,Камолиддин Бехзод,Камолиддин Бехзод
202948799,1718401,1718401146,14160152,Saхovat,Саховат,Саховат
202948743,1718401,1718401200,14160138,Orzu,Орзу,Орзу
203936457,1718401,1718401093,14160166,Toshkent,Тошкент,Тошкент
202635509,1718401,1718401019,14160114,Mir Said Baraka,Мир Саид Барака,Мир Саид Барака
202950014,1718401,1718401209,14160178,Hayotobod,Хаётобод,Хаётобод
202649394,1718401,1718401025,14160123,Navbog‘chiyon,Навбоғчиён,Навбогчиён
202686896,1718401,1718401005,14160040,Botirzokirov,Ботир Зокиров,Ботирзокиров
202950118,1718401,1718401159,14160212,Yulduz,Юлдуз,Юлдуз
203936339,1718401,1718401111,14160211,Yuksalish,Юксалиш,Юксалиш
203936679,1718401,1718401068,14160076,Imom Vose,Имом Восе,Имом Восе
202952914,1718401,1718401154,14160172,O‘rikzor,Ўрикзор,Урикзор
202950204,1718401,1718401190,14160068,Ziyokorlar,Зиёкорлар,Зиёкорлар
202948695,1718401,1718401206,14160167,Turon,Турон,Турон
202950101,1718401,1718401135,14160085,Katta ariq,Катта ариқ,Катта арик
202950007,1718401,1718401127,14160044,Vatanparvar,Ватанпарвар,Ватанпарвар
202948822,1718401,1718401197,14160111,Mehnat,Меҳнат,Мехнат
203936551,1718401,1718401113,14160041,Bunyod,Бунёд,Бунёд
202943949,1718401,1718401201,14160141,Raxmatobod,Рахматобод,Рахматобод
203937115,1718401,1718401085,14160140,Rasadxona,Расадхона,Расадхона
203936472,1718401,1718401079,14160118,Muborak,Муборак,Муборак
202649427,1718401,1718401106,14160199,Chilstun,Чилстун,Чилстун
203936346,1718401,1718401102,14160189,Xoja Zudmurod,Хожа Зудмурод,Хожа Зудмурод
207296832,1718401,1718401166,14160001,Abdulla Avloniy,Абдулла Авлоний,Абдулла Авланий
203936536,1718401,1718401108,14160203,Sharq tongi,Шарқ тонги,Шарк тонги
202952906,1718401,1718401133,14160079,Istiqlol,Истиқлол,Истиклол
202950157,1718401,1718401142,14160125,Nayman,Найман,Найман
202979357,1718401,1718401151,14160164,Tojmaxal,Тожмахал,Тожмахал
203019774,1718401,1718401181,14160004,Adolat,Адолат,Адолат
202950164,1718401,1718401147,14160155,Semurg‘,Семурғ,Семург
203640906,1718401,1718401056,14160045,Gala Osiyo,Гала Осиё,Гала Осиё
308020966,1718401,1718401213,14160083,Qorasuv,Қорасув,Корасув
308646527,1718401,1718401215,14160005,Azizon,Азизон,Азизон
203936164,1718401,1718401045,14160003,Abduraxmon Jomiy,Абдурахмон Жомий,Абдурахмон Жомий
202950054,1718401,1718401129,14160061,Do‘stlik,Дўстлик,Дустлик
202979364,1718401,1718401132,14160075,Ilmobod,Илмобод,Илмобод
202649434,1718401,1718401164,14160200,Chorbog‘,Чорбоғ,Чорбог
202952881,1718401,1718401203,14160147,Sayqal,Сайқал,Сайкал
202704611,1718401,1718401042,14160064,Yoshlik,Ёшлик,Ёшлик
203936228,1718401,1718401047,14160014,Afrosiyob,Афросиёб,Афросиёб
203895027,1718401,1718401044,14160198,Chilquduq,Чилқудуқ,Чилкудук
202948632,1718401,1718401195,14160106,Matonat,Матонат,Матонат
202686904,1718401,1718401168,14160037,Bogʻi Chinor,Боғи Чинор,Боги Чинор
202948735,1718401,1718401152,14160165,Tokzor,Токзор,Токзор
204250354,1718401,1718401053,14160034,Bog‘imaydon,Боғимайдон,Богимайдон
202966753,1718401,1718401199,14160137,Oltin asr,Олтин аср,Олтин аср
204062990,1718401,1718401115,14160205,Shirin,Ширин,Ширин
202710336,1718401,1718401034,14160170,O‘zbekiston,Ўзбекистон,Узбекистан
203483373,1718401,1718401029,14160146,Said,Саид,Саид
203640810,1718401,1718401175,14160109,Ma'rifat,Маърифат,Маърифат
203936496,1718401,1718401143,14160127,Nafosat,Нафосат,Нафосат
202606124,1718401,1718401063,14160065,Jo'yichuqur,Жўйичуқур,Жуйичукур
202693739,1718401,1718401024,14160122,Navbahor,Навбаҳор,Навбахор
203936188,1718401,1718401082,14160126,Namozgoh,Намозгоҳ,Намозгох
202948750,1718401,1718401131,14160074,Ilg‘or,Илғор,Илгор
203650774,1718401,1718401163,14160131,Nurli kelajak,Нурли келажак,Нурли келажак
203936955,1718401,1718401073,14160092,Kulollar,Кулоллар,Кулоллар
203645621,1718401,1718401176,14160117,Motrid,Мотрид,Мотрид
203936132,1718401,1718401054,14160046,G‘afur G‘ulom,Ғафур Ғулом,Гафур Гулом
202952834,1718401,1718401208,14160007,Al-Farobiy,Ал-Фаробий,Аль-Фароби
308616570,1718401,1718401214,14160206,Shodiyona,Шодиёна,Шодиёна
203936378,1718401,1718401057,14160047,Geologlar,Геологлар,Геологлар
203643656,1718401,1718401052,14160033,Bog‘ibaland,Боғибаланд,Богибаланд
202948688,1718401,1718401198,14160130,Nurli yo‘l,Нурли йўл,Нурли ёл
202950046,1718401,1718401128,14160055,Damariq-1,Дамариқ-1,Дамарик-1
203936149,1718401,1718401109,14160204,Shahriobod,Шаҳриобод,Шахриобод
203644630,1718401,1718401022,14160113,Ming tut,Минг тут,Минг тут
203936307,1718401,1718401066,14160072,Ibn Sino,Ибн Сино,Ибн Сино
202956124,1718401,1718401145,14160144,Sadaf,Садаф,Садаф
202948807,1718401,1718401194,14160102,Maysazor,Майсазор,Майсазор
202836692,1718401,1718401032,14160160,Tadbirkorlar,Тадбиркорлар,Тадбиркорлар
203937029,1718401,1718401096,14160176,Fidoyilar,Фидойилар,Фидойилар
203936425,1718401,1718401091,14160158,So‘zangaron,Сузангарон,Сузангарон
202949970,1718401,1718401118,14160006,Al-Buxoriy,Ал-Бухорий,Ал-Бухорий
203936837,1718401,1718401058,14160053,Guri-Amir,Гури-Амир,Гури-Амир
203648862,1718401,1718401006,14160022,Bekho,Бекхо,Бекхо
203643728,1718401,1718401074,14160088,Qir,Қир,Кир
202950229,1718401,1718401188,14160051,Gullar bog‘i,Гуллар боғи,Гуллар боги
202950093,1718401,1718401156,14160179,Xazora,Хазора,Хазора
203936876,1718401,1718401105,14160197,Chashma,Чашма,Чашма
203650782,1718401,1718401161,14160101,Madaniyat,Маданият,Маданият
202950133,1718401,1718401183,14160017,Baraka,Барака,Барака
203936891,1718401,1718401060,14160057,Dari zanjir,Дари занжир,Дари занжир
203658375,1718401,1718401039,14160210,Yuqori xo‘jasaxat,Юқори хўжасахат,Юкорихожасахат
202686872,1718401,1718401038,14160191,Xo'ja-Soat,Хўжа-Соат,Хужа-Соат
203643649,1718401,1718401015,14160089,Quyi xo'jasaxat,Қуйи хўжасахат,Куйи хужасахат
202694816,1718401,1718401018,14160105,Masjidi Qoʻngʻiroqdor,Масжиди Қўнғироқдор,Масжиди Кунгирокдор
203936529,1718401,1718401098,14160186,Xo'ja Ahror Vali,Хўжа Аҳрор Вали,Хожа Ахрор Вали
202644537,1718401,1718401016,14160091,Ko‘ksaroy,Кўксарой,Коксарой
202950212,1718401,1718401121,14160019,Bahor,Баҳор,Бахор
202698295,1718401,1718401002,14160016,Ahmad Yassaviy,Аҳмад Яссавий,Ахмад Яссавий
203443969,1718401,1718401035,14160173,O'rta xo'jasaxat,Ўрта хўжасахат,Урта хужасахат
203936243,1718401,1718401112,14160215,Yangi xayrobod,Янги хайробод,Янги хайробод
203768064,1718401,1718401028,14160153,Sa'diy Sheroziy,Саъдий Шeрозий,Саъди Шeрози
203937012,1718401,1718401072,14160090,Ko'k masjid,Кўк масжид,Кук масжид
203651694,1718401,1718401180,14160193,Humo,Ҳумо,Хумо
202693746,1718401,1718401013,14160067,Zargartepa,Заргартeпа,Заргартeпа
203936235,1718401,1718401100,14160180,Xalifa Ibrohim,Халифа Иброҳим,Халифа Ибрахим
202684836,1718401,1718401169,14160049,Gulbahor,Гулбаҳор,Гулбахор
202950140,1718401,1718401193,14160107,Maqsud Shayxzoda,Мақсуд Шайхзода,Максуд Шайхзoда
202952874,1718401,1718401119,14160010,Saidrizo Alizoda,Саидризо Ализода,Саидризо Ализода
202644513,1718401,1718401011,14160059,Devori Ko'ndalang,Дeвори Кўндаланг,Дeвори Кундаланг
203936322,1718401,1718401101,14160188,Xoja Doniyor,Хожа Дониёр,Хожа Дониёр
202948656,1718401,1718401137,14160084,Qarshi yo'li,Қарши йўли,Карши йули
203936385,1718401,1718401095,14160195,Chaqar,Чақар,Чакар
203450557,1718401,1718401081,14160120,Molyoni poyon,Молёни поён,Молёни поён
203639984,1718401,1718401179,14160190,Xujaqishloq,Хужақишлоқ,Хужакишлок
202643926,1718401,1718401041,14160214,Yangi Hayot,Янги Ҳаёт,Янги Хаёт
202646748,1718401,1718401170,14160099,Lohutiy,Лоҳутий,Лохутий
202708424,1718401,1718401040,14160213,Yangiqoʻrgʻon,Янгиқўрғон,Янгикоргoн
202952984,1718401,1718401184,14160023,Abu Rayxon Beruniy,Абу Райхон Беруний,Абу Райхон Беруний
202948782,1718401,1718401202,14160143,Abu Abdullo Rudakiy,Абу Абдулло Рудакий,Абу Абдулло Рудакий
202950085,1718401,1718401204,14160154,Sevali Ota,Севали Ота,Севали Ота
203936797,1718401,1718401094,14160171,Urguti-1,Ургути-1,Ургути-1
203936156,1718401,1718401076,14160095,Qo'shbaqqoli,Қўшбаққоли,Кушбакколи
308529465,1718401,1718401116,14160196,Charmgari,Чармгари,Чармгари
203643704,1718401,1718401080,14160119,Mo‘liyon,Мўлиён,Молиён
203936948,1718401,1718401103,14160181,Xalqobod,Халқобод,Халкобод
202652449,1718401,1718401036,14160182,Hamid Olimjon,Ҳамид Олимжон,Хамид Олимжон
202637189,1718230,1718230052,14110032,Mirkan,Миркан,Миркан
202637419,1718230,1718230054,14110042,Tadbirkor,Тадбиркор,Тадбиркор
202637402,1718230,1718230024,14110013,Do'ng,Дўнг,Дунг
206815011,1718230,1718230009,14110028,Mirzo Nodim,Мирзо Нодим,Мирзо Нодим
202637196,1718230,1718230045,14110059,Yangiobod,Янгиобод,Янгиобод
202637426,1718230,1718230055,14110051,Fay,Фай,Фай
202637362,1718230,1718230059,14110031,Mirzo Ulug‘bek,Мирзо Улуғбек,Мирзо Улугбек
202637133,1718230,1718230056,14110056,Chashma,Чашма,Чашма
202637157,1718230,1718230050,14110019,Istiqlol,Истиқлол,Истиклол
202637085,1718230,1718230039,14110037,Obodon,Ободон,Ободон
207015001,1718230,1718230043,14110043,Taraqqiyot,Тараққиёт,Тараккиёт
206815028,1718230,1718230010,14110029,Mirzo Olim,Мирзо Олим,Мирзо Олим
207015999,1718230,1718230028,14110052,Farovon Yo‘ldoshobod,Фаровон Йўлдошобод,Фаровон юлдошобод
202637140,1718230,1718230001,14110006,Burqut,Бурқут,Буркут
206816231,1718230,1718230058,14110046,Toshko‘prik,Тошкўприк,Тошкоприк
202637354,1718230,1718230053,14110021,Qarnabota,Қарнабота,Карнабота
202637394,1718230,1718230027,14110050,Urg'uch,Урғуч,Ургуч
202637379,1718230,1718230042,14110041,Suluvqo‘rg‘on,Сулувқўрғон,Сулувкоргон
202637172,1718230,1718230030,14110058,Shamsnazar,Шамсназар,Шамсназар
202637308,1718230,1718230025,14110034,Nayman,Найман,Найман
202637046,1718230,1718230004,14110014,Yobu,Ёбу,Ёбу
202637229,1718230,1718230032,14110009,Gulobod,Гулобод,Гулобод
202637039,1718230,1718230014,14110047,Tug‘olon,Туғолон,Туголон
202637386,1718230,1718230048,14110008,Guliston,Гулистон,Гулистон
202637164,1718230,1718230057,14110001,Amir Temur,Амир Темур,Амир Темур
202637204,1718230,1718230026,14110048,Ukrash,Украш,Украш
202637347,1718230,1718230021,14110017,Zarafshon,Зарафшон,Зарафшон
202637061,1718230,1718230013,14110045,Toma,Тома,Тома
206826124,1718230,1718230029,14110057,Chorgusha,Чоргуша,Чоргуша
202637290,1718230,1718230006,14110026,Ko‘rpa,Кўрпа,Корпа
202637101,1718230,1718230031,14110002,Amirobod,Амиробод,Амиробод
202637118,1718230,1718230041,14110040,Saroy,Сарой,Сарой
202637125,1718230,1718230035,14110030,Mirzo Salimiy,Мирзо Салимий,Мирзо Салими
202637212,1718230,1718230018,14110005,Boltali,Болтали,Болтали
202637022,1718230,1718230023,14110020,Qaynarbuloq,Қайнарбулоқ,Кайнарбулок
202637268,1718230,1718230007,14110025,Quvondiq,Қувондиқ,Кувондик
202637275,1718230,1718230034,14110053,Hayit Еlbegi,Ҳайит Элбеги,Хайит Элбеги
202637251,1718230,1718230003,14110011,Goʻroʻgʻli,Гўрўғли,Гуругли
202637315,1718230,1718230016,14110055,Hunarmand,Ҳунарманд,Хунарманд
202637244,1718230,1718230020,14110016,Jona,Жона,Жона
202637323,1718230,1718230011,14110039,Sardoba,Сардоба,Сардоба
202637236,1718230,1718230047,14110007,Bo‘ston,Бўстон,Бостон
207133267,1718230,1718230033,14110023,Qirguli,Қиргули,Киргули
206815035,1718230,1718230022,14110022,Keshtali,Кештали,Кештали
207016919,1718230,1718230051,14110024,Qoratepa,Қоратепа,Коратепа
202637330,1718230,1718230017,14110003,Bog‘oloni,Боғолони,Боголони
202637078,1718230,1718230040,14110038,Oqtepa,Оқтепа,Октепа
202637014,1718230,1718230019,14110012,Dabusqal'a,Дабусқалъа,Дабускалъа
202637093,1718230,1718230037,14110035,Mojor,Можор,Можор
207015714,1718230,1718230008,14110027,Qushxovuz,Қушховуз,Кушховуз
207008698,1718230,1718230049,14110015,Jahonobod,Жаҳонобод,Жахонобод
205186069,1718215,1718215046,14050001,Alijon,Алижон,Алижон
202724294,1718215,1718215018,14050002,Alisher Navoiy,Алишер Навоий,Алишер Навоий
202734091,1718215,1718215020,14050006,Bog‘ot,Боғот,Богот
202706624,1718215,1718215017,14050061,Charog‘on,Чароғон,Чарогон
202702772,1718215,1718215024,14050042,Mullotog‘ay,Муллотоғай,Муллотогай
202702725,1718215,1718215031,14050004,Balandchordara,Баландчордара,Баландчордара
202702915,1718215,1718215041,14050033,Qushbegi,Қушбеги,Кушбеги
202702962,1718215,1718215068,14050003,Andoqsoy,Андоқсой,Андоксай
202734076,1718215,1718215038,14050005,Balandravot,Баландравот,Баландравот
202702796,1718215,1718215003,14050024,Kattaming,Каттаминг,Каттаминг
202713839,1718215,1718215032,14050021,Zarqo'rg'on,Зарқўрғон,Заркургон
202702923,1718215,1718215052,14050029,Qorakoʻlcha,Қоракўлча,Коракулча
202706656,1718215,1718215059,14050047,Nisbat,Нисбат,Нисбат
202702740,1718215,1718215004,14050043,Muminxoja,Муминхўжа,Муминхожа
202733988,1718215,1718215034,14050050,Olmazor,Олмазор,Олмазор
202698422,1718215,1718215035,14050023,Kattakoʻrpa,Каттакўрпа,Каттакурпа
202702804,1718215,1718215014,14050056,Tavaron,Таварон,Таварон
202734084,1718215,1718215042,14050058,Uyshun,Уйшун,Уйшун
202762636,1718215,1718215028,14050057,Tarnov,Тарнов,Тарнов
202706671,1718215,1718215060,14050060,Chigʻatoy,Чиғатой,Чигатой
202734131,1718215,1718215049,14050054,Saroyqo‘rg‘on,Саройқўрғон,Саройкоргон
202698478,1718215,1718215047,14050051,Omonboy ko‘prik,Омонбой кўприк,Омонбой коприк
202702954,1718215,1718215050,14050065,Yangiqiyot,Янгиқиёт,Янгикиёт
202702829,1718215,1718215013,14050026,Qirg‘iz,Қирғиз,Киргиз
202730984,1718215,1718215030,14050025,Qiyot,Қиёт,Киёт
202734013,1718215,1718215066,14050009,Burgansoy,Бургансой,Бургансой
202702908,1718215,1718215054,14050052,Omonkalhat,Омонкалхат,Омонкалхат
202706664,1718215,1718215057,14050020,Jumaboy,Жумабой,Жумабой
202702947,1718215,1718215048,14050012,Go‘zal,Гўзал,Гозал
202702930,1718215,1718215051,14050031,Kumushkent,Кумушкент,Кумушкент
202706617,1718215,1718215055,14050048,Namozpolvon,Номозполвон,Номозполвон
202734020,1718215,1718215039,14050064,Yakkabog‘,Яккабоғ,Яккабог
202698439,1718215,1718215009,14050035,Qo‘shtepa,Қўштепа,Куштепа
202702883,1718215,1718215007,14050014,Yovi,Ёви,Ёви
202706600,1718215,1718215064,14050016,Yonboshsoy,Ёнбошсой,Ёнбошсой
202702844,1718215,1718215011,14050044,Mundiyon,Мундиён,Мундиён
202702757,1718215,1718215002,14050030,Qumoq,Қумоқ,Кумок
202713854,1718215,1718215062,14050018,Jizmonsoy,Жизмонсой,Жизмонсой
202733995,1718215,1718215029,14050015,Yodgorxoja,Ёдгорхўжа,Ёдгорхожа
202702979,1718215,1718215063,14050027,Qoqsoy,Қоқсой,Коксой
202702986,1718215,1718215067,14050055,Sebuston,Себустон,Себустон
202713878,1718215,1718215021,14050037,Madrasa,Мадраса,Мадраса
204387088,1718215,1718215053,14050008,Bunyodkor,Бунёдкор,Бунёдкор
202703011,1718215,1718215022,14050022,Kadan,Кадан,Кадан
202734109,1718215,1718215027,14050062,Chuyanchi,Чуянчи,Чуянчи
202734052,1718215,1718215037,14050053,Polvontepa,Полвонтепа,Полвонтепа
202702836,1718215,1718215012,14050019,Jonkel,Жонкел,Жонкел
202734069,1718215,1718215036,14050028,Qoradaryo,Қорадарё,Корадарё
202734005,1718215,1718215025,14050041,Mullakurpa,Муллакурпа,Муллакурпа
202702764,1718215,1718215001,14050011,Valijon,Валижон,Валижон
202703004,1718215,1718215061,14050040,Moybuloq,Мойбулоқ,Мойбулок
202702789,1718215,1718215023,14050068,Yangiravot,Янгиравот,Янгиравот
202734116,1718215,1718215019,14050039,Mirzo Ulug‘bek,Мирзо Улуғбек,Мирзо Улугбек
202730976,1718215,1718215026,14050017,Javlon,Жавлон,Жавлон
202702875,1718215,1718215005,14050046,Nayman,Найман,Найман
202702890,1718215,1718215006,14050010,Vayrot,Вайрот,Вайрот
202762644,1718215,1718215044,14050066,Yangiqo‘rg‘oncha,Янгиқўрғонча,Янгикоргонча
202758924,1718215,1718215010,14050067,Yangiobod,Янгиобод,Янгиобод
202734037,1718215,1718215043,14050063,Shurak,Шурак,Шурак
202762572,1718215,1718215015,14050007,Boltabek,Болтабек,Болтабек
202702868,1718215,1718215008,14050059,Fayzikent,Файзикент,Файзикент
202706592,1718215,1718215056,14050032,Kumushqirg`oq,Кумушқирғоқ,Кумушкиргок
202706649,1718215,1718215058,14050049,Oyjon,Ойжон,Ойжон
202724334,1718215,1718215069,14050036,Qo`shhovuz,Қўшҳовуз,Кушховуз
202734044,1718215,1718215045,14050038,Melixo`ja,Мелихўжа,Мелихужа
202702994,1718215,1718215065,14050034,Qo`shqo`ton,Қўшқўтон,Кушкутон
202706584,1718215,1718215016,14050013,Do‘stlik,Дўстлик,Дустлик
204384234,1718215,1718215040,14050069,Yangihayot,Янгиҳаёт,Янгихаёт
202702733,1718215,1718215033,14050045,Navbahor,Навбаҳор,Навбахор
202956171,1718224,1718224017,14090041,Oqtosh,Оқтош,Октош
202052664,1718224,1718224056,14090010,Bunyodkor,Бунёдкор,Бунёдкор
202893061,1718224,1718224039,14090019,Do‘stlarobod,Дўстларобод,Дустларобод
202892284,1718224,1718224031,14090012,G`allakor,Ғаллакор,Галлакор
202866498,1718224,1718224032,14090001,Aliobod,Алиобод,Алиобод
203313464,1718224,1718224011,14090009,Boshcho`rosh,Бошчўрош,Бошчурош
202052640,1718224,1718224040,14090011,Burqut,Бурқут,Буркут
202052689,1718224,1718224053,14090031,Qumchuq,Қумчуқ,Кумчук
202884151,1718224,1718224004,14090054,Farovon,Фаровон,Фаровон
202866434,1718224,1718224058,14090038,Navro`z,Наврўз,Навруз
202898213,1718224,1718224062,14090056,Fitrat,Фитрат,Фитрат
202866474,1718224,1718224055,14090013,G'oyib ota,Ғойиб ота,Гойиб ота
202052657,1718224,1718224052,14090049,Toshxovuz,Тошховуз,Тошховуз
206984998,1718224,1718224022,14090028,Qirqovul,Қирқовул,Кирковул
202052633,1718224,1718224036,14090029,Ko`ktepa,Кўктепа,Куктепа
202892253,1718224,1718224021,14090017,Darvishiq,Дарвишиқ,Дарвишик
202960889,1718224,1718224024,14090015,Gulzor,Гулзор,Гулзор
202573713,1718224,1718224002,14090014,Go`zal,Гўзал,Гузал
202884144,1718224,1718224020,14090021,Javsharota,Жавшарота,Жавшарота
202866459,1718224,1718224046,14090024,Zarafshon,Зарафшон,Зарафшон
202844937,1718224,1718224035,14090035,Mirzo Ulug‘bek,Мирзо Улуғбек,Мирзо Улугбек
202893022,1718224,1718224047,14090050,To`polos,Тўполос,Туполос
207040874,1718224,1718224044,14090045,Sorisuv,Сорисув,Сорисув
202892238,1718224,1718224005,14090055,Fidokor,Фидокор,Фидокор
202892221,1718224,1718224007,14090005,Baxrin,Бахрин,Бахрин
202893046,1718224,1718224063,14090052,O‘zbekiston,Ўзбекистон,Узбекистон
202884168,1718224,1718224025,14090065,Yangiobod,Янгиобод,Янгиобод
202893078,1718224,1718224037,14090037,Navbahor,Навбахор,Навбахор
202893093,1718224,1718224051,14090025,Ilg`or,Илғор,Илгор
202052618,1718224,1718224043,14090040,Oqqo'rg'on,Оққўрғон,Оккургон
202879727,1718224,1718224001,14090002,Alisher Navoi,Алишер Навоий,Алишер Навоий
202896896,1718224,1718224026,14090033,Madaniyat,Маданият,Маданият
202893014,1718224,1718224050,14090063,Ernazarqorg'on,Эрназарқорғон,Эрназаркоргон
206691438,1718224,1718224013,14090006,Beshqo`rg`on,Бешқўрғон,Бешкургон
202866506,1718224,1718224061,14090053,O`ymovut,Ўймовут,Уймовут
202908301,1718224,1718224023,14090032,Ko`paki,Кўпаки,Купаки
202879710,1718224,1718224018,14090020,Do‘stlik,Дўстлик,Дустлик
202884175,1718224,1718224006,14090007,Birlashuv,Бирлашув,Бирлашув
202884136,1718224,1718224003,14090036,Mustaqillik,Мустақиллик,Мустакиллик
202893054,1718224,1718224060,14090044,Sarbosor,Сарбозор,Сарбозор
202879703,1718224,1718224014,14090022,Juvozxona,Жувозхона,Жувозхона
202866466,1718224,1718224064,14090042,Olmazor,Олмазор,Олмазор
202892245,1718224,1718224010,14090058,Xosa,Хоса,Хоса
303218738,1718224,1718224019,14090046,Taraqqiyot,Тараққиёт,Тараккиёт
202866442,1718224,1718224041,14090059,Xo`ja Ismoil,Хўжа Исмоил,Хужа Исмоил
202893007,1718224,1718224065,14090064,Yangi hayot,Янги ҳаёт,Янги хаёт
206671114,1718224,1718224027,14090004,Bahor,Баҳор,Бахор
202844944,1718224,1718224059,14090027,Kattasaydov,Каттасайдов,Каттасайдов
202830242,1718224,1718224054,14090060,Xo`jaobod,Хўжаобод,Хужаобод
202925527,1718224,1718224009,14090008,Boshqo`rg`on,Бошқўрғон,Бошкургон
206985008,1718224,1718224016,14090026,Istiqlol,Истиқлол,Истиклол
202893085,1718224,1718224038,14090043,Polvonariq,Полвонариқ,Полвонарик
202879663,1718224,1718224008,14090048,Toxirshayx,Тохиршайх,Тохиршайх
202893039,1718224,1718224045,14090061,Choshtepa,Чоштепа,Чоштепа
202893133,1718224,1718224030,14090039,Nakurt,Накурт,Накурт
202900455,1718224,1718224028,14090062,Sho`rtepa,Шўртепа,Шуртепа
202892980,1718224,1718224033,14090051,Turkibola,Туркибола,Туркибола
202052625,1718224,1718224057,14090047,Tomoyrot,Томойрот,Томойрот
202908293,1718224,1718224012,14090016,Guliston,Гулистон,Гулистон
202830266,1718224,1718224042,14090034,Maniobod,Маниобод,Маниобод
202873839,1718224,1718224015,14090018,Dehqonobod,Деҳқанобод,Дехканобод
202328668,1718224,1718224048,14090057,Xalqobod,Халқобод,Халкобод
202892997,1718224,1718224049,14090023,Bobur,Бобур,Бобур
202052672,1718224,1718224034,14090003,Ahmad Yassaviy,Аҳмад Яссавий,Ахмад Яссавий
202893125,1718224,1718224029,14090030,Ko`lto`sin,Кўлтўсин,Култусин
202835590,1718218,1718218022,14060034,Ravot Olchin,Равот Олчин,Равот Олчин
202866363,1718218,1718218047,14060022,Mang`it,Манғит,Мангит
202830131,1718218,1718218019,14060006,Beklar,Беклар,Беклар
202830084,1718218,1718218020,14060007,Birlіk,Бирлик,Бирлик
202830020,1718218,1718218017,14060047,Umid,Умид,Умид
202727266,1718218,1718218050,14060027,Narpay,Нарпай,Нарпай
203166237,1718218,1718218002,14060012,Do‘stlik,Дўстлик,Дустлик
202829993,1718218,1718218055,14060042,Totkent,Тоткент,Тоткент
202892198,1718218,1718218051,14060028,Nog‘araxona,Ноғарахона,Ногарахона
202830116,1718218,1718218028,14060054,Charxin,Чархин,Чархин
202830124,1718218,1718218042,14060004,Barkamol,Баркамол,Баркамол
202837715,1718218,1718218044,14060008,Bolg‘ali,Болғали,Болгали
202842361,1718218,1718218054,14060038,Tepa,Тепа,Тепа
202866348,1718218,1718218032,14060010,Guliston,Гулистон,Гулистон
202941864,1718218,1718218009,14060026,Navruz,Навруз,Навруз
202842378,1718218,1718218049,14060025,Mushkent,Мушкент,Мушкент
202835575,1718218,1718218001,14060011,Dedan,Дедан,Дедан
202830044,1718218,1718218010,14060029,Nugay,Нугай,Нугай
207327776,1718218,1718218031,14060009,Bo‘ston,Бўстон,Бостон
202830005,1718218,1718218014,14060041,Tortuvli,Тортувли,Тортувли
202727274,1718218,1718218057,14060053,Chaykal,Чайкал,Чайкал
202896864,1718218,1718218012,14060035,Salovat,Саловат,Саловат
202754241,1718218,1718218035,14060031,Oq-oltin,Оқ-олтин,Ок-олтин
203660121,1718218,1718218030,14060002,Amir Temur,Амир Темур,Амир Темур
202728368,1718218,1718218036,14060040,Tinchlik,Тинчлик,Тинчлик
202835583,1718218,1718218013,14060036,Sarbozor,Сарбозор,Сарбозор
202496262,1718218,1718218046,14060016,Islom Shoir,Ислом Шоир,Ислом Шоир
202830148,1718218,1718218023,14060037,Sohibkor,Сохибкор,Сохибкор
202830155,1718218,1718218003,14060014,Iymon,Иймон,Иймон
202866331,1718218,1718218039,14060057,Yangiobod,Янгиобод,Янгиобод
202844920,1718218,1718218029,14060055,Chorbog‘,Чорбоғ,Чорбог
202839657,1718218,1718218004,14060015,Ipak yo‘li,Ипак йўли,Ипакёли
202703050,1718218,1718218033,14060017,Islomobod,Исломобод,Исломобод
203053250,1718218,1718218021,14060030,Obi hayot,Оби ҳаёт,Оби xаёт
202719576,1718218,1718218056,14060050,Xalqabod,Халқабод,Халкабод
202866355,1718218,1718218052,14060032,Oqtosh,Оқтош,Октош
202837708,1718218,1718218024,14060039,Tepaqo‘rg‘on,Тепақўрғон,Тепакургон
202892206,1718218,1718218015,14060044,Turon,Турон,Турон
202830069,1718218,1718218034,14060021,Ko'k-ota,Кўк-ота,Кук-ота
202941871,1718218,1718218008,14060024,Mustaqillik,Мустақиллик,Мустакиллик
202837723,1718218,1718218007,14060020,Qozikent,Қозикент,Козикент
202868320,1718218,1718218011,14060033,Oltio'g'il,Олтиўғил,Олтиугил
202830037,1718218,1718218018,14060056,Yangi ariq,Янги ариқ,Янги арик
202830013,1718218,1718218006,14060019,Qoziyoqli,Қозиёқли,Козиёкли
202815505,1718218,1718218025,14060049,Haqiqat,Ҳақиқат,Хакикат
202830091,1718218,1718218027,14060051,Xo'jakorzon,Хўжакорзон,Хужакорзон
202727259,1718218,1718218026,14060046,O‘zbekkenti,Ўзбеккенти,Узбеккенти
202728375,1718218,1718218041,14060003,Ahillik,Аҳиллик,Ахиллик
202830163,1718218,1718218005,14060018,Istiqlol,Истиқлол,Истиклол
202884129,1718218,1718218016,14060045,O‘zbekiston,Ўзбекистон,Узбекистон
203053243,1718218,1718218048,14060023,Muqimiy,Муқимий,Мукимий
202830109,1718218,1718218038,14060052,Xo‘jaqo‘rg‘on,Хўжақўрғон,Хужакургон
202835568,1718218,1718218037,14060043,Toshko‘prik,Тошкўприк,Тошкоприк
202829677,1718206,1718206046,14010015,Zarafshon,Зарафшон,Зарафшон
202829527,1718206,1718206033,14010011,Guliston,Гулистон,Гулистон
202829645,1718206,1718206021,14010023,Kichik kildon,Кичик килдон,Кичик килдон
202829653,1718206,1718206050,14010042,Suluvqo'rg'on,Сулувқўрғон,Сулувкургон
202829749,1718206,1718206038,14010036,Olmazor,Олмазор,Олмазор
204991334,1718206,1718206054,14010048,Chorbog‘,Чорбоғ,Чорбог
202829804,1718206,1718206028,14010050,Elobod,Элобод,Элобод
202829559,1718206,1718206039,14010041,Fozil Yo'ldosh,Фозил Йўлдош,Фозил Йулдош
203748524,1718206,1718206019,14010020,Alisher Navoiy,Алишер Навоий,Алишер Навоий
202829700,1718206,1718206030,14010004,Beshqo‘ton,Бешқўтон,Бешкотон
207069662,1718206,1718206025,14010037,Sayiltepa,Сайилтепа,Сайилтепа
202829542,1718206,1718206016,14010002,Amir Temur,Амир Темур,Амир Темур
202829581,1718206,1718206013,14010033,Nurli yul,Нурли йўл,Нурли юл
202829717,1718206,1718206036,14010027,Mingtepa,Мингтепа,Мингтепа
303062958,1718206,1718206035,14010025,Lalmikor,Лалмикор,Лалмикор
202829811,1718206,1718206029,14010052,Esonturdi,Эсонтурди,Эсонтурди
207097082,1718206,1718206045,14010012,Gulobod,Гулобод,Гулобод
202829660,1718206,1718206052,14010045,Xo'jabachcha,Хўжабачча,Хужабачча
202829756,1718206,1718206012,14010047,Changal 1,Чангал 1,Чангал 1
202829614,1718206,1718206020,14010021,Kildon,Килдон,Килдон
206490972,1718206,1718206031,14010005,Bog‘bon,Боғбон,Богбон
204743816,1718206,1718206047,14010024,Qo‘ng‘irot,Қўнғирот,Конгирот
202829764,1718206,1718206011,14010044,O‘roqli,Ўроқли,Урокли
206194905,1718206,1718206042,14010054,Yangiariq,Янгиариқ,Янгиарик
202829771,1718206,1718206009,14010032,Niyozmat,Ниёзмат,Ниёзмат
202829574,1718206,1718206014,14010051,Erganakli,Эрганакли,Эрганакли
202829534,1718206,1718206006,14010017,Istiqlol,Истиқлол,Истиклол
202829724,1718206,1718206041,14010019,Kattaqishloq,Каттақишлоқ,Каттакишлок
202829835,1718206,1718206022,14010022,Qirqshodi,Қирқшоди,Киркшоди
202829470,1718206,1718206002,14010007,Bulung‘ur,Булунғур,Булунгур
202829788,1718206,1718206008,14010031,Neboʻsa,Небўса,Небуса
202829732,1718206,1718206032,14010009,G‘o‘bdin,Ғўбдин,Губдин
202829503,1718206,1718206051,14010043,Ulug‘bek,Улуғбек,Улугбек
202829598,1718206,1718206007,14010028,Mingchinor,Мингчинор,Мингчинор
202829795,1718206,1718206017,14010013,Dehqonobod,Деҳқонобод,Дехконобод
202829510,1718206,1718206049,14010038,Samarqand,Самарқанд,Самарканд
202829843,1718206,1718206018,14010018,Kaptarxona,Каптархона,Каптархона
202829606,1718206,1718206010,14010035,Oqto‘sh,Оқтош,Октош
202829494,1718206,1718206037,14010030,Navbahor,Навбахор,Навбахор
202829638,1718206,1718206053,14010046,Xo‘jamazgil,Хўжамазгил,Хужамазгил
202829828,1718206,1718206027,14010040,Sahovat,Саховат,Саховат
207136928,1718206,1718206015,14010055,Yangiqo'rg'on,Янгиқўрғон,Янгикургон
202829463,1718206,1718206023,14010026,Mehrjon,Мехржон,Мехржон
202829684,1718206,1718206048,14010034,Oqtepa,Оқтепа,Октепа
206125554,1718206,1718206004,14010010,Gulzor,Гулзор,Гулзор
202829692,1718206,1718206040,14010053,Yangiobod,Янгиобод,Янгиобод
206103257,1718206,1718206003,14010008,Bulung‘ur ariq,Булунғур ариқ,Булунгур арик
206985331,1718206,1718206044,14010003,Beshkubi,Бешкуби,Бешкуби
202829621,1718206,1718206055,14010049,Choʻyantepa,Чўянтепа,Чуянтепа
202723944,1718406,1718406025,14150032,Usmon Nosir,Усмон Носир,Усмон Носир
202724112,1718406,1718406011,14150004,Baland chordara,Баланд чордара,Баландч ордара
207302468,1718406,1718406036,14150006,Vatanparvar,Ватанпарвар,Ватанпарвар
202724064,1718406,1718406016,14150025,Noqis,Ноқис,Нокис
202724262,1718406,1718406003,14150031,O‘rikzor,Ўрикзор,Урикзор
202723984,1718406,1718406035,14150036,Yakkabog‘,Яккабоғ,Яккабог
202724254,1718406,1718406001,14150034,Chinobod,Чинобод,Чинобод
202724001,1718406,1718406023,14150016,Islom Shoir,Ислом Шоир,Ислом Шоир
202724096,1718406,1718406013,14150023,Miyonkol,Миёнкол,Миёнкол
202724183,1718406,1718406034,14150022,Mehrjon,Меҳржон,Мехржон
202724040,1718406,1718406008,14150007,G‘arb machit,Ғарб мачит,Гарб мачит
202724215,1718406,1718406015,14150018,Qoriravot,Қориравот,Кориравот
202724072,1718406,1718406004,14150011,Ermachit,Ермачит,Эрмачит
202724286,1718406,1718406032,14150014,Ziyolilar,Зиёлилар,Зиёлилар
202724279,1718406,1718406005,14150009,Damariq,Дамариқ,Дамарик
202724247,1718406,1718406006,14150024,Navbahor,Навбахор,Навбахор
202723991,1718406,1718406021,14150001,Abdullo Qahhor,Абдулло Қаҳҳор,Абдулло Каххор
202723937,1718406,1718406024,14150027,Nurobod,Нуробод,Нуробод
202724129,1718406,1718406010,14150029,Oq oltin,Оқ олтин,Ок олтин
202724033,1718406,1718406009,14150035,Chordara,Чордара,Чордара
202723952,1718406,1718406022,14150017,Kattaqo‘rg‘on,Каттақўрғон,Каттакургон
202724025,1718406,1718406026,14150003,Amir Temur,Амир Темур,Амир Темур
202724144,1718406,1718406019,14150026,Nurafshon,Нурафшон,Нурафшон
202724175,1718406,1718406018,14150019,Kunjupay,Кунжупай,Кунжупай
202724057,1718406,1718406028,14150013,Zarifobod,Зарифобод,Зарифобод
202724136,1718406,1718406012,14150010,Do‘stlik,Дўстлик,Дустлик
202724018,1718406,1718406027,14150008,Go‘zalkent,Гўзалкент,Гузалкент
202724151,1718406,1718406017,14150005,Bahoriston,Баҳористон,Бахористон
202723969,1718406,1718406002,14150020,Ko‘hnadam,Кўҳнадам,Кухнадам
202724168,1718406,1718406007,14150021,Qo'shhovuz,Қўшҳовуз,Кушховуз
207236827,1718227,1718227017,14100076,Temiryo‘l,Темирйўл,Темирул
202832517,1718227,1718227076,14100091,Xonchorbog‘,Хончорбоғ,Хончорбог
202832611,1718227,1718227078,14100101,Eski juma,Эски жума,Эски жума
202832556,1718227,1718227050,14100094,Charxin,Чархин,Чархин
202832477,1718227,1718227066,14100053,Mehnat,Меҳнат,Мехнат
202762446,1718227,1718227002,14100007,Beklar,Беклар,Беклар
202832406,1718227,1718227034,14100040,Qorag‘uppa,Қорағуппа,Корагуппа
202832714,1718227,1718227031,14100025,Jagalboyli,Жағалбойли,Жагалбойли
203122172,1718227,1718227029,14100008,Beshbola,Бешбола,Бешбола
204882572,1718227,1718227079,14100103,Yangi avlod,Янги авлод,Янги авлод
202832604,1718227,1718227062,14100036,Katta nayman,Катта найман,Катта найман
202702718,1718227,1718227022,14100095,Chimboy,Чимбой,Чимбой
202832754,1718227,1718227044,14100082,Turkman,Туркман,Туркман
202832912,1718227,1718227023,14100097,Sharof Rashidov,Шароф Рашидов,Шароф Рашидов
202710519,1718227,1718227010,14100034,Qarshiobod,Қаршиобод,Каршиобод
202832500,1718227,1718227073,14100077,Temir xo'ja,Тeмир хўжа,Тeмир хужа
207111738,1718227,1718227103,14100093,Чандиробод,Чандиробод,Чандиробод
202685914,1718227,1718227011,14100056,Mustaqillik,Мустақиллик,Мустакиллик
202832975,1718227,1718227045,14100083,Turon,Турон,Турон
202832746,1718227,1718227053,14100107,Yangi sanoat,Янги саноат,Янги саноат
202832872,1718227,1718227082,14100009,Besh nayman,Беш найман,Беш найман
202832904,1718227,1718227102,14100089,Furqat,Фурқат,Фуркат
202832374,1718227,1718227091,14100044,Quyi darg‘om,Қуйи дарғом,Куйи даргом
202832643,1718227,1718227069,14100063,Olmazor,Олмазор,Олмазор
202832421,1718227,1718227058,14100022,Gumbaz,Гумбаз,Гумбаз
204838388,1718227,1718227019,14100052,Mash'al,Машъал,Машъал
202832840,1718227,1718227105,14100100,Esaboy,Эсабой,Эсабой
207132885,1718227,1718227106,14100102,Yuqari bog‘onali,Юқори боғонали,Юкори богонали
205789909,1718227,1718227032,14100030,Imomjon qadimiy yodgorligi,Имомжон қадимий ёдгорлиги,Имомжон кадимий ёдгорлиги
202832588,1718227,1718227043,14100078,Tinchlik,Тинчлик,Тинчлик
207309434,1718227,1718227107,14100041,Қорамангит,Қораманғит,Қорамангит
202706553,1718227,1718227024,14100104,Yangi qishloq,Янги қишлоқ,Янги кишлок
202732783,1718227,1718227012,14100058,Navro‘z,Наврўз,Навруз
202832650,1718227,1718227063,14100037,Kichik naymancha,Кичик найманча,Кичик найманча
202796790,1718227,1718227060,14100029,Ilm,Илм,Илм
202832460,1718227,1718227061,14100032,Istiqbol,Истиқбол,Истикбол
207236834,1718227,1718227057,14100020,Guliston,Гулистон,Гулистон
205825958,1718227,1718227003,14100011,Bog'ishamol,Боғишамол,Богишамол
202832761,1718227,1718227033,14100033,Kamolot,Камолот,Камолот
207203495,1718227,1718227071,14100073,Samarqand,Самарқанд,Самарканд
202652528,1718227,1718227006,14100018,Go'zalkent,Гўзалкент,Гузалкент
202832595,1718227,1718227030,14100019,Gulakandoz,Гулакандоз,Гулакандоз
202832857,1718227,1718227085,14100016,Buyuk turon,Буюк турон,Буюк турон
202832667,1718227,1718227068,14100061,Oq mang'it,Оқ манғит,Ок мангит
202759194,1718227,1718227015,14100068,Paxtakor,Пахтакор,Пахтакор
202832342,1718227,1718227089,14100027,Zangiboyi,Зангибойи,Зангибойи
202920218,1718227,1718227021,14100088,Uch tepa,Уч тeпа,Уч тeпа
202832628,1718227,1718227097,14100067,Parchaqora,Парчақора,Парчакора
207236842,1718227,1718227086,14100021,Gulobod,Гулобод,Гулобод
202832524,1718227,1718227052,14100098,Shombuloq,Шомбулоқ,Шомбулок
202832549,1718227,1718227037,14100047,Qo'sh chinor,Қўш чинор,Куш чинор
202803773,1718227,1718227065,14100039,Qoqsoy,Қоқсой,Коксой
202832359,1718227,1718227081,14100006,Baxshiboyi,Бахшибойи,Бахшибойи
202832983,1718227,1718227027,14100002,Alisher Navoiy,Алишер Навоий,Алишер Навоий
202832414,1718227,1718227004,14100013,Boldir,Болдир,Болдир
202832793,1718227,1718227051,14100096,Chortut,Чортут,Чортут
202832453,1718227,1718227056,14100017,Galatut,Галатут,Галатут
202832635,1718227,1718227096,14100066,Parcha chandir,Парча чандир,Парча чандир
202832334,1718227,1718227084,14100014,Boltali,Болтали,Болтали
202832674,1718227,1718227064,14100035,Qatorterak,Қатортерак,Катортерак
204597357,1718227,1718227095,14100060,Novchandir,Новчандир,Новчандир
203728217,1718227,1718227067,14100057,Navbahor,Навбахор,Навбахор
206007652,1718227,1718227055,14100010,Bobur,Бобур,Бобур
202832532,1718227,1718227048,14100086,O‘rta charxin,Ўрта чархин,Урта чархин
202832944,1718227,1718227054,14100003,Amir Temur,Амир Темур,Амир Темур
202715448,1718227,1718227026,14100106,Yangiravot,Янгиравот,Янгиравот
202832968,1718227,1718227016,14100070,Po‘latchi,Пўлатчи,Пулатчи
202832398,1718227,1718227099,14100071,Ravot,Равот,Равот
206946617,1718227,1718227007,14100028,Zormon,Зормон,Зормон
202920201,1718227,1718227008,14100042,Qorasuv,Қорасув,Корасув
202832778,1718227,1718227040,14100059,Nayman,Найман,Найман
205176849,1718227,1718227001,14100005,Bahor,Бахор,Бахор
202832707,1718227,1718227035,14100043,Qorovultepa,Қоровултепа,Коровултепа
202832564,1718227,1718227042,14100062,Oq oltin,Оқ олтин,Ок олтин
202832366,1718227,1718227092,14100048,Lolazor,Лолазор,Лолазор
202832571,1718227,1718227046,14100055,Mirzo Ulugʻbek,Мирзо Улуғбек,Мирзо Улугбек
202832445,1718227,1718227025,14100105,Yangiobod,Янгиобод,Янгиобод
202832785,1718227,1718227028,14100004,Balxiyon,Балхиён,Балхиян
202832484,1718227,1718227072,14100074,Sanchiqul,Санчиқул,Санчикул
207134044,1718227,1718227100,14100080,Tor-ariq,Тор-ариқ,Тор-арик
203655356,1718227,1718227077,14100099,Elbek,Элбeк,Элбeк
204112983,1718227,1718227093,14100050,Mang‘itobod,Манғитобод,Мангитобод
207103485,1718227,1718227098,14100069,Paxtachi,Пахтачи,Пахтачи
202832381,1718227,1718227090,14100031,Iskandari,Искандари,Искандари
202832682,1718227,1718227047,14100075,Sinchi,Синчи,Синчи
202832929,1718227,1718227070,14100072,Sazag‘on,Сазағон,Сазагон
207074412,1718227,1718227059,14100023,Durmansoy,Дурмансой,Дурмансой
202832951,1718227,1718227049,14100090,Hovuzak,Ҳовузак,Ховузак
206849547,1718227,1718227094,14100051,Maroqanda,Мароқанда,Мароканда
202832833,1718227,1718227088,14100026,Joul Qosim,Жоул Қосим,Жоул Косим
202832492,1718227,1718227075,14100085,To‘rttom,Тўрттом,Турттом
202832438,1718227,1718227074,14100081,To‘qboy,Тўқбой,Тукбой
202832801,1718227,1718227039,14100054,Mirzatut,Мирзатут,Мирзатут
202900424,1718227,1718227020,14100087,O‘tarachi,Ўтарчи,Утарчи
202710526,1718227,1718227009,14100046,Qo'shquduq,Қўшқудуқ,Кушкудук
204999917,1718227,1718227041,14100038,Qozoq nayman,Қозоқ найман,Козок найман
202832818,1718227,1718227083,14100012,Boganali,Боғанали,Боганалий
205174645,1718227,1718227014,14100065,Oshiq ota,Ошиқ ота,Ошик ота
202832722,1718227,1718227036,14100045,Qo‘qoni,Қўқони,Кукани
205289604,1718227,1718227013,14100064,Olti Qahramon,Олти Қахрамон,Олти Кахрамон
202713807,1718209,1718209021,14020008,Zarafshon,Зарафшон,Заравшан
202704682,1718209,1718209024,14020022,Olmazor,Олмазор,Алмазор
202698367,1718209,1718209037,14020028,Suxmon,Сухмон,Сухмон
202698374,1718209,1718209033,14020011,Qoramoyin,Қорамўйин,Корамуйин
202722684,1718209,1718209007,14020032,Tut,Тут,Тут
201180737,1718209,1718209029,14020001,Alisher Navoiy,Алишер Навоий,Алишер Навои
207000504,1718209,1718209018,14020035,Sherqo‘rg‘on,Шерқўрғон,Шеркургон
202694903,1718209,1718209013,14020025,Sariqipchoq,Сариқипчоқ,Сарикипчок
202700317,1718209,1718209011,14020013,Ko‘kgumbaz,Кўкгумбаз,Кукгумбаз
202704714,1718209,1718209020,14020033,Xitoypoyon,Хитойпоён,Хитойпаян
201180713,1718209,1718209030,14020030,Toshkent,Тошкент,Ташкент
202704707,1718209,1718209012,14020004,G‘azira,Ғазира,Газира
202704699,1718209,1718209023,14020038,Eski Jomboy,Эски Жомбой,Эски Джамбай
202700349,1718209,1718209014,14020015,Qo‘ng‘irot,Қўнғирот,Кунгирот
202704761,1718209,1718209035,14020036,Shirinkent,Ширинкент,Ширинкент
202694910,1718209,1718209028,14020026,Saroy,Сарой,Сарай
202700332,1718209,1718209015,14020023,Polvonariq,Полвонариқ,Полвонарик
201181331,1718209,1718209008,14020037,Shodlik,Шодлик,Шодлик
206999654,1718209,1718209025,14020012,Quduqli,Қудуқли,Кудукли
202709145,1718209,1718209001,14020007,Juriat,Журият,Джурият
202732854,1718209,1718209006,14020031,To‘qqizboy,Тўққизбой,Туккизбой
202717397,1718209,1718209009,14020019,Naymantepa,Наймантепа,Найманцепа
202709081,1718209,1718209026,14020016,Qo‘rg‘onsolomon,Қўрғонсаломон,Кургон-Салмон
201180744,1718209,1718209032,14020024,Samarqand,Самарқанд,Самарканд
202700324,1718209,1718209002,14020010,Katta qishloq,Катта қишлоқ,Катта кишлок
202732886,1718209,1718209010,14020034,Holvoyi,Ҳолвойи,Холвойи
201180887,1718209,1718209038,14020005,Guliston,Гулистон,Гулистан
202709114,1718209,1718209019,14020009,Qang‘li,Қангли,Канглы
202709153,1718209,1718209003,14020021,Nosh,Нўш,Нуш
202694887,1718209,1718209022,14020018,Nayman,Найман,Найман
206959434,1718209,1718209036,14020017,Nazar,Назар,Назар
202698382,1718209,1718209034,14020003,Beshbola,Бешбола,Бешбола
207064464,1718209,1718209005,14020029,Taldirozzoq,Талдироззоқ,Талдироззок
202704746,1718209,1718209027,14020006,Dehqonobod,Дехқонобод,Дехканабад
202694927,1718209,1718209004,14020027,Sarichashma,Саричашма,Саричашма
202704722,1718209,1718209017,14020020,Nogahon,Ногаҳон,Ногахон
202704739,1718209,1718209016,14020014,Qolbosti,Қўлбости,Кулбости
201180720,1718209,1718209031,14020002,A.Qurbonov,А.Қурбонов,А.Курбонов
202820603,1718236,1718236102,14140053,Kulollik,Кулоллик,Кулоллик
309114000,1718236,1718236079,14140118,Buloqboshi,Булоқбоши,Булакбоши
202835726,1718236,1718236058,14140096,Xo‘jaydıq,Хўжайдуқ,Хужайдюк
202820531,1718236,1718236097,14140020,G'o'slik,Ғўслик,Гуслик
202818366,1718236,1718236088,14140092,O'rta guzar,Ўрта гузар,Урта гузар
202830488,1718236,1718236093,14140009,Bog‘ishamol,Боғишамол,Богишамол
202830528,1718236,1718236092,14140002,Andak,Андак,Андак
202818303,1718236,1718236090,14140100,Choshtepa,Чоштепа,Чоштепа
202818176,1718236,1718236029,14140105,Yuqori Qayroqli,Юқори қайроқли,Юкори Кайрокли
202835679,1718236,1718236035,14140011,Bunyodkor,Бунёдкор,Бунёдкор
309257812,1718236,1718236036,14140119,Beshbuloq,Бешбулоқ,Бешбулак
202820491,1718236,1718236064,14140114,Chep,Чеп,Чеп
202830345,1718236,1718236043,14140034,Qaynarbuloq,Қайнарбулоқ,Кайнарбулак
308634763,1718236,1718236063,14140029,Zarafshon,Зарафшон,Заравшан
202837730,1718236,1718236062,14140013,Vatak,Ватак,Ватак
202863866,1718236,1718236087,14140087,Uzun,Узун,Узун
202818334,1718236,1718236072,14140047,Quyi guzar,Қуйи гузар,Куйи гузар
202818209,1718236,1718236009,14140031,Ipakli,Ипакли,Ипакли
202839744,1718236,1718236033,14140103,Etak beshkapa,Этак бeшкапа,Этак бeшкапа
202820627,1718236,1718236049,14140057,Mergancha,Мерганча,Мерганча
202835662,1718236,1718236053,14140074,Sariqtepa,Сариқтепа,Сариктепа
202833000,1718236,1718236105,14140064,Navbog‘,Навбоғ,Навбог
202818184,1718236,1718236015,14140046,Quyi algar,Қуйи алгар,Куйи алгар
202835647,1718236,1718236020,14140056,Mang‘itobod,Манғитобод,Мангітобод
207241949,1718236,1718236069,14140026,Jartepa,Жартепа,Жартепа
309104274,1718236,1718236010,14140121,Xalqobod,Халқобод,Халкобод
202820469,1718236,1718236030,14140108,Yuqori tegana,Юқори тегана,Юкори тегана
202833017,1718236,1718236040,14140021,Dehqonobod,Деҳқонобод,Декхконобод
202833032,1718236,1718236086,14140085,To‘rtko‘l,Тўрткўл,Турткул
202835702,1718236,1718236106,14140070,Pastki kalangar,Пастки калангар,Пастки калангар
202830384,1718236,1718236060,14140005,Beshyog‘och,Бешёғоч,Бешёгоч
202835719,1718236,1718236083,14140078,Sufi,Суфи,Суфи
202657884,1718236,1718236005,14140008,Birlіk,Бирлик,Бирлик
202855203,1718236,1718236096,14140018,Guliston,Гулистон,Гулистон
202818270,1718236,1718236048,14140088,Uzunsoy,Узунсой,Узунсой
202820548,1718236,1718236008,14140019,Gulobod,Гулобод,Гулобод
202820484,1718236,1718236026,14140091,O‘roqboyjar,Ўроқбойжар,Урокбойжар
309268324,1718236,1718236094,14140122,Istiqlol,Истиқлол,Истиклол
202820452,1718236,1718236066,14140015,G‘ijduvon,Ғиждувон,Гиждувон
202830464,1718236,1718236112,14140084,Toshariq,Тошариқ,Тошарик
202830400,1718236,1718236007,14140017,G‘oyibota,Ғойибота,Гойибота
202820594,1718236,1718236044,14140044,Qorabuloq,Қорабулоқ,Корабулок
202818216,1718236,1718236024,14140073,Sanchiqul,Санчиқул,Санчикул
202830511,1718236,1718236057,14140089,Ukrach,Украч,Украч
202839736,1718236,1718236041,14140027,Jozmon,Жозмон,Жозмон
202826634,1718236,1718236042,14140028,Jo‘raptepa,Жўраптепа,Жураптепа
202820444,1718236,1718236078,14140062,Murodqishloq,Муродқишлоқ,Муродкишлок
202835694,1718236,1718236075,14140060,Mug‘ol,Муғол,Мугол
202833024,1718236,1718236073,14140052,Quyiqishloq,Қуйиқишлоқ,Куйикишлок
202830392,1718236,1718236091,14140101,Chumchuqli,Чумчуқли,Чумчукли
202830353,1718236,1718236111,14140079,So'fiyon,Сўфиён,Суфиён
202830338,1718236,1718236050,14140066,Nisbat,Нисбот,Нисбот
202818287,1718236,1718236047,14140045,Qoratepa,Қоратепа,Коратепа
202820413,1718236,1718236076,14140061,Mominobod,Моминобод,Моминобод
308631063,1718236,1718236016,14140063,Mustaqillik,Мустақиллик,Мустакиллик
309062074,1718236,1718236038,14140112,O‘rta vag‘ashti,Ўрта вағашти,Урта вагашти
202818255,1718236,1718236046,14140030,Ipak yoli,Ипак йоли,Ипак йоли
202818191,1718236,1718236103,14140054,Ko‘tarma,Кўтарма,Кутарма
202818310,1718236,1718236109,14140086,O‘zbekiston,Ўзбекистон,Узбекистон
308639724,1718236,1718236027,14140051,Quyi o‘roqboyjar,Қуйи ўроқбойжар,Куйи урокбойжар
308673479,1718236,1718236074,14140058,Mirzabog‘lon,Мирзабоғлон,Мирзабоглон
202820509,1718236,1718236002,14140109,Yangiobod,Янгиобод,Янгиобод
202826619,1718236,1718236099,14140024,Jayratepa,Жайратепа,Жайратепа
308660946,1718236,1718236019,14140111,Yangihayot,Янгиҳаёт,Янгихаёт
202657955,1718236,1718236101,14140037,Kamardon,Камардон,Камардон
202833049,1718236,1718236018,14140035,Qayroqli,Қайроқли,Кайрокли
202818342,1718236,1718236081,14140076,Soy Guzar,Сой Гузар,Сой Гузар
202839704,1718236,1718236114,14140099,Chor chinor,Чор чинор,Чор чинор
202855187,1718236,1718236025,14140090,O'ramas,Ўрамас,Урамас
202860640,1718236,1718236122,14140043,Mingtepa,Мингтепа,Мингтепа
202818381,1718236,1718236028,14140095,Xo‘jabaland,Хўжабаланд,Хужабаланд
202835654,1718236,1718236037,14140012,Vagʻashti,Вағашти,Вагашти
202818231,1718236,1718236082,14140077,Soy Gʻoʻs,Сой Ғўс,Сой Гус
202830449,1718236,1718236052,14140107,Yuqari sanqul,Юқори санчиқул,Юкори санчикул
308128933,1718236,1718236108,14140113,Quyi torinjak,Қуйи торинжак,Куйи торинжак
202820516,1718236,1718236001,14140001,Algar,Алгар,Алгар
203071016,1718236,1718236085,14140083,Tinchlik,Тинчлик,Тинчлик
202820524,1718236,1718236065,14140014,Vatkan-Qozibek,Ваткан-Қозибeк,Ваткан-Козибeк
202855163,1718236,1718236017,14140050,Quyi tegana,Қуйи тегана,Куйи тегана
202849107,1718236,1718236061,14140010,Boybul,Бойбул,Бойбул
308603026,1718236,1718236014,14140093,Xoja Axror Valiy,Хожа Ахрор Валий,Хожа Ахрор Валий
309268972,1718236,1718236095,14140110,Binokor,Бинокор,Бинокор
202830432,1718236,1718236084,14140081,Terak,Терак,Терак
202835630,1718236,1718236022,14140068,Oqmachit,Оқмачит,Окмачит
202849114,1718236,1718236118,14140065,Navroz,Наврўз,Навруз
202820420,1718236,1718236077,14140049,Quyi Mo'minobod,Қуйи Мўминобод,Куйи Муминобод
202849099,1718236,1718236055,14140080,Taroqli,Тароқли,Тарокли
202961981,1718236,1718236004,14140104,Yuqari beshkapa,Юқори бешкапа,Юкори бешкапа
308830149,1718236,1718236039,14140115,Yangi vag‘ashti,Янги вағашти,Янги вагашти
202830417,1718236,1718236051,14140069,Omonqo‘tan,Омонқўтан,Омонкутан
202818327,1718236,1718236110,14140032,Ispanza,Испанза,Испанза
202818224,1718236,1718236003,14140006,Beshkapa,Бешкапа,Бешкапа
202818374,1718236,1718236023,14140071,Pochvon,Почвон,Почвон
202855194,1718236,1718236117,14140106,Yuqari kalangar,Юқори калангар,Юкори калангар
202826641,1718236,1718236107,14140040,Katta torinjak,Катта торинжак,Катта торинжак
202818248,1718236,1718236056,14140082,Tersak,Терсак,Терсак
202839696,1718236,1718236032,14140004,Bekravot,Бекравот,Бекравот
309126516,1718236,1718236059,14140117,Shirvoqota,Ширвоқота,Ширвокота
202818263,1718236,1718236034,14140007,Beshkon,Бешкон,Бешкон
202830360,1718236,1718236089,14140094,Xo'ja guzar,Хўжа гузар,Хужа гузар
202820570,1718236,1718236045,14140041,Kenagas,Кенагас,Кенагас
202855210,1718236,1718236054,14140075,Sovg‘on,Совғон,Совгон
202818294,1718236,1718236098,14140022,Do‘stlik,Дўстлик,Дустлик
202830471,1718236,1718236113,14140097,Chag‘izmon,Чағизмон,Чагизмон
202820476,1718236,1718236021,14140059,Mirzaqishloq,Мирзақишлоқ,Мирзакишлок
202658012,1718236,1718236104,14140055,Mazortepa,Мазортепа,Мазортепа
202820563,1718236,1718236068,14140025,Jarqishloq,Жарқишлоқ,Жаркишлок
202837747,1718236,1718236080,14140072,Rahmatobod,Раҳматобод,Рахматобод
202818359,1718236,1718236067,14140023,Etti o'ylik,Етти ўйлик,Етти уйлик
202820587,1718236,1718236031,14140003,Bahrin,Баҳрин,Бахрин
308602526,1718236,1718236013,14140048,Quyi kamongaron,Қуйи камонгарон,Куйи камонгарон
202839672,1718236,1718236011,14140036,Kamongaron,Камонгарон,Камонгарон
202826626,1718236,1718236006,14140016,G‘ishtmachit,Ғиштмачит,Гиштмачит
202855170,1718236,1718236070,14140033,Ishchan,Ишчан,Ишчан
202657813,1718236,1718236115,14140098,Chorraha,Чорраҳа,Чорраха
308605704,1718236,1718236012,14140039,Katta kamongaron,Катта камонгарон,Катта камонгарон
202839554,1718203,1718203028,14080009,Istiqlol,Истиқлол,Истиклол
202860601,1718203,1718203032,14080024,Temirak,Темирак,Темирак
202839578,1718203,1718203019,14080011,Loyish,Лойиш,Лойиш
202846238,1718203,1718203005,14080032,Yangiobod,Янгиобод,Янгиобод
202854434,1718203,1718203024,14080030,Yangiqishloq,Янгиқишлоқ,Янгикишлок
202846221,1718203,1718203006,14080034,Go‘zalkent,Гўзалкент,Гузалкент
204765535,1718203,1718203022,14080025,Arpaariq,Арпаариқ,Арпаарик
202842267,1718203,1718203002,14080013,Mustaqillik,Мустақиллик,Мустакиллик
202846214,1718203,1718203020,14080015,Oytamg'ali,Ойтамғали,Ойтамгали
202839507,1718203,1718203033,14080027,Uzunqishloq,Узунқишлоқ,Узункишлок
202839522,1718203,1718203008,14080004,Bozorjoy,Бозоржой,Бозоржой
202854480,1718203,1718203003,14080016,Oqdaryo,Оқдарё,Окдарё
202839514,1718203,1718203030,14080014,Navro‘z,Наврўз,Навруз
202839482,1718203,1718203009,14080005,Boshdarxon,Бошдархон,Бошдархон
202842314,1718203,1718203029,14080012,Miyonqol,Миёнқол,Мионгол
202854441,1718203,1718203031,14080020,Primkent,Примкент,Примкент
202842322,1718203,1718203001,14080008,Zaxiriddin Muxammad Bobur,Захириддин Муҳаммад Бобур,Захириддин Мухаммад Бабур
202839467,1718203,1718203007,14080010,Kumushkent,Кумушкент,Кумушкент
207295518,1718203,1718203016,14080023,Taraqqiyot,Тараққиёт,Тараккиёт
203655245,1718203,1718203014,14080021,Poʻlatdarxon,Пўлатдархон,Пулатдархон
202839546,1718203,1718203027,14080001,Avazali,Авазали,Авазали
202842299,1718203,1718203021,14080022,Sug‘onchi,Суғончи,Сугончи
202842282,1718203,1718203025,14080031,Yangiqoʻrgʻon,Янгиқўрғон,Янгикургон
202860633,1718203,1718203035,14080033,Zarafshon,Зарафшон,Зарафшон
202842339,1718203,1718203004,14080019,Pichoqchi,Пичоқчи,Пичокчи
202854473,1718203,1718203012,14080017,Olchintepa,Олчинтепа,Олчинтепа
202839450,1718203,1718203013,14080018,Paxtaobod,Пахтаобод,Пахтаобод
202839585,1718203,1718203023,14080026,O‘zbekiston,Ўзбекистон,Узбекистан
202839499,1718203,1718203034,14080028,Uchtepa,Учтепа,Учтепа
203645700,1718203,1718203015,14080029,Chorbog‘,Чорбоғ,Чорбог
202842307,1718203,1718203026,14080035,Yangihayot,Янгиҳаёт,Янгихаёт
202839539,1718203,1718203011,14080002,Alisher Navoiy,Алишер Навоий,Алишер Навои
202842250,1718203,1718203017,14080003,Amir Temur,Амир Темур,Амир Темур
202839561,1718203,1718203010,14080007,Dahbed,Даҳбед,Дахбед
202842274,1718203,1718203018,14080006,Galaravot,Галаравот,Галаравот
203639976,1718233,1718233045,14120025,Quyi turkman,Қуйи туркман,Куй туркман
203643695,1718233,1718233064,14120013,Jarqishloq,Жарқишлоқ,Жаркишлак
203640770,1718233,1718233041,14120017,Ipakchi,Ипакчи,Ипакчи
203645684,1718233,1718233059,14120074,Yangiravot,Янгиравот,Янгиравот
203643632,1718233,1718233066,14120019,Qavchinonibolo,Қавчинониболо,Кавчинониболо
204580213,1718233,1718233005,14120044,Parrandachilik,Паррандачилик,Паррандачилик
203638914,1718233,1718233061,14120008,Gulobod,Гулобод,Гулобод
203388578,1718233,1718233053,14120055,O‘rta turkman,Ўрта туркман,Урта туркман
203645653,1718233,1718233018,14120004,Badal,Бадал,Бадал
203639905,1718233,1718233069,14120031,Qo‘shmachit,Қўшмачит,Кушмачит
203643553,1718233,1718233050,14120053,O‘zbekkenti,Ўзбеккенти,Узбеккенти
204072045,1718233,1718233065,14120018,Qavchinon,Қавчинон,Кавчинон
203640827,1718233,1718233008,14120057,O‘rta ohalik,Ўрта оҳалик,Урта охалик
205531177,1718233,1718233047,14120040,Nurafshon,Нурафшон,Нурафшон
203640763,1718233,1718233074,14120065,Shalg‘amon,Шалғамон,Шалгамон
203640866,1718233,1718233031,14120047,Rajabamin,Ражабамин,Ражабамин
203643743,1718233,1718233038,14120006,Buxori,Бухори,Бухори
204579964,1718233,1718233058,14120073,Yangiobod,Янгиобод,Янгиобод
203176249,1718233,1718233067,14120028,Qumzor,Қумзор,Кумзор
203244274,1718233,1718233025,14120022,Qoziqo'rg'on,Қозиқўрғон,Козикургон
203640859,1718233,1718233003,14120029,Kosaho,Косаҳо,Косахо
203639952,1718233,1718233046,14120026,Quyi chordara,Қуйи чордара,Куйи чордара
203643617,1718233,1718233035,14120064,Chumchuqli,Чумчуқли,Чумчукли
203639865,1718233,1718233024,14120021,Qoziariq,Қозиариқ,Козиарик
203272271,1718233,1718233071,14120041,Obod,Обод,Обод
203639873,1718233,1718233026,14120032,Qo'shtamg‘ali,Қўштамғали,Кyштамгали
204580094,1718233,1718233027,14120037,Navobod,Навобод,Навобод
203645638,1718233,1718233028,14120038,Nayzatepa,Найзатепа,Найзатепа
203368436,1718233,1718233073,14120048,Rustam,Рустам,Рустам
203640842,1718233,1718233013,14120033,Mirzo Ulug'bek,Мирзо Улуғбек,Мирзо Улугбек
204081819,1718233,1718233039,14120012,Do‘stlik,Дўстлик,Дустлик
203361328,1718233,1718233029,14120045,Pulimug‘ob,Пулимуғоб,Пулимугоб
203640834,1718233,1718233062,14120009,Dashtiobod,Даштиобод,Даштиобод
203643688,1718233,1718233057,14120070,Yuqori chordara,Юқори чордара,Юкори чордара
203152800,1718233,1718233020,14120015,Joʻyi Abbos,Жўйи Аббос,Жуйи Аббос
204275235,1718233,1718233068,14120030,Qoʻshkoʻprik,Қўшкўприк,Кушкуприк
203322675,1718233,1718233007,14120050,Sulfakabutak,Сулфакабутак,Сулфакабутак
203645677,1718233,1718233054,14120049,Saxovat,Саховат,Саховат
203639969,1718233,1718233056,14120069,Yuqari turkman,Юқори туркман,Юкори туркман
203466314,1718233,1718233036,14120068,Sho‘rboi,Шўрбои,Шурбои
203639897,1718233,1718233022,14120023,Konigil,Конигил,Конигил
203643592,1718233,1718233034,14120062,Chaman,Чаман,Чаман
203524305,1718233,1718233030,14120046,Ravonak,Равонак,Равонак
203643664,1718233,1718233002,14120007,Gulbog‘,Гулбоғ,Гулбог
203441568,1718233,1718233037,14120067,Sho‘rboicha,Шўрбоича,Шурбоича
203560934,1718233,1718233072,14120042,Oqmachit,Оқмачит,Окмачит
203643560,1718233,1718233009,14120056,O‘rtashiq,Ўрташиқ,Урташик
203146744,1718233,1718233017,14120002,Andijoni,Андижони,Андижони
203648854,1718233,1718233043,14120060,Xishrov,Хишров,Хишров
203645660,1718233,1718233011,14120059,Xaymari poyon,Хаймари поён,Хаймари поён
203661057,1718233,1718233060,14120001,Angarolmos,Ангаролмос,Ангаролмос
203648879,1718233,1718233012,14120061,Xo'ja Ahrori Valiy,Хўжа Аҳрори Валий,Хужа Ахрори Вали
203317554,1718233,1718233051,14120054,Urganji,Урганжи,Урганжи
203643735,1718233,1718233044,14120020,Qaynama,Қайнама,Кайнама
203638946,1718233,1718233049,14120036,Navbog‘,Навбоғ,Навбог
204019299,1718233,1718233070,14120066,Shirinobod,Ширинобод,Ширинобод
203640898,1718233,1718233010,14120058,Xaymari bolo,Хаймари боло,Хаймари боло
203640803,1718233,1718233015,14120071,Yangiariq,Янгиариқ,Янгиарик
203643624,1718233,1718233052,14120003,Arabxona,Арабхона,Арабхона
203643671,1718233,1718233004,14120035,Mironqul,Миронқул,Миронкул
203643538,1718233,1718233001,14120005,Bo‘zi,Бўзи,Бузи
202649442,1718233,1718233019,14120011,Diyor,Диёр,Диёр
203640794,1718233,1718233016,14120072,Yangijoy,Янгижой,Янгижой
203640787,1718233,1718233048,14120034,Mirishkor,Миришкор,Миришкор
203657654,1718233,1718233023,14120027,Qoʻlba,Қўлба,Кулба
203234112,1718233,1718233032,14120051,Talibarzui bolo,Талибарзуи боло,Талибарзуи боло
203638954,1718233,1718233040,14120016,Zahlik,Заҳлик,Захлик
203638922,1718233,1718233042,14120024,Sharof Rashidov,Шароф Рашидов,Шароф Рашидов
203514619,1718233,1718233033,14120052,Talibarzu poyon,Талибарзу поён,Талибарзу поён
203639937,1718233,1718233014,14120063,Chorshanba,Чоршанба,Чоршанба
203640874,1718233,1718233063,14120010,Dehnav,Деҳнав,Дехнав
203597904,1718233,1718233021,14120014,Jo'y-soy,Жўй-сой,Жуй-сой
205653326,1718233,1718233055,14120039,Yuqori Qaynama,Юқори Қайнама,Юкори Кайнама
203645692,1718233,1718233006,14120043,Ohalik,Оҳалик,Охалик
202673636,1718212,1718212061,14030060,Yug‘ontepa,Юғонтепа,Югонтепа
202657440,1718212,1718212003,14030011,Boro‘nxo‘ja,Бўронхўжа,Боронхожа
202654058,1718212,1718212034,14030009,Boylata,Бойлата,Бойлата
202652622,1718212,1718212027,14030038,Namuna,Намуна,Намуна
202770849,1718212,1718212026,14030035,Mirishkor,Миришкор,Миришкор
202673715,1718212,1718212052,14030024,Qayirma,Қайирма,Кайирма
202673651,1718212,1718212044,14030045,Toytuyoq,Тойтуёқ,Тойтуёк
202657472,1718212,1718212032,14030001,Azamat,Азамат,Азамат
202652582,1718212,1718212008,14030042,Safoxo‘ja,Сафохўжа,Сафохожа
202666485,1718212,1718212021,14030017,Do‘stlik,Дўстлик,Дустлик
202654065,1718212,1718212045,14030056,Chinortepa,Чинортепа,Чинортепа
202698399,1718212,1718212043,14030040,Orlot,Орлот,Орлот
205409872,1718212,1718212047,14030007,Bog‘bon,Боғбон,Богбон
202673708,1718212,1718212029,14030046,Tupor,Тупор,Тупор
202652607,1718212,1718212004,14030025,Katta-Qangli,Катта-Қангли,Катта-Кангли
202652614,1718212,1718212011,14030050,Xalqobod,Халқобод,Халкобод
202654105,1718212,1718212035,14030013,G‘afur G‘ulom,Ғафур Ғулом,Гафур Гулом
202732902,1718212,1718212049,14030018,Jura Maxmudov,Жура Махмудов,Жура Махмудов
202673723,1718212,1718212017,14030010,Boytubi,Бойтуби,Бойтуби
202679825,1718212,1718212062,14030062,Yangiravot,Янгиравот,Янгиравот
205309016,1718212,1718212037,14030016,Dehqonobod,Деҳқонобод,Дехконобод
202749753,1718212,1718212046,14030057,Shayxislom,Шайхислом,Шайхислом
202679761,1718212,1718212028,14030039,Odil,Одил,Одил
202666501,1718212,1718212015,14030061,Yangikent,Янгикент,Янгикент
202673730,1718212,1718212007,14030041,Ravot,Равот,Равот
202666493,1718212,1718212012,14030052,Xumo,Хумо,Хумо
202680826,1718212,1718212022,14030019,Zarband,Зарбанд,Зарбанд
202680841,1718212,1718212001,14030004,Beshariq,Бешариқ,Бешарик
205309009,1718212,1718212058,14030049,Xazarbobo,Хазарбобо,Хазарбобо
202657464,1718212,1718212036,14030015,Damariq,Дамариқ,Дамарик
202679818,1718212,1718212025,14030026,Qiyot,Қиёт,Киёт
202654034,1718212,1718212023,14030022,Ishtixon,Иштихон,Иштихон
202673644,1718212,1718212031,14030053,Chag'atoy,Чағатой,Чагатой
202673786,1718212,1718212002,14030006,Beshkapa,Бешкапа,Бешкапа
202673675,1718212,1718212048,14030008,Bog‘ihon,Боғихон,Богихон
202657504,1718212,1718212041,14030029,Qoraqo'yli,Қорақўйли,Коракуйли
202673683,1718212,1718212057,14030048,O‘zbekqo‘rg‘on,Ўзбекқўрғон,Узбеккоргон
202679778,1718212,1718212013,14030054,Chaqar,Чақар,Чакар
202654026,1718212,1718212051,14030021,Zartepa,Зартепа,Зартепа
202666478,1718212,1718212030,14030051,Xonaqa,Хонақа,Хонака
202652574,1718212,1718212014,14030055,Chimqo'rg'on,Чимқўрғон,Чимкургон
202654080,1718212,1718212005,14030030,Koʻktepa,Кўктепа,Куктепа
202657529,1718212,1718212040,14030028,Qoraqishloq,Қорақишлоқ,Коракишлок
202679793,1718212,1718212053,14030033,Minglar,Минглар,Минглар
202657457,1718212,1718212010,14030047,O‘zbekiston,Ўзбекистон,Узбекистон
202679785,1718212,1718212055,14030036,Moxpar,Мохпар,Мохпар
202657512,1718212,1718212020,14030014,Gulobod,Гулобод,Гулобод
204598284,1718212,1718212016,14030005,Beshbola,Бешбола,Бешбола
206947948,1718212,1718212019,14030012,Bo‘ston,Бўстон,Бустон
202673747,1718212,1718212060,14030059,Sheyxlarkent,Шейхларкент,Шейхларкент
202654041,1718212,1718212033,14030003,Baxrin,Бахрин,Бахрин
202673754,1718212,1718212039,14030027,Qirqyigit,Қирқйигит,Киркйигит
202652599,1718212,1718212059,14030058,Sheyxlar,Шейхлар,Шейхлар
202654097,1718212,1718212038,14030032,Ko‘tarma,Кўтарма,Кутарма
202673668,1718212,1718212050,14030020,Zarbuloq,Зарбулоқ,Зарбулок
202654073,1718212,1718212042,14030031,Qo'ng'rot,Қўнғрот,Кунгрот
202722732,1718212,1718212018,14030002,Borlos,Борлос,Борлос
202679801,1718212,1718212006,14030037,Murodobod,Муродобод,Муродобод
202673762,1718212,1718212009,14030044,Sug'ot,Суғот,Сугот
205852728,1718212,1718212054,14030034,Mirzoqul,Мирзоқул,Мирзокул
202680834,1718212,1718212056,14030043,Sohibkor,Соҳибкор,Сохибкор
202673690,1718212,1718212024,14030023,Quchqor Qarshiev,Қучқор Қаршиeв,Кучкор Каршиeв
202639977,1718235,1718235020,14070013,Jarquduq,Жарқудуқ,Жаркудук
202639874,1718235,1718235014,14070014,Jom,Жом,Жом
202639827,1718235,1718235037,14070034,Urtabuz,Уртабуз,Уртабуз
202640036,1718235,1718235001,14070006,Amir Temur,Амир Темур,Амир Темур
202640044,1718235,1718235003,14070022,Navro‘z,Наврўз,Навруз
202639810,1718235,1718235018,14070033,Ulus,Улус,Улус
202639834,1718235,1718235035,14070003,Olga,Олға,Олга
202639938,1718235,1718235021,14070039,Yuksalish,Юксалиш,Юксалиш
202639945,1718235,1718235027,14070025,Nurdum,Нурдум,Нурдум
206200263,1718235,1718235011,14070008,Boshquduq,Бошқудуқ,Бошкудук
206994874,1718235,1718235013,14070012,Достлик,Дўстлик,Достлик
202639866,1718235,1718235016,14070005,Omondara,Омондара,Омондара
202639953,1718235,1718235024,14070019,Mash'al,Машъал,Машъал
202639914,1718235,1718235008,14070032,Tepaqul,Тепақул,Тепакул
204503014,1718235,1718235028,14070026,Pulatchi,Пулатчи,Пулатчи
308032491,1718235,1718235010,14070037,Chortut,Чортут,Чортут
202639842,1718235,1718235038,14070036,Chorvador,Чорвадор,Чорвадор
306314237,1718235,1718235026,14070018,Lolazor,Лолазор,Лолазор
308018247,1718235,1718235029,14070015,Ittifoq,Иттифоқ,Иттифок
202639984,1718235,1718235033,14070010,Bunyodkor,Бунёдкор,Бунёдкор
202640012,1718235,1718235030,14070001,Ag‘ron,Ағрон,Агрон
202639921,1718235,1718235025,14070024,Nurbuloq,Нурбулоқ,Нурбулок
202640051,1718235,1718235009,14070038,Sharq Yulduzi,Шарқ Юлдузи,Шарк Юлдузи
202639881,1718235,1718235006,14070029,Sarikul,Сарикул,Сарикул
204343482,1718235,1718235017,14070031,Tegirmonboshi,Тегирмонбоши,Тегирмонбоши
204269946,1718235,1718235002,14070020,Mehnatkash,Меҳнаткаш,Мехнаткаш
202639803,1718235,1718235015,14070004,Oltinsoy,Олтинсой,Олтинсой
202639859,1718235,1718235012,14070011,Girdiqo'rg'on,Гирдиқўрғон,Гирдикургон
202639906,1718235,1718235004,14070002,Oqsoy,Оқсой,Оксой
202639960,1718235,1718235022,14070016,Qilichli,Қиличли,Киличли
207084036,1718235,1718235034,14070021,Navbahor,Навбаҳор,Навбахор
202640004,1718235,1718235032,14070009,Buloqboshi,Булоқбоши,Булокбоши
207084029,1718235,1718235023,14070017,Qo'rg'oncha,Қўрғонча,Кургонча
202639992,1718235,1718235031,14070007,Arabota,Аработа,Аработа
306314252,1718235,1718235039,14070023,Nurafshon,Нурафшон,Нурафшон
204309720,1718235,1718235019,14070035,Xalqabod,Ҳалқабод,Халкабод
202639898,1718235,1718235005,14070027,Sazag‘on,Сазағон,Сазагон
206142257,1718235,1718235007,14070028,Saroy,Сарой,Сарой
202640029,1718235,1718235036,14070030,Sahoba,Саҳоба,Сахоба
203091220,1718216,1718216017,14040034,Urganji,Урганжи,Урганжи
203091237,1718216,1718216025,14040012,Qoratosh,Қоратош,Коратош
203091141,1718216,1718216043,14040028,Pichot,Пичот,Пичот
203091197,1718216,1718216014,14040008,Jonbuloq,Жонбулоқ,Жонбулок
203091062,1718216,1718216016,14040001,Oqchobsoy,Оқчобсой,Окчобсой
203091134,1718216,1718216040,14040031,Tegirmonovul,Тегирмоновул,Тегирмоновул
203091158,1718216,1718216030,14040022,Minishkor,Минишкор,Минишкор
206965507,1718216,1718216012,14040013,Katta Oqmachit,Катта Оқмачит,Катта Oкмачит
203130685,1718216,1718216003,14040010,Zarkent,Заркент,Заркент
203091086,1718216,1718216041,14040039,Chorloq,Чорлоқ,Чорлок
306114145,1718216,1718216010,14040011,Zarmitan,Зармитан,Зармитан
203091030,1718216,1718216009,14040043,Yuqori Saroy,Юқори Сарой,Юкори Сарой
203091165,1718216,1718216027,14040024,Navkat,Навкат,Навкат
203091094,1718216,1718216011,14040009,Jo'sh ota,Жўш ота,Жуш ота
206944904,1718216,1718216037,14040007,Do‘stlik,Дўстлик,Дустлик
203425530,1718216,1718216038,14040023,Mustaqillik,Мустақиллик,Мустакиллик
207138505,1718216,1718216002,14040004,Boyto'p,Бойтўп,Бойтуп
203091291,1718216,1718216022,14040033,Toz,Тоз,Тоз
203091205,1718216,1718216015,14040037,Chimmos,Чиммос,Чиммос
203091126,1718216,1718216028,14040027,Pangat,Пангат,Пангат
203091079,1718216,1718216006,14040021,Mayintepa,Майинтепа,Майинтепа
203091309,1718216,1718216026,14040019,Qo‘shrabot,Қўшработ,Кушработ
203091252,1718216,1718216024,14040015,Qovunchi,Қовунчи,Ковунчи
203091173,1718216,1718216039,14040026,Ozod,Озод,Озод
203091102,1718216,1718216023,14040006,Buloqboshi,Булоқбоши,Булокбоши
203091244,1718216,1718216005,14040018,Qo‘rg‘on,Қўрғон,Коргон
203091276,1718216,1718216001,14040014,Qiyqim,Қийқим,Кийким
203091047,1718216,1718216007,14040036,Honnazar,Хонназар,Хонназар
203091054,1718216,1718216019,14040044,Yangiqishloq,Янгиқишлоқ,Янгикишлок
203091324,1718216,1718216034,14040002,Bozorjoy,Бозоржой,Бозоржой
203091180,1718216,1718216004,14040016,Quvkalla,Қувкалла,Кувкалла
204813886,1718216,1718216013,14040020,Qo‘shtamgali,Қўштамғали,Куштамгали
306063083,1718216,1718216032,14040030,Sohibkor,Соҳибкор,Сохибкор
203091119,1718216,1718216042,14040017,Qo‘ralos,Қўралос,Коралос
203091284,1718216,1718216008,14040040,Shovana,Шована,Шована
202863676,1718238,1718238038,14130050,Yastepa,Ястепа,Ястепа
202859814,1718238,1718238015,14130003,Birlіk,Бирлик,Бирлик
202844668,1718238,1718238008,14130034,Taraqqiyot,Тараққиёт,Тараккиёт
202832184,1718238,1718238020,14130020,Madaniyat,Маданият,Маданият
202844708,1718238,1718238026,14130001,Adas,Адас,Адас
202844794,1718238,1718238022,14130022,Navbahor,Навбаҳор,Навбахор
202832176,1718238,1718238012,14130046,Chorbog‘tepa,Чорбоғтепа,Чорбогтепа
202844612,1718238,1718238024,14130042,Xonchorbog‘,Хончорбоғ,Хончорбог
202868226,1718238,1718238017,14130007,Vorsin,Ворсин,Ворсин
202844762,1718238,1718238019,14130019,Qo‘shchinor,Қўшчинор,Кушчинор
202868162,1718238,1718238045,14130025,Nurafshon,Нурафшон,Нурафшон
202868115,1718238,1718238037,14130047,Shopulot,Шопулот,Шопулот
202868130,1718238,1718238034,14130040,O‘rtaqishloq,Ўртақишлоқ,Уртакишлок
202844819,1718238,1718238035,14130041,Fayziobod,Файзиобод,Файзиобод
202863716,1718238,1718238028,14130014,Jumabozor,Жумабозор,Жумабозор
202868219,1718238,1718238002,14130008,Galabotir,Галаботир,Галаботир
202832152,1718238,1718238006,14130027,Nuroniy,Нуроний,Нуроний
202863691,1718238,1718238036,14130043,Xo'jaqishloq,Хўжақишлоқ,Хожакишлок
202868154,1718238,1718238043,14130017,Istiqlol,Истиқлол,Истиклол
202868202,1718238,1718238003,14130009,G'o'lba,Ғўлба,Гулба
202844779,1718238,1718238031,14130031,Sariosiyo,Сариосиё,Сариосиё
202863709,1718238,1718238030,14130030,Saribozor,Сарибозор,Сарибозор
202844786,1718238,1718238046,14130029,Ravot,Равот,Равот
202895787,1718238,1718238009,14130036,O‘zbekiston,Ўзбекистон,Узбекистон
202868123,1718238,1718238027,14130013,Jalolobod,Жалолобод,Жалолобод
202832144,1718238,1718238025,14130045,Charog‘bon,Чароғбон,Чарогбон
202844690,1718238,1718238039,14130006,Bunyodkor,Бунёдкор,Бунёдкор
202844651,1718238,1718238040,14130010,Gulobod,Гулобод,Гулобод
202832191,1718238,1718238004,14130012,Do‘stlik,Дўстлик,Дустлик
202859846,1718238,1718238044,14130024,Nayman,Найман,Найман
202844644,1718238,1718238047,14130032,Sochak,Сочак,Сочак
202868194,1718238,1718238032,14130033,Talliota,Таллиота,Таллиота
202844730,1718238,1718238018,14130018,Qo‘rgoncha,Қўрғонча,Коргонча
202832169,1718238,1718238007,14130028,Olmazor,Олмазор,Олмазор
202844754,1718238,1718238050,14130048,Eskijuma,Эскижума,Эскижума
202844715,1718238,1718238048,14130037,Uzunqishloq,Узунқишлоқ,Узункишлок
202868179,1718238,1718238029,14130023,Navzandak,Навзандак,Навзандак
202844683,1718238,1718238041,14130011,Davlatobod,Давлатобод,Давлатобод
202844723,1718238,1718238023,14130026,Bahshitepa,Бахшитепа,Бахшитепа
202859839,1718238,1718238005,14130015,Zarafshon,Зарафшон,Зарафшон
202854419,1718238,1718238011,14130044,Xojayuz,Хўжаюз,Хожайуз
202813871,1718238,1718238021,14130021,Muborak,Муборак,Муборак
202844747,1718238,1718238049,14130038,Ukrach,Украч,Украч
202931440,1718238,1718238016,14130005,Bogichinor,Боғичинор,Богичинор
202844675,1718238,1718238010,14130039,Uray elipok,Урай элипок,Урай элипок
202844802,1718238,1718238042,14130016,Ilmobod,Илмобод,Илмобод
202844636,1718238,1718238014,14130002,Beklar,Беклар,Беклар
202868186,1718238,1718238033,14130035,Tepaqishloq,Тепақишлоқ,Тепакишлок
202854394,1718238,1718238001,14130004,Bog‘izagon,Боғизағон,Богизагон
202854402,1718238,1718238013,14130049,Yangi Hayot,Янги Ҳаёт,Янги Хаёт
202797039,1722401,1722401007,19150031,O‘zbekiston,Ўзбекистон,Узбекистон
202767257,1722401,1722401001,19150007,Bog'zor,Боғзор,Богзор
202767272,1722401,1722401022,19150017,Majnuntol,Мажнунтол,Мажнунтол
202772988,1722401,1722401036,19150001,Abdulla Avloniy,Абдулла Авлоний,Абдулла Авлоний
202767296,1722401,1722401016,19150006,Baynalminal,Байналминал,Байналминал
202773052,1722401,1722401010,19150021,Navro'z,Наврўз,Навроз
203605464,1722401,1722401026,19150036,Eski shahar,Эски шаҳар,Ески шахар
202738940,1722401,1722401032,19150016,Kokildor ota,Кокилдор ота,Кокилдо рота
203623997,1722401,1722401005,19150020,Mehrobod,Мехробод,Мехробод
204303674,1722401,1722401015,19150028,Tinchlik,Тинчлик,Тинчлик
202653984,1722401,1722401009,19150018,Manguzar,Мангузар,Мангузар
202820817,1722401,1722401018,19150012,Do‘stlik,Дўстлик,Достлик
202767289,1722401,1722401014,19150035,Shodlik,Шодлик,Шодлик
202773020,1722401,1722401017,19150034,Shifokor,Шифокор,Шифокор
202797078,1722401,1722401004,19150011,Guliston,Гулистон,Гулистон
202773069,1722401,1722401025,19150023,Nurli kelajak,Нурли келажак,Нурли келажак
202773013,1722401,1722401012,19150027,Temiryo'lchi,Темирйўлчи,Темирёлчи
202671504,1722401,1722401008,19150033,Chegara,Чегара,Чегара
203624007,1722401,1722401031,19150032,Farhod,Фарход,Фарход
203624014,1722401,1722401034,19150013,Jayxun,Жайхун,Жайхун
202697391,1722401,1722401021,19150014,Jo'yjangal,Жўйжангал,Жойжангал
202700450,1722401,1722401037,19150022,Namuna,Намуна,Намуна
202931955,1722401,1722401029,19150004,Alpomish,Алпомиш,Алпомиш
202777711,1722401,1722401033,19150003,Alisher Navoiy,Алишер Навоий,Алишер Навоий
203607604,1722401,1722401006,19150029,Tuproqqo'rgon,Тупроққўрғон,Тупроккоргон
206986662,1722401,1722401020,19150005,Amu-Sohillari,Аму-Сохиллари,Аму-Cохиллари
203607612,1722401,1722401002,19150008,Bog'ishamol,Боғишамол,Богишамол
202826848,1722401,1722401027,19150024,Pattakesar,Паттакесар,Паттакесар
203629664,1722401,1722401013,19150030,Turon,Турон,Турон
202820698,1722401,1722401003,19150010,Gulirano,Гулираъно,Гулирано
203625789,1722401,1722401028,19150009,Bo'ston,Бўстон,Бостон
203100270,1722401,1722401011,19150025,Sahovat,Саховат,Саховат
202767225,1722401,1722401019,19150002,Abdurahmon Jomiy,Абдурахмон Жомий,Абдурахмон Жомий
202773044,1722401,1722401030,19150037,Yulduz,Юлдуз,Юлдуз
202767264,1722401,1722401023,19150019,Marifat,Маърифат,Марифат
203611062,1722401,1722401035,19150015,Katta bog',Катта боғ,Катта бог
203616704,1722401,1722401024,19150026,Surxon Sohili,Сурхон Соҳили,Сурхон Сохили
201318016,1722202,1722202001,19010026,Ulug‘bek,Улуғбек,Улугбек
202308984,1722202,1722202030,19010027,Faravon,Фаравон,Фаравон
201318206,1722202,1722202004,19010035,Yangiobod,Янгиобод,Янгиобод
202760014,1722202,1722202016,19010008,Zartepa,Зартепа,Зартепа
202299894,1722202,1722202003,19010003,Gulzor,Гулзор,Гулзор
202308881,1722202,1722202034,19010025,O‘zbekiston,Ўзбекистон,Узбекистон
202314757,1722202,1722202010,19010032,Yuqori Tallashqon,Юқори Таллашқон,Юкори Таллашкон
201318166,1722202,1722202012,19010028,Xomkon,Хомкон,Хомкон
202308866,1722202,1722202035,19010019,Navbaxor,Навбахор,Навбахор
201318221,1722202,1722202023,19010018,Markaz,Марказ,Марказ
201318181,1722202,1722202007,19010033,Yuqori Tallimaron,Юқори Таллимарон,Юкори Таллимарон
201318198,1722202,1722202006,19010004,Guliston,Гулистон,Гулистон
202759994,1722202,1722202011,19010002,Gilambob,Гиламбоб,Гиламбоб
202309120,1722202,1722202002,19010029,Xo'janqon,Хўжанқон,Хожанкон
202309097,1722202,1722202032,19010001,Bahor,Баҳор,Бахор
201318063,1722202,1722202025,19010010,Qadimiy Angor,Қадимий Ангор,Кадимий Ангор
201317974,1722202,1722202008,19010024,To'lqin,Тўлқин,Толкин
202308960,1722202,1722202028,19010036,Yangi turmush,Янги турмуш,Янги турмуш
202760021,1722202,1722202017,19010007,Zang-Gilambob,Занг-Гиламбоб,Занг-Гиламбоб
202316912,1722202,1722202024,19010011,Kayran,Кайран,Кайран
201317999,1722202,1722202019,19010030,Chinobod,Чинобод,Чинобод
202308842,1722202,1722202005,19010015,Qorasuv,Қорасув,Корасув
201318238,1722202,1722202013,19010012,Karvon,Карвон,Карвон
204315184,1722202,1722202036,19010031,Sharqguli,Шарқгули,Шаркгули
202797204,1722202,1722202022,19010017,Madaniyat,Маданият,Маданият
201299610,1722202,1722202031,19010009,Ilg'or,Илғор,Илгор
202299903,1722202,1722202033,19010020,Navro'z,Наврўз,Навроз
202308945,1722202,1722202021,19010021,Novshahar,Новшахар,Новшахар
202316896,1722202,1722202027,19010006,Yangihayot,Янгиҳаёт,Янгихаёт
201318174,1722202,1722202018,19010013,Kattakum,Каттақум,Каттакум
202316929,1722202,1722202026,19010016,Qo'shtegirmon,Қўштегирмон,Коштегирмон
202309080,1722202,1722202020,19010022,Do'stlik,Дўстлик,Дустлик
202316904,1722202,1722202029,19010014,Qorabog',Қорабоғ,Корабог
202314764,1722202,1722202009,19010034,Yuqori Хo'jakiya,Юқори Хўжақия,Юкори Хожакия
202760006,1722202,1722202014,19010023,Tallashqon,Таллашқон,Таллашкон
202316936,1722202,1722202015,19010005,Qoraqir,Қорақир,Коракир
202799028,1722223,1722223004,19130006,Buyuk Ipak Yo'li,Буюк Ипак Йўли,Буюк ипак йули
202798986,1722223,1722223007,19130016,Do‘stlik,Дўстлик,Достлик
202799082,1722223,1722223043,19130003,Bog'iobod,Боғиобод,Богиобод
202797290,1722223,1722223002,19130009,G'ambur,Ғамбур,Гамбур
202799043,1722223,1722223044,19130035,Poshxurt,Пошхурт,Пошхурт
202857342,1722223,1722223046,19130022,Qizilolma,Қизилолма,Кизилолма
202821031,1722223,1722223033,19130023,Qishloqbozor,Қишлоқбозор,Кишлок бозор
202777743,1722223,1722223035,19130013,G'urjak-2,Ғуржак-2,Гуржак-2
202843795,1722223,1722223012,19130011,Gulchinor,Гулчинор,Гулчинор
202777839,1722223,1722223026,19130031,Nurtepa,Нуртепа,Нуртепа
204071387,1722223,1722223020,19130008,Galaguzar,Галагузар,Галагузар
202799107,1722223,1722223009,19130046,Chuqurko'l,Чуқуркўл,Чукуркол
202799067,1722223,1722223031,19130045,Choyinchi,Чўйинчи,Чойинчи
203486868,1722223,1722223024,19130019,Istiqbol,Истиқбол,Истикбол
202799099,1722223,1722223040,19130005,Boyqishloq,Бойқишлоқ,Бойкишлок
202777782,1722223,1722223011,19130047,Cho'mishli,Чўмишли,Чомишли
202799035,1722223,1722223048,19130038,Uch yog‘och,Уч ёғоч,Уч ёгоч
202799139,1722223,1722223041,19130018,Zarabog‘,Зарабоғ,Зарабог
202870534,1722223,1722223045,19130007,Vandob,Вандоб,Вандоб
202799004,1722223,1722223032,19130021,Kattabog',Каттабоғ,Каттабог
202777728,1722223,1722223036,19130037,Uzunsoy,Узунсой,Узунсой
204421726,1722223,1722223018,19130001,Balxiguzar,Балхигузар,Балхигузар
202833167,1722223,1722223027,19130012,G'urjak-1,Ғуржак-1,Гуржак-1
202777814,1722223,1722223006,19130042,Xo'jgi,Хўжги,Хожги
202798962,1722223,1722223039,19130041,Xo'jaqiya-2,Хўжақия-2,Хожакия-2
202798994,1722223,1722223042,19130010,Guliston,Гулистон,Гулистон
204964873,1722223,1722223034,19130033,Oqtepa,Оқтепа,Октепа
202798979,1722223,1722223001,19130017,Yoshlik,Ёшлик,Ёшлик
202777750,1722223,1722223019,19130043,Chag'atoy,Чағатой,Чагатой
202799074,1722223,1722223038,19130032,Oyinli,Ойинли,Ойинли
205008295,1722223,1722223025,19130048,Sherobod,Шеробод,Шеробод
202683039,1722223,1722223021,19130036,Taroqli,Тароқли,Тарокли
203833364,1722223,1722223015,19130030,Navbur,Навбур,Навбур
202864968,1722223,1722223047,19130044,Chorbog‘,Чорбоғ,Чорбог
202725070,1722223,1722223017,19130027,Majnuntol,Мажнунтол,Мажмунтол
202799011,1722223,1722223028,19130025,Qulluqsho,Қуллуқшо,Куллукшо
202802102,1722223,1722223030,19130034,Oltinvoha,Олтинвоҳа,Олтинвоха
202777774,1722223,1722223003,19130026,Qo'rg'on,Қўрғон,Коргон
202798954,1722223,1722223023,19130040,Xojakiya-1,Хўжақия-1,Хожакия-1
202777767,1722223,1722223010,19130014,G'o'rin-Gilambob,Ғўрин-Гиламбоб,Горин-Гиламбоб
202777735,1722223,1722223008,19130020,Katta hayot,Катта ҳаёт,Катта хаёт
202802205,1722223,1722223013,19130028,Mehnatobod,Меҳнатобод,Мехнатобод
202777822,1722223,1722223022,19130004,Boybuloq,Бойбулоқ,Бойбулок
202843804,1722223,1722223016,19130015,Dehqonariq,Деҳқонариқ,Дехконарик
202843771,1722223,1722223005,19130002,Bahor,Баҳор,Бахор
202843828,1722223,1722223029,19130029,Mehrobod,Меҳробод,Мехробод
202843811,1722223,1722223014,19130039,Hakimobod,Ҳакимобод,Хакимобод
202876969,1722223,1722223037,19130024,Qorabog‘,Қорабоғ,Корабог
203653399,1722204,1722204021,19030013,Qizilnavr,Қизилнавр,Кизилнавр
202659834,1722204,1722204026,19030030,O'rta Machay,Ўрта Мачай,Урта Мачай
202659819,1722204,1722204024,19030024,Temir Darvoza,Темир Дарвоза,Темир Дарвоза
203654531,1722204,1722204031,19030002,Ariq Usti,Ариқ Усти,Арик Усти
202709224,1722204,1722204001,19030006,Gaza,Газа,Газа
207291515,1722204,1722204025,19030025,Tillokamar,Тиллокамар,Тиллокамар
202671425,1722204,1722204032,19030014,Kosiblar,Косиблар,Косиблар
202671299,1722204,1722204008,19030032,Xoʻjaidod,Хўжаидод,Хужаидод
202671418,1722204,1722204023,19030023,Sayrob,Сайроб,Сайроб
202671354,1722204,1722204034,19030019,Obi,Оби,Оби
203665613,1722204,1722204033,19030018,Mustaqillik,Мустақиллик,Мустакиллик
202671228,1722204,1722204022,19030017,Munchoq,Мунчоқ,Мунчок
203671338,1722204,1722204005,19030012,Inkabod,Инкабод,Инкабод
202671307,1722204,1722204035,19030021,Poygaboshi,Пойгабоши,Пойгабоши
203645771,1722204,1722204010,19030004,Bog'ibolo,Боғиболо,Богиболо
202671361,1722204,1722204027,19030031,Xo'jabulg'on,Хўжабулғон,Хожабулгон
202671274,1722204,1722204028,19030034,Chilonzor,Чилонзор,Чилонзор
204360082,1722204,1722204007,19030029,O'rmonchi,Ўрмончи,Ормончи
203655435,1722204,1722204029,19030037,Shifobuloq,Шифобулоқ,Шифобулок
202659858,1722204,1722204039,19030038,Sho'rsoy,Шўрсой,Шорсой
202659841,1722204,1722204019,19030007,Darband,Дарбанд,Дарбанд
202659865,1722204,1722204036,19030026,Tog‘chi,Тоғчи,Тогчи
304476385,1722204,1722204020,19030008,Daxnaijom,Дахнаижом,Дахнаижом
202659826,1722204,1722204030,19030039,Yuqori Machay,Юқори Мачай,Юкори мачай
202671282,1722204,1722204040,19030001,Avlod,Авлод,Авлод
202671314,1722204,1722204004,19030011,Duoba,Дуоба,Дуоба
202671250,1722204,1722204011,19030005,Boshrobot,Бошработ,Бошработ
205205691,1722204,1722204016,19030027,To'da,Тўда,Тода
206841882,1722204,1722204009,19030003,Bibishirin,Бибиширин,Бибиширин
202671267,1722204,1722204006,19030022,Pulhokim,Пулхоким,Пулхоким
202671393,1722204,1722204015,19030020,Pasurxi,Пасурхи,Пасурхи
202671339,1722204,1722204038,19030035,Chorchinor,Чорчинор,Чорчинор
202671378,1722204,1722204013,19030016,Ko'chkak,Кўчкак,Кочкак
202709217,1722204,1722204002,19030009,Dashtigo'z,Даштиғоз,Даштигоз
202671401,1722204,1722204018,19030036,Shirinobod,Ширинобод,Ширинобод
202671243,1722204,1722204037,19030028,Tuzbozor,Тузбозор,Тузбозор
202671346,1722204,1722204017,19030033,Sariosiyo,Сариосиё,Сариосиё
203664511,1722204,1722204003,19030010,Dexibolo,Дехиболо,Дехиболо
202671322,1722204,1722204012,19030015,Kofrun,Кофрун,Кофрун
204056658,1722207,1722207003,19080020,Navro'z,Наврўз,Навроз
202760124,1722207,1722207018,19080008,Gulobod,Гулобод,Гулобод
202695008,1722207,1722207013,19080005,Bodomzor,Бодомзор,Бодомзор
202760100,1722207,1722207037,19080017,Mohiyat,Моҳият,Мохият
202731136,1722207,1722207026,19080013,Yo'lchi,Йўлчи,Ёлчи
206947955,1722207,1722207017,19080011,Duoba,Дуоба,Дуоба
202273327,1722207,1722207032,19080037,Yangi­ yer,Янги ер,Янги ер
202310264,1722207,1722207014,19080014,Madaniyat,Маданият,Маданият
202760132,1722207,1722207008,19080027,Tong yulduzi,Тонг юлдузи,Тонг юлдузи
202310184,1722207,1722207024,19080035,Yangi diyor,Янги диёр,Янги диёр
202349784,1722207,1722207021,19080006,Buyuk ipak yo'li,Буюк ипак йўли,Буюк ипак йули
202731168,1722207,1722207004,19080012,Do‘stlik,Дўстлик,Достлик
202445318,1722207,1722207033,19080007,Guliston,Гулистон,Гулистон
202310200,1722207,1722207012,19080019,Mustaqillik,Мустақиллик,Мустакиллик
202731129,1722207,1722207005,19080024,Olmazor,Олмазор,Олмазор
203636506,1722207,1722207019,19080034,Yakka tol,Якка тол,Якка тол
202391236,1722207,1722207029,19080009,Darband,Дарбанд,Дарбанд
202391268,1722207,1722207027,19080036,Yangi hayot,Янги ҳаёт,Янги хаёт
202349737,1722207,1722207030,19080015,Mehnatobod,Меҳнатобод,Мехнатобод
202695015,1722207,1722207010,19080023,Obod turmush,Обод турмуш,Обод турмуш
202349776,1722207,1722207020,19080029,Fidokor,Фидокор,Фидокор
202284993,1722207,1722207022,19080033,Yurtim jamoli,Юртим жамоли,Юртим жамоли
202445325,1722207,1722207035,19080028,Fayziobod,Файзиобод,Файзиобод
202687032,1722207,1722207025,19080032,Shaffof,Шаффоф,Шаффоф
202731151,1722207,1722207002,19080001,Alpomish,Алпомиш,Алпомиш
202760149,1722207,1722207036,19080031,Chegarachi,Чегарачи,Чегарачи
202285010,1722207,1722207016,19080002,Anorzor,Анорзор,Анорзор
202731144,1722207,1722207001,19080026,Sopollitepa,Сополлитепа,Сополлитепа
202445333,1722207,1722207034,19080004,Bog'i eram,Боғи эрам,БоГи эрам
202731112,1722207,1722207006,19080016,Mehrigiyoh,Меҳригиёҳ,Мехригиёх
202316975,1722207,1722207009,19080018,Muzrabot Darvoza,Музработ Дарвоза,Музработ Дарвоза
202349769,1722207,1722207028,19080021,Nurli Hayot,Нурли Ҳаёт,Нурли Хаёт
202285027,1722207,1722207031,19080025,Oriyat,Орият,Орият
202316968,1722207,1722207011,19080022,Obi hayot,Оби ҳаёт,Оби хаёт
202285003,1722207,1722207023,19080003,al-Hakim at-Termiziy,ал-Ҳаким ат-Термизий,ал-хаким ат-Термизий
202448510,1722207,1722207007,19080030,Xalq yo'li,Халқ йўли,Халк йули
202316983,1722207,1722207015,19080010,Dehqonobod,Дехқонобод,Дехконобод
202705111,1722215,1722215020,19060004,Gilambob,Гиламбоб,Гиламбоб
202760654,1722215,1722215004,19060022,Takiya,Такия,Такия
202705104,1722215,1722215031,19060028,Yangi turmush,Янги турмуш,Янги турмуш
202958612,1722215,1722215026,19060024,Xalqobod,Халқобод,Халкобод
202760662,1722215,1722215015,19060012,Istara,Истара,Истара
207075197,1722215,1722215018,19060018,Mustaqillik,Мустақиллик,Мустакиллик
202717570,1722215,1722215014,19060029,Yangi hayot,Янги ҳаёт,Янги хаёт
206932279,1722215,1722215009,19060023,Tinchlik,Тинчлик,Тинчлик
202700428,1722215,1722215002,19060006,Gulobod,Гулобод,Гулобод
202731208,1722215,1722215013,19060005,Gulzor,Гулзор,Гулзор
201392021,1722215,1722215017,19060027,Yakka-Terak,Якка-Терак,Якка-Терак
202803916,1722215,1722215006,19060019,Navro'z,Наврўз,Навроз
202746188,1722215,1722215008,19060013,Istiqlol,Истиқлол,Истиклол
202705095,1722215,1722215001,19060016,Qorasuv,Қорасув,Корасув
202746204,1722215,1722215024,19060011,Zartepa,Зартепа,Зартепа
203499455,1722215,1722215029,19060007,Do‘stlik,Дўстлик,Достлик
206932413,1722215,1722215030,19060026,Shodlik,Шодлик,Шодлик
202731230,1722215,1722215010,19060001,Bog'bonlar yurti,Боғбонлар юрти,Богбонлар юрти
202746195,1722215,1722215025,19060030,Yangikent,Янгикент,Янгикент
202712579,1722215,1722215028,19060021,Rabotak,Работак,Работак
202717563,1722215,1722215019,19060020,Oqjar,Оқжар,Окжар
202746211,1722215,1722215023,19060009,Zarbdor,Зарбдор,Зарбдор
202724634,1722215,1722215012,19060003,Buyuk kelajak,Буюк келажак,Буюк келажак
202709295,1722215,1722215011,19060002,Bog'iston,Боғистон,Богистон
202820935,1722215,1722215005,19060025,Xomkon,Хомкон,Хомкон
202760647,1722215,1722215003,19060010,Zarobod,Заробод,Заробод
202695030,1722215,1722215027,19060015,Qishloqozon,Қишлоқозон,Кишлокозон
202748224,1722215,1722215007,19060031,Yangiobod,Янгиобод,Янгиобод
202717555,1722215,1722215016,19060014,Karmaki,Кармаки,Кармаки
202731247,1722215,1722215022,19060008,Yetimqum,Етимқум,ЕтимКум
202717594,1722215,1722215021,19060017,Kunchiqish,Кунчиқиш,Кунчикиш
303245508,1722220,1722220023,19110029,Yangiobod,Янгиобод,Янгиобод
202660035,1722220,1722220013,19110002,Amir Temur,Амир Темур,Амир Темур
202784553,1722220,1722220022,19110018,Nurafshon,Нурафшон,Нурафшон
202784538,1722220,1722220020,19110020,Orol,Орол,Орол
305016473,1722220,1722220027,19110021,Sabzipoya,Сабзипоя,Сабзипоя
207250770,1722220,1722220017,19110023,Termiz,Термиз,Термиз
202784545,1722220,1722220029,19110008,Juyjangal,Жуйжангал,Жуйжангал
202695094,1722220,1722220002,19110003,At-Termiziy,Ат-Термизий,Ат-Термизий
202660043,1722220,1722220016,19110009,Istiqlol,Истиқлол,Истиклол
207323007,1722220,1722220009,19110004,Bunyodkor,Бунёдкор,Бунёдкор
309908104,1722220,1722220030,19110030,Kelajak,Келажак,Келажак
204364884,1722220,1722220010,19110001,Ayritom,Айритом,Айритом
202695054,1722220,1722220024,19110005,Gulbahor,Гулбаҳор,Гулбахор
202695062,1722220,1722220008,19110014,Mustaqillik,Мустақиллик,Мустакиллик
202725063,1722220,1722220005,19110015,Muxiddin Eshtemirov,Мухиддин Эштемиров,Мухиддин Эштемиров
204294624,1722220,1722220007,19110017,Namuna,Намуна,Намуна
202660028,1722220,1722220014,19110011,Qoraxon,Қорахон,Корахон
207321057,1722220,1722220003,19110028,Yangier,Янгиер,Янгиер
202660011,1722220,1722220026,19110022,Soliobod,Солиобод,Солиобод
202738957,1722220,1722220015,19110007,Do‘stlik,Дўстлик,Достлик
202674476,1722220,1722220018,19110024,Uchqizil,Учқизил,Учкизил
202660050,1722220,1722220011,19110012,Quyoshli yurt,Қуёшли юрт,Куёшли юрт
202777688,1722220,1722220012,19110026,Sharof Rashidov,Шароф Рашидов,Шароф Рашидов
204281173,1722220,1722220004,19110013,Qo'ng'irot,Қўнғирот,Конгирот
202671512,1722220,1722220025,19110006,Guliston,Гулистон,Гулистон
204123320,1722220,1722220006,19110019,Nurli Diyor,Нурли Диёр,Нурли Диёр
204126356,1722220,1722220028,19110016,Navro'z,Наврўз,Навроз
202784521,1722220,1722220021,19110025,Xalqabod,Халқабод,Халкабод
202777695,1722220,1722220001,19110010,Qahramon,Қаҳрамон,Кахрамон
204136146,1722220,1722220019,19110027,Yangihayot,Янгиҳаёт,Янгихаёт
202687769,1722210,1722210079,19040089,Shamoli,Шамоли,Шамоли
202687547,1722210,1722210041,19040064,Sebzor,Себзор,Себзор
202687966,1722210,1722210082,19040098,Yangi Hayot,Янги Ҳаёт,Янги Хаёт
202687278,1722210,1722210063,19040044,Mingbuloq,Мингбулоқ,Мингбулок
202687150,1722210,1722210048,19040090,Shahrinav,Шаҳринав,Шахринав
202687254,1722210,1722210052,19040012,Yuksalish,Юксалиш,Юксалиш
202687475,1722210,1722210022,19040010,Vodiy,Водий,Водий
202687451,1722210,1722210021,19040008,Buyuk Ipak Yo'li,Буюк Ипак Йўли,Буюк Ипак Йули
202687579,1722210,1722210044,19040076,O'zgarish,Ўзгариш,Узгариш
202687713,1722210,1722210037,19040054,Obodon,Ободон,Ободон
202687301,1722210,1722210019,19040006,Boston,Бўстон,Бостон
202688030,1722210,1722210084,19040009,Buyuk Kelajak,Буюк Келажак,Буюк Келажак
202687665,1722210,1722210072,19040068,Surnaytepa,Сурнайтепа,Сурнайтепа
202687261,1722210,1722210013,19040084,Chambil,Чамбил,Чамбил
202687673,1722210,1722210058,19040028,Qizilgul,Қизилгул,Кизилгул
202687720,1722210,1722210085,19040014,Daхana,Дахана,Дахана
202687429,1722210,1722210057,19040082,Xo'jaxalqi,Хўжахалқи,Хужахалки
202687562,1722210,1722210002,19040004,Bog'i Eram,Боғи Эрам,Боги Эрам
202687239,1722210,1722210016,19040094,Yangi Qishloq,Янги Қишлоқ,Янги Кишлок
202687927,1722210,1722210096,19040067,Sumbula,Сумбула,Сумбула
202687974,1722210,1722210036,19040052,Nurli Manzil,Нурли Манзил,Нурли Манзил
202687855,1722210,1722210024,19040013,Gulobod,Гулобод,Гулобод
202688054,1722210,1722210076,19040074,Totuvlik,Тотувлик,Тотувлик
202687182,1722210,1722210038,19040059,Olovuddin,Оловуддин,Оловуддин
202687389,1722210,1722210031,19040033,Qoraxon,Қорахон,Корахон
202687626,1722210,1722210070,19040060,Ostona,Остона,Остона
202687333,1722210,1722210074,19040070,Surxon-Diyor,Сурхон-Диёр,Сурхон-Диёр
202688015,1722210,1722210001,19040005,Bog'i Nav,Боғи Нав,Боги Нав
202687318,1722210,1722210067,19040053,Obod Turmush,Обод Турмуш,Обод Турмуш
202687816,1722210,1722210047,19040088,Chuntosh,Чунтош,Чунтош
202687357,1722210,1722210025,19040017,Do‘stlik,Дўстлик,Достлик
202687404,1722210,1722210081,19040096,Yangi Kuch,Янги Куч,Янги Куч
202687372,1722210,1722210092,19040056,Oybark,Ойбарак,Ойбарак
202688094,1722210,1722210007,19040034,Quyoshli Yurt,Қуёшли Юрт,Куёшли Юрт
202687619,1722210,1722210050,19040092,Yurchi,Юрчи,Юрчи
202688047,1722210,1722210089,19040039,Lolazor,Лолазор,Лолазор
202687523,1722210,1722210034,19040045,Minora,Минора,Минора
202687602,1722210,1722210010,19040057,Oxtom,Охтом,Охтом
202687222,1722210,1722210069,19040058,Oqqo'rg'on,Оққўрғон,Оккоргон
202687831,1722210,1722210011,19040072,Tasmasoy,Тасмасой,Тасмасой
202687824,1722210,1722210030,19040029,Qiziljar,Қизилжар,Кизилжар
202687737,1722210,1722210075,19040073,Tinchlik,Тинчлик,Тинчлик
202688023,1722210,1722210012,19040077,O'rikzor,Ўрикзор,Орикзор
202687396,1722210,1722210017,19040095,Yangi Hazorbogʻ,Янги Ҳазорбоғ,Янги Хазорбог
202687214,1722210,1722210068,19040055,Ozod,Озод,Озод
202687174,1722210,1722210054,19040018,Yoshlik,Ёшлик,Ёшлик
202687784,1722210,1722210043,19040075,O‘zbekiston,Ўзбекистон,Узбекистон
202687680,1722210,1722210020,19040007,Buyuk Zamin,Буюк Замин,Буюк Замин
205295234,1722210,1722210065,19040048,Navnixol,Навнихол,Навнихол
202687325,1722210,1722210077,19040083,Chag‘oniyon,Чағониён,Чагониён
207111531,1722210,1722210062,19040040,Lochin,Лочин,Лочин
203225012,1722210,1722210008,19040043,Mehr Oqibat,Меҳр Оқибат,Мехр окибат
202687207,1722210,1722210049,19040091,Elobod,Элобод,Елобод
202687744,1722210,1722210055,19040021,Zarafshon,Зарафшон,Зарафшон
202687412,1722210,1722210046,19040080,Fayzli,Файзли,Файзли
202687594,1722210,1722210073,19040069,Surxon,Сурхон,Сурхон
202687340,1722210,1722210080,19040093,Yangiobod-2,Янгиобод-2,Янгиобод-2
202687863,1722210,1722210066,19040049,Namozgox,Намозгох,Намозгох
202687444,1722210,1722210029,19040026,Qaytmas,Қайтмас,Кайтмас
202687490,1722210,1722210059,19040031,Qorabog'tepa,Қорабоғтепа,Корабогтепа
202688008,1722210,1722210027,19040023,Ibn­ Sino,Ибн Сино,Ибн Сино
202687705,1722210,1722210014,19040085,Chim,Чим,Чим
202687143,1722210,1722210039,19040025,Kenagas,Кенагас,Кенагас
202687910,1722210,1722210093,19040065,Sina-1,Сина-1,Сина-1
202687483,1722210,1722210018,19040003,Bog'i Shamol,Боғи шамол,Боги шамол
202687554,1722210,1722210032,19040038,Lag'mon Ota,Лағмон Ота,Лагмон Ота
202687364,1722210,1722210051,19040097,Yangiobod,Янгиобод,Янгиобод
202687942,1722210,1722210094,19040063,Sanoatchilik,Саноатчилик,Саноатчилик
202687199,1722210,1722210035,19040050,Namuna,Намуна,Намуна
202687246,1722210,1722210004,19040019,Jamatak,Жаматак,Жаматак
206989524,1722210,1722210086,19040015,Dashti-Chinor,Дашти-Чинор,Дашти-Чинор
202688086,1722210,1722210083,19040001,A.Jomiy,А.Жомий,А.Жоми
202687641,1722210,1722210071,19040061,Paxtakurash,Пахтакураш,Пахтакураш
202687436,1722210,1722210095,19040066,Sohibkor,Соҳибкор,Сохибкор
202687697,1722210,1722210003,19040016,Dunyo tepa,Дунё тепа,Дунё тепа
202687934,1722210,1722210098,19040081,Fayzobod,Файзобод,Файзобод
202687293,1722210,1722210015,19040086,Chorgul,Чоргул,Чоргул
202687634,1722210,1722210078,19040087,Chuqur Qishloq,Чуқур қишлоқ,Чукур кишлок
202687508,1722210,1722210028,19040027,Katta-Qarshi,Катта-қарши,Катта-Карши
202687959,1722210,1722210042,19040071,Sofi Olloyor,Сўфи Оллоёр,Софи Оллоёр
202687998,1722210,1722210053,19040002,Bahoriston,Баҳористон,Бахористон
202687791,1722210,1722210045,19040078,O'rta Qishloq,Ўрта қишлоқ,Урта кишлок
202687515,1722210,1722210088,19040036,Ko'kabuloq,Кўкабулоқ,Кокабулок
202687809,1722210,1722210033,19040041,Lo'pon,Лупон,Лупон
202687752,1722210,1722210087,19040037,Kuyovsuv,Куёвсув,Куёвсув
202687848,1722210,1722210061,19040035,Qoʻzichoqli,Қўзичоқли,Кузичокли
202687981,1722210,1722210026,19040020,Bobur,Бобур,Бобур
202687586,1722210,1722210056,19040022,Zaxartepa,Захартепа,Захартепа
202687285,1722210,1722210009,19040047,Navbahor,Навбаҳор,Навбахор
202687870,1722210,1722210040,19040062,Pojur,Пожур,Пожур
203127355,1722210,1722210090,19040042,Mehnatobod,Меҳнатобод,Мехнатобод
202687167,1722210,1722210006,19040030,Qovunlisoy,Қовунлисой,Ковунлисой
205944098,1722210,1722210005,19040024,Istiqbol,Истиқбол,Истикбол
202687468,1722210,1722210064,19040046,Muqumiy,Муқумий,Мукумий
202687776,1722210,1722210097,19040079,O'shor,Ўшор,Ушор
203485480,1722210,1722210060,19040032,Qorako'z,Қоракўз,Коракуз
202688062,1722210,1722210023,19040011,Guliston,Гулистон,Гулистон
202688079,1722210,1722210091,19040051,Nuriston,Нуристон,Нуристон
202724627,1722212,1722212027,19050024,Qorayontoq,Қораёнтоқ,Кораёнток
202724935,1722212,1722212050,19050009,G'ur-G'ur,Ғур-ғур,Гур-Гур
203600187,1722212,1722212065,19050038,Mustaqillik,Мустақиллик,Мустакиллик
202724760,1722212,1722212046,19050008,Gulxovuz,Гулховуз,Гулховуз
202724777,1722212,1722212047,19050040,Namuna,Намуна,Намуна
202243506,1722212,1722212003,19050066,Yangiobod,Янгиобод,Янгиобод
205260713,1722212,1722212057,19050055,Uzumzor,Узумзор,Узумзор
202725016,1722212,1722212028,19050045,Oqtepa,Оқтепа,Октепа
203629695,1722212,1722212059,19050005,Bobur,Бобур,Бобур
202724570,1722212,1722212056,19050047,Oftobqo'rg'on,Офтобқўрғон,Офтобкургон
202724792,1722212,1722212049,19050052,Soqchi,Соқчи,Сокчи
204960436,1722212,1722212041,19050029,Qushtepa,Қуштепа,Куштепа
202724659,1722212,1722212063,19050063,Yangi Qishloq,Янги Қишлоқ,Янги Кишлок
202724982,1722212,1722212033,19050018,Ismoil-tepa,Исмоил-тепа,Исмоил-тепа
202724928,1722212,1722212052,19050044,Obod Guzar,Обод Гузар,Обод Гузар
205241388,1722212,1722212021,19050002,Avlod,Авлод,Авлод
202724721,1722212,1722212039,19050007,Guliston,Гулистон,Гулистон
202724674,1722212,1722212062,19050004,Bobotog',Боботоғ,Боботог
202243514,1722212,1722212001,19050012,Do‘stlik,Дўстлик,Достлик
202724856,1722212,1722212016,19050035,Mexnatobod,Мехнатобод,Мехнатобод
202724587,1722212,1722212023,19050023,Qorayogʻoch,Қораёғоч,Кораёгоч
202229688,1722212,1722212005,19050042,Nurli Diyor,Нурли Диёр,Нурли Диёр
202724555,1722212,1722212054,19050013,Yoshlik,Ёшлик,Ёшлик
206850247,1722212,1722212035,19050003,Beshbuloq,Бешбулоқ,Бешбулок
202724603,1722212,1722212025,19050058,Xayitobod,Хайитобод,Хайитобод
203016138,1722212,1722212010,19050057,O'rikli,Ўрикли,Орикли
202724548,1722212,1722212053,19050049,Paxtaobod,Пахтаобод,Пахтаобод
202243498,1722212,1722212002,19050019,Istiqlol,Истиқлол,Истиклол
202725009,1722212,1722212031,19050021,Yashnaobod,Яшнаобод,Яшнаобод
202724967,1722212,1722212029,19050010,Dam,Дам,Дам
202724817,1722212,1722212014,19050037,Mingchinor,Мингчинор,Мингчинор
202724666,1722212,1722212061,19050064,Yangi turmush,Янги турмуш,Янги турмуш
202243584,1722212,1722212004,19050048,Paxta zavod,Пахта завод,Пахта завод
202724800,1722212,1722212011,19050032,Markaziy surxon,Марказий сурхон,Марказий сурхон
202724950,1722212,1722212034,19050036,Mexnat-roxat,Мехнат-рохат,Мехнат-рохат
202724563,1722212,1722212055,19050034,Matonat,Матонат,Матонат
202243521,1722212,1722212008,19050056,Ulug‘bek,Улуғбек,Улугбек
207106892,1722212,1722212042,19050050,Polvonlar yurti,Полвонлар юрти,Полвонлар юрти
203964408,1722212,1722212045,19050017,Zartepa,Зартепа,Зартепа
203640984,1722212,1722212019,19050061,Eskiqishloq,Эскиқишлоқ,Ескикишлок
202724738,1722212,1722212040,19050046,Oltintepa,Олтинтепа,Олтинтепа
202724745,1722212,1722212058,19050041,Neftchilar,Нефтчилар,Нефтчилар
207078944,1722212,1722212022,19050016,Jinjaktepa,Жинжактепа,Жинжактепа
202724642,1722212,1722212060,19050065,Yangi usul,Янги усул,Янги усул
202724594,1722212,1722212024,19050031,Madaniyat,Маданият,Маданият
202724999,1722212,1722212032,19050020,Kamar,Камар,Камар
202724753,1722212,1722212044,19050015,Jarqo'rg'on minorasi,Жарқўрғон минораси,Жаркоргон минораси
202724698,1722212,1722212036,19050054,O‘zbekiston,Ўзбекистон,Узбекистон
202724824,1722212,1722212009,19050033,Maslahattepa,Маслахаттепа,Маслахаттепа
202229861,1722212,1722212007,19050039,Navro'z,Наврўз,Навроз
202724706,1722212,1722212037,19050030,Loyqand,Лойқанд,Лойканд
202724943,1722212,1722212051,19050043,Obi hayot,Оби ҳаёт,Оби хаёт
202724832,1722212,1722212015,19050060,Xuja qishloq,Хужа қишлоқ,Хужа кишлок
202724681,1722212,1722212064,19050059,Xalqabod,Халқабод,Халкабод
202724895,1722212,1722212013,19050051,Porloq yulduzi,Порлоқ юлдузи,Порлок юлдузи
308837240,1722212,1722212066,19050014,Janub qalqonlari,Жануб қалқонлари,Жануб калконлари
203954364,1722212,1722212006,19050053,Surhon sohili,Сурҳон соҳили,Сурхон сохили
202724784,1722212,1722212018,19050062,Yangiarik,Янгиариқ,Янгиарик
202724610,1722212,1722212026,19050025,Qoraqursoq,Қорақурсоқ,Коракурсок
202724864,1722212,1722212020,19050027,Qumqishloq,Қумқишлоқ,Кумкишлок
202724888,1722212,1722212017,19050006,Boymoqli,Боймоқли,Боймокли
202724904,1722212,1722212048,19050022,Qoraburo,Қорабуро,Корабуро
202724714,1722212,1722212038,19050011,Dexqonobod,Дехқонобод,Дехконобод
202229878,1722212,1722212043,19050001,Alisher Navoiy,Алишер Навоий,Алишер Навоий
202724871,1722212,1722212012,19050028,Kunchiqish,Кунчиқиш,Кунчикиш
202724974,1722212,1722212030,19050026,Quldovli,Қулдовли,Кулдовли
203378226,1722221,1722221042,19120011,Zarkamar,Заркамар,Заркамар
202660114,1722221,1722221017,19120012,Istiqlol,Истиқлол,Истиклол
203793716,1722221,1722221044,19120021,Nurli Kelajak,Нурли Келажак,Нурли Келажак
202750120,1722221,1722221035,19120025,Oqmachit,Оқмачит,Окмачит
202688213,1722221,1722221003,19120023,Obod yurt,Обод юрт,Обод юрт
207315997,1722221,1722221011,19120028,Sahovat,Саховат,Саховат
202673944,1722221,1722221021,19120047,Yangi hayot,Янги ҳаёт,Янги хаёт
202688284,1722221,1722221045,19120033,O‘zbekiston,Ўзбекистон,Узбекистон
202715337,1722221,1722221034,19120046,Yangiobod,Янгиобод,Янгиобод
202687530,1722221,1722221041,19120010,Jiydabuloq,Жийдабулоқ,Жийдабулок
203969179,1722221,1722221038,19120036,O'rmonchi,Ўрмончи,Ормончи
201066544,1722221,1722221047,19120020,Navro'z,Наврўз,Навроз
202688205,1722221,1722221004,19120042,Chaqar,Чақар,Чакар
202688197,1722221,1722221027,19120016,Malandiyon,Маландиён,Маландиён
309668640,1722221,1722221051,19120052,Surхon,Сурхон,Сурхон
203378234,1722221,1722221040,19120007,Dug'ob,Дуғоб,Дугоб
202660107,1722221,1722221049,19120002,Bahoriston,Баҳористон,Бохористон
202653938,1722221,1722221014,19120013,Qarashiq,Қарашиқ,Карашик
202666034,1722221,1722221010,19120018,Mustaqillik,Мустақиллик,Мустакиллик
202821221,1722221,1722221013,19120022,Obizarang,Обизаранг,Обизаранг
201066552,1722221,1722221015,19120048,Yangi yo'l,Янги йўл,Янги йул
202673905,1722221,1722221023,19120034,Uzun qishloq,Узун қишлоқ,Узун кишлок
202688180,1722221,1722221024,19120032,Tomchi,Томчи,Томчи
202660139,1722221,1722221026,19120017,Mehnat,Меҳнат,Мехнат
202666010,1722221,1722221008,19120024,Oq ostona,Оқ остона,Ок остона
202688237,1722221,1722221005,19120006,Dehqon,Деҳқон,Дехкон
206947164,1722221,1722221046,19120009,Yoshlik,Ёшлик,Ёшлик
202673984,1722221,1722221030,19120038,Fayzova,Файзова,Файзова
202666042,1722221,1722221032,19120015,Madaniy Turmush,Маданий Турмуш,Маданий Турмуш
202666027,1722221,1722221033,19120041,Xursand,Хурсанд,Хурсанд
202708090,1722221,1722221019,19120030,Tojikobod,Тожикобод,Тожикобод
202688244,1722221,1722221031,19120037,Fayzobod,Файзобод,Файзобод
202653953,1722221,1722221020,19120045,Yangi kuch,Янги куч,Янги куч
202688252,1722221,1722221016,19120008,Do‘stlik,Дўстлик,Дустлик
309665297,1722221,1722221050,19120051,Ittifoq,Иттифоқ,Иттифок
206947188,1722221,1722221029,19120026,Nurafshon,Нурафшон,Нурафшон
203576430,1722221,1722221043,19120027,Paxtlavon,Пахлавон,Пахлавон
202750105,1722221,1722221048,19120044,Erkinlik,Эркинлик,Еркинлик
202673969,1722221,1722221025,19120049,Yangi ro'zg'or,Янги рўзғор,Янги рузгор
202673897,1722221,1722221001,19120043,Chinor,Чинор,Чинор
202660154,1722221,1722221022,19120005,Guliston,Гулистон,Гулистон
304973155,1722221,1722221036,19120004,Bobotog',Боботоғ,Боботог
202660146,1722221,1722221009,19120029,Serharakat,Серҳаракат,Серхаракат
202688220,1722221,1722221007,19120019,Mustaqillikning 22 Yilligi,Мустақилликнинг 22 Йиллиги,Мустакилликнинг 22 Йиллиги
202695126,1722221,1722221006,19120003,Beshkappa,Бешкаппа,Бешкаппа
206947171,1722221,1722221012,19120050,Yamgi shahar,Янги шаҳар,Янги шахар
202673952,1722221,1722221002,19120014,Kichik Jonchekka,Кичик Жончекка,Кичик жончекка
202750113,1722221,1722221037,19120031,Toltoʻgʻay,Толтўғай,Толтугай
202688173,1722221,1722221028,19120035,Ulanqul,Уланқул,Уланкул
202708075,1722221,1722221018,19120039,Xatib Qahramon,Хатиб Қаҳрамон,Хатиб Кахрамон
203411414,1722221,1722221039,19120001,Xo'jakulsin,Хўжакулсин,Хужакулсин
202760884,1722226,1722226051,19140050,Ezgulik,Эзгулик,Эзгулик
202703794,1722226,1722226033,19140004,Baxshtepa-1,Бахштепа-1,Бахштепа-1
202720799,1722226,1722226025,19140007,Bunyodkor,Бунёдкор,Бунёдкор
202760780,1722226,1722226014,19140053,Yalti,Ялти,Ялти
202688822,1722226,1722226002,19140027,Navro'z,Наврўз,Навруз
203480496,1722226,1722226038,19140031,Oqkamar,Оқкамар,Оккамар
202720861,1722226,1722226044,19140008,Bo'ston,Бўстон,Бустон
202688807,1722226,1722226021,19140010,Go'zallik,Гўзаллик,Гузаллик
202760909,1722226,1722226012,19140054,Yangiariq,Янгиариқ,Янгиарик
203466805,1722226,1722226003,19140047,Shakarko'l,Шакаркўл,Шакаркул
202760852,1722226,1722226052,19140046,Xushchekka,Хушчекка,Хушчекка
202760805,1722226,1722226009,19140040,Tamad­dun,Тамаддун,Тамаддун
308909919,1722226,1722226053,19140041,Tamshush,Тамшуш,Тамшуш
202688846,1722226,1722226032,19140003,Baxshtepa,Бахштепа,Baxshtepa
202760916,1722226,1722226006,19140035,Oliyximmat,Олийхиммат,Олийхиммат
202760891,1722226,1722226017,19140033,Oqtumshuq,Оқтумшуқ,Октумшук
202725142,1722226,1722226048,19140051,Elbayo­n,Элбаён,Элбаён
202688695,1722226,1722226037,19140020,Qoqaydi,Қоқайди,Кокайди
202703803,1722226,1722226015,19140049,E­garchi,Эгарчи,Эгарчи
202688861,1722226,1722226029,19140013,Yoshgayrat,Ёшғайрат,Ёшгайрат
202760876,1722226,1722226050,19140029,Ozod,Озод,Озод
203466797,1722226,1722226026,19140012,Do‘stlik,Дўстлик,Дустлик
202720846,1722226,1722226020,19140030,Oynako'l,Ойнакўл,Ойнакул
202760797,1722226,1722226013,19140034,Olatemir,Олатемир,Олатемир
202720782,1722226,1722226001,19140005,Bobotog',Боботоғ,Боботог
202720822,1722226,1722226027,19140028,Obodon,Ободон,Ободон
202688688,1722226,1722226039,19140032,Oqqo'rg'on,Оққўрғон,Оккоргон
202760869,1722226,1722226043,19140006,Bobur,Бобур,Бобур
202688671,1722226,1722226036,19140015,Joyilma,Жойилма,Жойилма
202688839,1722226,1722226034,19140037,Saksonkapa,Саксонкапа,Саксонкапа
202688878,1722226,1722226016,19140024,Kushon,Кушон,Кушон
202703810,1722226,1722226046,19140001,Alisher Navoiy,Алишер Навоий,Алишер Навоий
202739021,1722226,1722226028,19140048,Shaldiroq,Шалдироқ,Шалдирок
202760837,1722226,1722226024,19140045,Xurlik,Хурлик,Хурлик
202688750,1722226,1722226045,19140017,Ibn-Sino,Ибн-Сино,Ибн-Сино
202688799,1722226,1722226042,19140052,Yakkabog',Яккабоғ,Яккабог
202688782,1722226,1722226018,19140023,Ko'klam,Кўклам,Куклам
202688711,1722226,1722226040,19140014,Jarkishloq,Жарқишлоқ,Жаркишлок
202688735,1722226,1722226005,19140042,Tolli,Толли,Толли
202688814,1722226,1722226011,19140043,To'la,Тўла,Тула
202688854,1722226,1722226035,19140018,Kakan,Какан,Какан
202760813,1722226,1722226010,19140036,Oftobmakon,Офтобмакон,Офтобмакон
203480504,1722226,1722226049,19140026,Laylakxona,Лайлакхона,Лайлакхона
203270464,1722226,1722226023,19140022,Qoraariq,Қораариқ,Кораарик
202720807,1722226,1722226004,19140021,Konobod,Конобод,Конобод
202688728,1722226,1722226007,19140011,Guliston,Гулистон,Гулистон
202688704,1722226,1722226041,19140039,Savjuronbobo,Савжуронбобо,Савжуронбобо
202720893,1722226,1722226008,19140025,Qushtegirmon,Қуштегирмон,Куштегирмон
202744301,1722226,1722226019,19140009,G'armaqo'rg'on,Ғармақўрғон,Гармакургон
202760844,1722226,1722226022,19140038,Savurtepa,Савуртепа,Савуртепа
202688743,1722226,1722226047,19140044,Xayrabot,Хайработ,Хайработ
202688774,1722226,1722226030,19140019,Katta Sovur,Катта Савур,Катта Савур
202688767,1722226,1722226031,19140016,Zarbdor,Зарбдор,Зарбдор
206980648,1722214,1722214009,19070033,Nurli diyor,Нурли диёр,Нурли диёр
202285059,1722214,1722214010,19070036,Paxtaobod,Пахтаобод,Пахтаобод
202285106,1722214,1722214021,19070003,Arpapoya,Арпапоя,Арпапоя
202294063,1722214,1722214002,19070011,Bo'ston,Бўстон,Бостон
202287768,1722214,1722214044,19070001,Azlarsoy,Азларсой,Азларсой
202313520,1722214,1722214018,19070060,Yangier,Янгиер,Янгиер
202290267,1722214,1722214055,19070037,Sahovat,Саховат,Саховат
202285160,1722214,1722214007,19070024,Qarsoqli,Қарсоқли,Карсокли
202285232,1722214,1722214015,19070050,Xo‘jamulki,Хўжамулки,Хужамулки
202285114,1722214,1722214029,19070061,Yangi qishloq,Янги қишлоқ,Янги кишлок
202285074,1722214,1722214001,19070007,Bobolochin,Боболочин,Боболочин
202287736,1722214,1722214052,19070029,Munchoqtepa,Мунчоқтепа,Мунчоктепа
202330019,1722214,1722214023,19070005,Achamoyli,Ачамойли,Ачамойли
202287790,1722214,1722214013,19070045,Umid ni­hol­lari,Умид ниҳоллари,Умид нихоллари
202285066,1722214,1722214011,19070041,To'g'on,Тўғон,Тугон
203634990,1722214,1722214006,19070023,Istiqlol,Истиқлол,Истиклол
202287729,1722214,1722214049,19070020,Joziba,Жозиба,Жозиба
202285153,1722214,1722214022,19070062,Arslonboyli,Арслонбойли,Арслонбойли
202294087,1722214,1722214026,19070049,Xo'ja qishloq,Хўжа қишлоқ,Хужа кишлок
202330026,1722214,1722214024,19070008,Bobotog',Боботоғ,Боботог
202687903,1722214,1722214034,19070015,Davlats­oy,Давлатсой,Давлацой
202285192,1722214,1722214037,19070027,Ko‘ganli,Кўганли,Куганли
202330041,1722214,1722214003,19070013,Guliston,Гулистон,Гулистон
202285145,1722214,1722214048,19070019,Jiydali,Жийдали,Жийдали
202335399,1722214,1722214033,19070012,G'alaba,Ғалаба,Галаба
202289155,1722214,1722214035,19070022,Islomobod,Исломобод,Исломобод
202285256,1722214,1722214042,19070054,Sherozi,Шерози,Шерози
202285217,1722214,1722214058,19070055,Elobod,Элобод,Елобод
207081325,1722214,1722214040,19070042,To'da,Тўда,Туда
202289124,1722214,1722214038,19070034,Oqtom,Оқтом,Октом
207079928,1722214,1722214017,19070056,Yangi avlod,Янги авлод,Янги авлод
202289163,1722214,1722214041,19070053,Cho‘kirli,Чўкирли,Чукирли
202330058,1722214,1722214025,19070010,Boymoqli,Боймоқли,БоймоКли
202285098,1722214,1722214004,19070017,Jaloir,Жалоир,Жалоир
206979472,1722214,1722214005,19070021,Imomtepa,Имомтепа,Имомтепа
202289148,1722214,1722214060,19070057,Yangiobod,Янгиобод,Янгиобод
202285121,1722214,1722214043,19070059,Yangi shahar,Янги шаҳар,Янги шахар
203658423,1722214,1722214059,19070058,Yangi hayot,Янги ҳаёт,Янги xаёт
202285200,1722214,1722214030,19070032,Neftchilar,Нефтчилар,Нефтчилар
202300158,1722214,1722214031,19070016,Do‘stlik,Дўстлик,Дустлик
207081278,1722214,1722214032,19070002,Arig'oshgan,Ариғошган,Аригошган
202285224,1722214,1722214027,19070047,Xalaki,Халаки,Халаки
202287808,1722214,1722214020,19070038,Surxon sohili,Сурхон соҳили,Сурхон сохили
202313458,1722214,1722214019,19070044,Ulug‘bek,Улуғбек,Улугбек
202313513,1722214,1722214008,19070030,Mustaqillik,Мустақиллик,Мустакиллик
202289170,1722214,1722214061,19070051,Xurriyat,Хуррият,Хуррият
202285138,1722214,1722214047,19070018,Jarqishloq,Жарқишлоқ,Жаркишлок
203600203,1722214,1722214039,19070035,Yangi O‘zbekiston,Янги Ўзбекистон,Янги Узбекистон
202287751,1722214,1722214046,19070014,Gultepa,Гултепа,Гултепа
202285184,1722214,1722214036,19070025,Kattako'l,Каттакўл,Каттакол
202337862,1722214,1722214014,19070046,Uyas,Уяс,Уяс
202287783,1722214,1722214050,19070026,Hunarmandlar,Ҳунармандлар,Хунармандлар
202289131,1722214,1722214012,19070043,O‘zbekiston 5 yilligi,Ўзбекистон 5 йиллиги,Узбекистон 5 йиллиги
202285177,1722214,1722214054,19070006,Besh qahramon,Беш қаҳрамон,Беш кахрамон
202287744,1722214,1722214051,19070028,Mexrabod,Мехрабод,Мехрабод
202290250,1722214,1722214056,19070039,Toyfang,Тойфанг,Тойфанг
202285249,1722214,1722214016,19070052,Yuksalish,Юксалиш,Юксалиш
207082173,1722214,1722214028,19070048,Xalqobod,Халқобод,Халкобод
202287775,1722214,1722214045,19070009,Bog'aro,Боғаро,Богаро
202285081,1722214,1722214053,19070031,Navbahor,Навбаҳор,Навбахор
202493354,1722201,1722201036,19090035,Ovchi,Овчи,Овчи
202493361,1722201,1722201035,19090039,Sayrak,Сайрак,Сайрак
202511630,1722201,1722201033,19090012,Do'g'oba,Дўғоба,Дугоба
202712340,1722201,1722201023,19090020,Qiziltepa,Қизилтепа,Кизилтепа
202491658,1722201,1722201053,19090006,Bo'ston,Бўстон,Бустон
207100814,1722201,1722201012,19090046,Xo'jaypok,Хўжайпок,Ходжайпок
204814734,1722201,1722201013,19090021,Qoratepa,Қоратепа,Коратепа
202504813,1722201,1722201046,19090042,Tuxtamish,Тухтамиш,Тухтамиш
202712483,1722201,1722201026,19090038,Xo'jasoat,Хўжасоат,Хужасоат
202712325,1722201,1722201021,19090024,Qurama-1,Қурама-1,Курама-1
202493346,1722201,1722201006,19090010,Gulobod,Гулобод,Гулобод
202712333,1722201,1722201022,19090033,Obod Turmush,Обод Турмуш,Обод Турмуш
202712357,1722201,1722201008,19090029,Mirshodi,Миршоди,Миршоди
203948576,1722201,1722201024,19090011,Gulchechak,Гулчечак,Гулчечак
203480464,1722201,1722201009,19090050,Shoxcha,Шохча,Шохча
204031404,1722201,1722201043,19090034,Obshir,Обшир,Обшир
202712547,1722201,1722201044,19090017,Zardaqul,Зардақул,Зардакул
202712508,1722201,1722201011,19090053,Yangiariq,Янгиариқ,Янгиарик
202493322,1722201,1722201052,19090022,Qorliq,Қорлиқ,Корлик
203531154,1722201,1722201045,19090025,Qo'sharcha,Қўшарча,Кушарча
202491641,1722201,1722201029,19090052,Yakkatut,Яккатут,Яккатут
202712444,1722201,1722201042,19090047,Chep,Чеп,Чеп
202712436,1722201,1722201015,19090014,Jiyanbobo,Жиянбобо,Жиянбобо
202712429,1722201,1722201014,19090026,Madaniyat,Маданият,Маданият
202712475,1722201,1722201037,19090030,Mo'minqul,Мўминқул,Муминкул
207063917,1722201,1722201025,19090002,Barkamol Avlod,Баркамол Авлод,Баркамол Авлод
202712396,1722201,1722201004,19090036,Oqarbuloq,Оқарбулоқ,Окарбулок
202501414,1722201,1722201032,19090045,Xidirsho,Хидиршо,Хидиршо
202712389,1722201,1722201001,19090013,Jilibuloq,Жилибулоқ,Жилибулок
204029895,1722201,1722201039,19090016,Nurafshon,Нурафшон,Нурафшон
202712372,1722201,1722201003,19090004,Bibizaynab,Бибизайнаб,Бибизайнаб
202504820,1722201,1722201002,19090005,Botosh,Ботош,Ботош
202504805,1722201,1722201048,19090048,Chinor,Чинор,Чинор
203954317,1722201,1722201050,19090008,Obod Vaxshivor,Обод Вахшивор,Обод Вахшивор
202712364,1722201,1722201010,19090019,Karsagan,Карсаган,Карсаган
202712451,1722201,1722201041,19090018,Ipoq,Ипоқ,Ипок
202501406,1722201,1722201034,19090051,Ekraz,Экраз,Екраз
202493339,1722201,1722201031,19090037,Olmazor,Олмазор,Олмазор
202712412,1722201,1722201016,19090009,Guliston,Гулистон,Гулистон
203505613,1722201,1722201020,19090031,Mustaqillik 10- yilligi,Мустақиллик 10- йиллиги,Мустакиллик 10- йиллиги
202694998,1722201,1722201028,19090028,Mingchinor,Мингчинор,Мингчинор
202694981,1722201,1722201054,19090023,Qumpaykal,Қумпайкал,Кумпайкал
202511647,1722201,1722201049,19090007,Katta vaxshivor,Катта вахшивор,Катта вахшивор
202511615,1722201,1722201040,19090015,Jobu,Жобу,Жобу
204134078,1722201,1722201019,19090003,Besh Bola Paxlavon,Беш Бола Пахлавон,Беш Бола Пахлавон
203964368,1722201,1722201005,19090001,Shodlik,Шодлик,Шодлик
202712468,1722201,1722201038,19090027,Marmun,Мармун,Мармун
202694974,1722201,1722201018,19090054,Yangiqurilish,Янгиқурилиш,Янгикурилиш
202712490,1722201,1722201027,19090041,Tog‘ay Murod,Тоғай Мурод,Тогай Мурод
202712523,1722201,1722201051,19090043,Hayrandara,Ҳайрандара,Хайрандара
203882043,1722201,1722201030,19090049,Shakarqamish,Шакарқамиш,Шакаркамиш
205614089,1722201,1722201007,19090044,Xalqobod,Халқобод,Халкобод
203914397,1722201,1722201017,19090032,Navro'z,Наврўз,Навроз
207310861,1722201,1722201047,19090040,Sohibkor,Соҳибкор,Сохибкор
202649814,1722217,1722217032,19100021,Kelajak Sari,Келажак Сари,Келажак Сари
202650103,1722217,1722217044,19100009,Bog'i Shamol,Боғи Шамол,Боги Шамол
202649656,1722217,1722217007,19100060,Extir­om,Эхтиром,Эхтиром
202649767,1722217,1722217023,19100023,Lochin,Лочин,Лочин
202649918,1722217,1722217040,19100050,Xurshid,Хуршид,Хуршид
202650055,1722217,1722217056,19100025,M.Ulugbek,М.Улугбек,М.Улугбек
202649624,1722217,1722217001,19100014,Gulobod,Гулобод,Гулобод
202649735,1722217,1722217019,19100051,Chilonzor,Чилонзор,Чилонзор
202649854,1722217,1722217028,19100041,Terakzor,Теракзор,Теракзор
202650024,1722217,1722217051,19100056,Shaxri obod,Шахри обод,Шахри обод
202650009,1722217,1722217052,19100024,Lutfkor,Лутфкор,Лутфкор
202649972,1722217,1722217061,19100034,Nurbuloq,Нурбулоқ,Нурбулок
202660161,1722217,1722217012,19100027,Maland,Маланд,Маланд
206926467,1722217,1722217013,19100020,Qarsh,Қарш,Карш
202649861,1722217,1722217027,19100018,Yoqutli bog',Ёқутли боғ,Ёкутли бог
202650031,1722217,1722217014,19100040,Subxidam,Субхидам,Субхидам
202649839,1722217,1722217034,19100012,Bo'yropo'sh,Бўйрапуш,Бойрапуш
202649664,1722217,1722217005,19100039,Sebzor,Себзор,Себзор
202650142,1722217,1722217045,19100011,Boysunobod,Бойсунобод,Бойсунобод
202649750,1722217,1722217022,19100045,Halqabod,Ҳалқабод,Халкабод
202649728,1722217,1722217020,19100053,Shabnam,Шабнам,Шабнам
202649807,1722217,1722217031,19100038,Sarijar,Сарижар,Сарижар
202649893,1722217,1722217037,19100058,Shoqishloq,Шоқишлоқ,Шокишлок
202649782,1722217,1722217025,19100048,Xulkar,Хулкар,Хулкар
202650127,1722217,1722217046,19100044,Feruz,Феруз,Феруз
202649704,1722217,1722217016,19100017,Do‘stlik,Дўстлик,Достлик
202649901,1722217,1722217038,19100057,Shirin,Ширин,Ширин
306502160,1722217,1722217042,19100015,Daragiston,Дарагистон,Дарагистон
202650110,1722217,1722217047,19100026,Madankon,Маданкон,Маданкон
202649695,1722217,1722217021,19100010,Bog'i Shirin,Боғи Ширин,Боги Ширин
202649774,1722217,1722217024,19100019,Jannatmakon,Жаннатмакон,Жаннатмакон
303759681,1722217,1722217009,19100031,Nilu,Нилу,Нилу
202649996,1722217,1722217049,19100005,Billur,Биллур,Биллур
202708068,1722217,1722217011,19100052,Chosh,Чош,Чош
202649822,1722217,1722217033,19100002,Anorzor,Анорзор,Анорзор
202649964,1722217,1722217060,19100016,Diydor,Дийдор,Дийдор
202649940,1722217,1722217058,19100043,Turmushobod,Турмушобод,Турмушобод
202649688,1722217,1722217004,19100035,Nurobod,Нуробод,Нуробод
202649885,1722217,1722217030,19100055,Sharofobod,Шарофобод,Шарофобод
202649799,1722217,1722217026,19100028,Marjona,Маржона,Маржона
202649632,1722217,1722217006,19100033,Nodirabegim,Нодирабегим,Нодирабегим
202650134,1722217,1722217043,19100022,Konchilar,Кончилар,Кончилар
202649743,1722217,1722217018,19100008,Bog'iston,Боғистон,Богистон
202650087,1722217,1722217055,19100003,Afrosiyob,Афросиёб,Афросиёб
202649933,1722217,1722217039,19100046,Xamkorlik,Хамкорлик,Хамкорлик
306466855,1722217,1722217036,19100007,Bog'isamarqand,Боғисамарқанд,Богисамарканд
202649878,1722217,1722217029,19100059,Shohjaxon,Шоҳжахон,Шохжахон
202649846,1722217,1722217035,19100030,Nilova,Нилова,Нилова
202650070,1722217,1722217054,19100004,Ayroport,Айропорт,Айропорт
202650063,1722217,1722217057,19100036,Sadiy Sheroziy,Садий Шерозий,Сади Шерози
202649989,1722217,1722217048,19100054,Shark yulduzi,Шарк юлдузи,Шарк юлдузи
202649711,1722217,1722217017,19100042,Tortuvli,Тортувли,Тортувли
202650048,1722217,1722217015,19100037,Sangardak,Сангардак,Сангардак
202649671,1722217,1722217002,19100049,Xufar,Хуфар,Хуфар
202688276,1722217,1722217010,19100047,Xonjiza,Хонжиза,Хонжиза
202649649,1722217,1722217008,19100006,Bog'iobod,Боғиобод,Богиобод
202650016,1722217,1722217050,19100029,Mexrshavqat,Мехршавқат,Мехршавкат
202649957,1722217,1722217059,19100013,Galabutta,Галабутта,Галабутта
202649617,1722217,1722217003,19100061,Yangi-Hayot,Янги-Ҳаёт,Янги-Хаёт
202649925,1722217,1722217041,19100032,Nixolzor,Нихолзор,Нихолзор
202650094,1722217,1722217053,19100001,A.Navoiy,А.Навоий,А.Навои
300084465,1722203,1722203010,19020009,Quduqsoy,Қудуқсой,Кудуксой
202754922,1722203,1722203017,19020020,Farovon,Фаровон,Фаровон
202754961,1722203,1722203015,19020001,Bag'rikeng,Бағрикенг,Багрикенг
202754874,1722203,1722203002,19020018,Saroy,Сарой,Сарой
204769592,1722203,1722203005,19020022,Chinor,Чинор,Чинор
202754946,1722203,1722203021,19020008,Qaldirg‘och,Қалдирғоч,Калдиргоч
203606922,1722203,1722203013,19020007,Zevar,Зевар,Зевар
202748232,1722203,1722203001,19020002,Bandixon,Бандихон,Бандихон
204638264,1722203,1722203003,19020017,Polvontosh,Полвонтош,Полвонтош
202754882,1722203,1722203009,19020014,Obod Turmush,Обод турмуш,Обод Турмуш
202687658,1722203,1722203022,19020010,Limonzor,Лимонзор,Лимонзор
202754978,1722203,1722203016,19020015,Obod Yurt,Обод Юрт,Обод Юрт
202754954,1722203,1722203020,19020006,Gulbog',Гулбоғ,Гулбог
202754914,1722203,1722203007,19020016,Paxtakor,Пахтакор,Пахтакор
202671385,1722203,1722203011,19020013,Obikor,Обикор,Обикор
202687887,1722203,1722203012,19020012,Navro'z,Наврўз,Навроз
202754899,1722203,1722203004,19020005,Birdamlik,Бирдамлик,Бирдамлик
203124580,1722203,1722203008,19020004,Bektepa,Бектепа,Бектепа
202754939,1722203,1722203018,19020003,Bahoriston,Баҳористон,Бахористан
205412973,1722203,1722203019,19020019,O'rg'ulsoy,Ўрғулсой,Ургулсой
202754907,1722203,1722203006,19020011,Navbahor,Навбаҳор,Навбахор
205726004,1722203,1722203014,19020021,Xojaypok,Хўжайпок,Ходжаипок
202934570,1724401,1724401012,12100022,Ulug‘obod,Улуғобод,Улугобод
202886022,1724401,1724401002,12100007,Do‘stlik,Дўстлик,Дустлик
202922981,1724401,1724401016,12100018,Sayqal,Сайқал,Сайкал
207333398,1724401,1724401008,12100003,Baxt,Бахт,Бахт
202930782,1724401,1724401017,12100020,Taraqqiyot,Тараққиёт,Тараккиёт
202933629,1724401,1724401007,12100025,Yangihayot,Янги хаёт,Янгихаёт
202933572,1724401,1724401021,12100011,Manaviyat,Маънавият,Манавият
202967332,1724401,1724401023,12100021,Ulug‘yol,Улуғ йўл,Улугйул
202933589,1724401,1724401015,12100017,Obod yurt,Обод юрт,Обод юрт
207333366,1724401,1724401010,12100006,Buyuk kelajak,Буюк келажак,Буюк келажак
202917970,1724401,1724401013,12100004,Bogishamol,Боғишамол,Богишамол
202941484,1724401,1724401020,12100010,Madaniyat,Маданият,Маданият
207333406,1724401,1724401022,12100015,Nixol,Нихол,Нихол
202933612,1724401,1724401014,12100014,Namuna,Намуна,Намуна
207305684,1724401,1724401019,12100008,Ibratli,Ибратли,Ибратли
202922974,1724401,1724401006,12100023,Shodlik,Шодлик,Шодлик
202933564,1724401,1724401001,12100001,Ahillik,Аҳиллик,Ахиллик
207333359,1724401,1724401004,12100016,Nurafshon,Нурафшон,Нурафшон
202933596,1724401,1724401009,12100005,Boston,Бўстон,Бустон
205101893,1724401,1724401011,12100009,Istiqlol,Истиқлол,Истиклол
207333381,1724401,1724401005,12100019,Sohil,Соҳил,Сохил
202933604,1724401,1724401018,12100002,Bahor,Баҳор,Бахор
202922966,1724401,1724401003,12100013,Navbahor,Навбаҳор,Навбахор
204081138,1724410,1724410006,12090006,Nurobod,Нуробод,Нуробод
202902792,1724410,1724410004,12090002,Bunyodkor,Бунёдкор,Бунёдкор
204081114,1724410,1724410001,12090004,Do‘stlik,Дўстлик,Дустлик
305966653,1724410,1724410007,12090003,Vatanparvar,Ватанпарвар,Ватанпарвар
202902784,1724410,1724410005,12090007,Farxod,Фарход,Фарход
204081106,1724410,1724410003,12090005,Mirzo Ulug‘bek,Мирзо Улуғбек,Мирзоулугбек
204081121,1724410,1724410002,12090001,Amur Temur,Амур Темур,Амур Темур
202836012,1724413,1724413007,12110009,Shodiyona,Шодиёна,Шодиёна
207333231,1724413,1724413005,12110008,Fazilat,Фазилат,Фазилат
207333414,1724413,1724413009,12110011,Yuksalish,Юксалиш,Юксалиш
310116355,1724413,1724413012,12110012,Yangiobod,Янгиобод,Янгиобод
202684962,1724413,1724413011,12110006,Navro'zobod,Наврўзобод,Наврузобод
201306664,1724413,1724413004,12110010,Shukrona,Шукрона,Шукрона
202684979,1724413,1724413008,12110005,Marifat,Маърифат,Марифат
202691836,1724413,1724413010,12110002,Binokor,Бинокор,Бинокор
207333248,1724413,1724413006,12110003,Davlatobod,Давлатобод,Давлатобод
200330921,1724413,1724413001,12110004,Zahiriddin Muhammad Bobur,Заҳириддин Муҳаммад Бобур,Захириддин Мухаммад Бобур
202818944,1724413,1724413002,12110007,Temurmalik,Темур Малик,Темурмалик
202757704,1724413,1724413003,12110001,Abdurahmon Jomiy,Абдураҳмон Жомий,Абдурахмон Жоми
202905345,1724216,1724216009,12060012,Paxtaobod,Пахтаобод,Пахтаобод
202905227,1724216,1724216003,12060010,Paymard,Паймард,Паймард
202905076,1724216,1724216016,12060003,Guliston,Гулистон,Гулистон
202905321,1724216,1724216002,12060007,Nurliyol,Нурли йўл,Нурли йул
303798001,1724216,1724216019,12060019,Yangi hayot,Янги ҳаёт,Янги хаёт
202905109,1724216,1724216018,12060016,O'rikzor,Ўрикзор,Урикзор
202905377,1724216,1724216015,12060013,Sintob,Синтоб,Синтоб
202905234,1724216,1724216005,12060017,Farovon,Фаровон,Фаровон
303785714,1724216,1724216004,12060015,O‘zbekiston,Ўзбекистон,Узбекистон
202905131,1724216,1724216006,12060005,Ittifoq,Иттифоқ,Иттифок
202905116,1724216,1724216017,12060006,Mustaqillik,Мустақиллик,Мустакиллик
202905400,1724216,1724216012,12060002,Gulbuloq,Гулбулоқ,Гулбулок
202905069,1724216,1724216010,12060018,Shodlik,Шодлик,Шодлик
202905052,1724216,1724216011,12060014,Turon,Турон,Турон
202905163,1724216,1724216007,12060008,Nurobod,Нуробод,Нуробод
202905353,1724216,1724216008,12060009,Olgabos,Олғабос,Олгабос
202905417,1724216,1724216014,12060004,Do‘stlik,Дўстлик,Дустлик
202905274,1724216,1724216001,12060001,Bahmalsoy,Баҳмалсой,Бахмалсой
200317034,1724226,1724226006,12050015,Yangiqishloq,Янгиқишлоқ,Янгикишлок
202930711,1724226,1724226004,12050009,Otayurt,Отаюрт,Отаюрт
202930538,1724226,1724226009,12050012,Fayzliobod,Файзлиобод,Файзлиобод
202930521,1724226,1724226010,12050008,Navro'z,Наврўз,Навруз
202930695,1724226,1724226001,12050014,Yurtdosh,Юртдош,Юртдош
202930767,1724226,1724226003,12050007,Qo'rgontepa,Қўрғонтепа,Кургонтепа
202930728,1724226,1724226005,12050002,Birlіk,Бирлик,Бирлик
202930592,1724226,1724226012,12050001,Birlashtgan,Бирлашган,Бирлашган
202930584,1724226,1724226011,12050010,Paxtakor,Пахтакор,Пахтакор
202930545,1724226,1724226008,12050006,Quyitosh,Қуйитош,Куйитош
202930688,1724226,1724226002,12050004,Do‘stlik,Дўстлик,Дустлик
202930624,1724226,1724226015,12050003,Bo'ston,Бўстон,Бустон
202930553,1724226,1724226007,12050013,Xalqobod,Халқобод,Халкобод
202930632,1724226,1724226014,12050011,Ravot,Равот,Равот
202890200,1724206,1724206006,12040004,Bo'ston,Бўстон,Бустон
202922776,1724206,1724206013,12040012,Saxovat,Саховат,Саховат
202922809,1724206,1724206007,12040007,Obod,Обод,Обод
202922769,1724206,1724206001,12040001,Alisher Navoiy,Алишер Навоий,Алишер Навоий
202922831,1724206,1724206010,12040006,Mustaqillik,Мустақиллик,Мустакиллик
202922816,1724206,1724206008,12040013,Yangi xayot,Янги хаёт,Янги хаёт
202922744,1724206,1724206004,12040005,Ko'rkamdiyor,Кўркам диёр,Коркамдиёр
202922752,1724206,1724206011,12040011,Yangi davr,Янги давр,Янги давр
202327424,1724206,1724206012,12040002,Andijon,Андижон,Андижон
202890217,1724206,1724206005,12040003,Ahillik,Аҳиллик,Ахиллик
202890224,1724206,1724206003,12040010,Shodlik,Шодлик,Шодлик
310245156,1724220,1724220026,12020026,Inoqlik,Иноқлик,Иноклик
202904964,1724220,1724220010,12020007,Boyovut,Боёвут,Боёвут
202904781,1724220,1724220004,12020012,Mevazor,Мевазор,Мевазор
202904814,1724220,1724220021,12020002,Ahmad Yassaviy,Аҳмад Яссавий,Ахмад Яссавий
202904971,1724220,1724220001,12020004,Baxmal,Бахмал,Бахмал
202904884,1724220,1724220015,12020021,Furqat,Фурқат,Фуркат
202904759,1724220,1724220009,12020025,Yulduz,Юлдуз,Юлдуз
202904584,1724220,1724220023,12020006,Birlashgan,Бирлашган,Бирлашган
202904806,1724220,1724220025,12020010,Ibrat,Ибрат,Ибрат
202904766,1724220,1724220002,12020009,Zarbdor,Зарбдор,Зарбдор
310097769,1724220,1724220024,12020008,Do‘stlik,Дўстлик,Достлик
205872419,1724220,1724220006,12020016,Soyibobod,Сойибобод,Сойибобод
202904860,1724220,1724220018,12020013,Mustaqillik,Мустақиллик,Мустакиллик
202904734,1724220,1724220008,12020022,Xamid Оlimjon,Хамид Олимжон,Хамид Олимжон
202904774,1724220,1724220003,12020011,Ishonch,Ишонч,Ишонч
202904956,1724220,1724220014,12020020,Terakzor,Теракзор,Теракзор
202904687,1724220,1724220007,12020019,Tajribakor,Тажрибакор,Тажрибакор
202904877,1724220,1724220011,12020015,Oltin vodiy,Олтин водий,Олтин водий
205872458,1724220,1724220017,12020005,Beshbuloq,Бешбулоқ,Бешбулок
202904631,1724220,1724220022,12020003,Ahillik,Аҳиллик,Ахиллик
202904892,1724220,1724220016,12020024,Sharq xaqiqati,Шарқ хақиқати,Шарк хакикати
202904648,1724220,1724220019,12020023,Chortoq,Чортоқ,Чорток
202904576,1724220,1724220013,12020018,Sohilobod,Соҳилобод,Сохилобод
202904609,1724220,1724220020,12020001,Alisher Navoiy,Алишер Навоий,Алишер Навоий
202894504,1724212,1724212037,12010011,Ziyokor,Зиёкор,Зиёкор
202890288,1724212,1724212018,12010034,Uchturgon,Учтургон,Учтургон
202890525,1724212,1724212029,12010038,Yangi bo'ston,Янги бўстон,Янги бустон
202890335,1724212,1724212010,12010026,Paxtakor,Пахтакор,Пахтакор
202890249,1724212,1724212034,12010005,Beruniy,Беруний,Беруний
302778074,1724212,1724212019,12010019,Manaviyat,Маънавият,Манавият
202890304,1724212,1724212003,12010003,Anorzor,Анорзор,Анорзор
202890485,1724212,1724212022,12010001,Alisher Navoiy,Алишер Навоий,Алишер Навоий
205084385,1724212,1724212039,12010036,Shirin,Ширин,Ширин
207333460,1724212,1724212016,12010037,Yangi avlod,Янги авлод,Янги авлод
202890343,1724212,1724212011,12010033,O‘zbekiston,Ўзбекистон,Узбекистон
202890295,1724212,1724212024,12010017,Madaniyat,Маданият,Маданият
202890501,1724212,1724212031,12010027,Sadriddin Ayniy,Садриддин Айний,Садриддин Айний
202890454,1724212,1724212026,12010020,Mirishkor,Миришкор,Миришкор
202890399,1724212,1724212008,12010006,Boboyurt,Бобоюрт,Бобоюрт
202890422,1724212,1724212035,12010025,Olmazor,Олмазор,Олмазор
202890461,1724212,1724212027,12010007,Bunyodkor,Бунёдкор,Бунёдкор
202890439,1724212,1724212021,12010010,Jolangar,Жўлангар,Жолангар
202890350,1724212,1724212015,12010014,Iftixor,Ифтихор,Ифтихор
202890414,1724212,1724212005,12010015,Qarapchi,Қарапчи,Карапчи
202890518,1724212,1724212030,12010009,Do‘stlik,Дўстлик,Дустлик
202890264,1724212,1724212017,12010012,Ijodkor,Ижодкор,Ижодкор
202890446,1724212,1724212020,12010028,Sarmich,Сармич,Сармич
202890407,1724212,1724212004,12010004,Bekat,Бекат,Бекат
202890232,1724212,1724212009,12010018,Markaz,Марказ,Марказ
202890374,1724212,1724212033,12010039,Yangiobod,Янгиобод,Янгиобод
302778059,1724212,1724212002,12010023,Navruz,Навруз,Навруз
202890311,1724212,1724212007,12010021,Muqumiy,Муқумий,Мукумий
202890256,1724212,1724212025,12010030,Sohil,Соҳил,Сохил
202894471,1724212,1724212038,12010022,Navbahor,Навбаҳор,Навбахор
202890478,1724212,1724212028,12010032,Usmon Yusupov,Усмон Юсупов,Усмон Юсупов
202924568,1724228,1724228017,12030006,Mirzo Ulug‘bek,Мирзо Улуғбек,Мирзо Улугбек
202924529,1724228,1724228016,12030015,Toshkent,Тошкент,Тошкент
202905013,1724228,1724228003,12030008,Navbaxor,Навбахор,Навбахор
202876042,1724228,1724228002,12030005,Yoldoshobod,Йўлдошобод,Йулдошобод
202924536,1724228,1724228018,12030018,Yangi xayot,Янги хаёт,Янги хаёт
202965098,1724228,1724228012,12030011,Oydin,Ойдин,Ойдин
202935450,1724228,1724228015,12030014,Tinchlik,Тинчлик,Тинчлик
202927817,1724228,1724228007,12030004,Dongariq,Дўнгариқ,Донгарик
202876059,1724228,1724228001,12030001,Baxoriston,Бахористон,Бахористон
202924551,1724228,1724228013,12030012,Oqoltin,Оқолтин,Околтин
202924575,1724228,1724228008,12030009,Navroz,Наврўз,Навроз
202905020,1724228,1724228009,12030010,Nurafshon,Нурафшон,Нурафшон
202945859,1724228,1724228006,12030002,Bogiston,Боғистон,Богистон
202924512,1724228,1724228011,12030003,Dehqonobod,Дехқонобод,Дехконобод
202962331,1724228,1724228010,12030007,Mirzacho'l,Мирзачўл,Мирзачул
207336267,1724228,1724228005,12030017,Yangi O‘zbekiston,Янги Ўзбекистон,Янги Узбекистон
202924544,1724228,1724228014,12030013,Turgun Ahmedov,Турғун Ахмедов,Тургун Ахмедов
202893853,1724231,1724231001,12070004,Baxmal,Бахмал,Бахмал
202893956,1724231,1724231034,12070012,Ziyokor,Зиёкор,Зиёкор
202894084,1724231,1724231019,12070001,Navoi,Навоий,Навоий
202893798,1724231,1724231002,12070007,Bunyodkor,Бунёдкор,Бунёдкор
202894163,1724231,1724231025,12070022,Oq yo'l,Оқ йўл,Ок йул
202893766,1724231,1724231030,12070035,Shirin,Ширин,Ширин
202894044,1724231,1724231020,12070011,Zarshunos,Заршунос,Заршунос
202894005,1724231,1724231021,12070013,Ilgor,Илғор,Илгор
202893742,1724231,1724231038,12070023,Oqibat,Оқибат,Окибат
202893971,1724231,1724231036,12070020,Matonat,Матонат,Матонат
202893734,1724231,1724231031,12070010,Yoshlik,Ёшлик,Ёшлик
203300609,1724231,1724231009,12070017,Ishonch,Ишонч,Ишонч
202894170,1724231,1724231024,12070021,Navroz,Наврўз,Навроз
202893703,1724231,1724231028,12070036,Sholikor,Шоликор,Шоликор
202893964,1724231,1724231035,12070015,Islomobod,Исломобод,Исломобод
202893932,1724231,1724231006,12070034,Hikmatli,Хикматли,Хикматли
202893838,1724231,1724231010,12070026,Tadbirkor,Тадбиркор,Тадбиркор
202894187,1724231,1724231033,12070006,Beshbuloq,Бешбулоқ,Бешбулок
202894148,1724231,1724231022,12070014,Intilish,Интилиш,Интилиш
202894020,1724231,1724231029,12070037,Elobod,Элобод,Элобод
202893860,1724231,1724231027,12070032,Furqat,Фурқат,Фуркат
205884893,1724231,1724231015,12070029,Turkiston,Туркистон,Туркистон
202893995,1724231,1724231026,12070031,Farovon,Фаровон,Фаровон
202893821,1724231,1724231016,12070033,Xazina,Хазина,Хазина
202894091,1724231,1724231017,12070038,Yangiobod,Янгиобод,Янгиобод
202894037,1724231,1724231023,12070019,Quyosh,Қуёш,Куёш
202893988,1724231,1724231004,12070027,Taraqqiyot,Тараққиёт,Тараккиёт
202893814,1724231,1724231008,12070009,Do‘stlik,Дўстлик,Дустлик
202893806,1724231,1724231014,12070028,Tinchlik,Тинчлик,Тинчлик
202894013,1724231,1724231003,12070018,Kamolot,Камолот,Камолот
202893917,1724231,1724231011,12070003,Axillik,Ахиллик,Ахиллик
202893845,1724231,1724231005,12070030,Ulug‘bek,Улуғбек,Улугбек
202894109,1724231,1724231012,12070016,Istiqbol,Истиқбол,Истикбол
202893900,1724231,1724231013,12070024,Orzu,Орзу,Орзу
202893781,1724231,1724231007,12070002,Adolat,Адолат,Адолат
202893759,1724231,1724231037,12070025,Paxtakor,Пахтакор,Пахтакор
202894076,1724231,1724231018,12070008,Dehqonobod,Деҳқонобод,Дехконобод
202893727,1724231,1724231032,12070005,Bahor,Баҳор,Бахор
202876066,1724235,1724235027,12080002,Binokor,Бинокор,Бинокор
202894574,1724235,1724235008,12080022,Farxod,Фарход,Фарход
202894639,1724235,1724235009,12080016,Obodturmush,Обод турмуш,Ободтурмуш
205206699,1724235,1724235013,12080026,Sharqobod,Шарқобод,Шаркобод
202894424,1724235,1724235019,12080001,Afrosiyob,Афросиёб,Афросиёб
303741832,1724235,1724235005,12080003,Bunyodkor,Бунёдкор,Бунёдкор
202684954,1724235,1724235003,12080006,Do‘stlik,Дўстлик,Дустлик
202894464,1724235,1724235020,12080021,O‘zbekiston to‘kinchiligi,Ўзбекистон тўкинчилиги,Узбекистон тукинчилиги
202894345,1724235,1724235021,12080023,Khovosobod,Ховособод,Ховособод
202715241,1724235,1724235002,12080008,Istiqlol,Истиқлол,Истиклол
202680952,1724235,1724235022,12080010,Karvonsaroy,Карвонсарой,Карвонсарой
202894456,1724235,1724235018,12080017,Oqchangal,Оқчангал,Окчангал
202894203,1724235,1724235010,12080005,Gulbahor,Гулбаҳор,Гулбахор
202680969,1724235,1724235023,12080007,Etti guzar,Етти гузар,Етти гузар
303312677,1724235,1724235017,12080014,Mustaqillik,Мустақиллик,Мустакиллик
202680976,1724235,1724235004,12080020,Tinchlik,Тинчлик,Тинчлик
205206707,1724235,1724235015,12080012,Qoraqum,Қорақум,Коракум
202888067,1724235,1724235006,12080027,Yangier,Янгиер,Янгиер
202882273,1724235,1724235007,12080018,Paxtakor,Пахтакор,Пахтакор
203222254,1724235,1724235012,12080009,Kayirma,Қайирма,Кайирма
202697470,1724235,1724235001,12080025,Chamanzor,Чаманзор,Чаманзор
202894266,1724235,1724235011,12080013,Mustaqillikning 25-Yilligi,Мустақилликнинг 25-Йиллиги,Мустакилликнинг 25-Йиллиги
202895534,1724235,1724235026,12080004,Boston,Бўстон,Бустон
202874647,1724235,1724235025,12080024,Husnobod,Хуснобод,Хуснобод
202876034,1724235,1724235024,12080011,Qahramon,Қахрамон,Кахрамон
303336228,1724235,1724235014,12080019,Sohibkor,Сохибкор,Сохибкор
202852405,1727407,1727407043,11160020,Карвон,Карвон,Карвон
202845358,1727407,1727407007,11160023,Qorabogʻ,Қорабоғ,Корабог
202846704,1727407,1727407038,11160016,Жигаристон,Жигаристон,Жигаристон
202846689,1727407,1727407013,11160018,Истиқбол,Истиқбол,Истиқбол
202838208,1727407,1727407010,11160043,Соглом,Соғлом,Соглом
204278279,1727407,1727407026,11160053,Yangi-gushsoy,Янги-гушсой,Янги-гушсой
202839879,1727407,1727407040,11160001,8-mart,8-март,8-март
202838136,1727407,1727407004,11160027,Maydon,Майдон,Майдон
202846664,1727407,1727407028,11160026,Lashkerak,Лашкерак,Лашкерак
202845365,1727407,1727407009,11160042,Samarchug‘,Самарчуғ,Самарчуг
202838247,1727407,1727407042,11160006,Bo‘ston,Бўстон,Бостон
202838326,1727407,1727407011,11160015,Yoshlik,Ёшлик,Ёшлик
202845373,1727407,1727407035,11160046,Ulug'bek,Улуғбек,Улугбек
202838230,1727407,1727407020,11160048,Xakkarman Yangi Jigariston,Хаккарман Янги Жигаристон,Хаккарман Янги Жигаристон
202838151,1727407,1727407016,11160010,G‘ulbog‘,Гулбоғ,Гулбог
202838358,1727407,1727407045,11160019,Istiqlol,Истиқлол,Истиклол
206976912,1727407,1727407033,11160029,Navbahor,Навбаҳор,Навбахор
202846696,1727407,1727407046,11160012,G‘o'zal,Гўзал,Гузал
202845380,1727407,1727407017,11160036,Obliq,Облиқ,Облик
202838215,1727407,1727407024,11160004,Bobotog',Боботоғ,Боботог
203803124,1727407,1727407015,11160022,Kimyogar,Кимёгар,Кимёгар
202846657,1727407,1727407014,11160035,Nurchi,Нурчи,Нурчи
202845405,1727407,1727407034,11160056,Yangiobod,Янгиобод,Янгиобод
202903087,1727407,1727407032,11160031,Namuna,Намуна,Намуна
202838168,1727407,1727407023,11160038,Ozodlik,Озодлик,Озодлик
202838334,1727407,1727407006,11160030,Navruz-1,Навруз-1,Навруз-1
202839854,1727407,1727407036,11160037,Obod,Обод,Обод
202833523,1727407,1727407019,11160014,Do‘stlik,Дўстлик,Дустлик
203404501,1727407,1727407037,11160002,Beruniy,Беруний,Беруний
202838302,1727407,1727407003,11160011,Gulzor,Гулзор,Гулзор
202854759,1727407,1727407021,11160009,Grum,Грум,Грум
202845397,1727407,1727407029,11160040,Oppartak,Оппартак,Оппартак
202838254,1727407,1727407001,11160005,Bog‘i-surx,Боғи-сурх,Боги-сурх
202838129,1727407,1727407044,11160044,Taraqqiyot,Тараққиёт,Тараккиёт
202838262,1727407,1727407018,11160008,G'afur G'ulom,Ғафур Ғулом,Гафур Гулом
202838286,1727407,1727407031,11160052,Yangi bog'-surx,Янги боғ-сурх,Янги бог-сурх
202838223,1727407,1727407002,11160051,Chotqol,Чотқол,Чоткол
202838144,1727407,1727407041,11160025,Ko'k-terak,Кўк-терак,Кук-терак
202838175,1727407,1727407012,11160013,Dorulfunun,Дорулфунун,Дорулфунун
202838190,1727407,1727407022,11160028,Mustaqillik,Мустақиллик,Мустакиллик
202839862,1727407,1727407005,11160054,Yangi hayot,Янги ҳаёт,Янги хаёт
202903166,1727413,1727413026,11170022,Obod-turmush,Обод-турмуш,Обод-турмуш
202912384,1727413,1727413019,11170027,Taraqqiyot,Тараққиёт,Тараккиёт
206992324,1727413,1727413005,11170011,Yoshlik,Ёшлик,Ёшлик
202903142,1727413,1727413001,11170009,Bunyodkor,Бунёдкор,Бунёдкор
202903127,1727413,1727413008,11170017,Metallurg,Металлург,Металлург
206931913,1727413,1727413025,11170006,Bobur,Бобур,Бобур
202912377,1727413,1727413018,11170029,Turkiston,Туркистон,Туркистон
202915318,1727413,1727413002,11170012,Jomiy,Жомий,Жомий
202915293,1727413,1727413015,11170026,Sirdaryo,Сирдарё,Сирдарё
202912360,1727413,1727413011,11170015,Madaniyat,Маданият,Маданият
202903174,1727413,1727413030,11170034,Sementchi,Сементчи,Сементчи
206989634,1727413,1727413024,11170035,Shirin,Ширин,Ширин
202903159,1727413,1727413021,11170003,Andijon,Андижон,Андижон
202912449,1727413,1727413004,11170010,Do‘stlik,Дўстлик,Дустлик
202907097,1727413,1727413014,11170016,Ma'rifat,Маърифат,Маърифат
207191631,1727413,1727413006,11170023,Paxtakor,Пахтакор,Пахтакор
202912400,1727413,1727413032,11170020,Navro'z,Наврўз,Навруз
202912417,1727413,1727413029,11170032,Farxod,Фарход,Фарход
202903110,1727413,1727413034,11170002,Al-Xorazmiy,Ал-Хоразмий,Ал-Хоразмий
202915301,1727413,1727413017,11170025,Samarqand,Самарқанд,Самаранд
206949730,1727413,1727413027,11170021,Nurli Yoʻl,Нурли Йўл,Нурли Йул
202915325,1727413,1727413007,11170030,O‘zbekiston,Ўзбекистон,Узбекистон
202912432,1727413,1727413023,11170031,Farg'ona,Фарғона,Фаргона
202903103,1727413,1727413009,11170018,Muqumiy,Муқумий,Мукумий
206972245,1727413,1727413022,11170007,Bog'ishamol,Боғишамол,Богишамол
202903094,1727413,1727413013,11170005,Birdamlik,Бирдамлик,Бирдамлик
206980118,1727413,1727413033,11170008,Buloq ariq,Булоқ ариқ,Булок арик
202912456,1727413,1727413016,11170019,Mustaqillik,Мустақиллик,Мустакиллик
202903181,1727413,1727413035,11170028,Tinchlik,Тинчлик,Тинчлик
202912488,1727413,1727413010,11170024,Sayhun,Сайҳун,Сайхун
202903134,1727413,1727413020,11170033,Hamid Olimjon,Хамид Олимжон,Хамидолимжон
206979544,1727413,1727413003,11170036,Yangi hayot,Янги ҳаёт,Янги хаёт
202912471,1727413,1727413012,11170014,Qosim ota Farmonov,Қосим ота Фармонов,Косим ота Фармонов
202773654,1727404,1727404024,11180022,Ko‘rpasoy,Кўрпасой,Корпасой
202773693,1727404,1727404028,11180043,Usmon Nosir,Усмон Носир,Усмон Носир
202773868,1727404,1727404023,11180020,Kimyogar,Кимёгар,Кимёгар
202773764,1727404,1727404037,11180029,Namuna,Намуна,Намуна
202773883,1727404,1727404025,11180004,Ibn Cino,Ибн Cино,Ибн Cино
202773733,1727404,1727404013,11180042,O‘zbekiston,Ўзбекистон,Узбекистон
202773875,1727404,1727404034,11180040,Toshkent,Тошкент,Тошкент
307167048,1727404,1727404020,11180037,Temur Malik,Темур Малик,Темур Малик
202767462,1727404,1727404009,11180005,Alisher Navoiy,Алишер Навоий,Алишер Навоий
202773804,1727404,1727404050,11180019,Kamalak,Камалак,Камалак
202773725,1727404,1727404010,11180027,Mustaqillik,Мустақиллик,Мустакиллик
202767519,1727404,1727404043,11180010,Bobur,Бобур,Бобур
202773599,1727404,1727404047,11180039,Tinchlik,Тинчлик,Тинчлик
202765101,1727404,1727404002,11180021,Koinot,Коинот,Коинот
202773829,1727404,1727404003,11180024,Mirzo Ulug‘bek,Мирзо Улуғбек,Мирзо Улугбек
202773789,1727404,1727404039,11180016,Zarbuloq,Зарбулоқ,Зарбулок
207148026,1727404,1727404052,11180053,Hilol,Ҳилол,Хилол
202767479,1727404,1727404005,11180035,Saxovat,Саховат,Саховат
207016830,1727404,1727404032,11180001,Abdulla Avloniy,Абдулла Aвлоний,Абдулла Aвлони
202767486,1727404,1727404031,11180038,Terakli,Теракли,Теракли
202773772,1727404,1727404016,11180012,Bo‘ston,Бўстон,Бостон
202773718,1727404,1727404011,11180051,Yulduz,Юлдуз,Юлдуз
202773757,1727404,1727404012,11180015,Do‘stlik,Дўстлик,Достлик
202773639,1727404,1727404004,11180032,Olmaliqsoy,Олмалиқсой,Олмаликсой
202767494,1727404,1727404015,11180030,Oydin,Ойдин,Ойдин
307168853,1727404,1727404029,11180017,Islom Karimov,Ислом Каримов,Ислом Каримов
202773646,1727404,1727404041,11180033,Oltin,Олтин,Олтин
202773685,1727404,1727404051,11180047,Chambil,Чамбил,Чамбил
202773678,1727404,1727404045,11180025,Muqimiy,Муқимий,Мукимий
202773844,1727404,1727404022,11180041,Uvaysiy,Увайсий,Увайсий
202773661,1727404,1727404019,11180036,So'fi Olloyor,Сўфи Оллоёр,Суфи Оллоёр
202773622,1727404,1727404049,11180031,Olmaliqovul,Олмалиқовул,Олмаликовул
202773607,1727404,1727404046,11180028,Navro‘z,Наврўз,Навроз
202773851,1727404,1727404021,11180048,Cho‘lpon,Чўлпон,Чолпон
202773890,1727404,1727404027,11180052,Yangi hayot,Янги ҳаёт,Янги хаёт
202767541,1727404,1727404035,11180002,Abdulla Qahhor,Абдулла Қаҳҳор,Абдулла Каххор
202773701,1727404,1727404036,11180003,Abdulla Qodiriy,Абдулла Қодирий,Абдулла Кодирий
202767502,1727404,1727404008,11180008,Maxmudxo‘ja Behbudiy,Махмудхўжа Беҳбудий,Махмудхожа Бехбудий
202773796,1727404,1727404048,11180044,Furqat,Фурқат,Фуркат
202767526,1727404,1727404030,11180045,Hamza,Ҳамза,Хамза
202773614,1727404,1727404044,11180007,Xo'ja Ahamad Yassaviy,Хўжа Аҳамад Яссавий,Хужа Ахамад Яссави
202903238,1727419,1727419017,11200032,Semurgʻ,Семурғ,Семург
202930481,1727419,1727419036,11200012,Do‘stlik,Дўстлик,Достлик
202903253,1727419,1727419005,11200035,Mirzo Ulug'bek,Мирзо Улуғбек,Мирзо Улугбек
202909474,1727419,1727419027,11200004,Bahor,Баҳор,Бахор
202907184,1727419,1727419007,11200011,Guliston,Гулистон,Гулистон
203089404,1727419,1727419021,11200031,Nur,Нур,Нур
202916878,1727419,1727419025,11200026,Mir Alisher,Мир Алишер,Мир Алишер
202915340,1727419,1727419009,11200036,Umid,Умид,Умид
202903214,1727419,1727419046,11200009,G‘alaba,Ғалаба,Галаба
202907169,1727419,1727419015,11200040,Xumo,Xумо,Xумо
202903277,1727419,1727419013,11200017,Ishonch,Ишонч,Ишонч
202923695,1727419,1727419014,11200028,Muruvvat,Мурувват,Мурувват
202919675,1727419,1727419018,11200002,Adolat,Aдолат,Aдолат
202963243,1727419,1727419033,11200016,Iftixor,Ифтихор,Ифтихор
202907209,1727419,1727419044,11200043,Sharq,Шарқ,Шарк
202919708,1727419,1727419043,11200025,Ma'rifat,Маърифат,Маърифат
202909481,1727419,1727419016,11200041,Chinor,Чинор,Чинор
202916854,1727419,1727419028,11200024,Madaniyat,Маданият,Маданият
202915389,1727419,1727419006,11200008,V.Xaydarov,В.Хайдаров,В.Хайдаров
202907191,1727419,1727419019,11200029,Navbahor,Навбаҳор,Навбахор
202903206,1727419,1727419023,11200021,Kimyogar,Кимёгар,Кимёгар
202915396,1727419,1727419041,11200034,Turon,Турон,Турон
202923664,1727419,1727419008,11200014,Iqbol,Иқбол,Икбол
202915364,1727419,1727419034,11200030,Navro‘z,Наврўз,Навроз
202903221,1727419,1727419004,11200037,X.Maqsudov,X.Мақсудов,X.Максудов
202909498,1727419,1727419022,11200044,Shodlik,Шодлик,Шодлик
202957083,1727419,1727419029,11200006,Birlik,Бирлик,Бирлик
202913351,1727419,1727419010,11200010,G‘ulzor,Гулзор,Гулзор
202903198,1727419,1727419042,11200039,Xamza,Xамза,Xамза
202915372,1727419,1727419011,11200007,Bobur,Бобур,Бобур
202903260,1727419,1727419020,11200027,Mirzo G‘olib,Мирзо Ғолиб,Мирзоголиб
202916861,1727419,1727419031,11200022,Quyosh,Қуёш,Куёш
202903245,1727419,1727419045,11200003,X.A.Yassaviy,X.A.Яссавий,X.A.Яссави
202919683,1727419,1727419037,11200020,Kamolot,Kамолот,Kамолот
202957090,1727419,1727419026,11200001,Amir Temur,Амир Темур,Амир Темур
202907216,1727419,1727419047,11200005,Baxt,Бахт,Бахт
202920430,1727419,1727419039,11200033,Tinchlik,Тинчлик,Тинчлик
202903284,1727419,1727419012,11200015,Istiqlol,Истиқлол,Истиклол
202907152,1727419,1727419024,11200013,Yoshlik,Ёшлик,Ёшлик
207147146,1727250,1727250014,11100005,Guliston,Гулистон,Гулистон
202938454,1727250,1727250024,11100015,Mitan,Митан,Митан
207146725,1727250,1727250003,11100025,Saidobod,Саидобод,Саидобод
207147122,1727250,1727250021,11100007,Do'stlik,Дўстлик,Дустлик
202934974,1727250,1727250017,11100019,A.Navoiy,А.Навоий,А.Навои
202938447,1727250,1727250018,11100012,Lolaariq,Лолаариқ,Лолаарик
207147408,1727250,1727250009,11100006,Do'ngqo'rg'on,Дўнгқўрғон,Дунгкургон
202949235,1727250,1727250001,11100002,Bekobod,Бекобод,Бекобод
207147099,1727250,1727250029,11100023,O‘qtom,Оқтом,Октом
207146883,1727250,1727250026,11100010,Kultepa,Култепа,Култепа
207148707,1727250,1727250008,11100028,Faizobod,Файзобод,Файзобод
207146701,1727250,1727250013,11100011,Koʻl Ota,Кўл Ота,Кул Ота
202926826,1727250,1727250010,11100018,Mo'minobod,Мўминобод,Муминобод
207146718,1727250,1727250005,11100029,Chimqoʻrgʻon,Чимқўрғон,Чимкургон
207146764,1727250,1727250019,11100014,Ming-tepa,Минг-тепа,Минг-тепа
202942070,1727250,1727250012,11100030,Yangiobod,Янгиобод,Янгиобод
207147082,1727250,1727250028,11100027,Taraqqiyot,Тараққиёт,Тараккиёт
207148864,1727250,1727250027,11100017,Mustaqillik,Мустақиллик,Мустакиллик
207147390,1727250,1727250022,11100022,O‘qtepa,Оқтепа,Октепа
207147296,1727250,1727250020,11100004,Gʻayrat,Ғайрат,Гайрат
202942094,1727250,1727250025,11100021,Oybek,Ойбек,Ойбек
202942087,1727250,1727250011,11100003,Birlik,Бирлик,Бирлик
207147107,1727250,1727250006,11100016,Murod-ali,Мурод-али,Мурод-али
200568704,1727206,1727206003,11070008,Zarbdor,Зарбдор,Зарбдор
207064155,1727206,1727206019,11070003,Boyg‘uli,Бойгули,Бойгули
207062561,1727206,1727206016,11070012,Qo‘rg‘oncha,Қўрғонча,Кургонча
202926708,1727206,1727206027,11070002,Birlik,Бирлик,Бирлик
200568553,1727206,1727206017,11070030,Eltamg‘ali,Элтамғали,Элтамгали
302866581,1727206,1727206004,11070007,Zarafshon,Зарафшон,Зарафшон
202926723,1727206,1727206028,11070019,Sobir Rahimov,Собир Рахимов,Собир Рахимов
302866108,1727206,1727206012,11070014,Qo‘shtepa,Қўштепа,Куштепа
302866147,1727206,1727206020,11070026,Xalqobod,Халқобод,Халкобод
302866692,1727206,1727206007,11070005,Yoshlik,Ёшлик,Ёшлик
202926747,1727206,1727206026,11070016,Mustaqillik,Мустақиллик,Мустакиллик
302866653,1727206,1727206005,11070018,Navro‘z,Наврўз,Навруз
202926779,1727206,1727206025,11070024,Usta Normat,Уста Нормат,Уста Нормат
302866700,1727206,1727206018,11070023,Tortuvli,Тортувли,Тортувли
302866115,1727206,1727206011,11070021,Sultonobod,Султонобод,Султонобод
302866717,1727206,1727206001,11070010,Qahramon,Қаҳрамон,Кахрамон
302866574,1727206,1727206002,11070011,Qo‘rg‘ontepa,Қўрғонтепа,Кургонтепа
302866638,1727206,1727206008,11070020,Suvti,Сувти,Сувти
302866614,1727206,1727206015,11070013,Qushtamgʻali,Қуштамғали,Куштамгали
207059667,1727206,1727206010,11070022,Tolovul,Толовул,Толовул
302866130,1727206,1727206021,11070015,Madaniyat,Маданият,Маданият
302866660,1727206,1727206006,11070004,Guliston,Гулистон,Гулистон
302866179,1727206,1727206023,11070017,Navbahor,Навбаҳор,Навбахор
206997823,1727206,1727206022,11070027,Hamzaobod,Ҳамзаобод,хамзаобод
207061469,1727206,1727206014,11070006,Jag‘alboyli,Жағалбойли,Жагалбойли
202926730,1727206,1727206029,11070009,Sulton Segizboev,Султон Сегизбоев,Султон Сегизбоев
302866123,1727206,1727206013,11070025,Hamid Olimjon,Ҳамид Олимжон,хамид Олимжон
302866186,1727206,1727206024,11070029,Hosildor,Ҳосилдор,хосилдор
302866534,1727206,1727206009,11070028,Xonobod,Хонобод,Хонобод
202726473,1727233,1727233004,11060009,Gul,Гул,Гул
207255313,1727233,1727233029,11060007,Vatan,Ватан,Ватан
202726172,1727233,1727233012,11060022,Navqiron,Навқирон,Навкирон
202878063,1727233,1727233033,11060016,Koʻksaroy,Кўксарой,Куксарой
202878055,1727233,1727233032,11060003,Beruniy,Беруний,Беруний
202878094,1727233,1727233008,11060010,Do'stlik-1,Дўстлик-1,Дустлик-1
207255305,1727233,1727233018,11060028,Tinchlik,Тинчлик,Тинчлик
202902999,1727233,1727233026,11060033,Xo‘ja,Хўжа,Хожа
207255320,1727233,1727233021,11060019,Mevazor,Мевазор,Мевазор
207255352,1727233,1727233024,11060008,G‘alabotir,Галаботир,Галаботир
202878087,1727233,1727233031,11060035,Chinobod,Чинобод,Чинобод
202903031,1727233,1727233017,11060024,Paxtazor,Пахтазор,Пахтазор
202726189,1727233,1727233013,11060018,Mashrab,Машраб,Машраб
202878166,1727233,1727233005,11060037,Yulduz,Юлдуз,Юлдуз
202903009,1727233,1727233023,11060020,Ming chinor,Минг чинор,Минг чинор
207255376,1727233,1727233003,11060001,Abay,Абай,Абай
202924773,1727233,1727233030,11060030,Uchchinor,Уч чинор,Уч чинор
207255409,1727233,1727233006,11060031,O‘jakent,Ўжакент,Ожакент
202726164,1727233,1727233011,11060021,Mirobod,Миробод,Миробод
202878103,1727233,1727233007,11060025,Paxtachi,Пахтачи,Пахтачи
207255384,1727233,1727233027,11060023,Oydinobod,Ойдинобод,Ойдинобод
207255369,1727233,1727233009,11060012,Jumagʻul,Жумағул,Жумагул
202883651,1727233,1727233020,11060017,Madaniyat,Маданият,Маданият
207255344,1727233,1727233022,11060015,Kushek,Кушек,Кушек
202726157,1727233,1727233010,11060013,Ibrat,Ибрат,Ибрат
202726196,1727233,1727233014,11060036,Shodlik,Шодлик,Шодлик
202902982,1727233,1727233025,11060034,Chaqmoq,Чақмоқ,Чакмок
202903024,1727233,1727233016,11060011,Do‘stlik,Дўстлик,Достлик
202878142,1727233,1727233037,11060026,Sergeli,Сергели,Сергели
207255391,1727233,1727233035,11060004,Beshkent,Бешкент,Бешкент
202878110,1727233,1727233001,11060029,Tuqboy,Туқбой,Тукбой
207255337,1727233,1727233036,11060027,Surum,Сурум,Сурум
202903063,1727233,1727233028,11060006,Bog‘iston,Боғистон,Богистон
202878070,1727233,1727233034,11060032,Xo‘japiskon,Хўжапискон,Хожапискон
206918469,1727228,1727228017,11020031,Ramadon,Рамадон,Рамадон
207311021,1727228,1727228013,11020024,Moytepa,Мойтепа,Мойтепа
202678526,1727228,1727228028,11020034,O‘rtatepa,Ўрта-тепа,Урта-тепа
202678620,1727228,1727228004,11020026,Navro‘z,Наврўз,Навроз
202678408,1727228,1727228032,11020009,Dashtobod,Даштобод,Даштобод
202678541,1727228,1727228037,11020007,Bo‘ston,Бўстон,Бостон
202678368,1727228,1727228030,11020018,Qoraqoʻyli,Қорақўйли,Коракуйли
202678344,1727228,1727228018,11020019,Qo‘chqorsoygan,Қўчқорсўйган,Кучкорсуйган
202678573,1727228,1727228006,11020035,O‘zbek,Ўзбек,Озбек
202678289,1727228,1727228015,11020016,Kiyikchi,Кийикчи,Кийикчи
202678558,1727228,1727228038,11020038,Choʻlobod,Чўлобод,Чулобод
202678494,1727228,1727228010,11020032,Samarqand,Самарқанд,Самарканд
202678312,1727228,1727228019,11020042,Yangiobod,Янгиобод,Янгиобод
304955446,1727228,1727228036,11020014,Istiqlol,Истиқлол,Истиклол
202678454,1727228,1727228009,11020011,Jag'albayli,Жағалбайли,Жагалбайли
202678423,1727228,1727228040,11020022,Ko'k orol,Кўк орол,Кук орол
202678329,1727228,1727228012,11020029,Parkent,Паркент,Паркент
202678390,1727228,1727228035,11020001,Achamayli,Ачамайли,Ачамайли
202678637,1727228,1727228007,11020039,Yangixayot,Янгихаёт,Янгихаёт
202678375,1727228,1727228031,11020004,Beshkapa,Бешкапа,Бешкапа
202664171,1727228,1727228008,11020006,Bunyodkor,Бунёдкор,Бунёдкор
202678486,1727228,1727228021,11020025,Mirzabek,Мирзабек,Мирзабек
202678597,1727228,1727228002,11020010,Do‘stlik,Дўстлик,Достлик
202678613,1727228,1727228005,11020033,Toshloq,Тошлоқ,Тошлок
202678304,1727228,1727228024,11020041,Yangiqoʻrgʻon,Янгиқўрғон,Янгикургон
204428178,1727228,1727228027,11020027,Novobod,Новобод,Новобод
202678430,1727228,1727228041,11020012,Joʻraobod,Жўраобод,Жураобод
202678580,1727228,1727228003,11020023,Madaniyat,Маданият,Маданият
202678462,1727228,1727228014,11020028,Oltish,Олтиш,Олтиш
202678502,1727228,1727228011,11020037,Chavlisoy,Чавлисой,Чавлисой
202678415,1727228,1727228016,11020021,Qo'ldoshtepa,Қўлдоштепа,Кулдоштепа
202678534,1727228,1727228026,11020030,Rovot,Ровот,Ровот
202678479,1727228,1727228025,11020017,Qora quduq,Қора қудуқ,Кора кудук
202678519,1727228,1727228029,11020015,Katta Rovot,Катта Ровот,Катта Ровот
202678447,1727228,1727228044,11020003,Baxmal,Бахмал,Бахмал
202678351,1727228,1727228020,11020020,Qulduroq,Қулдуроқ,Кулдурок
202678565,1727228,1727228039,11020005,Bo‘ka,Бўка,Бока
202678336,1727228,1727228023,11020036,Xoʻjaqoʻrgʻon,Хўжақўрғон,Хужакургон
303112886,1727256,1727256032,11130009,G‘ayrat,Ғайрат,Гайрат
303213490,1727256,1727256001,11130030,Oydin,Ойдин,Ойдин
303213468,1727256,1727256006,11130018,Yo‘ltushgan,Йўлтушган,Йултушган
303300336,1727256,1727256042,11130025,Markaziy,Марказий,Марказий
303112277,1727256,1727256049,11130049,Chorvador,Чорвадор,Чорвадор
303300375,1727256,1727256038,11130019,Kanalobod,Каналобод,Каналобод
303112847,1727256,1727256031,11130042,Tong Yulduzi,Тонг Юлдузи,Тонг Юлдузи
303213831,1727256,1727256009,11130048,Chin-Maschit,Чин-Масчит,Чин-Масчит
303112260,1727256,1727256051,11130038,Sutchi,Сутчилар,Сутчилар
204053622,1727256,1727256015,11130047,Ho'ja,Ҳўжа,Хужа
303112300,1727256,1727256048,11130006,Birlik,Бирлик,Бирлик
303213658,1727256,1727256022,11130002,Amir Temur,Амир Темур,Амир Темур
303300447,1727256,1727256037,11130051,Eshonobod,Эшонобод,Эшонобод
303188056,1727256,1727256017,11130017,Istiqlol,Истиқлол,Истиклол
204055524,1727256,1727256014,11130001,Alisher Navoiy,Алишер Навоий,Алишер Навоий
303188032,1727256,1727256056,11130012,Do‘stlik,Дўстлик,Достлик
303213641,1727256,1727256019,11130004,Ahillik,Ахиллик,Ахиллик
204055604,1727256,1727256039,11130045,Hamza,Хамза,Хамза
204055549,1727256,1727256027,11130005,Beshkapa,Бешкапа,Бешкапа
303319342,1727256,1727256004,11130010,Gulzorobod,Гулзоробод,Гулзоробод
308016147,1727256,1727256011,11130040,Tillatopgan,Тиллатопган,Тиллатопган
303213737,1727256,1727256010,11130011,Dexqonobod,Дехқонобод,Дехконобод
303277436,1727256,1727256047,11130033,Rasulobod,Расулобод,Расулобод
303277404,1727256,1727256044,11130028,Nafis,Нафис,Нафис
303277451,1727256,1727256036,11130023,Ko'tarma,Кўтарма,Кутарма
308031153,1727256,1727256023,11130039,Tillaobod,Тиллаобод,Тиллаобод
204053639,1727256,1727256055,11130003,Afg‘on,Афғон,Афгон
303213680,1727256,1727256021,11130027,Navro'z,Наврўз,Навруз
303213483,1727256,1727256003,11130020,Kattatepalik,Каттатепалик,Каттатепалик
303277318,1727256,1727256035,11130016,Islamobod,Исламобод,Исламобод
303277444,1727256,1727256045,11130026,Mevazor,Мевазор,Мевазор
204055564,1727256,1727256054,11130035,Sarbazor,Сарбозор,Сарбозор
303112253,1727256,1727256052,11130037,Sutbuloq,Сутбулоқ,Сутбулок
303112823,1727256,1727256030,11130034,Samarqand,Самарқанд,Самарканд
303213705,1727256,1727256007,11130014,Yollama,Ёллама,Ёллама
303112862,1727256,1727256029,11130024,Madaniyat,Маданият,Маданият
303213855,1727256,1727256013,11130036,Sohibkor,Сохибкор,Сохибкор
204055532,1727256,1727256040,11130032,Pahtaobod,Паҳтаобод,Пахтаобод
303213579,1727256,1727256020,11130055,Yahshi niyat,Яҳши ният,Яхши ният
303277325,1727256,1727256033,11130050,Extirom,Эхтиром,Эхтиром
202944163,1727259,1727259029,11150062,Xalqobod,Халқобод,Халкобод
207292799,1727259,1727259009,11150040,Niyozbosh,Ниёзбош,Ниёзбош
207293117,1727259,1727259041,11150021,Ittifoq,Иттифоқ,Иттифок
203708526,1727259,1727259008,11150051,Saidota,Саид ота,Саид ота
206926349,1727259,1727259063,11150029,Ko'kalamzor,Кўкаламзор,Кукаламзор
202944321,1727259,1727259015,11150060,Farovon,Фаровон,Фаровон
207294874,1727259,1727259036,11150034,Mingbuloq,Мингбулоқ,Мингбулок
202944227,1727259,1727259023,11150055,Tuya bo'g'iz,Туя бўғиз,Туя бугиз
202944432,1727259,1727259002,11150009,G‘alaba,Ғалаба,Галаба
202944170,1727259,1727259026,11150041,Nihol,Ниҳол,Нихол
202944234,1727259,1727259030,11150028,Qora-tepa,Қора-тепа,Кора-тепа
203111899,1727259,1727259024,11150065,Chamanzor,Чаманзор,Чаманзор
203763594,1727259,1727259037,11150015,Do‘stlik,Дўстлик,Достлик
202944360,1727259,1727259058,11150027,Qovunchi,Қовунчи,Ковунчи
206987313,1727259,1727259057,11150016,Yoshlik,Ёшлик,Ёшлик
202944314,1727259,1727259043,11150033,Markaz,Марказ,Марказ
202944203,1727259,1727259025,11150031,Qo'sh tepa,Қўш тепа,Куш тепа
202944535,1727259,1727259055,11150010,G‘ulbahor,Гулбаҳор,Гулбахор
202944155,1727259,1727259018,11150047,Olmazor,Олмазор,Олмазор
203766044,1727259,1727259054,11150002,Baytish,Байтиш,Байтиш
203790704,1727259,1727259045,11150035,Mirzo Ulug'bek,Мирзо Улуғбек,Мирзо Улугбек
202944187,1727259,1727259046,11150022,Iftixor,Ифтихор,Ифтихор
203766051,1727259,1727259051,11150069,Epkendi,Епкенди,Епкенди
202944266,1727259,1727259047,11150008,Vatan,Ватан,Ватан
202944424,1727259,1727259017,11150059,O'zbekiston,Ўзбекистон,Узбекистон
202944449,1727259,1727259010,11150070,Yuksalish,Юксалиш,Юксалиш
202944456,1727259,1727259016,11150045,Obod,Обод,Обод
207321420,1727259,1727259044,11150018,Ibrat,Ибрат,Ибрат
202944242,1727259,1727259061,11150030,Qo'sh yog'och,Қўш ёғоч,Куш ёгоч
202944194,1727259,1727259020,11150063,Xon-qo'rg'on,Хон-қўрғон,Хон-кургон
202944281,1727259,1727259034,11150046,Ozod,Озод,Озод
202944495,1727259,1727259003,11150012,Guliston,Гулистон,Гулистон
207312811,1727259,1727259011,11150025,Qirarriq,Қирариқ,Кирарик
204457823,1727259,1727259004,11150048,Paxta,Пахта,Пахта
202944338,1727259,1727259031,11150050,Registon,Регистон,Регистон
202944543,1727259,1727259064,11150001,Ahil,Аҳил,Ахил
204513294,1727259,1727259022,11150044,Nurobod,Нуробод,Нуробод
202944528,1727259,1727259005,11150032,Madaniyat,Маданият,Маданият
202944567,1727259,1727259033,11150057,Umid,Умид,Умид
202944504,1727259,1727259013,11150011,G‘ulbog‘,Гулбоғ,Гулбог
204409557,1727259,1727259014,11150004,Binokor,Бинокор,Бинокор
202944392,1727259,1727259056,11150006,Bunyodkor,Бунёдкор,Бунёдкор
202944377,1727259,1727259049,11150017,Jambul,Жамбул,Жамбул
206960560,1727259,1727259035,11150071,Yangiyoʻl,Янгийўл,Янгийул
207293204,1727259,1727259042,11150068,Sho'ralisoy,Шўралисой,Шуралисой
202944345,1727259,1727259021,11150024,Keskan,Кескан,Кескан
202944384,1727259,1727259053,11150026,Qirsadoq,Қирсадоқ,Кирсадок
204157714,1727259,1727259052,11150037,Navbahor,Навбаҳор,Навбахор
202944400,1727259,1727259048,11150053,Saxovat,Саҳоват,Саховат
202944353,1727259,1727259019,11150014,Dehqonobod,Дехқонобод,Дехконобод
207139194,1727259,1727259050,11150013,Darhon,Дарҳон,Дархон
207209384,1727212,1727212027,11080020,Ungut,Унгут,Унгут
207211827,1727212,1727212008,11080019,Ubayd,Убайд,Убайд
207209075,1727212,1727212014,11080017,Toshariq,Тошариқ,Тошарик
207201332,1727212,1727212030,11080028,Yalpoqtepa,Ялпоқтепа,Ялпоктепа
207204225,1727212,1727212020,11080024,Chuvildoq,Чувилдоқ,Чувилдок
207201356,1727212,1727212006,11080027,Eyvalek,Ейвалек,Ейвалек
207209376,1727212,1727212013,11080016,Telov,Телов,Телов
207209036,1727212,1727212032,11080011,Uvak,Увак,Увак
202875946,1727212,1727212009,11080031,Nurobod,Нуробод,Нуробод
204221753,1727212,1727212026,11080009,Koʻksaroy,Кўксарой,Куксарой
203252977,1727212,1727212004,11080002,G'alla-quduq,Ғалла-қудуқ,Галла-кудук
207209029,1727212,1727212005,11080012,Oybuloq,Ойбулоқ,Ойбулок
207209899,1727212,1727212025,11080022,Chetsuv,Четсув,Четсув
207209044,1727212,1727212015,11080025,Shovgo'z,Шовгўз,Шовгуз
204009026,1727212,1727212012,11080007,Qiziloy,Қизилой,Кизилой
207209068,1727212,1727212010,11080030,Yangiobod,Янгиобод,Янгиобод
207201349,1727212,1727212023,11080006,Ilg'or,Илғор,Илгор
207204218,1727212,1727212021,11080008,Qorasuvyoqa,Қорасувёқа,Корасувёка
207209051,1727212,1727212011,11080010,Quyun,Қуюн,куюн
308896984,1727212,1727212033,11080033,Qorakhtoy,Қорахтой,Корахтой
207209012,1727212,1727212024,11080023,Chinor,Чинор,Чинор
203943884,1727212,1727212029,11080018,Tut,Тут,Тут
308894623,1727212,1727212016,11080034,Ovjazsoy,Овжазсой,Овжазсой
207201324,1727212,1727212022,11080015,Susam,Сусам,Сусам
207209907,1727212,1727212003,11080026,Shodmalik,Шодмалик,Шодмалик
204034487,1727212,1727212018,11080014,Sanam,Санам,Санам
207210599,1727212,1727212034,11080001,Alisher,Алишер,Алишер
207211558,1727212,1727212002,11080003,G‘ulobod,Гулобод,Гулобод
203943891,1727212,1727212019,11080004,Go'shsoy,Гўшсой,Гушсой
207067128,1727212,1727212031,11080005,Yonariq,Ёнариқ,Ёнарик
206997729,1727212,1727212001,11080029,Yangi Hayot,Янги Ҳаёт,Янги Хаёт
202938390,1727249,1727249053,11090035,Oybek,Ойбек,Ойбек
202862234,1727249,1727249049,11090061,Oydin,Ойдин,Ойдин
207154874,1727249,1727249008,11090043,Tojiboy Rizaev,Тожибой Ризаев,Тожибой Ризаев
204764085,1727249,1727249041,11090021,Kumushkon,Кумушкон,Кумушкон
305926647,1727249,1727249015,11090057,Yangi sanganak,Янги санганак,Янги санганак
204764157,1727249,1727249010,11090048,Xurriyat,Хуррият,Хуррият
207041714,1727249,1727249047,11090017,Qirgʻizovul,Қирғизовул,Киргизовул
207041722,1727249,1727249046,11090008,Bo‘ston,Бўстон,Бостон
204764101,1727249,1727249005,11090014,Istiqlol,Истиқлол,Истиклол
207255771,1727249,1727249023,11090063,Faizobod,Файзобод,Файзобод
202862242,1727249,1727249062,11090060,Said ota,Саид ота,Саид ота
200570860,1727249,1727249026,11090028,Mozorxo‘ji,Мозорхожи,Мозорхожи
202938408,1727249,1727249052,11090003,Bodomtepa,Бодомтепа,Бодомтепа
202938312,1727249,1727249003,11090026,Qoʻshshukur,Қўшшукур,Кушшукур
205599456,1727249,1727249055,11090027,Markaziy,Марказий,Марказий
207154803,1727249,1727249043,11090022,Kungay,Кунгай,Кунгай
202938240,1727249,1727249037,11090041,Soy,Сой,Сой
207153306,1727249,1727249007,11090058,Yangiobod,Янгиобод,Янгиобод
207142343,1727249,1727249014,11090055,Shampan,Шампан,Шампан
202938289,1727249,1727249024,11090009,G‘ulbog‘,Гулбоғ,Гулбог
207139274,1727249,1727249033,11090002,Bogʻbon,Боғбон,Богбон
207154763,1727249,1727249013,11090050,Chinor,Чинор,Чинор
205973592,1727249,1727249004,11090039,Samarobod,Самаробод,Самаробод
204764118,1727249,1727249006,11090023,Qoʻrgʻon,Қўрғон,Кургон
204764125,1727249,1727249030,11090005,Boyqozon,Бойқозон,Бойкозон
202938383,1727249,1727249035,11090047,Xo‘ja,Хўжа,Хожа
202938329,1727249,1727249054,11090025,Quruqsoy,Қуруқсой,Куруксой
204764140,1727249,1727249011,11090045,Ulug‘bek,Улуғбек,Улугбек
207142564,1727249,1727249032,11090015,Qayilma,Қайилма,Кайилма
303270786,1727249,1727249018,11090016,Qizilsoy,Қизилсой,Кизилсой
207142596,1727249,1727249038,11090019,Quyosh,Қуёш,куёш
202938272,1727249,1727249027,11090042,Surxi,Сурхи,Сурхи
207154810,1727249,1727249044,11090037,Olmazor,Олмазор,Олмазор
205599464,1727249,1727249057,11090024,Qo'rg'ontepa,Қўрғонтепа,Кургонтепа
204764078,1727249,1727249039,11090051,Chinorbuloq,Чинорбулоқ,Чинорбулок
207142865,1727249,1727249059,11090036,O‘qtepa,Оқтепа,Октепа
207191917,1727249,1727249045,11090032,Nurobod,Нуробод,Нуробод
207142858,1727249,1727249056,11090010,Guliston,Гулистон,Гулистон
202938304,1727249,1727249029,11090013,Istiqbol,Истиқбол,Истикбол
204764061,1727249,1727249040,11090018,Kichikqo'rgon,Кичикқўргон,Кичиккургон
207142350,1727249,1727249016,11090030,Nevich,Невич,Невич
202938368,1727249,1727249025,11090007,Bo‘rsiliq,Бўрсилиқ,Борсилик
202938351,1727249,1727249036,11090020,Qo'lichi,Қўличи,Куличи
303940316,1727249,1727249058,11090012,Yoshlik,Ёшлик,Ёшлик
207154652,1727249,1727249019,11090034,Obod,Обод,Обод
204764093,1727249,1727249017,11090031,Novdak,Новдак,Новдак
202938344,1727249,1727249050,11090054,Cho'qqayma,Чўққайма,Чуккайма
207154644,1727249,1727249021,11090052,Chinorli,Чинорли,Чинорли
202862259,1727249,1727249022,11090062,Tolbuloq,Толбулоқ,Толбулок
202938264,1727249,1727249002,11090029,Navro'z,Наврўз,Навруз
202938336,1727249,1727249051,11090001,Beshkappa,Бешкаппа,Бешкаппа
207154755,1727249,1727249012,11090049,Chashma,Чашма,Чашма
207012243,1727249,1727249060,11090040,Samsarak-Navbaxor,Самсарак-Навбахор,Самсарак-Навбахор
303187785,1727224,1727224006,11030031,Qo'shqo'rg'on,Қўшқўрғон,Кушкургон
303199708,1727224,1727224004,11030028,Qoraboy,Қорабой,Корабой
303363400,1727224,1727224058,11030006,Besh-tut,Беш-тут,Беш-тут
303192646,1727224,1727224036,11030039,Pargos,Паргос,Паргос
305484351,1727224,1727224052,11030037,Nanay,Нанай,Нанай
202953445,1727224,1727224015,11030035,Navro'z,Наврўз,Навруз
202997969,1727224,1727224030,11030014,Bo‘ston,Бўстон,Бостон
303363456,1727224,1727224047,11030059,Yakkatut,Яккатут,Яккатут
207292180,1727224,1727224026,11030049,Ugam,Угам,Угам
305052596,1727224,1727224044,11030057,Chimgan,Чимган,Чимган
303485139,1727224,1727224022,11030044,S.Raximov,С.Рахимов,С.Рахимов
303187793,1727224,1727224033,11030048,Tolebi,Толеби,Толеби
303363654,1727224,1727224060,11030041,Sijjak,Сижжак,Сижжак
303267757,1727224,1727224042,11030030,Ko'kto'nli,Кўктўнли,Куктунли
303209692,1727224,1727224027,11030058,Chinor,Чинор,Чинор
303485154,1727224,1727224009,11030051,Uyenkulsay,Уйенкулсай,Уйенкулсай
303209660,1727224,1727224038,11030047,Tovoqsoy,Товоқсой,Товоксой
306171550,1727224,1727224012,11030019,Dumaloq,Думалоқ,Думалок
305052754,1727224,1727224018,11030026,Qizil-suv,Қизил-сув,Кизил-сув
202953477,1727224,1727224029,11030032,Markaziy,Марказий,Марказий
303267725,1727224,1727224016,11030007,Birlik,Бирлик,Бирлик
303209653,1727224,1727224053,11030050,Uzun,Узун,Узун
303267733,1727224,1727224017,11030027,Kichiksoy,Кичиксой,Кичиксой
207292173,1727224,1727224049,11030060,Yangiqoʻrgʻon,Янгиқўрғон,Янгикургон
303363464,1727224,1727224048,11030034,Novobod,Новобод,Новобод
305052651,1727224,1727224037,11030021,Yoshlik,Ёшлик,Ёшлик
303267740,1727224,1727224041,11030043,S.Xondoyliqiy,С.Хондойлиқий,С.Хондойлики
303209391,1727224,1727224023,11030053,Xo'jakent,Хўжакент,Хужакент
207292237,1727224,1727224021,11030015,G'azalkent,Ғазалкент,Газалкент
202953438,1727224,1727224059,11030033,Ma'rifat,Маърифат,Маърифат
303485201,1727224,1727224019,11030056,Chimboyliq,Чимбойлиқ,Чимбойлик
303209559,1727224,1727224039,11030022,Iskandar,Искандар,Искандар
303210528,1727224,1727224025,11030054,Xumson,Хумсон,Хумсон
303363424,1727224,1727224057,11030052,Fazog‘ir,Фазогир,Фазогир
303209621,1727224,1727224040,11030005,Barraj,Барраж,Барраж
303485240,1727224,1727224055,11030040,Pskom,Пском,Пском
304974914,1727224,1727224034,11030004,Bogʻcha ovul,Боғча овул,Богча овул
305484390,1727224,1727224050,11030008,Bog‘iston,Боғистон,Богистон
305393734,1727224,1727224031,11030038,Obod,Обод,Обод
303363646,1727224,1727224011,11030025,Qoramozor,Қорамозор,Корамозор
304965268,1727224,1727224001,11030010,Boyterak,Бойтерак,Бойтерак
303192639,1727224,1727224007,11030001,Aydarali,Айдарали,Айдарали
202941999,1727224,1727224014,11030018,Daxana,Дахана,Дахана
303187801,1727224,1727224032,11030012,Bunyodkor,Бунёдкор,Бунёдкор
303209369,1727224,1727224024,11030029,Qoronqul,Қоронқул,Коронкул
304965552,1727224,1727224056,11030020,Do‘stlik,Дўстлик,Достлик
306172573,1727224,1727224010,11030009,Baymurzaev,Баймурзаев,Баймурзаев
303363360,1727224,1727224013,11030042,Sari-kangli,Сари-кангли,Сари-кангли
303185947,1727224,1727224003,11030002,Qoramanas,Қораманас,Кораманас
303485185,1727224,1727224008,11030003,Achisay,Ачисай,Ачисай
303187746,1727224,1727224051,11030011,Bolodala,Боладала,Болодала
304965624,1727224,1727224005,11030055,Xo‘ja,Хўжаобод,Хoжаобод
305052865,1727224,1727224054,11030045,T.Dadaboev,Т.Дадабоев,Т.Дадабоев
202926675,1727224,1727224043,11030023,Istiqlol,Истиқлол,Истиклол
303485178,1727224,1727224046,11030013,Burchmulla,Бурчмулла,Бурчмулла
202936964,1727253,1727253017,11120024,Qorasuv,Қорасув,Корасув
207128027,1727253,1727253027,11120054,Changtepa,Чангтепа,Чангтепа
204853520,1727253,1727253051,11120027,Ko‘kmoyin,Кўкмўйин,Кукмуйин
205617076,1727253,1727253032,11120011,Burgalik,Бургалик,Бургалик
207144110,1727253,1727253022,11120042,Tinchlik,Тинчлик,Тинчлик
203331578,1727253,1727253020,11120039,Rovatak,Роватак,Роватак
207127638,1727253,1727253057,11120060,Yangilik,Янгилик,Янгилик
207074182,1727253,1727253054,11120043,Toshloq,Тошлоқ,Тошлок
309042788,1727253,1727253012,11120005,Argʻin sada,Арғин сада,Аргин сада
204904772,1727253,1727253026,11120053,Xalqobod,Халқобод,Халкобод
204950908,1727253,1727253030,11120003,Adolat,Адолат,Адолат
203409938,1727253,1727253009,11120057,Sholikor,Шоликор,Шоликор
207045788,1727253,1727253001,11120010,Bunyodkor,Бунёдкор,Бунёдкор
207168659,1727253,1727253019,11120025,Qunduzak,Қундузак,Кундузак
206984547,1727253,1727253043,11120058,Yuqoriovul,Юқориовул,Юкориовул
207059674,1727253,1727253038,11120036,Obod,Обод,Обод
207123169,1727253,1727253024,11120046,Usmonota,Усмон ота,Усмон ота
207136888,1727253,1727253018,11120028,Qoshdaryo,Қўшдарё,Кушдарё
207158931,1727253,1727253007,11120050,O‘choqli,Ўчоқли,Учокли
206541496,1727253,1727253010,11120062,Yangiturmush,Янги турмуш,Янги турмуш
207128454,1727253,1727253037,11120034,Nomdanak,Номданак,Номданак
206946656,1727253,1727253006,11120040,Saidovul Baxt,Саидовул-Бахт,Саидовул-Бахт
206900555,1727253,1727253052,11120030,Mash‘al,Машъал,Машъал
207189165,1727253,1727253029,11120059,Yangiyo‘l,Янгийўл,Янгийул
207171158,1727253,1727253023,11120045,Uyg‘ur,Уйғур,Уйгур
205954212,1727253,1727253025,11120051,Faizobod,Файзобод,Файзобод
207127606,1727253,1727253050,11120019,Jangabay,Жангабай,Жангабай
207127297,1727253,1727253015,11120018,Yoriq,Ёриқ,Ёрик
202526287,1727253,1727253056,11120049,O‘rtasaroy,Ўртасарой,Уртасарой
207122240,1727253,1727253013,11120016,Darxan,Дархан,Дархан
207189173,1727253,1727253021,11120041,Taraqqiyot,Тараққиёт,Тараккиёт
207127645,1727253,1727253048,11120012,G‘alabotir,Галаботир,Галаботир
205946847,1727253,1727253033,11120021,Qaytmas,Қайтмас,кайтмас
203499677,1727253,1727253016,11120026,Kuchlik,Кучлик,Кучлик
207122383,1727253,1727253031,11120009,Boyovul,Бойовул,Бойовул
203609894,1727253,1727253036,11120031,Chuqurovul,Мингтепа,Мингтепа
207075291,1727253,1727253045,11120001,A.Yo'lbarisov,А.Йўлбарисов,А.Йулбарисов
207136895,1727253,1727253028,11120055,Chegara,Чегара,Чегара
206819852,1727253,1727253014,11120017,Do‘stlik,Дўстлик,Дустлик
204960713,1727253,1727253004,11120022,Kim Pen Xva,Ким Пен Хва,Ким Пен Хва
206738993,1727253,1727253005,11120032,Mustaqillik,Мустақиллик,Мустакиллик
206984530,1727253,1727253041,11120048,O‘rtaovul,Ўртаовул,уртаовул
206854580,1727253,1727253046,11120007,Beshboy,Бешбой,Бешбой
202212884,1727253,1727253039,11120038,Olti oʻgʻil,Олти ўғил,Олти угил
206845386,1727253,1727253003,11120020,Yo‘ng‘ichqoli,Йўнғичқоли,Йунгичколи
207171173,1727253,1727253011,11120004,Aranshi,Аранши,Аранши
302958696,1727220,1727220024,11010046,Xonobod,Хонобод,Хонобод
202836036,1727220,1727220030,11010016,Ilg‘or,Илғор,Илгор
202966928,1727220,1727220026,11010001,Achamayli,Ачамайли,Ачамайли
206653981,1727220,1727220003,11010014,Yoshlik 2,Ёшлик-2,Ёшлик-2
203115663,1727220,1727220019,11010031,Oltinvodiy,Олтин водий,Олтин водий
202836075,1727220,1727220034,11010025,Qo‘rg‘on,Қўрғон,кургон
302958736,1727220,1727220050,11010039,Turon,Турон,Турон
202836051,1727220,1727220044,11010047,Xos,Хос,Хос
202857588,1727220,1727220045,11010048,Shova,Шова,Шова
202877904,1727220,1727220049,11010036,Saryuz,Сарюз,Сарюз
202846435,1727220,1727220012,11010006,Bunyodkor,Бунёдкор,Бунёдкор
202849724,1727220,1727220021,11010033,Pastki kerayit,Пастки керайит,Пастки керайит
203122670,1727220,1727220008,11010035,Savrak,Саврак,Саврак
202821371,1727220,1727220028,11010012,Do‘stlik,Дўстлик,Дустлик
203073091,1727220,1727220007,11010034,Paxtakor,Пахтакор,Пахтакор
204107030,1727220,1727220001,11010003,Birdamlik,Бирдамлик,Бирдамлик
202815624,1727220,1727220004,11010018,Istiqlol,Истиқлол,Истиклол
202846467,1727220,1727220036,11010026,Mallaboy,Маллабой,Маллабой
202815631,1727220,1727220013,11010009,Guliston,Гулистон,Гулистон
207285466,1727220,1727220009,11010051,Yangi hayot,Янги ҳаёт,Янги хаёт
202857556,1727220,1727220011,11010005,Bog‘ishamol,Боғишамол,Богишамол
202852326,1727220,1727220039,11010037,Taqachi,Тақачи,Такачи
203161727,1727220,1727220015,11010015,Ziyoli,Зиёли,Зиёли
307816236,1727220,1727220031,11010017,Istiqbol,Истиқбол,Истикбол
203028272,1727220,1727220032,11010019,Isfara,Исфара,Исфара
202846450,1727220,1727220018,11010030,Oq-Tepa,Оқ-Тепа,Ок-Тепа
207152544,1727220,1727220027,11010008,G‘ulzor,Гулзор,Гулзор
202815616,1727220,1727220048,11010007,Bo‘ston,Бўстон,Бустон
202836068,1727220,1727220046,11010050,Yangi ovul,Янги овул,Янги овул
202836044,1727220,1727220035,11010022,Qushtamg‘ali,Қуштамғали,Куштамгали
202836090,1727220,1727220023,11010045,Hamza,Хамза,Хамза
202852319,1727220,1727220043,11010043,Uyas,Уяс,Уяс
202821364,1727220,1727220042,11010042,O‘rikzor,Ўрикзор,Урикзор
206584847,1727220,1727220040,11010038,Terakzor,Теракзор,Теракзор
203111843,1727220,1727220051,11010044,Farxod,Фарход,Фарход
307974721,1727220,1727220017,11010027,Mustaqillik,Мустақиллик,Мустакиллик
202836029,1727220,1727220029,11010013,Yoshlik,Ёшлик,Ёшлик
203122687,1727220,1727220006,11010021,Qora-quyli,Қора-қуйли,Кора-куйли
204518359,1727220,1727220047,11010002,Beshyuz,Бешюз,Бешюз
202857571,1727220,1727220033,11010024,Qo‘qoni,Қўқони,кукони
202845230,1727220,1727220037,11010028,Nazarboy,Назарбой,Назарбой
307815886,1727220,1727220014,11010010,Dalvarzin,Далварзин,Далварзин
203115648,1727220,1727220010,11010004,Bobur Mirzo,Бобур Мирзо,Бобур Мирзо
203115655,1727220,1727220025,11010049,Yangibozor,Янгибозор,Янгибозор
203063603,1727220,1727220038,11010029,Nayman,Найман,Найман
202846443,1727220,1727220022,11010041,O‘zbekobod,Ўзбекобод,узбекобод
202849716,1727220,1727220020,11010032,Parchayuz,Парчаюз,Парчаюз
202989606,1727220,1727220002,11010011,Dehqonobod,Деҳқонобод,Дехконобод
203115670,1727220,1727220005,11010020,Qolg‘onsir,Қолғонсир,Колгонсир
202836083,1727220,1727220016,11010023,Qushchi,Қушчи,Кушчи
202821356,1727220,1727220041,11010040,O‘zbekiston,Ўзбекистон,узбекистон
202955799,1727248,1727248059,11050048,Navbahor,Навбаҳор,Навбахор
204201778,1727248,1727248018,11050050,Nurafshon,Нурафшон,Нурафшон
203622144,1727248,1727248044,11050042,Ma'rifat,Маърифат,Маърифат
203351735,1727248,1727248049,11050022,Guliston,Гулистон,Гулистон
203667562,1727248,1727248063,11050066,Uzumzor,Узумзор,Узумзор
203013767,1727248,1727248002,11050061,Taraqqiy,Тараққий,Тараккий
202875882,1727248,1727248039,11050049,Navro‘z,Наврўз,Навроз
202985113,1727248,1727248043,11050071,Farovon,Фаровон,Фаровон
203024286,1727248,1727248004,11050039,Qurilish,Қурилиш,Курилиш
203556455,1727248,1727248045,11050086,Yangi yo'l,Янги йўл,Янги йул
202966999,1727248,1727248011,11050058,Poʻlat Qadam,Пўлат Қадам,Пулат Кадам
202842583,1727248,1727248060,11050034,Istiqbol,Истиқбол,Истикбол
203738505,1727248,1727248055,11050077,Chinobod,Чинобод,Чинобод
202927950,1727248,1727248057,11050002,Alisher Navoiy,Алишер Навоий,Алишер Навоий
202948094,1727248,1727248056,11050067,Uymovut,Уймовут,Уймовут
203375340,1727248,1727248017,11050024,Do‘rmon,Дўрмон,Дормон
202888652,1727248,1727248028,11050018,G‘ofur G‘ulom,Ғофур Ғулом,Гофур Гулом
202921864,1727248,1727248029,11050030,Zebuniso,Зебунисо,Зебунисо
202985105,1727248,1727248034,11050029,Bobur,Бобур,Бобур
203096561,1727248,1727248012,11050075,Xo'jaqo'rg'on,Хўжақўрғон,Хужакургон
203202516,1727248,1727248013,11050080,Sharq,Шарқ,Шарк
207203360,1727248,1727248031,11050087,Yangiobod,Янгиобод,Янгиобод
202888644,1727248,1727248030,11050010,Beruniy,Беруний,Беруний
203024294,1727248,1727248007,11050088,Yangihayot,Янгиҳаёт,Янгихаёт
202985097,1727248,1727248036,11050053,Oybek,Ойбек,Ойбек
202875899,1727248,1727248019,11050084,Yangi arg'in,Янги арғин,Янги аргин
202985073,1727248,1727248037,11050006,Ahillik,Аҳиллик,Ахиллик
202838096,1727248,1727248064,11050023,Darxan,Дархан,Дархан
203196209,1727248,1727248009,11050041,May,Май,Май
202985144,1727248,1727248040,11050063,Tinchlik,Тинчлик,Тинчлик
203375357,1727248,1727248020,11050090,Yuqori-Yuz,Юқори-Юз,Юкори-Юз
203627065,1727248,1727248061,11050038,Ko'prik boshi,Кўприк боши,Куприк боши
202985120,1727248,1727248033,11050045,Mirzo Ulug‘bek,Мирзо Улуғбек,Мирзо Улугбек
203455984,1727248,1727248010,11050083,Yangi avlod,Янги авлод,Янги авлод
203629989,1727248,1727248021,11050011,Birlik,Бирлик,Бирлик
203655926,1727248,1727248016,11050033,Ilg‘or,Илғор,Илгор
203684352,1727248,1727248066,11050054,Oq oltin,Оқ олтин,Ок олтин
203667586,1727248,1727248051,11050047,Mustaqillik,Мустақиллик,Мустакиллик
207208425,1727248,1727248022,11050073,Xaydarobod,Хайдаробод,Хайдаробод
203273792,1727248,1727248047,11050068,Oʻnqoʻrgʻon,Ўнқўрғон,Ункургон
203738480,1727248,1727248054,11050069,O‘tkir,Ўткир,Уткир
202927967,1727248,1727248058,11050007,Baytqo‘rg‘on,Байтқўрғон,Байткоргон
202938233,1727248,1727248023,11050055,Olmazor,Олмазор,Олмазор
202966982,1727248,1727248008,11050079,Shalola,Шалола,Шалола
202833451,1727248,1727248048,11050052,Obod,Обод,Обод
203644092,1727248,1727248050,11050056,Parvoz,Парвоз,Парвоз
204392296,1727248,1727248005,11050044,Mehnat,Меҳнат,Мехнат
207299338,1727248,1727248015,11050065,Turkiston,Туркистон,Туркистон
203024279,1727248,1727248003,11050040,Madaniyat,Маданият,Маданият
202985080,1727248,1727248041,11050070,Faizobod,Файзобод,Файзобод
202985137,1727248,1727248035,11050013,Boyjigit,Бойжигит,Бойжигит
202927974,1727248,1727248038,11050015,Bunyodkor,Бунёдкор,Бунёдкор
202946224,1727248,1727248027,11050036,Iftixor,Ифтихор,Ифтихор
202938218,1727248,1727248032,11050037,Qipchoq,Қипчоқ,Кипчок
202985152,1727248,1727248052,11050016,Bo‘ston,Бўстон,Бустон
203658684,1727248,1727248067,11050014,Botanika,Ботаника,Ботаника
202938201,1727248,1727248024,11050074,Hosildor,Ҳосилдор,Хосилдор
203024262,1727248,1727248001,11050026,Yonariq,Ёнариқ,Ёнарик
203632772,1727248,1727248014,11050001,Abdurahmon Jomiy,Абдурахмон Жомий,Абдурахмон Жомий
202946216,1727248,1727248025,11050059,Sohibkor,Соҳибкор,Сохибкор
204551644,1727237,1727237057,11040028,Istiqlol,Истиқлол,Истиклол
202911480,1727237,1727237067,11040040,Madaniyat,Маданият,Маданият
202911924,1727237,1727237050,11040004,Alimbuva,Алимбува,Алимбува
202911917,1727237,1727237053,11040069,Turopobod,Туропобод,Туропобод
202912306,1727237,1727237056,11040052,Nurobod,Нуробод,Нуробод
202911892,1727237,1727237052,11040058,Ramadon,Рамадон,Рамадон
202912281,1727237,1727237055,11040008,Achchisoy,Аччисой,Аччисой
202911441,1727237,1727237015,11040003,Abdujalilbob,Абдужалилбоб,Абдужалилбоб
202911386,1727237,1727237016,11040076,Faiz,Файз,Файз
207185567,1727237,1727237049,11040042,Navbahor,Навбахор,Навбахор
202911663,1727237,1727237004,11040074,Oʻrta,Ўрта,Урта
202911537,1727237,1727237029,11040051,Nurafshon,Нурафшон,Нурафшон
202911884,1727237,1727237046,11040027,Ilg'or,Илғор,Илгор
202912298,1727237,1727237066,11040024,Zarafshon,Зарафшон,Зарафшон
202911988,1727237,1727237043,11040012,Bogʻishamol,Боғишамол,Богишамол
202911964,1727237,1727237045,11040067,To'qimachi,Тўқимачи,Тукимачи
202911703,1727237,1727237058,11040086,erkin,эркин,эркин
202911616,1727237,1727237033,11040065,Tokzor,Токзор,Токзор
204011469,1727237,1727237040,11040029,Istiqlolning 5 yilligi,Истиқлолнинг 5 йиллиги,Истиклолнинг 5 йиллиги
202911648,1727237,1727237002,11040082,Xo'jamozor,Хўжамозор,Хужамозор
206853044,1727237,1727237039,11040014,Boʻston,Бўстон,Бустон
202911774,1727237,1727237037,11040045,Nazarbek,Назарбек,Назарбек
202911971,1727237,1727237044,11040059,Saxovat,Саховат,Саховат
202911655,1727237,1727237003,11040006,Asil,Асил,Асил
202911584,1727237,1727237031,11040048,Namuna,Намуна,Намуна
202911949,1727237,1727237054,11040064,Tarnov,Тарнов,Тарнов
202911670,1727237,1727237006,11040060,Sorteppa,Сортепа,Сортепа
202911591,1727237,1727237036,11040072,O'ratepa,Ўратепа,Уратепа
202911766,1727237,1727237064,11040068,Turkiston,Туркистон,Туркистон
202911624,1727237,1727237035,11040053,Obod,Обод,Обод
202911806,1727237,1727237041,11040079,Xarakat,Харакат,Харакат
202911798,1727237,1727237019,11040039,M.M.Xorazmiy,М.М.Хоразмий,М.М.Хорезми
202911631,1727237,1727237001,11040016,Gulbog',Гулбоғ,Гулбог
202911821,1727237,1727237022,11040007,Ahilobod,Ахилобод,Ахилобод
202911465,1727237,1727237024,11040088,Eshonguzar,Эшонгузар,Эшонгузар
202912044,1727237,1727237072,11040073,Oʻrikzor,Ўрикзор,Урикзор
202911473,1727237,1727237025,11040001,Amir Temur,Амир Темур,Амир Темур
202912210,1727237,1727237070,11040083,Chinor,Чинор,Чинор
202911838,1727237,1727237023,11040047,Nayman,Найман,Найман
202911845,1727237,1727237020,11040078,Farobiy,Фаробий,Фаробий
202911458,1727237,1727237017,11040055,Obod Turmush,Обод Турмуш,Обод Турмуш
202911853,1727237,1727237042,11040041,Mevazor,Мевазор,Мевазор
202911394,1727237,1727237009,11040075,O'rtaovul,Ўртаовул,Уртаовул
207205026,1727237,1727237048,11040085,Shodlik,Шодлик,Шодлик
202911576,1727237,1727237032,11040043,Navqiron,Навқирон,Навкирон
207204709,1727237,1727237065,11040013,Bodomzor,Бодомзор,Бодомзор
202911426,1727237,1727237013,11040031,Katta chinor,Катта чинор,Катта чинор
202911956,1727237,1727237047,11040009,Baliqchi,Балиқчи,Баликчи
202911687,1727237,1727237007,11040011,Bogʻzor,Боғзор,Богзор
202911419,1727237,1727237011,11040057,Olmazor,Олмазор,Олмазор
202882384,1727237,1727237038,11040002,Axmad Yassaviy,Ахмад Яссавий,Ахмад Яссави
202911727,1727237,1727237061,11040035,Quyoshli,Қуёшли,Куёшли
202911609,1727237,1727237034,11040018,Daliguzar,Далигузар,Далигузар
202911710,1727237,1727237060,11040037,Qurilish,Қурилиш,Курилиш
202911742,1727237,1727237062,11040032,Qahramon,Қахрамон,Кахрамон
202911734,1727237,1727237063,11040063,Tariq-teshar,Тариқ-тешар,Тарик-тешар
202944210,1727237,1727237014,11040090,Keng Kechik,Кенг Кечик,Кенг Кечик
203797758,1727237,1727237005,11040087,Eski qal'a,Эски қалъа,Эски калъа
202912242,1727237,1727237069,11040019,Dehqonobod,Дехқонобод,Дехконобод
305974747,1727237,1727237051,11040054,Obod Toʻqimachi,Обод Тўқимачи,Обод Тукимачи
202916743,1727239,1727239016,11140023,Markaziy,Марказий,Марказий
203535520,1727239,1727239002,11140012,Jaloltepa,Жалолтепа,Жалолтепа
309093424,1727239,1727239050,11140051,Tinchlik,Тинчлик,Тинчлик
202923521,1727239,1727239042,11140005,Birlik,Бирлик,Бирлик
202916728,1727239,1727239031,11140015,Istiqbol,Истиқбол,Истикбол
202921825,1727239,1727239006,11140044,Oq ovul,Оқ овул,Ок овул
202916704,1727239,1727239030,11140009,G‘ulobod,Гулобод,Гулобод
206969438,1727239,1727239013,11140010,Darxan,Дархан,Дархан
202893505,1727239,1727239041,11140017,Ittifoq,Иттифоқ,Иттифок
203088784,1727239,1727239004,11140020,Qizil soy,Қизил сой,Кизил сой
202916799,1727239,1727239039,11140047,Yashnobod,Яшнобод,Яшнобод
202921801,1727239,1727239034,11140025,Mirobod,Миробод,Миробод
202916767,1727239,1727239025,11140022,Qo'rsoy,Қўрсой,Курсой
201684987,1727239,1727239023,11140024,Ma'rifat,Маърифат,Маърифат
202916750,1727239,1727239024,11140019,Qang‘li,Қангли,Кангли
202916735,1727239,1727239015,11140033,Sakson Ota,Саксон Ота,Саксон Ота
202909427,1727239,1727239009,11140027,Navoiy,Навоий,Навоий
202877999,1727239,1727239014,11140037,O‘zbekiston,Ўзбекистон,Узбекистон
202909434,1727239,1727239018,11140043,Chumchuqjar,Чумчуқжар,Чумчукжар
309093392,1727239,1727239049,11140052,Iyk-ota,Ийк-ота,Ийк-ота
202921833,1727239,1727239037,11140001,Timofey Grigorievich Xvan,Тимофей Григоревич Хван,Тимофей Григоревич Хван
204597673,1727239,1727239035,11140040,Faizobod,Файзобод,Файзобод
202893465,1727239,1727239046,11140028,Navro‘z,Наврўз,Навруз
202935507,1727239,1727239036,11140029,Nurafshon,Нурафшон,Нурафшон
308795414,1727239,1727239048,11140049,Saxovat,Саховат,Саховат
202909410,1727239,1727239012,11140008,Guliston,Гулистон,Гулистон
202590566,1727239,1727239008,11140013,Jumabozor,Жумабозор,Жумабозор
203602524,1727239,1727239003,11140045,Yangihayot,Янгиҳаёт,Янгихаёт
204597697,1727239,1727239026,11140006,Buloq boshi,Булоқ боши,Булок боши
202902871,1727239,1727239005,11140031,Nurli yo'l,Нурли йўл,Нурли йул
204597680,1727239,1727239011,11140032,Obodon,Ободон,Ободон
202916711,1727239,1727239047,11140030,Nurli zamin,Нурли замин,Нурли замин
206973766,1727239,1727239033,11140035,Taraqqiyot,Тараққиёт,Тараккиёт
204956621,1727239,1727239043,11140003,Baliqchi,Балиқчи,Баликчи
206988668,1727239,1727239040,11140004,Bahor,Баҳор,Бахор
202223070,1727239,1727239020,11140018,Kavardon,Кавардон,Кавардон
204878046,1727239,1727239017,11140036,Tashtogzoq,Таштогзоқ,Таштогзок
202946169,1727239,1727239001,11140002,Ahmad Yassaviy,Аҳмад Яссавий,Аҳмад Яссавий
308795477,1727239,1727239028,11140048,Navbaxor,Навбахор,Навбахор
202893497,1727239,1727239022,11140021,Qorasuv,Қорасув,Корасув
207320690,1727424,1727424022,11220004,Qovunchi tepa,Қовунчи тепа,Ковунчи тепа
205091758,1727424,1727424008,11220020,Nov,Нов,Нов
202710787,1727424,1727424003,11220015,Faizli,Файзли,Файзли
207273663,1727424,1727424005,11220014,Turkiston,Туркистон,Туркистон
202944464,1727424,1727424017,11220022,Bahor,Баҳор,Бахор
202710763,1727424,1727424016,11220018,Yangi bog',Янги боғ,Янги бог
202778164,1727424,1727424019,11220010,Olmos,Олмос,Олмос
207321190,1727424,1727424009,11220005,Lazzat,Лаззат,Лаззат
207273670,1727424,1727424002,11220017,Farovon,Фаровон,Фаровон
202775113,1727424,1727424015,11220002,Baxt,Бахт,Бахт
207320826,1727424,1727424001,11220019,Yangiobod,Янгиобод,Янгиобод
202678898,1727424,1727424014,11220007,Mezon,Мезон,Мезон
202710794,1727424,1727424011,11220013,Sabo,Сабо,Сабо
309074581,1727424,1727424007,11220024,Yangihayot,Янгиҳаёт,Янгихаёт
206988762,1727424,1727424013,11220021,Bog‘bon,Боғбон,Богбон
202678874,1727424,1727424004,11220011,Oltinobod,Олтинобод,Олтинобод
202678906,1727424,1727424010,11220012,Ramadon,Рамадон,Рамадон
202792457,1727424,1727424012,11220003,Ishchilar shaharchasi,Ишчилар шаҳарчаси,Ишчилар шахарчаси
202710755,1727424,1727424006,11220008,Mustaqillik,Мустақиллик,Мустакиллик
202710770,1727424,1727424020,11220016,Fayziobod,Файзиобод,Файзиобод
202678881,1727424,1727424018,11220009,Navro‘z,Наврўз,Навруз
202918574,1727265,1727265030,11110052,Sirg'ali,Сирғали,Сиргали
202918123,1727265,1727265046,11110031,Ko‘kterak,Кўктерак,Куктерак
202918606,1727265,1727265057,11110035,Ko‘ksaroy,Кўксарой,Куксарой
202918162,1727265,1727265045,11110040,Obodlik,Ободлик,Ободлик
202918503,1727265,1727265024,11110024,Qashqarlik,Қашқарлик,Кашкарлик
202918455,1727265,1727265001,11110057,Uch chinor,Уч чинор,Уч чинор
202918202,1727265,1727265040,11110041,Ozodlik,Озодлик,Озодлик
202918581,1727265,1727265032,11110051,Sarke,Сарке,Сарке
310525733,1727265,1727265070,11110071,O‘rikzor,Ўрикзор,Урикзор
207119780,1727265,1727265062,11110033,Koʻhinur,Кўҳинур,Кухинур
207108992,1727265,1727265068,11110044,O‘qtom,Оқтом,Октом
202918614,1727265,1727265061,11110029,Qorabo‘rik,Қорабўрик,Корабурик
202918344,1727265,1727265039,11110020,Iqbol,Иқбол,Икбол
202967031,1727265,1727265049,11110004,Ahillik,Ахиллик,Ахиллик
202918510,1727265,1727265025,11110002,Ayriota,Айриота,Айриота
202918409,1727265,1727265012,11110017,Zargar,Заргар,Заргар
202918384,1727265,1727265047,11110056,Uch sada,Уч сада,Уч сада
202918470,1727265,1727265002,11110037,Marifat,Маърифат,Маърифат
202918653,1727265,1727265060,11110016,Zarbdor,Зарбдор,Зарбдор
207147676,1727265,1727265059,11110015,Diydor,Дийдор,Дийдор
202918416,1727265,1727265010,11110066,Chuvalachi,Чувалачи,Чувалачи
202918542,1727265,1727265029,11110011,G‘ishtko‘prik,Ғишткўприк,Гишткуприк
202918226,1727265,1727265022,11110058,Faizobod,Файзобод,Файзобод
202918424,1727265,1727265009,11110068,Shirin,Ширин,Ширин
202918376,1727265,1727265037,11110055,Tutzor,Тутзор,Тутзор
202918660,1727265,1727265055,11110026,Kensoy,Кенсой,Кенсой
202918265,1727265,1727265019,11110027,Qizg‘aldoq,Қизғалдоқ,Кизгалдок
202918258,1727265,1727265021,11110018,Zax-ariq,Зах-ариқ,Зах-арик
202918280,1727265,1727265016,11110009,Bog‘izilol,Боғизилол,Богизилол
310444304,1727265,1727265069,11110070,Yangi hayot,Янги ҳаёт,Янги хаёт
207109105,1727265,1727265066,11110034,Qo'sh qo'ndi,Қўш қўнди,Куш кунди
202918448,1727265,1727265007,11110012,G‘ultepa,Гултепа,Гултепа
202918621,1727265,1727265063,11110067,Shamsiobod,Шамсиобод,Шамсиобод
202918431,1727265,1727265008,11110021,Istiqbol,Истиқбол,Истикбол
202967048,1727265,1727265013,11110063,Hiyobon,Ҳиёбон,хиёбон
202918638,1727265,1727265064,11110046,Oltintepa,Олтинтепа,Олтинтепа
202918337,1727265,1727265038,11110048,Sabzavot,Сабзавот,Сабзавот
207184742,1727265,1727265067,11110007,Beshterak,Бештерак,Бештерак
202918534,1727265,1727265028,11110038,Mustaqillik,Мустақиллик,Мустакиллик
207018116,1727265,1727265036,11110001,Avliyo Ota,Авлиё Ота,Авлиё Ота
202918645,1727265,1727265065,11110045,O‘qtosh,Оқтош,Октош
202918219,1727265,1727265042,11110043,O‘qibat,Оқибат,Окибат
202918684,1727265,1727265053,11110005,Bahor,Баҳор,Бахор
207184727,1727265,1727265058,11110006,Beruniy,Беруний,Беруний
202918234,1727265,1727265018,11110003,Alisher Navoiy,Алишер Навоий,Алишер Навоий
202918494,1727265,1727265023,11110019,Ibrat,Ибрат,Ибрат
202918487,1727265,1727265003,11110060,Halimko'p,Ҳалимкўп,Халимкуп
202918194,1727265,1727265048,11110054,Tinchlik,Тинчлик,Тинчлик
207186605,1727265,1727265031,11110008,Bog‘bon,Боғбон,Богбон
202918463,1727265,1727265004,11110023,Kalas,Калас,Калас
202918297,1727265,1727265017,11110010,Bunyodkor,Бунёдкор,Бунёдкор
202918313,1727265,1727265034,11110042,Oydin hayot,Ойдин ҳаёт,Ойдин хаёт
204094635,1727265,1727265011,11110036,Majnuntol,Мажнунтол,Мажнунтол
202918598,1727265,1727265056,11110065,Chig'atoy,Чиғатой,Чигатой
202918320,1727265,1727265033,11110014,Darhon,Дарҳон,Дархон
202918186,1727265,1727265050,11110028,Qir-ariq,Қир-ариқ,Кир-арик
202918391,1727265,1727265014,11110039,Nurhayot,Нурҳаёт,Нурхаёт
203605679,1727265,1727265051,11110030,Qorasaroy,Қорасарой,Корасарой
202918677,1727265,1727265054,11110062,Hasanboy,Ҳасанбой,Хасанбой
202918305,1727265,1727265035,11110047,Rahbarobod,Раҳбаробод,Рахбаробод
202918692,1727265,1727265052,11110061,Hasanboy-guzari,Ҳасанбой-гузари,Хасанбой-гузари
202918147,1727265,1727265041,11110064,Huvaydo,Ҳувайдо,Хувайдо
202918154,1727265,1727265015,11110053,Sohibkor,Соҳибкор,Сохибкор
202954713,1727415,1727415002,11190003,Baxt,Бахт,Бахт
202948134,1727415,1727415013,11190024,Orzu,Орзу,Орзу
202944607,1727415,1727415003,11190014,Yoshlik,Ёшлик,Ёшлик
202950330,1727415,1727415018,11190005,Birlik,Бирлик,Бирлик
202944646,1727415,1727415015,11190026,Umid,Умид,Умид
202947104,1727415,1727415016,11190029,Shodlik,Шодлик,Шодлик
202944622,1727415,1727415017,11190030,Yangilik,Янгилик,Янгилик
202950362,1727415,1727415001,11190001,Adolat,Адолат,Адолат
202950354,1727415,1727415019,11190017,Qo'rg'on,Қўрғон,Кургон
202948141,1727415,1727415020,11190020,Navbahor,Навбаҳор,Навбахор
202944614,1727415,1727415010,11190028,Xonobod,Хонобод,Хонобод
207269604,1727415,1727415004,11190023,No'g'oyqo'rg'on,Нўғойқўрғон,Нугойкургон
202944639,1727415,1727415011,11190012,Do‘stlik,Дўстлик,Дустлик
202946248,1727415,1727415005,11190006,Bo'ston,Бўстон,Бустон
202950347,1727415,1727415012,11190015,Iloq,Илоқ,Илок
202948126,1727415,1727415021,11190032,Yangiobod,Янгиобод,Янгиобод
202948158,1727415,1727415007,11190011,Guliston,Гулистон,Гулистон
202940905,1727415,1727415009,11190022,Namuna,Намуна,Намуна
202849827,1727401,1727401008,11210009,Navrо'z,Наврўз,Навруз
202891784,1727401,1727401009,11210017,Toytepa,Тойтепа,Тойтепа
306232102,1727401,1727401001,11210003,Degantepa,Дегантепа,Дегантепа
203158658,1727401,1727401020,11210012,Obod,Обод,Обод
306239654,1727401,1727401014,11210019,Xurriyat,Хуррият,Хуррият
306239424,1727401,1727401006,11210011,Nurafshon,Нурафшон,Нурафшон
202902967,1727401,1727401011,11210013,Obod turmush,Обод турмуш,Обод турмуш
202883596,1727401,1727401021,11210014,Oybek,Ойбек,Ойбек
206986339,1727401,1727401012,11210001,Birlik,Бирлик,Бирлик
207127621,1727401,1727401007,11210006,Qumariq,Қумариқ,Кумарик
205170421,1727401,1727401017,11210015,Oppoq,Оппоқ,Оппок
202925614,1727401,1727401003,11210007,Ma'rifat,Маърифат,Маърифат
201549536,1727401,1727401010,11210008,Muqumiy,Муқумий,Мукумий
306259337,1727401,1727401016,11210016,Tarraqiyot,Таррақиёт,Тарракиёт
306523278,1727401,1727401004,11210023,Yangi obod,Янги обод,Янги обод
207059682,1727401,1727401002,11210004,Dehqonobod,Деҳқонобод,Дехконобод
202833658,1730401,1730401054,15200065,Sharshara,Шаршара,Шаршара
202578950,1730401,1730401024,15200061,Xuvaydo,Хувайдо,Хувайдо
200151495,1730401,1730401047,15200033,Mashʼal,Машъал,Машъал
203447804,1730401,1730401018,15200001,Birinchi besh bola,Биринчи беш бола,Биринчи беш бола
202579009,1730401,1730401022,15200039,Navbaxor,Навбахор,Навбахор
202579024,1730401,1730401033,15200032,Madaniyat,Маданият,Маданият
202578935,1730401,1730401026,15200028,Kimyogar,Кимёгар,Кимёгар
200151464,1730401,1730401003,15200015,Guliston,Гулистон,Гулистон
202833641,1730401,1730401051,15200067,Shodlik,Шодлик,Шодлик
202646502,1730401,1730401020,15200055,Toʼqimachilar,Тўқимачилар,Тукимачилар
202578967,1730401,1730401025,15200037,Muruvvat,Мурувват,Мурувват
203429192,1730401,1730401057,15200014,Gulzor,Гулзор,Гулзор
202405381,1730401,1730401067,15200044,Oqariq,Оқариқ,Окарик
202578911,1730401,1730401035,15200029,Qirguli,Қиргули,Киргули
202578999,1730401,1730401023,15200035,Mexribonlik,Мехрибонлик,Мехрибонлик
202878450,1730401,1730401034,15200062,Xo'jamag'iz,Хўжамағиз,Хужамагиз
202578982,1730401,1730401037,15200068,Yulduz,Юлдуз,Юлдуз
202466434,1730401,1730401062,15200066,Shodiyona,Шодиёна,Шодиёна
202578974,1730401,1730401036,15200022,Ibn Sino,Ибн Сино,Ибн Сино
203630879,1730401,1730401058,15200042,Nodirabegim,Нодирабегим,Нодирабегим
202578904,1730401,1730401032,15200053,Tabassum,Табассум,Табассум
202505202,1730401,1730401064,15200057,Oʼrmonchilar,Ўрмончилар,Урмончилар
201039165,1730401,1730401041,15200007,Ahmad Al-Farg'oniy,Аҳмад Ал-Фарғоний,Ахмад Аль-Фаргони
203424176,1730401,1730401069,15200051,Soxibkor,Сохибкор,Сохибкор
200151599,1730401,1730401017,15200031,Madadkor,Мададкор,Мададкор
200151812,1730401,1730401055,15200034,Maʼrifat,Маърифат,Марифат
202669766,1730401,1730401068,15200045,Oqariqobod,Оқариқобод,Окарикобод
202539904,1730401,1730401044,15200009,Bahor,Баҳор,Бахор
202579055,1730401,1730401029,15200019,Joʼydam,Жўйдам,Жуйдам
202578928,1730401,1730401031,15200011,Beruniy,Беруний,Беруний
200151187,1730401,1730401016,15200002,Аbdulla Qodiriy,Абдулла Қодирий,Абдулла Кодирий
207310205,1730401,1730401073,15200073,Chek shoʼra,Чек-шўра,Чек Шура
202947174,1730401,1730401015,15200026,Istiqlol,Истиқлол,Истиклол
202821593,1730401,1730401009,15200004,Аl-Xorazmiy,Ал-Хоразмий,Ал-Хоразмий
202579016,1730401,1730401021,15200025,Istiqbol,Истиқбол,Истикбол
203440506,1730401,1730401039,15200059,Furqat,Фурқат,Фуркат
202565287,1730401,1730401019,15200069,Yangi yoʼl,Янги йўл,Янги Йул
202405421,1730401,1730401053,15200047,Simtepa,Симтепа,Симтепа
202816037,1730401,1730401060,15200016,Doʼstlik,Дўстлик,Дустлик
202405414,1730401,1730401042,15200018,Yoshlar,Ёшлар,Ёшлар
202839965,1730401,1730401052,15200024,Ipak yoʼli,Ипак йўли,Ипак Йули
200151488,1730401,1730401013,15200038,Mustaqillik,Мустақиллик,Мустакиллик
203638621,1730401,1730401071,15200071,Ilgʼor,Илғор,Илгор
204412150,1730401,1730401008,15200021,Zaxiriddin Muxammad Bobur,Захириддин Мухаммад Бобур,Захириддин Мухаммад Бобур
202678953,1730401,1730401066,15200041,Nafosat,Нафосат,Нафосат
202821546,1730401,1730401001,15200020,Zarbdor,Зарбдор,Зарбдор
204081533,1730401,1730401070,15200046,Parvoz,Парвоз,Парвоз
202925907,1730401,1730401012,15200010,Beglar,Беглар,Беглар
202424485,1730401,1730401010,15200012,Beshbola,Бешбола,Бешбола
202429669,1730401,1730401005,15200063,Shakar qishloq,Шакар қишлоқ,Шакар кишлок
202505219,1730401,1730401004,15200013,Boʼston,Бўстон,Бустон
202824296,1730401,1730401002,15200056,Oʼzbekiston,Ўзбекистон,Узбекистан
202446799,1730401,1730401040,15200043,Oybek,Ойбек,Ойбек
202572699,1730401,1730401007,15200003,Abdurahmon Jomiy,Абдураҳмон Жомий,Абдурахмон Жоми
202579031,1730401,1730401030,15200060,Xamkorlik,Хамкорлик,Хамкорлик
203632986,1730401,1730401072,15200072,Oʼrta shoʼra,Ўрта шўра,Урта Шура
202821578,1730401,1730401028,15200048,Sovurbuloq,Совурбулоқ,Совурбулок
202578943,1730401,1730401027,15200008,Barkamol,Баркамол,Баркамол
200151069,1730401,1730401043,15200023,Ibrat,Ибрат,Ибрат
202624094,1730401,1730401061,15200005,Аlisher Navoiy,Алишер Навоий,Алишер Навоий
200151772,1730401,1730401056,15200058,Fargʼona,Фарғона,Фаргона
202982078,1730401,1730401038,15200052,Surxtepa,Сурхтепа,Сурхтепа
202534436,1730401,1730401006,15200054,Tinchlik,Тинчлик,Тинчлик
202631442,1730401,1730401065,15200027,Iftixor,Ифтихор,Ифтихор
200151471,1730401,1730401014,15200070,Yangi soy,Янги сой,Янги сой
200151377,1730401,1730401063,15200064,Sharof Rashidov,Шароф Рашидов,Шароф Рашидов
202565294,1730401,1730401046,15200040,Navroʼz,Наврўз,Навруз
202397171,1730401,1730401049,15200017,Yormozor,Ёрмозор,Ёрмозор
203234610,1730401,1730401050,15200049,Soy boʼyi,Сой бўйи,Сой Буйи
203424896,1730401,1730401059,15200006,Аfrosiyob,Афросиёб,Афросиёб
202572722,1730401,1730401045,15200050,Soxibqiron Temur,Сохибқирон Темур,Сохибкирон Темур
202520374,1730401,1730401048,15200036,Mirzo Ulugʼbek,Мирзо Улуғбек,Мирзо Улугбек
202623285,1730401,1730401011,15200030,Lolazor,Лолазор,Лолазор
311818644,1730401,,,Nurafshon,Нурафшон,Нурафшон
304952617,1730408,1730408027,15180015,Qoʼchqorchi,Қўчқорчи,Кучкорчи
202951281,1730408,1730408002,15180011,Ziynat,Зийнат,Зийнат
202947135,1730408,1730408017,15180009,Yoshlik,Ёшлик,Ёшлик
202505083,1730408,1730408015,15180007,Guliston,Гулистон,Гулистон
202505029,1730408,1730408021,15180024,Sufon,Суфон,Суфон
304954882,1730408,1730408012,15180012,Isfayramsoy,Исфайрамсой,Исфайрамсой
202505044,1730408,1730408016,15180025,Hamdoʼstlik,Ҳамдўстлик,хамдустлик
202951298,1730408,1730408007,15180029,Yuqori Moʼyan,Юқори Мўян,Юкори Муян
202505115,1730408,1730408029,15180006,Valik,Валик,Валик
202951360,1730408,1730408005,15180016,Lashkar,Лашкар,Лашкар
304948399,1730408,1730408003,15180018,Moʼyan,Мўян,Муян
202947143,1730408,1730408026,15180017,Mirzo Ulugʼbek,Мирзо Улуғбек,Мирзо Улугбек
203023288,1730408,1730408019,15180030,Yangi obod,Янги обод,Янги обод
202951338,1730408,1730408004,15180004,Bogʼbon,Боғбон,Богбон
202955324,1730408,1730408011,15180020,Namuna,Намуна,Намуна
202505068,1730408,1730408024,15180027,Xuvaydo,Хувайдо,Хувайдо
202951306,1730408,1730408013,15180021,Pakana,Пакана,Пакана
202951314,1730408,1730408014,15180014,Kokilon,Кокилон,Кокилон
202947150,1730408,1730408028,15180005,Boʼston,Бўстон,Бустон
202963440,1730408,1730408010,15180023,Soy bo'yi,Сой бўйи,Сой буйи
202505130,1730408,1730408018,15180003,Аrsif,Арсиф,Арсиф
202951353,1730408,1730408030,15180019,Nayman,Найман,Найман
202505036,1730408,1730408025,15180028,Choʼlpon,Чўлпон,Чулпон
202505075,1730408,1730408008,15180008,Doʼstlik,Дўстлик,Дустлик
202951345,1730408,1730408006,15180022,Polmon,Полмон,Полмон
202505051,1730408,1730408023,15180002,Аmir Temur,Амир Темур,Амир Темур
309277684,1730408,1730408031,15180031,Pastki Valik,Пастки Валик,Пастки Валик
202505012,1730408,1730408022,15180001,Аlisher Navoiy,Алишер Навоий,Алишер Навоий
202947128,1730408,1730408020,15180013,Qalacha,Қалача,Калача
202505004,1730408,1730408009,15180010,Zebuniso,Зебунисо,Зебунисо
202951321,1730408,1730408001,15180026,Xamid Olimjon,Хамид Олимжон,Хамид Олимжон
308485332,1730405,1730405017,15160067,Uzumzor,Узумзор,Узумзор
308486648,1730405,1730405068,15160068,Turkiston,Туркистон,Туркистон
306278384,1730405,1730405079,15160070,Chodaklik,Чодаклик,Чодаклик
203573181,1730405,1730405047,15160038,Navroʼz,Наврўз,Навруз
203521981,1730405,1730405028,15160054,Toʼxlimergan,Тўхлимерган,Тухлимерган
205775886,1730405,1730405050,15160050,Sunbula,Сунбула,Сунбула
203490064,1730405,1730405024,15160005,Аrtizon boʼyi,Артизон бўйи,Артизон Буйи
203593165,1730405,1730405018,15160026,Isfaraguzari,Исфарагузари,Исфарагузари
203094629,1730405,1730405073,15160069,Toʼlaboy,Тўлабой,Тулабой
203611577,1730405,1730405010,15160047,Qipchoqariq,Қипчоқариқ,Кипчокарик
203549788,1730405,1730405051,15160053,Toʼgʼonboshi,Тўғонбоши,Тугонбоши
203541815,1730405,1730405057,15160023,Islomobod,Исломобод,Исломобод
203513406,1730405,1730405016,15160020,Do'stlik,Дўстлик,Дустлик
203510379,1730405,1730405046,15160024,Istiqbol,Истиқбол,Истикбол
203456144,1730405,1730405056,15160017,G'oziyog'liq,Ғозиёғлиқ,Гозиёглик
203510362,1730405,1730405005,15160012,Vaqf chorsu,Вақф чорсу,Вакф Чорсу
203588202,1730405,1730405038,15160019,Degrezlik,Дегрезлик,Дегрезлик
203418665,1730405,1730405013,15160008,Аshurali Zoxiriy,Ашурали Зохирий,Ашурали Зохирий
203384299,1730405,1730405020,15160034,Misgarlik,Мисгарлик,Мисгарлик
203421290,1730405,1730405019,15160027,Qaymoqli guzar,Қаймоқли гузар,Каймокли гузар
203479084,1730405,1730405036,15160058,Charxinikoʼprigi,Чархини кўприги,Чархиникуприги
203582890,1730405,1730405039,15160040,Nonvoylik guzar,Нонвойлик гузар,Нонвойлик Гузар
203477522,1730405,1730405058,15160002,Aziztepa,Азизтепа,Азизтепа
203545398,1730405,1730405059,15160043,Oqoltin,Оқолтин,Околтин
203609997,1730405,1730405030,15160057,Oʼrmonbogʼ,Ўрмонбоғ,Урмонбог
203042035,1730405,1730405076,15160072,Mo'yi-muborak,Мўйи-муборак,Муйи-муборак
304917524,1730405,1730405074,15160071,Mingtut,Мингтут,Мингтут
203454432,1730405,1730405023,15160014,G'alchasoy,Ғалчасой,Галчасой
203449406,1730405,1730405042,15160055,Urganjibogʼ,Урганжибоғ,Урганжибог
203505960,1730405,1730405040,15160049,Sobir Аbdulla,Собир Абдулла,Собир Абдулла
203611584,1730405,1730405045,15160063,Shirin,Ширин,Ширин
203628998,1730405,1730405011,15160013,Galabaqqollik,Галабаққоллик,Галабакколлик
203539372,1730405,1730405035,15160021,Yogʼ bozori,Ёғ бозори,Ёг Бозори
205747026,1730405,1730405067,15160031,Quduqlik,Қудуқлик,Кудуклик
203452808,1730405,1730405008,15160007,Achchiqko'l,Аччиқкўл,Аччиккул
203545421,1730405,1730405062,15160036,Mustaqillik,Мустақиллик,Мустакиллик
203490072,1730405,1730405037,15160039,Noib koʼprigi,Ноиб кўприги,Ноиб Куприги
205763197,1730405,1730405049,15160048,Saodat,Саодат,Саодат
203471071,1730405,1730405002,15160061,Shaldiramoq,Шалдирамоқ,Шалдирамок
203552801,1730405,1730405053,15160028,Qalandarxona,Қаландархона,Каландархона
202985929,1730405,1730405069,15160079,Katta Ganjiravon,Катта Ганжиравон,Катта Ганжиравон
203520754,1730405,1730405009,15160059,Chorchinor,Чорчинор,Чорчинор
203559729,1730405,1730405021,15160029,Kalvak guzari,Калвак гузари,Калвак гузари
203504424,1730405,1730405029,15160006,Аt-Termiziy,Ат-Термизий,Ат-Термизий
203535544,1730405,1730405064,15160066,Yangiobod,Янгиобод,Янгиобод
203464475,1730405,1730405061,15160046,Rayxon,Райхон,Райхон
203493622,1730405,1730405027,15160033,Margʼilon darvozasi,Марғилон дарвозаси,Маргилон Дарвозаси
203383403,1730405,1730405065,15160044,Oltin vodiy,Олтин водий,Олтин Водий
203513414,1730405,1730405052,15160064,Yalong'och ota,Ялонғоч ота,Ялонгоч ота
203477539,1730405,1730405012,15160001,Аvgʼonbogʼ,Авғонбоғ,Авгонбог
205780984,1730405,1730405032,15160062,Shikorbegi,Шикорбеги,Шикорбеги
203556614,1730405,1730405003,15160052,Tolzor,Толзор,Толзор
203543733,1730405,1730405041,15160003,Аlisher Navoiy,Алишер Навоий,Алишер Навоий
203511535,1730405,1730405001,15160018,Davronbek,Давронбек,Давронбек
306091438,1730405,1730405071,15160078,Ashirqulmergan,Аширқулмерган,Аширкулмерган
206644938,1730405,1730405070,15160074,Baqachorsu,Бақачорсу,Бакачорсу
203381342,1730405,1730405026,15160032,Qoʼshchinor,Қўшчинор,Кушчинор
203454449,1730405,1730405044,15160011,Boʼston,Бўстон,Бустон
203119182,1730405,1730405075,15160073,Toshkentguzar,Тошкентгузар,Тошкентгузар
203392985,1730405,1730405054,15160015,G'ishtko'prik,Ғишткўприк,Гишткуприк
203556621,1730405,1730405004,15160016,Gʼishtli masjid,Ғиштли масжид,Гиштли Масжид
203882755,1730405,1730405072,15160077,Oydin buloq,Ойдин булоқ,Ойдин булок
203603515,1730405,1730405022,15160060,Shayxon,Шайхон,Шайхон
203452790,1730405,1730405034,15160065,Yangi chorsu,Янги чорсу,Янги Чорсу
203521998,1730405,1730405063,15160022,Zilol,Зилол,Зилол
203404540,1730405,1730405031,15160035,Muqimiy,Муқимий,Мукимий
203523314,1730405,1730405055,15160045,Parpashabof,Парпашабоф,Парпашабоф
203442186,1730405,1730405060,15160041,Nurafshon,Нурафшон,Нурафшон
202567846,1730412,1730412050,15190050,Chor Chinor,Чор Чинор,Чор Чинор
202437438,1730412,1730412049,15190052,Yangi bog',Янги боғ,Янги бог
202651505,1730412,1730412020,15190013,Yoyilma,Ёйилма,Ёйилма
309193134,1730412,1730412055,15190056,Yuksalish,Юксалиш,Юксалиш
202511734,1730412,1730412043,15190032,Orolboʼyi,Орол бўйи,Оролбуйи
202586428,1730412,1730412046,15190046,Oʼrdatagi,Ўрда таги,Урдатаги
202609680,1730412,1730412032,15190033,Pichoqchi,Пичоқчи,Пичокчи
202520328,1730412,1730412053,15190039,Toshloqtepa,Тошлоқ-тепа,Тошлоктепа
202676323,1730412,1730412006,15190019,Ipakchi,Ипакчи,Ипакчи
202609697,1730412,1730412017,15190018,Ipakyoʼli,Ипак йўли,Ипакйули
202677306,1730412,1730412014,15190022,Qashqar,Қашқар,Кашкар
202683085,1730412,1730412018,15190042,Tuyagum,Туягум,Туягум
202681040,1730412,1730412037,15190020,Istiqlol,Истиқлол,Истиклол
202609737,1730412,1730412023,15190041,Tut tagi,Тут таги,Тут таги
202678938,1730412,1730412039,15190002,Аriq boʼyi,Ариқ бўйи,Арик Буйи
202406278,1730412,1730412004,15190024,Kosibchilik,Косибчилик,Косибчилик
202609744,1730412,1730412027,15190038,Toshkesar,Тошкесар,Тошкесар
202416108,1730412,1730412001,15190025,Maorif,Маориф,Маориф
202674223,1730412,1730412051,15190014,Yorqin,Ёрқин,Ёркин
202681001,1730412,1730412047,15190049,Chilonzor,Чилонзор,Чилонзор
202427687,1730412,1730412031,15190034,Roxat,Рохат,Рохат
309192619,1730412,1730412056,15190055,Nurafshon,Нурафшон,Нурафшон
202526303,1730412,1730412016,15190003,Аxmad Yassaviy,Ахмад Яссавий,Ахмад Яссавий
202674215,1730412,1730412019,15190031,Nadirmat,Надирмат,Надирмат
202539864,1730412,1730412036,15190040,Turon,Турон,Турон
202656799,1730412,1730412025,15190012,Yovqochar,Ёвқочар,Ёвкочар
202609720,1730412,1730412030,15190036,Teraktagi,Терак-таги,Терактаги
202683061,1730412,1730412022,15190037,Togʼlik,Тоғлик,Тоглик
202656807,1730412,1730412048,15190001,Аlisher Navoiy,Алишер Навоий,Алишер Навоий
202759377,1730412,1730412009,15190047,Xoʼjaporso,Хўжа Порсо,Хужапорсо
202682300,1730412,1730412010,15190007,Vatan,Ватан,Ватан
202678921,1730412,1730412003,15190027,Miltiqsoz,Милтиқсоз,Милтиксоз
202833619,1730412,1730412026,15190009,Guliston,Гулистон,Гулистон
202681064,1730412,1730412015,15190011,Doʼstlik,Дўстлик,Дустлик
202676330,1730412,1730412021,15190023,Qirguli,Қиргули,Киргули
202779978,1730412,1730412052,15190026,Mashad,Машад,Машад
202609713,1730412,1730412045,15190048,Charogʼon,Чароғон,Чарогон
202414434,1730412,1730412035,15190008,Galatoy,Галатой,Галатой
202697914,1730412,1730412034,15190028,Mustaqillik,Мустақиллик,Мустакиллик
202765125,1730412,1730412028,15190015,Zahiriddin Muhammad Bobur,Заҳириддин Муҳаммад Бобур,Захириддин Мухаммад Бобур
202609665,1730412,1730412033,15190053,Yangi obod,Янги обод,Янги обод
202681025,1730412,1730412005,15190035,Saxovat,Саховат,Саховат
202609673,1730412,1730412041,15190030,Navroʼz,Наврўз,Навруз
202609776,1730412,1730412038,15190029,Navbahor,Навбаҳор,Навбахор
202609641,1730412,1730412002,15190043,Uvaysiy,Увайсий,Увайсий
202681018,1730412,1730412044,15190010,Goʼravvol,Гўриаввал,Гураввол
202547284,1730412,1730412012,15190021,Yo'rmaduz,Йўрмадуз,Йурмадуз
202676347,1730412,1730412024,15190016,Zuhro,Зуҳро,Зухро
202676315,1730412,1730412011,15190005,Bahrin,Баҳрин,Бахрин
202559451,1730412,1730412054,15190006,Burhoniddin Margʻiloniy,Бурҳониддин Марғилоний,Бурхониддин Маргилоний
203253287,1730215,1730215058,15020048,Chimboy,Чимбой,Чимбой
203264804,1730215,1730215044,15020059,Yangi,Янги,Янги
202842813,1730215,1730215036,15020041,Telov,Телов,Телов
202857739,1730215,1730215024,15020028,Qoʼrgʼoncha,Қўрғонча,Кургонча
206476030,1730215,1730215011,15020003,Аriqboshi,Ариқбоши,Арикбоши
202842837,1730215,1730215050,15020047,Xalqlar doʼstligi,Халқлар дўстлиги,Халклар Дустлиги
203264764,1730215,1730215031,15020029,Maʼrifat,Маърифат,Маърифат
203236172,1730215,1730215015,15020044,Uzun,Узун,Узун
203236133,1730215,1730215009,15020006,Beshkapa,Бешкапа,Бешкапа
203240374,1730215,1730215006,15020010,Boʼston,Бўстон,Бустон
203253270,1730215,1730215060,15020032,Navkat,Навкат,Навкат
202968085,1730215,1730215051,15020035,Obod,Обод,Обод
203264835,1730215,1730215020,15020012,Vorux-dasht,Ворух-дашт,Ворух-дашт
204031586,1730215,1730215018,15020002,Аbdurazzoq ota,Абдураззоқ ота,Абдураззок Ота
203270765,1730215,1730215023,15020049,Аndarxon,Андархон,Андархон
203288401,1730215,1730215045,15020052,Shoberdi,Шоберди,Шоберди
203264724,1730215,1730215043,15020013,Gambay,Гамбай,Гамбай
203078884,1730215,1730215057,15020055,Yuqori zarqaynar,Юқори Зарқайнар,Юкори Заркайнар
202854884,1730215,1730215037,15020061,Yangi xayot,Янги хаёт,Янги Хаёт
203253294,1730215,1730215059,15020007,Beshsari,Бешсари,Бешсари
203264749,1730215,1730215029,15020037,Pastki yangiqoʼrgʼon,Пастки Янгиқўрғон,Пастки Янгикургон
203302178,1730215,1730215048,15020016,Dehqontoʼda,Деҳқонтўда,Дехконтуда
203236157,1730215,1730215002,15020025,Quyi tovul,Қуйи Товул,Куйи Товул
203270758,1730215,1730215022,15020019,Kapayangi,Капаянги,Капаянги
304974336,1730215,1730215026,15020033,Namuna,Намуна,Намуна
304975564,1730215,1730215032,15020038,Rapqon,Рапқон,Рапкон
203253303,1730215,1730215053,15020024,Quyi zarqaynar,Қуйи Зарқайнар,Куйи Заркайнар
206982011,1730215,1730215046,15020021,Qiyat-Sartol,Қият-Сартол,Кият-Сартол
202854892,1730215,1730215033,15020060,Yangi Rapqon,Янги Рапқон,Янги Рапкон
201976171,1730215,1730215042,15020011,Vatan,Ватан,Ватан
203270734,1730215,1730215005,15020020,Qiyali,Қияли,Кияли
203264828,1730215,1730215019,15020001,Аbduvay,Абдувай,Абдувай
203270741,1730215,1730215004,15020039,Sobirtepa,Собиртепа,Собиртепа
202968101,1730215,1730215014,15020056,Yuqori tovul,Юқори товул,Юкори Товул
203253248,1730215,1730215040,15020004,Baxmal,Бахмал,Бахмал
202854860,1730215,1730215021,15020043,Toshariq,Тошариқ,Тошарик
203264756,1730215,1730215027,15020040,Soylabi,Сойлаби,Сойлаби
203253231,1730215,1730215061,15020034,Nurafshon,Нурафшон,Нурафшон
203264788,1730215,1730215028,15020027,Qum,Қум,Кум
203240382,1730215,1730215008,15020022,Korkam,Кўркам,Кoркам
203236140,1730215,1730215010,15020054,Eshon,Эшон,Эшон
201636199,1730215,1730215054,15020009,Buloqboshi,Булоқбоши,Булокбоши
304964696,1730215,1730215003,15020017,Doʼstlik,Дўстлик,Дустлик
304966234,1730215,1730215001,15020062,Yangiqoʻrgʻon,Янгиқўрғон,Янгикургон
203299862,1730215,1730215041,15020053,Shodlikobod,Шодликобод,Шодликобод
203240367,1730215,1730215007,15020057,Yakkatut,Яккатут,Яккатут
202845437,1730215,1730215038,15020046,Fayzobod,Файзобод,Файзобод
202866807,1730215,1730215055,15020014,Dala-H.Olimjon,Дала-Ҳ.Олимжон,Дала-Х.Олимжон
203296470,1730215,1730215062,15020045,Oʼttizzambar,Ўттизомбор,Уттиззамбар
202854900,1730215,1730215034,15020015,Dexqonobod,Дехқонобод,Дехконобод
202857746,1730215,1730215035,15020036,Oltin koʼl,Олтинкўл,Олтин Кул
203264795,1730215,1730215039,15020026,Kulol-obod,Кулол-обод,Кулол-обод
202842820,1730215,1730215025,15020031,Navbaxor,Навбахор,Навбахор
203293634,1730215,1730215013,15020023,Qoraqoʼyli,Қорақўйли,Коракуйли
203253263,1730215,1730215017,15020058,Qashqar,Қашқар,Кашкар
203304680,1730215,1730215049,15020051,Chorbogʼtoʼrongʼi,Чорбоғтўронғи,Чорбогтуронги
203236164,1730215,1730215016,15020018,Iftixor,Ифтихор,Ифтихор
203574988,1730209,1730209032,15010022,Qoʼgʼoli,Қўғоли,Куголи
304948217,1730209,1730209038,15010035,Nurafshon,Нурафшон,Нурафшон
200158991,1730209,1730209023,15010002,Bagʼdod,Бағдод,Багдод
309079757,1730209,1730209030,15010058,Guliston,Гулистон,Гулистон
203564485,1730209,1730209051,15010053,Cho'rindi,Чўринди,Чуринди
203574932,1730209,1730209011,15010020,Qorakoʼl,Қоракўл,Коракул
203564335,1730209,1730209034,15010016,Qaxat,Қахат,Кахат
203579316,1730209,1730209021,15010042,Samarqand,Самарқанд,Самарканд
203564533,1730209,1730209028,15010041,Samandarak,Самандарак,Самандарак
203564328,1730209,1730209048,15010031,Muqumiy,Муқумий,Мукуми
203561324,1730209,1730209017,15010019,Konizar,Конизар,Конизар
203561370,1730209,1730209005,15010021,Qorovultepa,Қоровултепа,Коровултепа
304951000,1730209,1730209006,15010034,Namuna,Намуна,Намуна
203574964,1730209,1730209013,15010050,Cheksaroy,Чексарой,Чексарой
203564350,1730209,1730209036,15010051,Chuvalanchi,Чуваланчи,Чуваланчи
304950643,1730209,1730209031,15010033,Navroʼz,Наврўз,Навруз
200158944,1730209,1730209058,15010010,Zafarobod,Зафаробод,Зафаробод
203564399,1730209,1730209029,15010032,Muruvvat,Мурувват,Мурувват
203564439,1730209,1730209044,15010052,Choʼlyunus,Чўл-Юнус,Чулюнус
203564414,1730209,1730209043,15010038,Olchin,Олчин,Олчин
203579324,1730209,1730209047,15010013,Ittifoq,Иттифоқ,Иттифок
309026782,1730209,1730209059,15010057,Chekxitoy,Чекхитой,Чекхитой
203561355,1730209,1730209008,15010001,Аmirobod,Амиробод,Амиробод
203564407,1730209,1730209040,15010045,Ultarma,Ултарма,Ултарма
203564518,1730209,1730209054,15010008,Doʼrmancha,Дўрманча,Дурманча
203574949,1730209,1730209056,15010014,Karimbobo,Каримбобо,Каримбобо
203564374,1730209,1730209027,15010017,Qashqarmakay,Қашқармакай,Кашкармакай
203564461,1730209,1730209042,15010024,Qoʼshtegirmon-2,Қўштегирмон-2,Куштегирмон-2
203564501,1730209,1730209055,15010003,Bedarak,Бедарак,Бедарак
304950105,1730209,1730209001,15010036,Obod yurt,Обод юрт,Обод Юрт
207156468,1730209,1730209019,15010055,Yuqori Mirzaobod,Юқори Мирзаобод,Юкори Мирзаобод
203579291,1730209,1730209022,15010028,Mexnatobod,Мехнатобод,Мехнатобод
203564367,1730209,1730209049,15010046,Oʼzbekiston,Ўзбекистон,Узбекистан
203561331,1730209,1730209018,15010029,Mirzaobod,Мирзаобод,Мирзаобод
206941140,1730209,1730209057,15010037,Oydinbuloq,Ойдинбулоқ,Ойдинбулок
203564493,1730209,1730209050,15010009,Doʼstlik,Дўстлик,Дустлик
304960006,1730209,1730209045,15010056,Yuksalish,Юксалиш,Юксалиш
203561284,1730209,1730209007,15010018,Qirqvolida,Қирқволида,Киркволида
203564540,1730209,1730209010,15010005,Bogʼishamol,Боғишамол,Богишамол
203564422,1730209,1730209039,15010007,Dasht,Дашт,Дашт
203564382,1730209,1730209025,15010025,Qoʼshchinor,Қўшчинор,Кушчинор
203552929,1730209,1730209004,15010015,Qaroqchitol,Қароқчитол,Карокчитол
309075991,1730209,1730209014,15010059,Yangiobod,Янгиобод,Янгиобод
304952704,1730209,1730209052,15010004,Bekobod,Бекобод,Бекобод
304970531,1730209,1730209053,15010012,Istiqlol,Истиқлол,Истиклол
203561291,1730209,1730209009,15010049,Chekmirzaobod,Чекмирзаобод,Чекмирзаобод
200158952,1730209,1730209012,15010027,Matqulobod,Матқулобод,Маткулобод
203574924,1730209,1730209033,15010011,Irgʼoli,Ирғоли,Ирголи
203564343,1730209,1730209035,15010047,Xitoy,Хитой,Хитой
203574971,1730209,1730209046,15010006,Bordon,Бордон,Бордон
203552912,1730209,1730209002,15010048,Xoʼjaqishloq,Хўжақишлоқ,Хужакишлок
203561316,1730209,1730209016,15010054,Shoʼroqer,Шўроқер,Шурокер
203561309,1730209,1730209015,15010026,Maylaboy,Майлабой,Майлабой
304956112,1730209,1730209020,15010040,Saidobod,Саидобод,Саидобод
206940198,1730209,1730209037,15010044,Tuvadaq,Тувадақ,Тувадак
203564454,1730209,1730209041,15010023,Qoʼshtegirmon-1,Қўштегирмон-1,Куштегирмон-1
202778433,1730212,1730212022,15030005,Beshterak,Бештерак,Бештерак
206396369,1730212,1730212033,15030030,Ponsod,Понсод,Понсод
202786416,1730212,1730212029,15030009,Dodxo,Додхо,Додхо
202778361,1730212,1730212054,15030010,Jaloer,Жалоер,Жалоер
202778418,1730212,1730212001,15030034,Togʼliq,Тоғлиқ,Тоглик
202778425,1730212,1730212004,15030035,Tuman,Туман,Туман
202720538,1730212,1730212041,15030020,Qoʼrgʼonobod,Қўрғонобод,Кургонобод
202862392,1730212,1730212032,15030055,Yashnarobod,Яшнаробод,Яшнаробод
202778489,1730212,1730212035,15030004,Begobod,Бегобод,Бегобод
202778228,1730212,1730212040,15030016,Qoraqum,Қорақум,Коракум
202720514,1730212,1730212044,15030011,Jiydali,Жийдали,Жийдали
202778322,1730212,1730212025,15030036,Turk,Турк,Турк
202720481,1730212,1730212051,15030026,Oqqoʻrgʻon,Оққўрғон,Оккургон
202781218,1730212,1730212047,15030050,Yuqorimangʼit,Юқори Манғит,Юкоримангит
202778235,1730212,1730212036,15030029,Pishagʻar,Пишағар,Пишагар
202778243,1730212,1730212031,15030027,Oqtepa,Оқтепа,Октепа
202720545,1730212,1730212013,15030037,Uzumzor,Узумзор,Узумзор
202720553,1730212,1730212002,15030051,Yangiqadam,Янгиқадам,Янгикадам
202778274,1730212,1730212010,15030049,Elobod,Элобод,Элобод
202720560,1730212,1730212009,15030006,Buvayda,Бувайда,Бувайда
202720506,1730212,1730212030,15030053,Yangi qoʼrgʼon,Янгиқўрғон,Янги Кургон
202778339,1730212,1730212020,15030038,Urganji,Урганжи,Урганжи
207125538,1730212,1730212005,15030032,Tarrachi,Таррачи,Таррачи
202778314,1730212,1730212026,15030048,Shoʼr qishloq,Шўрқишлоқ,Шур Кишлок
202720521,1730212,1730212034,15030002,Bachqir,Бачқир,Бачкир
202862345,1730212,1730212052,15030003,Beglar,Беглар,Беглар
202778401,1730212,1730212048,15030033,Tepalik,Тепалик,Тепалик
202720466,1730212,1730212024,15030001,Аrab,Араб,Араб
202720498,1730212,1730212014,15030019,Qo'ngirot,Қўнгирот,Кунгирот
202778393,1730212,1730212043,15030045,Choʼtaka,Чўтака,Чутака
202778378,1730212,1730212045,15030021,Qoʼrgʼoncha,Қўрғонча,Кургонча
202778472,1730212,1730212015,15030008,Dexqonobod,Дехқонобод,Дехконобод
202778354,1730212,1730212017,15030039,Oʼrta qoʼngʼirot,Ўрта қўнғирот,Урта Кунгирот
202862424,1730212,1730212037,15030031,Poshshopirim,Пошшопирим,Пошшопирим
203516504,1730212,1730212039,15030028,Oltinqo'rgon,Олтинқўргон,Олтинкургон
304078019,1730212,1730212023,15030046,Shodlik,Шодлик,Шодлик
205417293,1730212,1730212008,15030015,Buyuk ipak yoʼli,Буюк ипак йўли,Буюк Ипак Йули
202778346,1730212,1730212055,15030052,Yangiqishloq,Янгиқишлоқ,Янгикишлок
207246704,1730212,1730212006,15030047,Shoʼr,Шўр,Шур
207149372,1730212,1730212019,15030040,Xakimtoʼra,Хакимтўра,Хакимтура
304079475,1730212,1730212007,15030017,Qoratepa,Қоратепа,Коратепа
202778267,1730212,1730212050,15030013,Jov,Жов,Жов
202778385,1730212,1730212049,15030023,Nayman,Найман,Найман
202778307,1730212,1730212011,15030024,Ozod,Озод,Озод
202778464,1730212,1730212016,15030044,Choʼmbogʼish,Чўмбоғиш,Чумбогиш
202786391,1730212,1730212053,15030014,Ingʻirchoq,Инғирчоқ,Ингирчок
206394624,1730212,1730212021,15030018,Qum,Қум,Кум
202778457,1730212,1730212012,15030025,Oyim,Ойим,Ойим
202778282,1730212,1730212003,15030007,Bumozor,Бумозор,Бумозор
202786409,1730212,1730212046,15030022,Maslahat,Маслаҳат,Маслахат
206849333,1730212,1730212027,15030054,Yangi xayot,Янгихаёт,Янги Хаёт
202778299,1730212,1730212018,15030043,Xojaobod,Хожаобод,Хожаобод
202778211,1730212,1730212038,15030041,Xasan qoʼrgʼoncha,Хасанқўрғонча,Хасан Кургонча
203017223,1730236,1730236037,15040011,Katta Аmirobod,Катта Амиробод,Катта Амиробод
203149011,1730236,1730236002,15040040,Tumor,Тумор,Тумор
203141015,1730236,1730236033,15040004,Boy Boʻta,Бой Бўта,Бой Бута
202735770,1730236,1730236035,15040002,Аrziktepa,Арзиктепа,Арзиктепа
203022241,1730236,1730236022,15040034,Soyshildir,Сой Шилдир,Сойшилдир
203022258,1730236,1730236029,15040012,Katta aravon,Катта Аравон,Катта Аравон
203026133,1730236,1730236031,15040038,Targʼova,Тарғова,Таргова
203158855,1730236,1730236003,15040024,Qum qiyali,Қум Қияли,Кум Кияли
200165114,1730236,1730236005,15040028,Oqjar,Оқжар,Окжар
203017230,1730236,1730236017,15040039,Teliming,Телиминг,Телиминг
203300877,1730236,1730236044,15040020,Qiyali qoʼrgʼoncha,Қияли Қўрғонча,Кияли Кургонча
203149035,1730236,1730236001,15040021,Qiyali,Қияли,Кияли
203026204,1730236,1730236007,15040010,Kapasaroy,Капасарой,Капасарой
203022194,1730236,1730236030,15040017,Qashqar,Қашқар,Кашкар
203026229,1730236,1730236039,15040042,Uvaysiy,Увайсий,Увайсий
203026189,1730236,1730236046,15040005,Boʼriqum,Бўриқум,Бурикум
203040465,1730236,1730236014,15040045,Chinobod,Чинобод,Чинобод
203040473,1730236,1730236021,15040025,Mangʼit,Манғит,Мангит
203022202,1730236,1730236008,15040001,Аbdusamad,Абдусамад,Абдусамад
203058734,1730236,1730236049,15040031,Pishqaron,Пишқарон,Пишкарон
203126602,1730236,1730236040,15040009,Istiqlol,Истиқлол,Истиклол
202280793,1730236,1730236028,15040015,Katta minglar,Катта Минглар,Катта Минглар
203022186,1730236,1730236011,15040016,Katta turk,Катта турк,Катта Турк
203054954,1730236,1730236004,15040026,Navbaxor,Навбахор,Навбахор
203147196,1730236,1730236018,15040033,Sanam,Санам,Санам
203153174,1730236,1730236026,15040027,Naymancha,Найманча,Найманча
202261570,1730236,1730236010,15040003,Bogʼish,Боғиш,Богиш
203017208,1730236,1730236012,15040019,Kichik turk,Кичик турк,Кичик Турк
203015391,1730236,1730236006,15040037,Taptiqsaroy,Таптиқсарой,Таптиксарой
203054946,1730236,1730236042,15040043,Uymovut,Уймовут,Уймовут
204927514,1730236,1730236043,15040013,Katta boybucha,Катта бойбуча,Катта Бойбуча
203022219,1730236,1730236047,15040023,Qoramulla,Қорамулла,Корамулла
203026172,1730236,1730236036,15040048,Yangi zamon,Янги замон,Янги Замон
203022226,1730236,1730236048,15040044,Urganji,Урганжи,Урганжи
203209807,1730236,1730236023,15040029,Oqtepa,Оқтепа,Октепа
203041678,1730236,1730236009,15040008,Doimobod,Доимобод,Доимобод
203002804,1730236,1730236045,15040049,Yashik,Яшик,Яшик
203134394,1730236,1730236032,15040032,Raxmatillo,Рахматилло,Рахматилло
203054939,1730236,1730236041,15040035,Taypoq,Тайпоқ,Тайпок
203040480,1730236,1730236038,15040018,Qizilmusht,Қизилмушт,Кизилмушт
203126554,1730236,1730236024,15040047,Shopoʼlat,Шопўлат,Шопулат
203040441,1730236,1730236034,15040006,Shodlik,Шодлик,Шодлик
202991067,1730236,1730236025,15040007,G'umayli,Ғумайли,Гумайли
202993167,1730236,1730236015,15040030,Oltiqush,Олтиқуш,Олтикуш
203280230,1730242,1730242019,15050025,Taraqqiyot,Тараққиёт,Тараккиёт
203276345,1730242,1730242031,15050008,Yoshlik,Ёшлик,Ёшлик
304924413,1730242,1730242017,15050010,Istiqlol,Истиқлол,Истиклол
304969554,1730242,1730242030,15050028,Xonobod,Хонобод,Хонобод
305399575,1730242,1730242006,15050016,Qotortol,Қотортол,Котортол
203276360,1730242,1730242032,15050023,Soy yoni,Сой ёни,Сой ёни
305516018,1730242,1730242033,15050024,Suvliariq,Сувлиариқ,Сувлиарик
203278120,1730242,1730242028,15050020,Navroʼz,Наврўз,Навруз
203276377,1730242,1730242005,15050027,Toshxovuz,Тошховуз,Тошховуз
305699828,1730242,1730242009,15050032,Yangibo'ston,Янгибўстон,Янгибустон
305460137,1730242,1730242014,15050013,Qorasoqol,Қорасоқол,Корасокол
203304697,1730242,1730242007,15050009,Ijodkor,Ижодкор,Ижодкор
305230256,1730242,1730242024,15050012,Ishtirxon,Иштирхон,Иштирхон
304925768,1730242,1730242010,15050005,Guliston,Гулистон,Гулистон
203278034,1730242,1730242023,15050004,Guzarboshi,Гузарбоши,Гузарбоши
203272644,1730242,1730242004,15050011,Ittifoq,Иттифоқ,Иттифок
203292287,1730242,1730242025,15050003,Gaston,Гастон,Гастон
203278065,1730242,1730242021,15050006,Doʼstlik,Дўстлик,Дустлик
305355069,1730242,1730242008,15050033,Yangiobod,Янгиобод,Янгиобод
203268505,1730242,1730242003,15050002,Beruniy,Беруний,Беруний
203285588,1730242,1730242012,15050022,Soyboʼyi,Сойбўйи,Сойбуйи
203278041,1730242,1730242022,15050021,Porloq,Порлоқ,Порлок
203278019,1730242,1730242020,15050015,Qoratepa,Қоратепа,Коратепа
203280223,1730242,1730242016,15050029,Choʼliguliston,Чўлигулистон,Чулигулистон
204418768,1730242,1730242018,15050014,Qorasoy,Қорасой,Корасой
203276338,1730242,1730242015,15050030,Yuqori,Юқори,Юкори
203288464,1730242,1730242013,15050019,Mustahkam doʼstlik,Мустаҳкам дўстлик,Мустахкам Дустлик
203268513,1730242,1730242002,15050017,Qoʼrgʼoncha,Қўрғонча,Кургонча
304942613,1730242,1730242001,15050018,Markaziy Farg'ona,Марказий Фарғона,Марказий Фаргона
203278026,1730242,1730242026,15050007,Yozyovon,Ёзёвон,Ёзёвон
203285571,1730242,1730242011,15050031,Yuqori Soyboʼyi,Юқори Сойбўйи,Юкори Сойбуйи
203278097,1730242,1730242027,15050001,Bahor,Баҳор,Бахор
202827688,1730218,1730218013,15060053,Turk,Турк,Турк
303131143,1730218,1730218053,15060038,Pastki Xonobod,Пастки Хонобод,Пастки Хонобод
205971801,1730218,1730218024,15060005,Bolalik,Болалик,Болалик
202824368,1730218,1730218010,15060059,Chilon,Чилон,Чилон
202741908,1730218,1730218057,15060052,Toshhovuz,Тошҳовуз,Тошховуз
202827728,1730218,1730218029,15060034,Novkent,Новкент,Новкент
202824415,1730218,1730218040,15060044,Soykeldi,Сойкелди,Сойкелди
202824375,1730218,1730218009,15060020,Qalinpoʼstin,Қалинпўстин,Калинпустин
202824534,1730218,1730218035,15060035,Oqqoʻrgʻon,Оққўрғон,Оккургон
202741923,1730218,1730218064,15060009,Gulobod,Гулобод,Гулобод
202824502,1730218,1730218002,15060060,Yuziya,Юзия,Юзия
200171510,1730218,1730218044,15060006,Boʼston,Бўстон,Бустон
202827735,1730218,1730218032,15060063,Yangiqishloq,Янгиқишлоқ,Янгикишлок
202824390,1730218,1730218046,15060013,Dehqonobod,Деҳқонобод,Дехконобод
202741836,1730218,1730218061,15060011,Goʼzal,Гўзал,Гузал
202741915,1730218,1730218062,15060056,Oʼzbekiston,Ўзбекистон,Узбекистан
200171542,1730218,1730218026,15060054,Turkrovot,Туркровот,Туркровот
202741829,1730218,1730218059,15060041,Rasta,Раста,Раста
200171455,1730218,1730218041,15060016,Ittifoq,Иттифоқ,Иттифок
202824408,1730218,1730218045,15060064,Yangiobod,Янгиобод,Янгиобод
202824430,1730218,1730218005,15060036,Oltinariq,Олтинариқ,Олтинарик
202741868,1730218,1730218060,15060007,Gʼalaba,Ғалаба,Галаба
202741883,1730218,1730218058,15060047,Taxtakoʼprik,Тахтакўприк,Тахтакуприк
202827649,1730218,1730218042,15060042,Sanoatchilar,Саноатчилар,Саноатчилар
202824565,1730218,1730218049,15060018,Qayirma,Қайирма,Кайирма
202824519,1730218,1730218043,15060045,Sultonobod,Султонобод,Султонобод
202824558,1730218,1730218050,15060032,Nayman,Найман,Найман
202824383,1730218,1730218034,15060049,Tojikqishloq,Тожикқишлоқ,Тожиккишлок
202824351,1730218,1730218038,15060031,Mustaqillik,Мустақиллик,Мустакиллик
202827711,1730218,1730218028,15060023,Katta Qashqar,Катта Қашқар,Катта Кашкар
202741812,1730218,1730218056,15060048,Tinchlik,Тинчлик,Тинчлик
200171527,1730218,1730218051,15060030,Madaniyat,Маданият,Маданият
207083149,1730218,1730218025,15060037,Pandigon,Пандигон,Пандигон
200171470,1730218,1730218031,15060043,Soyguzar,Сойгузар,Сойгузар
202824462,1730218,1730218023,15060025,Qashqar,Қашқар,Кашкар
203303484,1730218,1730218033,15060061,Yuqori Qo'rgoncha,Юқори Қўргонча,Юкори Кургонча
202824494,1730218,1730218003,15060008,Guliston,Гулистон,Гулистон
205503543,1730218,1730218018,15060026,Qoraqum,Қорақум,Коракум
200171487,1730218,1730218020,15060022,Katta Dehqonobod,Катта Деҳқонобод,Катта Дехконобод
200171566,1730218,1730218011,15060033,Namuna,Намуна,Намуна
200171503,1730218,1730218007,15060002,Baynalminal,Байналминал,Байналминал
202827704,1730218,1730218030,15060027,Qorashox,Қорашох,Корашох
202849984,1730218,1730218055,15060051,Toshkent,Тошкент,Тошкент
207001408,1730218,1730218016,15060004,Boyiston,Бойистон,Бойистон
202824423,1730218,1730218006,15060012,Damariq,Дамариқ,Дамарик
303131071,1730218,1730218019,15060055,Oʼzbek,Ўзбек,Узбек
202827671,1730218,1730218015,15060019,Yangi Quva,Янги Қува,Янги Қува
202741844,1730218,1730218054,15060028,Quva,Қува,Кува
202827664,1730218,1730218017,15060062,Yangi xayot,Янги хаёт,Янги хаёт
202824454,1730218,1730218008,15060040,Paxtakor,Пахтакор,Пахтакор
202824344,1730218,1730218014,15060065,Yangi chek,Янги чек,Янги Чек
202827656,1730218,1730218012,15060050,Tolmozor,Толмозор,Толмозор
200171494,1730218,1730218001,15060001,Аkbarobod,Акбаробод,Акбаробод
202824541,1730218,1730218048,15060046,Soʼfi,Сўфи,Суфи
202827695,1730218,1730218027,15060039,Pastki Xoʻja Xasan,Пастки Хўжа Хасан,Пастки Хужа Хасан
202751468,1730218,1730218063,15060029,Mo'ydin Xasanov,Мўйдин Хасанов,Муйдин Хасанов
202975212,1730218,1730218039,15060057,Oʼraboshi,Ўрабоши,Урабоши
200171559,1730218,1730218047,15060017,Iftixor,Ифтихор,Ифтихор
202824479,1730218,1730218021,15060024,Katta qishloq,Катта қишлоқ,Катта Кишлок
202824486,1730218,1730218022,15060015,Jalaer,Жалаер,Жалаер
202824447,1730218,1730218004,15060021,Kandabuloq,Кандабулоқ,Кандабулок
202827743,1730218,1730218052,15060058,Xonobod,Хонобод,Хонобод
200171534,1730218,1730218037,15060003,Bahor,Баҳор,Бахор
203247278,1730203,1730203010,15070050,Toshobod,Тошобод,Тошобод
203245043,1730203,1730203053,15070065,Eskiarab,Эскиараб,Эскиараб
203272730,1730203,1730203041,15070002,Beglar,Беглар,Беглар
202486393,1730203,1730203014,15070044,Poloson,Полосон,Полосон
203272675,1730203,1730203037,15070069,Yangiqoʼrgʼon,Янгиқўрғон,Янгикургон
203245035,1730203,1730203069,15070046,Tegirmonboshi,Тегирмонбоши,Тегирмонбоши
203268694,1730203,1730203043,15070001,Аzimobod,Азимобод,Азимобод
203268631,1730203,1730203022,15070026,Qiziltepa,Қизилтепа,Кизилтепа
203248854,1730203,1730203029,15070039,Oq oltin,Оқ олтин,Ок олтин
203272715,1730203,1730203038,15070066,Yuksalish,Юксалиш,Юксалиш
203245028,1730203,1730203048,15070009,Gʼayrat,Ғайрат,Гайрат
203296510,1730203,1730203059,15070019,Zilol,Зилол,Зилол
203247261,1730203,1730203009,15070072,Yangichek,Янгичек,Янгичек
203245082,1730203,1730203052,15070022,Istiqlol,Истиқлол,Истиклол
203253366,1730203,1730203064,15070070,Yangiturmush,Янгитурмуш,Янгитурмуш
203274063,1730203,1730203019,15070013,Yoshlik,Ёшлик,Ёшлик
203268710,1730203,1730203044,15070017,Joʼrak,Жўрак,Журак
203268742,1730203,1730203045,15070034,Mustaqillik,Мустақиллик,Мустакиллик
203296503,1730203,1730203018,15070012,Doʼstlik,Дўстлик,Дустлик
203272690,1730203,1730203040,15070031,Maorif,Маориф,Маориф
203274055,1730203,1730203021,15070016,Jonibek,Жонибек,Жонибек
203274016,1730203,1730203020,15070041,Olmazor,Олмазор,Олмазор
203257344,1730203,1730203035,15070059,Chinortagi,Чинортаги,Чинортаги
203259524,1730203,1730203060,15070068,Yangiariq,Янгиариқ,Янгиарик
203257297,1730203,1730203030,15070058,Xoʼjaqoʼrgʼon,Хўжақўрғон,Хужакургон
203248750,1730203,1730203072,15070025,Qaxramon,Қахрамон,Кахрамон
203248885,1730203,1730203027,15070005,Bozorboshi,Бозорбоши,Бозорбоши
203268759,1730203,1730203047,15070056,Farovon,Фаровон,Фаровон
203248878,1730203,1730203024,15070049,Toshkent,Тошкент,Тошкент
203268591,1730203,1730203004,15070047,Tinchlik,Тинчлик,Тинчлик
203274070,1730203,1730203015,15070021,Ibn Sino,Ибн Сино,Ибн Сино
203248767,1730203,1730203071,15070040,Oqboʻyra,Оқбўйра,Окбуйра
203245067,1730203,1730203050,15070015,Jarqoʼrgʼon,Жарқўрғон,Жаркургон
203290890,1730203,1730203051,15070030,Qoʼrgʼoncha,Қўрғонча,Кургонча
203290875,1730203,1730203068,15070020,Zilxa,Зилха,Зилха
203257337,1730203,1730203032,15070029,Koʼmirchi,Кўмирчи,Кумирчи
203268734,1730203,1730203046,15070045,Sertut,Сертут,Сертут
203274048,1730203,1730203017,15070003,Beruniy,Беруний,Беруний
203257273,1730203,1730203034,15070032,Mirfozil,Мирфозил,Мирфозил
203253381,1730203,1730203066,15070014,Jarariq,Жарариқ,Жарарик
203248799,1730203,1730203058,15070011,Gulobod,Гулобод,Гулобод
203259594,1730203,1730203056,15070007,Bunyodkor,Бунёдкор,Бунёдкор
203272708,1730203,1730203042,15070035,Navbahor,Навбаҳор,Навбахор
203248782,1730203,1730203057,15070061,Shalola,Шалола,Шалола
203248807,1730203,1730203070,15070036,Navqiron,Навқирон,Навкирон
203257265,1730203,1730203036,15070051,Uzumchi,Узумчи,Узумчи
203272683,1730203,1730203039,15070052,Usmonobod,Усмонобод,Усмонобод
203257313,1730203,1730203028,15070028,Koʼlboʼyi,Кўлбўйи,Кулбуйи
203259548,1730203,1730203062,15070048,Tolkoʼcha,Толкўча,Толкуча
203257320,1730203,1730203031,15070008,Boʼston,Бўстон,Бустон
203543804,1730203,1730203065,15070063,Shodiyona,Шодиёна,Шодиёна
203247239,1730203,1730203013,15070062,Sharq,Шарқ,Шарк
203247222,1730203,1730203011,15070023,Qapchugʼay,Қапчуғай,Капчугай
203245074,1730203,1730203049,15070004,Birlashgan,Бирлашган,Бирлашган
203259570,1730203,1730203055,15070060,Chordara,Чордара,Чордара
203257305,1730203,1730203033,15070018,Zarxal,Зархал,Зархал
203268584,1730203,1730203003,15070038,Obod,Обод,Обод
203268609,1730203,1730203025,15070064,Shodlik,Шодлик,Шодлик
203274031,1730203,1730203016,15070033,Muqimiy,Муқимий,Мукимий
203253374,1730203,1730203067,15070053,Ustoz,Устоз,Устоз
203248861,1730203,1730203026,15070006,Bugʼdoychi,Буғдойчи,Бугдойчи
203248846,1730203,1730203006,15070037,Navoiy,Навоий,Навоий
202486385,1730203,1730203063,15070055,Fayziobod,Файзиобод,Файзиобод
203259531,1730203,1730203061,15070024,Katput,Катпут,Катпут
203268569,1730203,1730203002,15070071,Yangi xayot,Янги хаёт,Янги хаёт
203247254,1730203,1730203008,15070043,Povulgʼon,Повулғон,Повулгон
203259563,1730203,1730203054,15070067,Yangiarab,Янгиараб,Янгиараб
203247246,1730203,1730203012,15070027,Quvurboshi,Қувурбоши,Кувурбоши
203268576,1730203,1730203005,15070057,Xamid Olimjon,Хамид Олимжон,Хамид Олимжон
204011753,1730206,1730206012,15080033,Oqtepa,Оқтепа,Октепа
204013900,1730206,1730206042,15080041,Fayz,Файз,Файз
204006860,1730206,1730206048,15080042,Xalqobod,Халқобод,Халкобод
204024634,1730206,1730206038,15080005,Garmdon,Гармдон,Гармдон
204013924,1730206,1730206025,15080023,Qoraqushchi,Қорақушчи,Коракушчи
204006932,1730206,1730206018,15080004,Vatan,Ватан,Ватан
204022161,1730206,1730206022,15080001,Baland masjid,Баланд масжид,Баланд масжид
204470279,1730206,1730206040,15080026,Koʼprikboshi,Кўприкбоши,Куприкбоши
204009263,1730206,1730206013,15080032,Nurafshon,Нурафшон,Нурафшон
204011824,1730206,1730206039,15080037,Solijonobod,Солижонобод,Солижонобод
204755469,1730206,1730206004,15080050,Yangi do'kon,Янги дўкон,Янги дукон
204005048,1730206,1730206014,15080018,Qizilariq,Қизилариқ,Кизиларик
204006917,1730206,1730206003,15080015,Karnaychi,Карнайчи,Карнайчи
204009287,1730206,1730206033,15080046,Shahartepa,Шаҳартепа,Шахартепа
204028937,1730206,1730206030,15080047,Shodlik,Шодлик,Шодлик
204024626,1730206,1730206037,15080034,Paxtakor,Пахтакор,Пахтакор
204013877,1730206,1730206041,15080027,Qoʼrgʼoncha,Қўрғонча,Кургонча
204006884,1730206,1730206001,15080038,Soxibkor,Сохибкор,Сохибкор
204006900,1730206,1730206002,15080019,Qiyqi,Қийқи,Кийки
204024641,1730206,1730206029,15080002,Borot,Борот,Борот
204013932,1730206,1730206046,15080009,Doʼstlik,Дўстлик,Дустлик
204011745,1730206,1730206011,15080012,Yo'ldoshobod,Йўлдошобод,Йулдошобод
202871484,1730206,1730206032,15080022,Qorakaltak,Қоракалтак,Коракалтак
204006924,1730206,1730206005,15080036,Soy bo'yi,Сой бўйи,Сой буйи
204011777,1730206,1730206036,15080007,Dehqonobod,Деҳқонобод,Дехконобод
204022146,1730206,1730206020,15080035,Sarmozor,Сармозор,Сармозор
204006853,1730206,1730206027,15080020,Kichik Beshkapa,Кичик Бешкапа,Кичик Бешкапа
207196506,1730206,1730206023,15080043,Xumdon,Хумдон,Хумдон
204006877,1730206,1730206049,15080021,Qorajiyda,Қоражийда,Коражийда
305464305,1730206,1730206009,15080014,Qamishtepa,Қамиштепа,Камиштепа
206995454,1730206,1730206050,15080044,Xo'jaqishloq,Хўжақишлоқ,Хужакишлок
305452225,1730206,1730206015,15080013,Qayrag'och,Қайрағоч,Кайрагоч
204013884,1730206,1730206043,15080045,Shakar,Шакар,Шакар
204006845,1730206,1730206008,15080025,Qumtepa,Қумтепа,Кумтепа
204006892,1730206,1730206010,15080006,Gʼishtmon,Ғиштмон,Гиштмон
204013892,1730206,1730206045,15080011,Istiqlol,Истиқлол,Истиклол
204013860,1730206,1730206044,15080051,Yangi ariq ,Янги ариқ ,Янги арик 
204028952,1730206,1730206024,15080039,Oʼqchi,Ўқчи,Укчи
204009255,1730206,1730206034,15080048,Shomirza,Шомирза,Шомирза
202871477,1730206,1730206031,15080028,Langar,Лангар,Лангар
204022139,1730206,1730206028,15080024,Quvurboshi,Қувурбоши,Кувурбоши
204025964,1730206,1730206035,15080029,Loyson,Лойсон,Лойсон
204022154,1730206,1730206021,15080049,Eshonguzar,Эшонгузар,Эшонгузар
206961529,1730206,1730206006,15080010,Istiqbol,Истиқбол,Истикбол
204005031,1730206,1730206007,15080031,Namuna,Намуна,Намуна
204011760,1730206,1730206017,15080017,Kattaboltakoʼl,Каттаболтакўл,Каттаболтакул
204013949,1730206,1730206047,15080008,Doʼrmon,Дўрмон,Дурмон
204013917,1730206,1730206026,15080016,Katta Beshkapa,Катта Бешкапа,Катта Бешкапа
204028944,1730206,1730206016,15080040,Oʼrta oʼqchi,Ўрта ўқчи,Урта Укчи
205650014,1730224,1730224018,15090066,Cho'ngara,Чўнгара,Чунгара
202871840,1730224,1730224036,15090002,Аmirobod,Амиробод,Амиробод
202871785,1730224,1730224001,15090067,Yuqori Аvazboy,Юқори Авазбой,Юкори Авазбой
202871944,1730224,1730224044,15090020,Yoyilma,Ёйилма,Ёйилма
202872049,1730224,1730224015,15090041,Nosgar,Носгар,Носгар
207332289,1730224,1730224064,15090069,Yangi avlod,Янги авлод,Янги Авлод
202871674,1730224,1730224011,15090060,Xurramobod,Хуррамобод,Хуррамобод
207004165,1730224,1730224068,15090061,Xoʼja ilgʼor,Хўжа илғор,Хужа Илгор
202871650,1730224,1730224070,15090050,Sohibkor,Соҳибкор,Сохибкор
202871595,1730224,1730224035,15090038,Miskin,Мискин,Мискин
202871975,1730224,1730224039,15090007,Buloqboshi,Булоқбоши,Булокбоши
207002303,1730224,1730224022,15090005,Birlashgan,Бирлашган,Бирлашган
202871818,1730224,1730224028,15090035,Mevazor,Мевазор,Мевазор
206975462,1730224,1730224051,15090047,Pastki buloqboshi,Пастки булоқбоши,Пастки Булокбоши
202871872,1730224,1730224030,15090044,Oqtomir,Оқтомир,Октомир
202871990,1730224,1730224021,15090004,Аr-Roshidoniy,Ар-Рошидоний,Ар-Рошидоний
202871556,1730224,1730224041,15090015,Dasht pandigon,Дашт пандигон,Дашт Пандигон
202872071,1730224,1730224049,15090045,Pandigon,Пандигон,Пандигон
202978549,1730224,1730224061,15090070,Yangi Boʼjay,Янги Бўжай,Янги Бужай
202871707,1730224,1730224065,15090062,Chek jalaer,Чек жалаер,Чек Жалаер
202871936,1730224,1730224010,15090071,Yangi yoʼl,Янги йўл,Янги Йул
202871778,1730224,1730224006,15090031,Quyi Аvazboy,Қуйи Авазбой,Куйи Авазбой
207127828,1730224,1730224009,15090055,Toʼraobod,Тўраобод,Тураобод
202872150,1730224,1730224058,15090027,Qayragʼoch,Қайрағоч,Кайрагоч
207105450,1730224,1730224063,15090051,Soʼxobod,Сўхобод,Сухобод
202871564,1730224,1730224013,15090014,Dahbed,Даҳбед,Дахбед
202871667,1730224,1730224059,15090063,Chek Nasriddin,Чек Насриддин,Чек Насриддин
202871793,1730224,1730224057,15090009,Boʼston,Бўстон,Бустон
202872024,1730224,1730224012,15090064,Chinigaron,Чинигарон,Чинигарон
202871983,1730224,1730224066,15090029,Qozi Аhror,Қози Аҳрор,Кози Ахрор
202872000,1730224,1730224014,15090040,Аlisher Navoiy,Алишер Навоий,Алишер Навоий
202871714,1730224,1730224052,15090049,Saroy,Сарой,Сарой
202871889,1730224,1730224029,15090042,Oq Yer,Оқ Ер,Ок Ер
202871699,1730224,1730224005,15090028,Qalaynav,Қалайнав,Калайнав
202871833,1730224,1730224034,15090012,Guliston,Гулистон,Гулистон
202871643,1730224,1730224040,15090011,Guzar,Гузар,Гузар
207192789,1730224,1730224037,15090048,Polvonobod,Полвонобод,Полвонобод
207332272,1730224,1730224019,15090001,Аbdulloboyon,Абдуллобоён,Абдуллобоён
202871825,1730224,1730224023,15090021,Yoshlik,Ёшлик,Ёшлик
202872017,1730224,1730224062,15090053,Toshog'oliq,Тошоғолиқ,Тошоголик
202871754,1730224,1730224017,15090054,Toʼda,Тўда,Туда
202871588,1730224,1730224056,15090037,Minor,Минор,Минор
202871628,1730224,1730224050,15090046,Pastki beshkapa,Пастки бешкапа,Пастки Бешкапа
202872088,1730224,1730224042,15090016,Dasht tegirmon,Дашт тегирмон,Дашт Тегирмон
202871611,1730224,1730224045,15090022,Jalaer,Жалаер,Жалаер
206957437,1730224,1730224043,15090017,Dehqonobod,Деҳқонобод,Дехконобод
206855105,1730224,1730224004,15090019,Dutir,Дутир,Дутир
202871635,1730224,1730224054,15090068,Yuqori beshkapa,Юқори бешкапа,Юкори Бешкапа
202872143,1730224,1730224007,15090043,Oq oltin,Оқ олтин,Ок олтин
202871604,1730224,1730224047,15090030,Qoshqayron,Қошқайрон,Кошкайрон
202871968,1730224,1730224069,15090024,Zarariq,Зарариқ,Зарарик
202872056,1730224,1730224025,15090026,Istiqbol,Истиқбол,Истикбол
202871912,1730224,1730224031,15090057,Uch ariq,Уч ариқ,Уч Арик
206855113,1730224,1730224027,15090034,Markaz,Марказ,Марказ
202871549,1730224,1730224055,15090065,Chuburgʼon,Чубурғон,Чубургон
202872104,1730224,1730224053,15090056,Oʼyrat,Ўйрат,Уйрат
202871857,1730224,1730224038,15090006,Bogʼiston,Боғистон,Богистон
202871896,1730224,1730224033,15090059,Xoji qishloq,Хожи қишлоқ,Хожи Кишлок
202872095,1730224,1730224046,15090032,Qoʼrgʼoncha,Қўрғонча,Кургонча
202871682,1730224,1730224071,15090008,Boʼjay,Бўжай,Бужай
202872111,1730224,1730224067,15090010,Vohim,Воҳим,Вохим
202871571,1730224,1730224020,15090003,Аnhor boʼyi,Анҳор бўйи,Анхор Буйи
202871761,1730224,1730224016,15090023,Jahonobod,Жаҳонобод,Жахонобод
202871864,1730224,1730224024,15090025,Zoxidon,Зохидон,Зохидон
202871951,1730224,1730224060,15090036,Mehnatobod,Меҳнатобод,Мехнатобод
202872064,1730224,1730224026,15090033,Mamadali Topvoldiev,Мамадали Топволдиев,Мамадали Топволдиев
202871532,1730224,1730224048,15090039,Navbahor,Навбаҳор,Навбахор
202872128,1730224,1730224008,15090052,Toʼxtasin Аhmedov,Тўхтасин Аҳмедов,Тухтасин Ахмедов
203340124,1730226,1730226009,15100013,Navobod,Навобод,Навобод
203392162,1730226,1730226005,15100011,Lenbur,Ленбур,Ленбур
201528110,1730226,1730226007,15100015,Rovon,Ровон,Ровон
203496658,1730226,1730226013,15100017,Sarikanda,Сариканда,Сариканда
302905065,1730226,1730226014,15100022,Hazrati Ali,Ҳазрати Али,Хазрати Али
203394950,1730226,1730226011,15100027,Yangiariq,Янгиариқ,Янгиарик
203415037,1730226,1730226016,15100023,Hushyor,Ҳушёр,Хушёр
203389956,1730226,1730226006,15100003,Devayron,Девайрон,Девайрон
203499771,1730226,1730226017,15100007,Qaqir,Қақир,Какир
203634184,1730226,1730226012,15100008,Qal'a,Қалъа,Калъа
203394967,1730226,1730226024,15100002,Guliston,Гулистон,Гулистон
203457894,1730226,1730226004,15100009,Qalacha,Қалача,Калача
203366447,1730226,1730226027,15100004,Demursad,Демурсад,Демурсад
203381421,1730226,1730226020,15100026,Sharqobod,Шарқобод,Шаркобод
203490136,1730226,1730226022,15100012,Mulgon,Мулгон,Мулгон
203160245,1730226,1730226026,15100024,Chashma,Чашма,Чашма
207114535,1730226,1730226002,15100021,Tul,Тул,Тул
203496665,1730226,1730226015,15100016,Saribozorcha,Сарибозорча,Сарибозорча
303360096,1730226,1730226025,15100005,Zangat,Зангат,Зангат
201528127,1730226,1730226021,15100020,Soʼx,Сўх,Сух
203381438,1730226,1730226019,15100010,Qizilqiyoq,Қизилқиёқ,Кизилкиёк
203378614,1730226,1730226023,15100025,Chumoqcha,Чумоқча,Чумокча
203457903,1730226,1730226003,15100001,Gʼaznov,Ғазнов,Газнов
206856444,1730226,1730226010,15100014,Oftobru,Офтобру,Офтобру
302933371,1730226,1730226018,15100018,Sebzor,Себзор,Себзор
202850470,1730227,1730227014,15110036,Turvat,Турват,Турват
202850337,1730227,1730227002,15110029,Soybo'yi,Сойбўйи,Сойбуйи
202834284,1730227,1730227042,15110009,Doʼstlik,Дўстлик,Дустлик
202850559,1730227,1730227032,15110014,Qanjirgʼa,Қанжирға,Канжирга
206937857,1730227,1730227038,15110001,Аylanmajar,Айланмажар,Айланмажар
202850384,1730227,1730227012,15110011,Zarkent,Заркент,Заркент
304926932,1730227,1730227001,15110018,Quyi yakkatut,Қуйи яккатут,Куйи Яккатут
202850090,1730227,1730227048,15110007,Varzak,Варзак,Варзак
202850581,1730227,1730227051,15110006,Boʼston,Бўстон,Бустон
202850376,1730227,1730227043,15110030,Suvboshi,Сувбоши,Сувбоши
201238274,1730227,1730227030,15110050,Yakkovut,Якковут,Якковут
304924760,1730227,1730227006,15110024,Nayman,Найман,Найман
304927908,1730227,1730227018,15110019,Qumariq,Қумариқ,Кумарик
202850202,1730227,1730227025,15110015,Katta-ko'cha,Катта-кўча,Катта-куча
202850313,1730227,1730227023,15110033,Teraktagi,Терактаги,Терактаги
201238449,1730227,1730227024,15110017,Konizar,Конизар,Конизар
304918349,1730227,1730227039,15110035,Toshloq,Тошлоқ,Тошлок
202850280,1730227,1730227040,15110048,Shodlik,Шодлик,Шодлик
202850463,1730227,1730227008,15110012,Istiqlol,Истиқлол,Истиклол
202850503,1730227,1730227021,15110020,Qumqishloq,Қумқишлоқ,Кумкишлок
202850258,1730227,1730227036,15110042,Xonaqa,Хонақа,Хонака
202850527,1730227,1730227037,15110005,Besarang,Бесаранг,Бесаранг
304921630,1730227,1730227022,15110028,Sadda,Садда,Садда
202850416,1730227,1730227015,15110049,Yuqoriqishloq,Юқориқишлоқ,Юкорикишлок
202850574,1730227,1730227050,15110038,Oʼzbekiston,Ўзбекистон,Узбекистан
202850424,1730227,1730227016,15110047,Chuqurqishloq,Чуқурқишлоқ,Чукуркишлок
304921378,1730227,1730227028,15110003,Axshak,Ахшак,Ахшак
202850320,1730227,1730227020,15110039,Farogʼat,Фароғат,Фарогат
202850638,1730227,1730227033,15110034,Togʼliq,Тоғлиқ,Тоглик
202850344,1730227,1730227003,15110037,Uch olish,Уч олиш,Уч Олиш
202850598,1730227,1730227049,15110016,Qipchoqariq,Қипчоқариқ,Кипчокарик
201238456,1730227,1730227027,15110031,Soʼkchilik,Сўкчилик,Сукчилик
202850487,1730227,1730227010,15110023,Mehnatobod,Меҳнатобод,Мехнатобод
202850305,1730227,1730227004,15110008,Guzarboshi,Гузарбоши,Гузарбоши
202850510,1730227,1730227041,15110040,Furqat,Фурқат,Фуркат
202850234,1730227,1730227046,15110027,Piyozchilik,Пиёзчилик,Пиёзчилик
202850219,1730227,1730227019,15110026,Obisiyo,Обисиё,Обисиё
304924888,1730227,1730227044,15110013,Qamchipurush,Қамчипуруш,Камчипуруш
202850455,1730227,1730227007,15110046,Chek,Чек,Чек
202850130,1730227,1730227045,15110022,Qoʼrgʼoncha,Қўрғонча,Кургонча
206627206,1730227,1730227011,15110025,Naymanbo'ston,Найманбўстон,Найманбустон
202850409,1730227,1730227026,15110032,Soʼfilar,Сўфилар,Суфилар
202850194,1730227,1730227034,15110002,Аrabmozor,Арабмозор,Арабмозор
202850297,1730227,1730227013,15110051,Yangiyoʼl,Янгийўл,Янгийул
202850534,1730227,1730227035,15110021,Ko'lariq,Кўлариқ,Куларик
202850614,1730227,1730227005,15110045,Hoʼjaariq,Ҳўжаариқ,хужаарик
202850542,1730227,1730227031,15110004,Аhshakguzar,Аҳшакгузар,Ахшакгузар
304916572,1730227,1730227009,15110043,Honariq,Ҳонариқ,хонарик
202850391,1730227,1730227017,15110010,Jarqishloq,Жарқишлоқ,Жаркишлок
201238417,1730227,1730227047,15110041,Hamrak,Ҳамрак,хамрак
202850566,1730227,1730227029,15110044,Hotinqumi,Ҳотинқуми,Хотинкуми
203041947,1730230,1730230044,15150032,Qudash,Қудаш,Кудаш
203041764,1730230,1730230006,15150003,Begobod,Бегобод,Бегобод
304942684,1730230,1730230007,15150045,Nursux,Нурсух,Нурсух
203041829,1730230,1730230015,15150011,Daxana qaqir,Дахана қақир,Дахана Какир
304973829,1730230,1730230074,15150070,Shoʼrsuv,Шўрсув,Шурсув
303376051,1730230,1730230026,15150025,Katta qaynar,Катта қайнар,Катта Кайнар
203042099,1730230,1730230069,15150054,Rajabgardi,Ражабгарди,Ражабгарди
203041772,1730230,1730230002,15150004,Beruniy,Беруний,Беруний
203042050,1730230,1730230020,15150049,Oqmachit,Оқмачит,Окмачит
306170964,1730230,1730230022,15150017,Ziyo Nursux,Зиё Нурсух,Зиё Нурсух
200189527,1730230,1730230063,15150006,Bozor Yaypan,Бозор Яйпан,Бозор Яйпан
309212084,1730230,1730230078,15150078,Beshkapa,Бешкапа,Бешкапа
203041757,1730230,1730230042,15150009,Davlatbotir,Давлатботир,Давлатботир
304991592,1730230,1730230039,15150064,Farovon kelajak,Фаровон келажак,Фаровон Келажак
304973076,1730230,1730230003,15150029,Kichik Tagob,Кичик Тагоб,Кичик Тагоб
308134340,1730230,1730230035,15150022,Qaynarbuloq,Қайнарбулоқ,Кайнарбулок
200189574,1730230,1730230049,15150073,Yaypan guzar,Яйпан гузар,Яйпан Гузар
203041883,1730230,1730230004,15150026,Katta Tagob,Катта Тагоб,Катта Тагоб
203673342,1730230,1730230009,15150038,Qoʼrgʼoncha,Қўрғонча,Кургонча
207295304,1730230,1730230075,15150062,O'qchi-tuman,Ўқчи-туман,Укчи-туман
203042107,1730230,1730230058,15150055,Sochtepa,Сочтепа,Сочтепа
304011609,1730230,1730230005,15150052,Oxta Tagob,Охта Тагоб,Охта Тагоб
203042139,1730230,1730230073,15150005,Bogʼi Eram,Боғи Эрам,Боги Эрам
200189510,1730230,1730230001,15150053,Pastki qoʼriq,Пастки қўриқ,Пастки Курик
207084717,1730230,1730230071,15150066,Xotamtoy,Хотамтой,Хотамтой
203042185,1730230,1730230027,15150072,Eski Yaypan,Эски Яйпан,Эски Яйпан
203674594,1730230,1730230025,15150002,Аvgʼon,Авғон,Авгон
204184887,1730230,1730230061,15150014,Doʻngsaroy,Дўнгсарой,Дунгсарой
203751087,1730230,1730230066,15150008,Boʼston,Бўстон,Бустон
203042193,1730230,1730230047,15150074,Yakkatut,Яккатут,Яккатут
309127174,1730230,1730230077,15150077,Dasht Xasan,Дашт Хасан,Дашт Хасан
203041789,1730230,1730230008,15150007,Buzuqo'rg'on,Бузуқўрғон,Бузукургон
203041812,1730230,1730230072,15150046,Obod qishloq,Обод қишлоқ,Обод Кишлок
304933244,1730230,1730230055,15150068,Shodlik,Шодлик,Шодлик
307998723,1730230,1730230045,15150043,Qudashobod,Қудашобод,Кудашобод
203041836,1730230,1730230052,15150012,Dasht Choʼlpon,Дашт Чўлпон,Дашт Чулпон
203042146,1730230,1730230023,15150057,Turkiston,Туркистон,Туркистон
203041979,1730230,1730230037,15150035,Qumbosti,Қумбости,Кумбости
309195914,1730230,1730230079,15150079,Sulaymon,Сулаймон,Сулаймон
203041875,1730230,1730230016,15150020,Qayquobod,Қайқуобод,Кайкуобод
203041908,1730230,1730230065,15150067,Shakar obod,Шакар обод,Шакар обод
203041851,1730230,1730230010,15150018,Zinasha,Зинаша,Зинаша
203041868,1730230,1730230018,15150019,Islom,Ислом,Ислом
304984846,1730230,1730230033,15150021,Qaynar,Қайнар,Кайнар
203042161,1730230,1730230011,15150069,Shoʼr qishloq,Шўр қишлоқ,Шур Кишлок
200189487,1730230,1730230060,15150071,Elchi,Элчи,Элчи
203042154,1730230,1730230070,15150060,Oʼqchi-Dasht,Ўқчи-Дашт,Укчи-Дашт
204852625,1730230,1730230021,15150059,Uchboʼlak,Учбўлак,Учбулак
200189638,1730230,1730230050,15150050,Oqtepa,Оқтепа,Октепа
302817658,1730230,1730230067,15150016,Jonobod,Жонобод,Жонобод
303369219,1730230,1730230032,15150031,Qoratepa,Қоратепа,Коратепа
200189645,1730230,1730230054,15150033,Qulibek,Қулибек,Кулибек
304917570,1730230,1730230012,15150042,Namuna,Намуна,Намуна
304932640,1730230,1730230068,15150061,Oʼqchi,Ўқчи,Укчи
203041923,1730230,1730230043,15150027,Qirqketmon,Қирқкетмон,Кирккетмон
306056811,1730230,1730230062,15150044,Nurli kelajak,Нурли келажак,Нурли Келажак
203041844,1730230,1730230046,15150013,Dexqonobod,Дехқонобод,Дехконобод
304933172,1730230,1730230048,15150030,Qorayozbobo,Қораёзбобо,Кораёзбобо
203041986,1730230,1730230053,15150036,Qushqoʼnoq,Қушқўноқ,Кушкунок
203674586,1730230,1730230017,15150058,Tuyul,Туюл,Туюл
203041890,1730230,1730230029,15150015,Doʼstlik,Дўстлик,Дустлик
309235530,1730230,1730230076,15150076,Taraqqiyot,Тараққиёт,Тараккиёт
203042043,1730230,1730230013,15150048,Oyimchaqaqir,Ойимчақақир,Ойимчакакир
203041740,1730230,1730230051,15150001,Аbduraxmon Jomiy,Абдурахмон Жомий,Абдурахмон Жомий
308126682,1730230,1730230056,15150010,Bunyodkor,Бунёдкор,Бунёдкор
204530654,1730230,1730230019,15150028,Kichik Oqmachit,Кичик Оқмачит,Кичик Окмачит
304932181,1730230,1730230034,15150056,Tinchlik,Тинчлик,Тинчлик
204530661,1730230,1730230059,15150065,Haydarobod,Ҳайдаробод,хайдаробод
304916841,1730230,1730230064,15150075,Yangi hayot,Янги ҳаёт,Янги хаёт
203041954,1730230,1730230036,15150037,Koʼl Elash,Кўл Элаш,Кул Элаш
206947963,1730230,1730230014,15150023,Karimobod,Каримобод,Каримобод
207336797,1730221,1730221040,15120007,Bogʼiboʼston,Боғибўстон,Богибустон
203119222,1730221,1730221051,15120032,Sobirjon,Собиржон,Собиржон
203119285,1730221,1730221021,15120005,Beshkapa,Бешкапа,Бешкапа
203119207,1730221,1730221007,15120043,Xasanqora,Хасанқора,Хасанкора
203119071,1730221,1730221024,15120029,Poloxon,Полохон,Полохон
203119056,1730221,1730221034,15120027,Olmurod,Олмурод,Олмурод
202689630,1730221,1730221027,15120028,Oltin vodiy,Олтин водий,Олтин Водий
203118975,1730221,1730221011,15120003,Begmurod,Бегмурод,Бегмурод
203119024,1730221,1730221036,15120015,Katta Qoʼshtepa,Катта Қўштепа,Катта Куштепа
203119000,1730221,1730221028,15120004,Begobod,Бегобод,Бегобод
203119278,1730221,1730221022,15120018,Qumariq,Қумариқ,Кумарик
203119128,1730221,1730221015,15120030,Puchugʼoy,Пучуғой,Пучугой
203119095,1730221,1730221047,15120010,Zigʼir,Зиғир,Зигир
300495548,1730221,1730221016,15120006,Boboshbek,Бобошбек,Бобошбек
207098144,1730221,1730221042,15120050,Yangier,Янгиер,Янгиер
203119261,1730221,1730221020,15120023,Mirzaxoʼja,Мирзахўжа,Мирзахужа
203119167,1730221,1730221039,15120037,Tojik,Тожик,Тожик
202689623,1730221,1730221010,15120045,Chorbogʼ,Чорбоғ,Чорбог
203119174,1730221,1730221002,15120052,Yangiqishloq,Янгиқишлоқ,Янгикишлок
300421615,1730221,1730221009,15120053,Yangiobod,Янгиобод,Янгиобод
203119049,1730221,1730221033,15120014,Katta qorakoʼl,Катта қоракўл,Катта Коракул
207336758,1730221,1730221030,15120033,Soy boʼyi,Сой бўйи,Сой Буйи
203119293,1730221,1730221025,15120046,Yulgʼunzor,Юлғунзор,Юлгунзор
202797569,1730221,1730221017,15120022,Mexnatobod,Мехнатобод,Мехнатобод
203119254,1730221,1730221019,15120008,Gʼijdon,Ғиждон,Гиждон
304916834,1730221,1730221026,15120051,Yangi yoʼl,Янги йўл,Янги Йул
203119246,1730221,1730221050,15120017,Qorayantoq,Қораянтоқ,Кораянток
203119199,1730221,1730221008,15120002,Baxrin,Бахрин,Бахрин
202689654,1730221,1730221001,15120042,Farovon,Фаровон,Фаровон
203119111,1730221,1730221046,15120048,Yakkatut,Яккатут,Яккатут
203119032,1730221,1730221031,15120016,Kichik Kenagas,Кичик Кенагас,Кичик Кенагас
203119143,1730221,1730221041,15120019,Qurbonqashqar,Қурбонқашқар,Курбонкашкар
203119088,1730221,1730221044,15120041,Uchkoʼprik,Учкўприк,Учкуприк
203119135,1730221,1730221013,15120035,Tepaqoʼrgʼon,Тепақўрғон,Тепакургон
202689608,1730221,1730221018,15120009,G'ozi-g'ijdon,Ғози-ғиждон,Гози-гиждон
202689615,1730221,1730221023,15120011,Istiqbol,Истиқбол,Истикбол
203119239,1730221,1730221053,15120044,Chang,Чанг,Чанг
207108272,1730221,1730221048,15120021,Mergan,Мерган,Мерган
202689647,1730221,1730221043,15120036,Tinchlik,Тинчлик,Тинчлик
202689590,1730221,1730221049,15120024,Navroʼz,Наврўз,Навруз
203118990,1730221,1730221029,15120013,Katta Kenagas,Катта Кенагас,Катта Кенагас
203119214,1730221,1730221005,15120047,Yakkamulla,Яккамулла,Яккамулла
203118983,1730221,1730221014,15120034,Sulton,Султон,Султон
203110077,1730221,1730221003,15120039,Turgʼoq,Турғоқ,Тургок
203119017,1730221,1730221032,15120012,Katta qashqar,Катта қашқар,Катта Кашкар
202689583,1730221,1730221037,15120026,Oqsuv,Оқсув,Оксув
203119064,1730221,1730221035,15120040,Toʼqsonqovun,Тўқсонқовун,Туксонковун
203119150,1730221,1730221038,15120031,Sariqoʼrgʼon,Сариқўрғон,Сарикургон
203118968,1730221,1730221012,15120020,Mashat,Машат,Машат
207336780,1730221,1730221052,15120025,Nihol,Ниҳол,Нихол
203119104,1730221,1730221045,15120049,Buyrak,Буйрак,Буйрак
203638542,1730233,1730233073,15130032,Maydon,Майдон,Майдон
203633099,1730233,1730233048,15130053,Ulugʼbek,Улуғбек,Улугбек
203652241,1730233,1730233022,15130012,Guliston,Гулистон,Гулистон
203620147,1730233,1730233008,15130004,Beruniy,Беруний,Беруний
203634255,1730233,1730233018,15130036,Mehnatobod,Меҳнатобод,Мехнатобод
206838949,1730233,1730233021,15130008,Boʼstonobod,Бўстонобод,Бустонобод
203652226,1730233,1730233013,15130041,Novkent,Новкент,Новкент
205414829,1730233,1730233057,15130071,Yuqori Gulshan,Юқори Гулшан,Юкори Гулшан
203638614,1730233,1730233011,15130017,Dilkusho,Дилкушо,Дилкушо
203633107,1730233,1730233061,15130062,Xoʼroba,Хўроба,Хуроба
203634209,1730233,1730233007,15130051,Tinchlik,Тинчлик,Тинчлик
203633082,1730233,1730233071,15130057,Fargʼona,Фарғона,Фаргона
205527734,1730233,1730233053,15130018,Doʼstlik,Дўстлик,Дустлик
203638638,1730233,1730233003,15130010,Vodil,Водил,Водил
203638503,1730233,1730233049,15130030,Langar,Лангар,Лангар
203633011,1730233,1730233015,15130068,Shoximardonobod,Шохимардонобод,Шохимардонобод
203652273,1730233,1730233066,15130045,Oqbilol,Оқбилол,Окбилол
207310023,1730233,1730233026,15130072,Yuksalish,Юксалиш,Юксалиш
203638581,1730233,1730233038,15130039,Mozor tagi,Мозор таги,Мозор таги
203633050,1730233,1730233051,15130021,Zilol,Зилол,Зилол
203633043,1730233,1730233069,15130043,Oqoltin,Оқ Олтин,Околтин
203638645,1730233,1730233009,15130007,Boʼston,Бўстон,Бустон
203634327,1730233,1730233005,15130048,Sanoat,Саноат,Саноат
203638559,1730233,1730233072,15130028,Qoʼrgʼontepa,Қўрғонтепа,Кургонтепа
203634248,1730233,1730233033,15130013,Gulpiyon,Гулпиён,Гулпиён
206949564,1730233,1730233012,15130073,Yambaroq,Ямбароқ,Ямбарок
204452617,1730233,1730233029,15130042,Obod,Обод,Обод
203634294,1730233,1730233045,15130069,Yuqori archa,Юқори арча,Юкори арча
203654792,1730233,1730233036,15130001,Аvval,Аввал,Аввал
203629094,1730233,1730233058,15130037,Mindon,Миндон,Миндон
207181690,1730233,1730233034,15130060,Xurshidi tobon,Хуршиди тобон,Хуршиди Тобон
203634263,1730233,1730233042,15130050,Soy boʼyi,Сой бўйи,Сой Буйи
203654760,1730233,1730233037,15130005,Birdamlik,Бирдамлик,Бирдамлик
203652280,1730233,1730233023,15130046,Oqtom,Оқтом,Октом
203629062,1730233,1730233010,15130033,Margʼilon,Марғилон,Маргилон
207310664,1730233,1730233025,15130074,Yangi asr,Янги аср,Янги Аср
203638527,1730233,1730233046,15130064,Chimyon,Чимён,Чимён
203653762,1730233,1730233020,15130015,Damkoʼl,Дамкўл,Дамкул
203634287,1730233,1730233044,15130047,Pastki archa,Пастки арча,Пастки Арча
203638574,1730233,1730233040,15130055,Oʼrta qishloq,Ўрта қишлоқ,Урта Кишлок
203638606,1730233,1730233041,15130044,Oqtepa,Оқтепа,Октепа
203633035,1730233,1730233070,15130054,Oʼzbekiston,Ўзбекистон,Узбекистан
203629054,1730233,1730233002,15130020,Yordon,Ёрдон,Ёрдон
203634231,1730233,1730233032,15130009,Vaziyo,Вазиё,Вазиё
203632954,1730233,1730233059,15130034,Markaz,Марказ,Марказ
203632994,1730233,1730233065,15130049,Satkak,Саткак,Саткак
203634342,1730233,1730233016,15130023,Kaptarxona,Каптархона,Каптархона
203638598,1730233,1730233039,15130025,Qorasuv,Қорасув,Корасув
203633028,1730233,1730233068,15130058,Xonqiz,Хонқиз,Хонкиз
203634303,1730233,1730233043,15130029,Qoʼriq,Қўриқ,Курик
203634224,1730233,1730233035,15130035,Mashʼal,Машъал,Машъал
203633074,1730233,1730233050,15130027,Qurilish,Қурилиш,Курилиш
203634334,1730233,1730233052,15130066,Shifokor,Шифокор,Шифокор
203652297,1730233,1730233024,15130038,Mindonobod,Миндонобод,Миндонобод
203638534,1730233,1730233074,15130075,Yangi yo'l,Янги йўл,Янги йул
203634216,1730233,1730233054,15130014,Gulshan,Гулшан,Гулшан
203638510,1730233,1730233028,15130040,Navroʼz,Наврўз,Навруз
203634310,1730233,1730233017,15130019,Yoyilma,Ёйилма,Ёйилма
203652258,1730233,1730233031,15130031,Logʼon,Лоғон,Логон
203629102,1730233,1730233060,15130011,Guzar,Гузар,Гузар
203633067,1730233,1730233027,15130070,Yuqori Vodil,Юқори Водил,Юкори Водил
203652234,1730233,1730233075,15130024,Konchilar,Кончилар,Кончилар
207177465,1730233,1730233014,15130052,Toshqo'rg'on Aziz,Тошқўрғон Азиз,Тошкургон Азиз
203632979,1730233,1730233055,15130016,Dexqonobod,Дехқонобод,Дехконобод
203634270,1730233,1730233056,15130006,Boy maxalla,Бой махалла,Бой махалла
203632947,1730233,1730233062,15130065,Sharq haqiqati,Шарқ ҳақиқати,Шарк хакикати
203620154,1730233,1730233004,15130061,Xoʼja Аhmad Vale,Хўжа Аҳмад Вале,Хужа Ахмад Вале
203632962,1730233,1730233047,15130003,Bahor,Баҳор,Бахор
203620186,1730233,1730233001,15130067,Shohimardon,Шоҳимардон,Шохимардон
203629079,1730233,1730233006,15130059,Hosilot,Ҳосилот,хосилот
206961536,1730233,1730233019,15130002,Barqaror hamjihatlik,Барқарор ҳамжиҳатлик,Баркарор хамжихатлик
203203198,1730238,1730238020,15140030,Shunqor,Шунқор,Шункор
203065806,1730238,1730238027,15140002,Bekobod,Бекобод,Бекобод
203065814,1730238,1730238026,15140008,Ingichka,Ингичка,Ингичка
203067272,1730238,1730238003,15140034,Yangi,Янги,Янги
202845484,1730238,1730238002,15140021,Tomosha,Томоша,Томоша
304949190,1730238,1730238005,15140005,Gʼallakor,Ғаллакор,Галлакор
203075310,1730238,1730238025,15140017,Qoʼqonboy,Қўқонбой,Куконбой
203067240,1730238,1730238006,15140016,Koʼk-doʼppi,Кўк-дўппи,Кук-Дуппи
304949279,1730238,1730238001,15140025,Chek-koʼprik,Чек-кўприк,Чек-Куприк
203075270,1730238,1730238015,15140001,Аrdaxshon,Ардахшон,Ардахшон
203067289,1730238,1730238017,15140013,Qizil-qiyoq,Қизил-қиёқ,Кизил-Киёк
203067257,1730238,1730238004,15140015,Qushchi,Қушчи,Кушчи
203075294,1730238,1730238007,15140007,Jangketmon,Жангкетмон,Жангкетмон
203067218,1730238,1730238010,15140014,Kichik-yangi,Кичик-янги,Кичик-янги
203076056,1730238,1730238018,15140032,Eski,Эски,Эски
203065821,1730238,1730238024,15140011,Karmak,Кармак,Кармак
203075255,1730238,1730238034,15140020,Polvontosh,Полвонтош,Полвонтош
203065853,1730238,1730238028,15140023,O'rta-qo'rg'on,Ўрта-қўрғон,Урта-кургон
203075303,1730238,1730238021,15140004,Boltakoʼl,Болтакўл,Болтакул
203075263,1730238,1730238033,15140003,Besh-og'a,Беш-оға,Беш-ога
203067233,1730238,1730238029,15140027,Chilgijiyda,Чилгижийда,Чилгижийда
203081336,1730238,1730238032,15140031,Sho'r,Шўр,Шур
203075334,1730238,1730238009,15140033,Eshon,Эшон,Эшон
203081344,1730238,1730238031,15140026,Chek-Chuvaldoq,Чек-Чувалдоқ,Чек-Чувалдок
203075342,1730238,1730238012,15140019,Navbahor,Навбаҳор,Навбахор
203075287,1730238,1730238014,15140028,Chirkay,Чиркай,Чиркай
203067296,1730238,1730238011,15140012,Katta-yangi,Катта-янги,Катта-янги
203075327,1730238,1730238008,15140024,Xayit,Хайит,Хайит
304948200,1730238,1730238013,15140009,Istiqlol,Истиқлол,Истиклол
304949294,1730238,1730238016,15140022,Toʼrgʼay,Тўрғай,Тургай
304949373,1730238,1730238030,15140006,Gʼuncha,Ғунча,Гунча
203065838,1730238,1730238022,15140029,Shoyimbek,Шойимбек,Шойимбек
203065845,1730238,1730238023,15140010,Kaldushon,Калдушон,Калдушон
310157606,1730238,1730238550,15140035,Jaloyir,Жалойир,Жалойир
202942159,1733401,1733401006,22110006,Besh mergan,Беш мерган,Беш мерган
207197970,1733401,1733401036,22110030,Olma bog',Олма боғ,Олма бог
202952225,1733401,1733401010,22110026,Navbahor,Навбаҳор,Навбахор
204076238,1733401,1733401034,22110017,Ziyokorlar,Зиёкорлар,Зиёкорлар
202953549,1733401,1733401029,22110005,Baynalminalchi,Байналминалчи,Байналминалчи
202947404,1733401,1733401019,22110008,Bobur,Бобур,Бобур
202942174,1733401,1733401003,22110024,Ma`rifat,Маърифат,Маърифат
202957391,1733401,1733401028,22110032,Temir yo'lchi,Темир йўлчи,Темир йулчи
207197987,1733401,1733401037,22110014,Jaloladdin Manguberdi,Жалоладдин Мангуберди,Жалоладдин Мангуберди
202945240,1733401,1733401017,22110031,Saxovat,Саховат,Саховат
202952257,1733401,1733401002,22110035,Feruz,Феруз,Феруз
202942166,1733401,1733401001,22110025,Mustaqillik,Мустақиллик,Мустакиллик
202966358,1733401,1733401004,22110038,Yuqori bog',Юқори боғ,Юкори бог
202942181,1733401,1733401030,22110029,Olimpiya,Олимпия,Олимпия
202952289,1733401,1733401016,22110039,Yangi obod,Янги обод,Янги обод
202947357,1733401,1733401031,22110011,Gulchilar,Гулчилар,Гулчилар
309885854,1733401,1733401040,22110042,Yangi O`zbekiston,Янги Ўзбекистон,Янги Узбекистон
204069894,1733401,1733401033,22110020,Kamolot,Камолот,Камолот
202945218,1733401,1733401005,22110003,Al-Xorazmiy,Ал-Хоразмий,Ал-Хоразмий
202947389,1733401,1733401008,22110012,Gulshan,Гулшан,Гулшан
202952240,1733401,1733401018,22110015,Jambul,Жамбул,Жамбул
205217108,1733401,1733401035,22110007,Binokor,Бинокор,Бинокор
309879275,1733401,1733401039,22110041,Nurli hayot,Нурли ҳаёт,Нурли хаёт
202960231,1733401,1733401007,22110037,Shodlik,Шодлик,Шодлик
202960224,1733401,1733401025,22110034,Umid,Умид,Умид
202947396,1733401,1733401024,22110033,Toza bog',Тоза боғ,Тоза бог
202947412,1733401,1733401022,22110019,Istiqlol,Истиқлол,Истиклол
202946303,1733401,1733401026,22110016,Jingavuz,Жингавуз,Жингавуз
202947372,1733401,1733401011,22110002,Avesto,Авесто,Авесто
202946334,1733401,1733401012,22110023,Mash`al,Машъал,Машъал
202946359,1733401,1733401009,22110010,Gulzor,Гулзор,Гулзор
202945233,1733401,1733401032,22110009,Bo`ston,Бўстон,Бустон
304657982,1733401,1733401038,22110018,Islomobod,Исломобод,Исломобод
202945193,1733401,1733401021,22110027,Navro`z,Наврўз,Навруз
202947429,1733401,1733401027,22110013,Do`stlik,Дўстлик,Дустлик
202973190,1733401,1733401023,22110021,Ko`hna qal`a,Кўҳна қалъа,Кухна калъа
202945201,1733401,1733401015,22110036,Xamjihatlik,Хамжиҳатлик,Хамжихатлик
202952201,1733401,1733401013,22110040,Yangi hayot,Янги ҳаёт,Янги хаёт
202945225,1733401,1733401014,22110004,Ashxabad,Ашхабад,Ашхабад
202946366,1733401,1733401020,22110028,Obi-Hayot,Оби-Ҳаёт,Оби-Хаёт
207226435,1733204,1733204031,22010022,Nayman,Найман,Найман
205245359,1733204,1733204041,22010008,Gulshan,Гулшан,Гулшан
207225911,1733204,1733204018,22010039,O`zgarish,Ўзгариш,Узгариш
207226221,1733204,1733204004,22010007,Gulzor,Гулзор,Гулзор
207226166,1733204,1733204026,22010017,Madaniyat,Маданият,Маданият
207226324,1733204,1733204010,22010014,Qulonqorabog',Қулонқорабоғ,Кулонкорабог
207226443,1733204,1733204032,22010032,Sahovat,Саҳоват,Саховат
207226317,1733204,1733204011,22010010,Yosh o'smir,Ёш ўсмир,Ёш осмир
207226450,1733204,1733204033,22010034,Tozabozor,Тозабозор,Тозабозор
207064471,1733204,1733204042,22010030,Oltinqum,Олтинқум,Олтинкум
207225928,1733204,1733204040,22010025,Nurli maskan,Нурли маскан,Нурли маскан
207226300,1733204,1733204012,22010031,Paxtaobod,Пахтаобод,Пахтаобод
207227552,1733204,1733204035,22010033,Sohibkor,Соҳибкор,Сохибкор
207226467,1733204,1733204029,22010021,Navro`z,Наврўз,Навруз
207226539,1733204,1733204022,22010005,Bo`ka,Бўка,Бука
207226292,1733204,1733204013,22010013,Qorabog`,Қорабоғ,Корабог
207093302,1733204,1733204016,22010036,Uzumzor,Узумзор,Узумзор
207226349,1733204,1733204001,22010037,Ustalar,Усталар,Усталар
207225745,1733204,1733204043,22010027,Obod,Обод,Обод
207226206,1733204,1733204027,22010006,Galaba,Ғалаба,Галаба
207226712,1733204,1733204030,22010026,Nurlihayot,Нурлиҳаёт,Нурлихаёт
207226808,1733204,1733204005,22010003,Bogzor,Боғзор,Богзор
207226332,1733204,1733204009,22010019,Mehnatguli,Меҳнатгули,Мехнатгули
207226736,1733204,1733204006,22010038,O`zbekiston,Ўзбекистон,Узбекистон
207226790,1733204,1733204021,22010012,Qipchoq,Қипчоқ,Кипчок
207226751,1733204,1733204020,22010035,To`pchi,Тўпчи,Тупчи
207226428,1733204,1733204002,22010042,Yuksalish,Юксалиш,Юксалиш
207226214,1733204,1733204014,22010004,Bog`iston,Боғистон,Богистон
207226546,1733204,1733204019,22010041,Hurriyat,Ҳуррият,Хуррият
207227687,1733204,1733204036,22010016,Ko`nabirlashuv,Кўнабирлашув,Конабирлашув
207226744,1733204,1733204008,22010001,Abu Rayxon Beruniy,Абу Райхон Беруний,Абу Райхон Беруний
207226238,1733204,1733204003,22010023,Namuna,Намуна,Намуна
207227290,1733204,1733204034,22010018,Ma`naviyat,Маънавият,Маънавият
205245342,1733204,1733204038,22010024,Nurafshon,Нурафшон,Нурафшон
207226134,1733204,1733204028,22010028,Oq oltin,Оқ олтин,Ок олтин
207225753,1733204,1733204039,22010002,Ashxobod,Ашхобод,Ашхобод
207225895,1733204,1733204015,22010009,Dehqonobod,Деҳқонобод,Дехконобод
207226070,1733204,1733204024,22010043,Yangi qadam,Янги қадам,Янги кадам
207226048,1733204,1733204017,22010040,Hunarmand,Ҳунарманд,Хунарманд
205251454,1733204,1733204025,22010011,Qalajiqqal`a,Қалажиққалъа,Калажиккалъа
207228417,1733204,1733204007,22010020,Navbahor,Навбаҳор,Навбахор
207226729,1733204,1733204023,22010029,Oqtepa,Оқтепа,Октепа
207227569,1733204,1733204037,22010015,Ortiq Otajonov,Ортиқ Отажонов,Ортик Отажонов
303385627,1733208,1733208039,22020032,Obod,Обод,Обод
206109518,1733208,1733208047,22020036,Paxtachi,Пахтачи,Пахтачи
207128651,1733208,1733208024,22020010,Dehqonobod,Деҳқонобод,Дехконобод
201901866,1733208,1733208002,22020031,Nurobod,Нуробод,Нуробод
207128485,1733208,1733208005,22020026,Navbir yop,Навбир ёп,Навбир ёп
207128106,1733208,1733208035,22020044,Chinobod,Чинобод,Чинобод
207065866,1733208,1733208040,22020037,Saxtiyon,Сахтиён,Сахтиён
202632243,1733208,1733208037,22020046,Shodlik,Шодлик,Шодлик
207128114,1733208,1733208034,22020001,Besh uy,Беш уй,Беш уй
207128138,1733208,1733208011,22020013,Do`stlik,Дўстлик,Дустлик
207130184,1733208,1733208020,22020018,Qangli,Қангли,Кангли
207129856,1733208,1733208043,22020024,Moyli,Мойли,Мойли
202905718,1733208,1733208001,22020050,Yangi bog`,Янги боғ,Янги бог
207111928,1733208,1733208029,22020028,Nukus,Нукус,Нукус
207128779,1733208,1733208018,22020023,Mevazor,Мевазор,Мевазор
207130169,1733208,1733208021,22020033,Oqqum,Оққум,Оккум
207128596,1733208,1733208004,22020016,Ziyokor,Зиёкор,Зиёкор
202514928,1733208,1733208036,22020003,Bog`iston,Боғистон,Богистон
203011453,1733208,1733208027,22020004,Bog`ishamol,Боғишамол,Богишамол
205915798,1733208,1733208044,22020048,Eshimjiron,Эшимжирон,Эшимжирон
205907554,1733208,1733208030,22020002,Birlashgan,Бирлашган,Бирлашган
207129864,1733208,1733208045,22020014,Yormish,Ёрмиш,Ёрмиш
203007149,1733208,1733208014,22020022,Ma`rifat,Маърифат,Маърифат
207128675,1733208,1733208025,22020005,Boldoqli,Болдоқли,Болдокли
207128121,1733208,1733208010,22020045,Baynalmilal,Байналмилал,Байналмилал
204151857,1733208,1733208050,22020038,Sovunchi,Совунчи,Совунчи
207065881,1733208,1733208042,22020007,Vatanparvar,Ватанпарвар,Ватанпарвар
207128288,1733208,1733208008,22020039,Taxtako`pir,Тахтакўпир,Тахтакупир
207129104,1733208,1733208046,22020019,Qatariq,Қатариқ,Катарик
202618195,1733208,1733208028,22020008,Gulshan,Гулшан,Гулшан
202632228,1733208,1733208015,22020049,Yangi asr,Янги аср,Янги аср
202623340,1733208,1733208038,22020042,Fidokor,Фидокор,Фидокор
207128493,1733208,1733208006,22020009,Dehqon,Деҳқон,Дехкон
207065874,1733208,1733208041,22020043,Chakkalar,Чаккалар,Чаккалар
207128802,1733208,1733208019,22020012,Do`stlik bog`i,Дўстлик боғи,Дустлик боги
207130176,1733208,1733208022,22020034,Olchin,Олчин,Олчин
202797609,1733208,1733208013,22020017,Ishonch,Ишонч,Ишонч
207177093,1733208,1733208033,22020041,O`yilma,Ўйилма,Уйилма
202969069,1733208,1733208026,22020025,Navbahor,Навбаҳор,Навбахор
207128668,1733208,1733208023,22020006,Bo`zqala,Бўзқалъа,Бозкала
207128786,1733208,1733208017,22020029,Nurafshon,Нурафшон,Нурафшон
207111904,1733208,1733208032,22020035,Paxtakor,Пахтакор,Пахтакор
207111911,1733208,1733208031,22020030,Nurli Yo`l,Нурли йўл,Нурли ёл
204028991,1733208,1733208049,22020040,Olg`a,Олға,Улга
207128295,1733208,1733208007,22020011,Do`simbiy,Дўсимбий,Дусимбий
207128794,1733208,1733208016,22020047,Esabiy,Эсабий,Эсабий
207128271,1733208,1733208009,22020021,Marbugat,Марбугат,Марбугат
204151864,1733208,1733208048,22020015,Jaloyir,Жалойир,Жалойир
207107701,1733212,1733212036,22090005,Baratlar,Баратлар,Баратлар
205327650,1733212,1733212023,22090020,Kenagas,Кенагас,Кенагас
207108004,1733212,1733212025,22090027,Gulzor,Гулзор,Гулзор
207107718,1733212,1733212037,22090004,Arablar,Араблар,Араблар
206925760,1733212,1733212009,22090039,Tegalak,Тегалак,Тегалак
204767983,1733212,1733212047,22090046,Sherobod,Шеробод,Шеробод
205131058,1733212,1733212041,22090022,Qorovul,Қоровул,Коровул
207250344,1733212,1733212046,22090006,Bekobod,Бекобод,Бекобод
205319842,1733212,1733212039,22090008,Borloq,Борлоқ,Борлок
205246049,1733212,1733212019,22090038,Polvon,Полвон,Полвон
207204193,1733212,1733212006,22090040,Uyg‘ur,Уйғур,Уйгур
205010739,1733212,1733212011,22090024,Ko`nazey,Кўназей,Куназей
207240712,1733212,1733212038,22090003,Amirqum,Амирқум,Амиркум
207189158,1733212,1733212042,22090013,Do`stlik,Дўстлик,Дустлик
205264596,1733212,1733212002,22090036,Oshoq qal`a,Ошоқ қалъа,Ошок калъа
204398098,1733212,1733212050,22090051,Shixobod,Шихобод,Шихобод
207187041,1733212,1733212022,22090048,Zarbdor,Зарбдор,Зарбдор
205167305,1733212,1733212043,22090016,Ilgaldi,Илгалди,Илгалди
207187484,1733212,1733212013,22090019,Qadriyat,Қадрият,Кадрият
204141710,1733212,1733212030,22090031,Chamanzor,Чаманзор,Чаманзор
204913801,1733212,1733212001,22090017,Ittifoq,Иттифоқ,Иттифок
206925753,1733212,1733212008,22090045,Xosiyon,Хосиён,Хосиён
207228345,1733212,1733212004,22090001,Adolat,Адолат,Адолат
206962503,1733212,1733212016,22090044,Xonobod,Хонобод,Хонобод
204165696,1733212,1733212017,22090034,Nezaxos,Незахос,Незахос
204785273,1733212,1733212032,22090052,Yangilik,Янгилик,Янгилик
207108344,1733212,1733212028,22090028,Iqbol,Иқбол,Икбол
207181328,1733212,1733212033,22090002,Ayronko‘l,Айронкўл,Айронкол
207185868,1733212,1733212015,22090012,Durdona,Дурдона,Дурдона
207228377,1733212,1733212045,22090037,Paxtakor,Пахтакор,Пахтакор
205319834,1733212,1733212035,22090011,Dovud,Довуд,Довуд
206814242,1733212,1733212021,22090050,Shixmashxad,Шихмашхад,Шихмашхад
207108011,1733212,1733212027,22090030,Taraqqiyot,Тараққиёт,Тараккиёт
207108351,1733212,1733212026,22090029,Madaniyat,Маданият,Маданият
206962510,1733212,1733212012,22090023,Ko`ktom,Кўктом,Куктом
206818474,1733212,1733212049,22090007,Bog`zor,Боғзор,Богзор
205680530,1733212,1733212010,22090043,Xayrobod,Хайробод,Хайробод
207166448,1733212,1733212003,22090042,Ortayo‘p,Ўртаёп,Уртаёп
207187058,1733212,1733212048,22090015,Yoshlik,Ёшлик,Ёшлик
205301519,1733212,1733212018,22090041,O`rta qishloq,Ўрта қишлоқ,Урта кишлок
205327667,1733212,1733212024,22090021,Qoramon,Қорамон,Корамон
207108289,1733212,1733212029,22090026,Bahoriston,Баҳористон,Бахористон
207250669,1733212,1733212044,22090033,Mehnatobod,Меҳнатобод,Мехнатобод
207187381,1733212,1733212034,22090032,Mesit,Месит,Месит
207185883,1733212,1733212014,22090035,Oltin voha,Олтин воҳа,Олтин воха
207187739,1733212,1733212031,22090014,Yovg‘ir,Ёвғир,Ёвгир
207228360,1733212,1733212040,22090009,Vahimchi,Ваҳимчи,Вахимчи
207333303,1733217,1733217059,22030059,Yangiobod,Янгиобод,Янгиобод
303404664,1733217,1733217022,22030018,Qaychili,Қайчили,Кайчили
302841012,1733217,1733217034,22030033,Oq ariklar,Оқ ариклар,Ок ариклар
207203764,1733217,1733217013,22030013,Gulobod,Гулобод,Гулобод
302946553,1733217,1733217043,22030043,Uyshin,Уйшин,Уйшин
302920301,1733217,1733217024,22030022,Qipchoq,Қипчоқ,Кипчок
302908346,1733217,1733217041,22030041,Tandirchi,Тандирчи,Тандирчи
303795171,1733217,1733217009,22030009,Bog`dorchi,Боғдорчи,Богдорчи
303371605,1733217,1733217029,22030029,Merganovul,Мергановул,Мергановул
303840789,1733217,1733217030,22030030,Miroblar,Мироблар,Мироблар
303404561,1733217,1733217023,22030020,Qiyot,Қиёт,Киёт
302841036,1733217,1733217045,22030044,Uch Koʻprik,Уч Кўприк,Уч Куприк
302841075,1733217,1733217050,22030050,Chakka ko'li,Чакка кўли,Чакка кули
207200856,1733217,1733217014,22030014,Yoshlik,Ёшлик,Ёшлик
302841115,1733217,1733217053,22030053,Shermatlar,Шерматлар,Шерматлар
302841273,1733217,1733217026,22030024,Qumravot,Қумравот,Кумравот
207020724,1733217,1733217044,22030045,O'rta do'rman,Ўрта дўрман,Урта дурман
303371597,1733217,1733217007,22030007,Beshayvon,Бешайвон,Бешайвон
207200849,1733217,1733217025,22030023,Qoromon,Қоромон,Коромон
205210133,1733217,1733217004,22030004,Arboblar,Арбоблар,Арбоблар
303228614,1733217,1733217042,22030042,Turkmanlar,Туркманлар,Туркманлар
207200824,1733217,1733217018,22030019,Kattabog`,Каттабоғ,Каттабог
207204043,1733217,1733217032,22030032,Oyoq bog`,Оёқ боғ,Оёк бог
205776995,1733217,1733217036,22030036,Oq oltin,Оқ олтин,Ок олтин
303840796,1733217,1733217003,22030003,Arablar,Араблар,Араблар
302841241,1733217,1733217031,22030031,Obod,Обод,Обод
207203796,1733217,1733217056,22030056,Shoxidonlar,Шохидонлар,Шохидонлар
205956296,1733217,1733217002,22030002,Anjirchilar,Анжирчилар,Анжирчилар
205184206,1733217,1733217028,22030028,Mevazor,Мевазор,Мевазор
303407691,1733217,1733217040,22030040,Tadqiqotchilar,Тадқиқотчилар,Тадкикотчилар
207200832,1733217,1733217057,22030057,Yuqorijirmiz,Юқорижирмиз,Юкорижирмиз
207200871,1733217,1733217038,22030038,Orzu,Орзу,Орзу
207109026,1733217,1733217011,22030011,Bo`ston,Бўстон,Бустон
205956289,1733217,1733217058,22030058,Yuqari ovul,Юқори овул,Юкори овул
302841194,1733217,1733217035,22030035,Oq maktab,Оқ мактаб,Ок мактаб
303404640,1733217,1733217019,22030021,Killavut,Киллавут,Киллавут
303902228,1733217,1733217015,22030015,Jayhun,Жайхун,Жайхун
304092359,1733217,1733217012,22030012,G`alaba,Ғалаба,Галаба
207203772,1733217,1733217016,22030016,Zargarlar,Заргарлар,Заргарлар
207203789,1733217,1733217049,22030049,Xojiboylar,Хожибойлар,Хожибойлар
302841051,1733217,1733217055,22030055,Sholikorlar,Шоликорлар,Шоликорлар
207333294,1733217,1733217060,22030060,Yangi o`rtabog,Янги ўртабоғ,Янги ортабог
205214744,1733217,1733217054,22030054,Shodlik,Шодлик,Шодлик
303228567,1733217,1733217001,22030001,Adolat,Адолат,Адолат
207104183,1733217,1733217006,22030006,Beruniy,Беруний,Беруний
206828288,1733217,1733217046,22030046,Xamid Olimjon,Хамид Олимжон,Хамид Олимжон
303795100,1733217,1733217020,22030025,Ko`xn­a ovul,Кўхна овул,Кохна овул
303404672,1733217,1733217017,22030017,Komiljon Ataniyazov,Комилжон Атаниязов,Комилжон Aтаниязов
207189030,1733217,1733217021,22030026,Qo`ng`irot,Қўнғирот,Кунгирот
303386815,1733217,1733217039,22030039,Rovot,Ровот,Ровот
302908393,1733217,1733217027,22030027,Munis Xorazmiy,Мунис Хоразмий,Мунис Xоразмий
206941465,1733217,1733217033,22030034,Oq-yop,Оқ-ёп,Ок-ёп
303404578,1733217,1733217010,22030010,Baqaylar,Бақайлар,Бакайлар
302841154,1733217,1733217052,22030052,Cho`lobod,Чўлобод,Чулобод
205419457,1733217,1733217008,22030008,Bobodehqon,Бободеҳқон,Бободехкон
207201919,1733217,1733217048,22030048,Hilol,Ҳилол,Хилол
302776418,1733223,1733223024,22040017,Nurafshon,Нурафшон,Нурафшон
302811057,1733223,1733223013,22040033,Jannatmakon,Жаннатмакон,Жаннатмакон
302810826,1733223,1733223020,22040037,Pahlavonlar,Паҳлавонлар,Пахлавонлар
302776385,1733223,1733223016,22040016,Navro`z,Наврўз,Навруз
302776425,1733223,1733223027,22040007,Znaxos,Знахос,Знахос
302778335,1733223,1733223006,22040005,Do`stlik,Дўстлик,Дустлик
302777542,1733223,1733223005,22040008,Ilg`or,Илғор,Илгор
302811025,1733223,1733223044,22040036,Muqaddas,Муқаддас,Мукаддас
302776464,1733223,1733223039,22040019,Obod,Обод,Обод
302787514,1733223,1733223001,22040011,Qoramozi,Қорамози,Корамози
302810969,1733223,1733223033,22040042,Yangilanish,Янгиланиш,Янгиланиш
302780334,1733223,1733223003,22040009,Istiqlol,Истиқлол,Истиклол
302810858,1733223,1733223010,22040029,Barkamollik,Баркамоллик,Баркамоллик
302791416,1733223,1733223002,22040002,Guliston,Гулистон,Гулистон
302810976,1733223,1733223034,22040028,Ahillik,Аҳиллик,Ахиллик
302775695,1733223,1733223009,22040043,Shirin,Ширин,Ширин
302777559,1733223,1733223036,22040023,Paxtakor,Пахтакор,Пахтакор
304484660,1733223,1733223018,22040014,Mosh to'g'ay,Мош тўғай,Мош тугай
302810984,1733223,1733223035,22040030,Bunyodkor,Бунёдкор,Бунёдкор
302810952,1733223,1733223032,22040038,Porloq,Порлоқ,Порлок
302777566,1733223,1733223014,22040003,Durgadik,Дургадик,Дургадик
302774870,1733223,1733223030,22040010,Katta kuch,Катта Куч,Катта куч
302775704,1733223,1733223038,22040004,Do`rmon,Дўрмон,Дурмон
302811033,1733223,1733223011,22040039,Fidoyilar,Фидойилар,Фидойилар
302780342,1733223,1733223004,22040022,Paxtagul,Пахтагул,Пахтагул
302773975,1733223,1733223029,22040015,Mustaqillik,Мустақиллик,Мустакиллик
302776393,1733223,1733223015,22040021,Olchin,Олчин,Олчин
302810865,1733223,1733223021,22040032,Gulg`uncha,Гулғунча,Гулгунча
302778350,1733223,1733223040,22040026,Turkiston,Туркистон,Туркистон
302776440,1733223,1733223037,22040012,Madaniy yer,Маданий Ер,Маданий ер
302811040,1733223,1733223012,22040031,Vatanparvar,Ватанпарвар,Ватанпарвар
302810937,1733223,1733223042,22040034,Mangulik,Мангулик,Мангулик
302776378,1733223,1733223017,22040025,Toma,Тома,Тома
302776433,1733223,1733223025,22040013,Madaniyat,Маданият,Маданият
302775688,1733223,1733223007,22040045,Yangi turmush,Янги Турмуш,Янги турмуш
302773968,1733223,1733223028,22040001,G`ayrat,Ғайрат,Гайрат
304484692,1733223,1733223019,22040024,Tayanch,Таянч,Таянч
302775671,1733223,1733223008,22040020,Oydin hayot,Ойдин Ҳаёт,Ойдин хаёт
302774855,1733223,1733223031,22040018,Nurobod,Нуробод,Нуробод
302778343,1733223,1733223041,22040006,Yosh kuch,Ёш куч,Ёш куч
302811001,1733223,1733223043,22040041,Extirom,Эхтиром,Эхтиром
204354248,1733220,1733220044,22100035,Oybek,Ойбек,Ойбек
305591876,1733220,1733220005,22100011,Juvarhos,Жувархос,Жувархос
204354176,1733220,1733220028,22100020,Munis xorazmiy,Мунис Хоразмий,Мунис хоразмий
309428360,1733220,1733220046,22100047,Obodzamin,Обод замин,Ободзамин
204354209,1733220,1733220012,22100015,Kamolot,Камолот,Камолот
204354191,1733220,1733220006,22100039,Shovot,Шовот,Шовот
309460617,1733220,1733220047,22100048,Taraqqiyot,Тараққиёт,Тараккиёт
206735824,1733220,1733220025,22100008,Boston,Бўстон,Бостон
206628426,1733220,1733220010,22100016,Karvak,Карвак,Карвак
309437359,1733220,1733220045,22100046,Barkamol avlod,Баркамол авлод,Баркамол авлод
206767246,1733220,1733220036,22100022,Muxomon,Мухомон,Мухомон
305579683,1733220,1733220041,22100004,Bog`irog`lar,Боғироғлар,Богироглар
205235710,1733220,1733220032,22100036,Pahlavon Maxmud,Паҳлавон Маҳмуд,Пахлавон Махмуд
204356774,1733220,1733220003,22100001,Aloqali ko`l,Алоқали кўл,Алокали кул
207000148,1733220,1733220043,22100034,Ishchilar,Ишчилар,Ишчилар
204354294,1733220,1733220018,22100026,Otaliq,Оталиқ,Оталик
204354270,1733220,1733220017,22100005,Bog'ieram,Боғиэрам,Богиэрам
204356767,1733220,1733220033,22100032,Al-Xorazmiy,Ал-Хоразмий,Ал-Хоразмий
305558812,1733220,1733220031,22100019,Ming otliqlar,Минг отлиқлар,Минг отликлар
205246816,1733220,1733220030,22100013,Ziyolilar,Зиёлилар,Зиёлилар
204354184,1733220,1733220009,22100045,Yangi obod,Янги обод,Янги обод
204354263,1733220,1733220040,22100023,Navro`z,Наврўз,Навруз
204356750,1733220,1733220014,22100014,Istiqlol,Истиқлол,Истиклол
205314034,1733220,1733220021,22100003,Bog`dor,Боғдор,Богдор
206628434,1733220,1733220022,22100028,Sanoat,Саноат,Саноат
206718449,1733220,1733220029,22100027,Pichoqchi,Пичоқчи,Пичокчи
204354216,1733220,1733220037,22100043,Yangi xayot,Янги хаёт,Янги хаёт
305555072,1733220,1733220011,22100006,Buyuk ajdodlar,Буюк аждодлар,Буюк аждодлар
205291381,1733220,1733220042,22100037,Sulaymon qal`asi,Сулаймон қалъаси,Сулаймон калъаси
206735816,1733220,1733220016,22100030,Beshta,Бешта,Бешта
204354224,1733220,1733220026,22100018,Qovunchi,Қовунчи,Ковунчи
204354169,1733220,1733220027,22100010,Gulzor,Гулзор,Гулзор
205238833,1733220,1733220013,22100024,Ovshar,Овшар,Овшар
204354287,1733220,1733220002,22100002,Amudaryo,Амударё,Амударё
305523864,1733220,1733220008,22100042,Yuqori-shovat,Юқори-шоват,Юкори-шоват
206628441,1733220,1733220035,22100041,Shukrona,Шукрона,Шукрона
305527312,1733220,1733220038,22100040,Shoduhurram,Шодуҳуррам,Шодухуррам
205549454,1733220,1733220007,22100009,G`ofur G`ulom,Ғофур Ғулом,Гофур Гулом
204354231,1733220,1733220020,22100021,Mustaqillik,Мустақиллик,Мустакиллик
205235727,1733220,1733220001,22100044,Yangibozor,Янгибозор,Янгибозар
305527099,1733220,1733220019,22100012,Zehnli,Зеҳнли,Зехнли
305577038,1733220,1733220039,22100007,Buyuk-siymo,Буюк-сиймо,Буюк-сиймо
305550744,1733220,1733220024,22100029,Temirchi maskan,Темирчи маскан,Темирчи маскан
305644832,1733220,1733220015,22100025,Oq maydon,Оқ майдон,Ок майдон
204354255,1733220,1733220034,22100033,Jaloladdin Manguberdi,Жалоладдин Мангуберди,Жалоладдин Мангуберди
305569481,1733220,1733220004,22100017,Qirtepa,Қиртепа,Киртепа
207300519,1733226,1733226016,22050075,Sapcha,Сапча,Сапча
204099382,1733226,1733226024,22050003,Arvik,Арвик,Арвик
205202110,1733226,1733226028,22050001,Avaz dunak,Аваз дунак,Аваз дунак
207186486,1733226,1733226023,22050084,Sho'rko'l,Шўркўл,Шуркул
303506649,1733226,1733226011,22050013,Istiqlol,Истиқлол,Истиклол
207300462,1733226,1733226015,22050004,Atajon tura,Атажон Тура,Атажон тура
204114822,1733226,1733226019,22050081,Chinobod,Чинобод,Чинобод
207186479,1733226,1733226022,22050014,Qattibosh,Қаттибош,Kаттибош
207300494,1733226,1733226006,22050076,Serchalli,Серчалли,Серчалли
207300534,1733226,1733226017,22050020,Parisha,Париша,Париша
205205107,1733226,1733226031,22050023,Pishkanik,Пишканик,Пишканик
302799318,1733226,1733226014,22050007,Gandimyon,Гандимён,Гандимён
207187414,1733226,1733226007,22050083,Shomoxulum,Шомохулум,Шомохулум
302799278,1733226,1733226032,22050002,Al-Хorazmiy,Ал-Хоразмий,Ал-Хоразмий
207300502,1733226,1733226034,22050008,G`ovuk,Ғовук,Говук
204099422,1733226,1733226012,22050080,Chanashik,Чанашик,Чанашик
204104107,1733226,1733226013,22050074,Polosulton,Полосултон,Полосултон
204099374,1733226,1733226033,22050022,Pirnaxos,Пирнахос,Пирнахос
302799246,1733226,1733226025,22050011,Juryon,Журён,Журён
204114839,1733226,1733226020,22050077,Soyot,Соёт,Соёт
204104099,1733226,1733226010,22050006,Varangzon,Варангзон,Варагзон
207300479,1733226,1733226027,22050016,Kumyop,Кумёп,Кумёп
205202625,1733226,1733226001,22050015,Qoraqum,Қорақум,Коракум
303534377,1733226,1733226004,22050005,Bo`ston,Бўстон,Бустон
204104114,1733226,1733226003,22050009,Gulshan,Гулшан,Гулшан
303431925,1733226,1733226008,22050021,Parchanxos,Парчанхос,Парчанхос
302808004,1733226,1733226005,22050018,Oqyop,Оқёп,Окёп
205189848,1733226,1733226021,22050082,Shayx Najmiddin Kubro,Шайх Нажмиддин Кубро,Шайх Нажмиддин Кубро
302799261,1733226,1733226002,22050010,Dashyaq,Дашёқ,Дашяк
204099399,1733226,1733226029,22050017,Qo`shchi kattabog`,Қушчи каттабоғ,Кушчи каттабог
205223765,1733226,1733226018,22050012,Go`ja guzari,Гўжа гузари,Гужа гузари
207189291,1733226,1733226030,22050019,Pano maxsim,Пано махсим,Пано махсим
204313044,1733230,1733230039,22060010,Boston,Бўстон,Бустон
205544990,1733230,1733230044,22060009,Bo'yrachi,Бўйрачи,Буйрачи
206985925,1733230,1733230011,22060014,Ijtimoiyat,Ижтимоият,Ижтимоият
304985045,1733230,1733230022,22060019,Qirg‘oq boyi,Қирғоқ бўйи,Киргок бойи
204543724,1733230,1733230012,22060036,Po`lat,Пўлат,Пулат
204135306,1733230,1733230005,22060013,Idaliqal`a,Идалиқалъа,Идаликалъа
205933128,1733230,1733230024,22060027,Monoq,Моноқ,Монок
204486273,1733230,1733230010,22060044,Chig`atoy,Чиғатой,Чигатой
204494841,1733230,1733230045,22060007,Oq-kol,Оқ-кўл,Ок-кул
205759604,1733230,1733230043,22060035,Komiljon Otaniyazov,Комилжон Отаниёзов,Комилжон Отаниёзов
204400238,1733230,1733230055,22060054,Eshon-qal'a,Эшон-қалъа,Эшон-Калъа
204526554,1733230,1733230021,22060031,Oqoltin,Оқ-олтин,Околтин
205005466,1733230,1733230033,22060015,Ipakchi,Ипакчи,Ипакчи
204496729,1733230,1733230054,22060001,Arbek,Арбек,Арбек
204486297,1733230,1733230047,22060017,Katqal`a,Катқалъа,Каткалъа
200911593,1733230,1733230001,22060050,Paxtakor,Пахтакор,Пахтакор
204486305,1733230,1733230048,22060039,Tuproqqal`a,Тупроққалъа,Тупроккалъа
204540261,1733230,1733230027,22060005,Beshmergan,Бешмерган,Бешмерган
205942955,1733230,1733230053,22060032,Bog'bon,Боғбон,Богбон
200950744,1733230,1733230029,22060047,Do`stlik,Дўстлик,Дустлик
204992451,1733230,1733230034,22060038,Taraqqiyot,Тараққиёт,Тараккиёт
204392605,1733230,1733230017,22060046,Bunyodkor,Бунёдкор,Бунёдкор
204392573,1733230,1733230016,22060023,Qo`shkopir,Қўшкўпир,Кушкупир
200950736,1733230,1733230030,22060053,Yangiobod,Янгиобод,Янгиобод
205890396,1733230,1733230042,22060051,Turkiston,Туркистон,Туркистон
201528729,1733230,1733230013,22060012,Gulshan,Гулшан,Гулшан
204992468,1733230,1733230032,22060043,Xitoy,Хитой,Хитой
207240428,1733230,1733230007,22060022,Qunduz,Қундуз,Кундуз
201716462,1733230,1733230031,22060041,Uzunko`l,Узункўл,Узункул
205905042,1733230,1733230002,22060049,Istiqbol,Истиқбол,Истикбол
204486313,1733230,1733230046,22060034,Oltinqal`a,Олтинқалъа,Олтин калъа
204313069,1733230,1733230038,22060026,Mevazor,Мевазор,Мевазор
204494858,1733230,1733230004,22060018,Qiyot,Қиёт,Киёт
204392565,1733230,1733230052,22060025,Maxtumquli,Махтумқули,Махтумкули
204486280,1733230,1733230009,22060006,Beshchiqir,Бешчиқир,Бешчикир
204313076,1733230,1733230037,22060028,Navro`z,Наврўз,Навруз
204261823,1733230,1733230006,22060020,Komiljon Ota,Комилжон Ота,Комилжон Ота
204540278,1733230,1733230028,22060056,Yangiyo'l,Янгийўл,Янгийўл
204526562,1733230,1733230020,22060002,Arbob,Арбоб,Арбоб
206986813,1733230,1733230003,22060030,Yangi O'zbekiston,Янги Ўзбекистон,Янги Узбекистон
204313084,1733230,1733230040,22060037,Royat,Роят,Роят
205933135,1733230,1733230026,22060040,Toʻqmangʻit,Тўқманғит,Тукмангит
204486265,1733230,1733230008,22060024,Madaniyat,Маданият,Маданият
202758022,1733230,1733230041,22060052,Shovot,Шовот,Шовот
204392597,1733230,1733230015,22060016,Qangli,Қангли,Кангли
204936266,1733230,1733230019,22060021,Qum-yop,Қум-ёп,Кум ёп
201301315,1733230,1733230018,22060048,Zamondosh,Замондош,Замондош
204313052,1733230,1733230036,22060011,Guliston,Гулистон,Гулистон
206987606,1733230,1733230023,22060004,Asavey,Асавей,Асавей
204392580,1733230,1733230014,22060055,Yangi burloq,Янги бурлоқ,Янги бурлок
205525365,1733230,1733230035,22060003,Archazor,Арчазор,Арчазор
205933111,1733230,1733230025,22060029,Ogahiy,Огаҳий,Огахий
207175286,1733233,1733233019,22070029,Chakir,Чакир,Чакир
207171560,1733233,1733233025,22070020,Po'rsang,Пўрсанг,Пурсанг
207178464,1733233,1733233032,22070024,Tagan,Таган,Таган
207192495,1733233,1733233037,22070033,Shixbog'i,Шихбоғи,Шихбоги
207153384,1733233,1733233011,22070038,Yangiariq,Янгиариқ,Янгиарик
303029442,1733233,1733233012,22070006,Turkiston,Туркистон,Туркистон
207180115,1733233,1733233033,22070008,Gulshanda,Гулшанда,Гулшанда
207185163,1733233,1733233027,22070002,Arboblar,Арбоблар,Арбоблар
207175279,1733233,1733233020,22070021,Sardorlar,Сардорлар,Сардорлар
207185187,1733233,1733233028,22070015,Qongirot,Қўнғирот,Конгирот
207174802,1733233,1733233003,22070001,Angiariq,Ангиариқ,Ангиарик
303030823,1733233,1733233013,22070012,Kattabog,Каттабоғ,Каттабог
303029434,1733233,1733233014,22070010,Jaloil,Жалоил,Жалоил
207175444,1733233,1733233018,22070028,Xo'jalar,Хўжалар,Хужалар
207174786,1733233,1733233002,22070018,Oqmachit,Оқмачит,Окмачит
303364201,1733233,1733233005,22070025,Tuzloq,Тузлоқ,Тузлок
303030830,1733233,1733233016,22070019,Ostona,Остона,Остона
207170720,1733233,1733233023,22070016,Qo'riqtom,Қўриқтом,Куриктом
207172773,1733233,1733233024,22070032,Shirsholi,Ширшоли,Ширшоли
207175849,1733233,1733233017,22070017,Qo'shloq,Қўшлоқ,Кушлок
207153392,1733233,1733233039,22070039,Yangiobod,Янгиобод,Янгиобод
303364233,1733233,1733233030,22070003,Achchiqquyi,Аччиққуйи,Аччиккуйи
207183087,1733233,1733233007,22070007,Gulbog',Гулбоғ,Гулбог
303328434,1733233,1733233009,22070004,Boyot,Боёт,Боёт
303379371,1733233,1733233006,22070027,Ulug'bek,Улуғбек,Улугбек
207192488,1733233,1733233038,22070031,Sherobod,Шеробод,Шеробод
207192464,1733233,1733233036,22070011,Qarmish,Қармиш,Кармиш
207168777,1733233,1733233008,22070005,Vakillar,Вакиллар,Вакиллар
207174779,1733233,1733233001,22070030,Chiqirchi,Чиқирчи,Чикирчи
303366809,1733233,1733233010,22070009,Do'stlik,Дўстлик,Дустлик
303030775,1733233,1733233015,22070034,Egris­olma,Эгрисолма,Егрисолма
303356550,1733233,1733233031,22070037,Urganch,Урганч,Урганч
207174819,1733233,1733233004,22070026,Uygur,Уйғур,Уйгур
207178471,1733233,1733233034,22070022,Savgan,Савган,Савган
207153377,1733233,1733233022,22070036,Ogahiy,Огаҳий,Огахий
207185155,1733233,1733233029,22070023,Saburzon,Сабурзон,Сабурзон
207170737,1733233,1733233026,22070040,Yangi­y er,Янги ер,Янги ер
207179984,1733236,1733236027,22080002,Bogolon,Боғолон,Боголон
207180036,1733236,1733236028,22080010,Qiyot,Қиёт,Киёт
207179881,1733236,1733236023,22080031,Yangi yop,Янги ёп,Янги ёп
207179834,1733236,1733236025,22080007,Iftixor,Ифтихор,Ифтихор
207179827,1733236,1733236002,22080012,Mangitlar,Манғитлар,Мангитлар
207180044,1733236,1733236030,22080033,Ming bog'olon,Минг Боғолон,Минг боголон
207179803,1733236,1733236003,22080003,Bo'ston,Бўстон,Бостон
207179794,1733236,1733236004,22080016,Ocha qala,Оча қалъа,Оча кала
207179953,1733236,1733236021,22080015,Oltinko'l,Олтинкўл,Олтинкол
207179977,1733236,1733236029,22080009,Katli,Катли,Катли
207179921,1733236,1733236013,22080020,Xalqobod,Халқобод,Халкобод
207179898,1733236,1733236016,22080029,Dostlik,Дўстлик,Достлик
207179787,1733236,1733236006,22080004,Guliston,Гулистон,Гулистон
207180051,1733236,1733236022,22080023,Choэbolonchi,Чўболончи,Чоболончи
207179874,1733236,1733236019,22080014,Navbahor,Навбаҳор,Навбахор
207179842,1733236,1733236005,22080024,Shirinlar,Ширинлар,Ширинлар
207180004,1733236,1733236026,22080008,Qadriyat,Қадрият,Кадрият
207179938,1733236,1733236015,22080011,Qoratepa,Қоратепа,Коратепа
206817490,1733236,1733236011,22080025,Shoirlar,Шоирлар,Шоирлар
207179906,1733236,1733236007,22080030,Navroz,Наврўз,Навроз
207180012,1733236,1733236012,22080001,Barhayot,Барҳаёт,Бархаёт
207179945,1733236,1733236014,22080018,Tozado'rman,Тозадўрман,Тозадорман
207180029,1733236,1733236024,22080006,Istiqlol,Истиқлол,Истиклол
207179866,1733236,1733236020,22080005,Jayhun,Жайхун,Жайхун
206817475,1733236,1733236010,22080019,Xayvat,Хайват,Хайват
206817483,1733236,1733236009,22080022,Hamid olimjon,Хамид Олимжон,Хамид Олимжон
207179810,1733236,1733236001,22080017,Pahlavon maxmud,Пахловон Маҳмуд,Пахловон Махмуд
207179859,1733236,1733236018,22080026,Yuqori boshqir,Юқори Бошқир,Юкори бошкир
308592754,1733236,1733236017,22080027,Yangiobod,Янгиобод,Янгиобод
202942238,1733406,1733406009,22120016,Lolazor,Лолазор,Лолазор
202590732,1733406,1733406001,22120021,Yangi turmush,Янги турмуш,Янги турмуш
202928815,1733406,1733406018,22120005,Gilamchi,Гиламчи,Гиламчи
305257467,1733406,1733406015,22120008,Gulshan-2,Гулшан-2,Гулшан-2
204104082,1733406,1733406021,22120002,Angarik,Ангарик,Ангарик
207189284,1733406,1733406010,22120014,Qiyot,Қиёт,Киёт
202527364,1733406,1733406014,22120003,Binokor,Бинокор,Бинокор
202574846,1733406,1733406017,22120004,Gazchi,Газчи,Газчи
202883858,1733406,1733406013,22120007,Guliston,Гулистон,Гулистон
202443479,1733406,1733406016,22120009,Do'stlik,Дўстлик,Достлик
204113429,1733406,1733406006,22120020,Shixlar,Шихлар,Шихлар
202919873,1733406,1733406020,22120018,Sangar,Сангар,Сангар
202896327,1733406,1733406011,22120022,Yangi xayot,Янги хаёт,Янги хаёт
202549614,1733406,1733406012,22120006,Gulirayxon,Гулирайхон,Гулирайхон
202883834,1733406,1733406019,22120019,Tozabog,Тозабоғ,Тозабог
205220778,1733406,1733406007,22120013,Qiblatozabog',Қибла тозабоғ,Киблатозабог
202557984,1733406,1733406005,22120011,Kalta-minor,Калта-минор,Калта-минор
202518787,1733406,1733406004,22120012,Kaptarxona,Каптархона,Каптархона
202883841,1733406,1733406003,22120015,Kumyaska,Кумяска,Кумяска
202883819,1733406,1733406002,22120010,Ichan-kala,Ичан-кала,Ичан-кала
202643364,1733221,1733221015,22130011,Sharlauq,Шарлауқ,Шарлаук
204356711,1733221,1733221003,22130004,Obod,Обод,Обод
205230195,1733221,1733221006,22130005,Pastom,Пастом,Пастом
207336647,1733221,1733221018,22130018,Yakkachiqir,Яккачиқир,Яккачикир
205230188,1733221,1733221002,22130008,Muhabbat,Мухаббат,Мухаббат
207336608,1733221,1733221017,22130003,Nurobod,Нуробод,Нуробод
207123549,1733221,1733221007,22130014,Sayapir,Саяпир,Саяпир
205230204,1733221,1733221011,22130012,Saidlar,Саидлар,Саидлар
205230171,1733221,1733221008,22130007,Yoshlik,Ёшлик,Ёшлик
205234356,1733221,1733221014,22130016,Hazorasp,Ҳазорасп,хазорасп
202706957,1733221,1733221012,22130013,Sarimoy,Саримой,Саримой
305529530,1733221,1733221009,22130002,Nukus maskani,Нукус маскани,Нукус маскани
207336741,1733221,1733221016,22130019,Yangi zamin,Янги замин,Янги замин
204356728,1733221,1733221004,22130017,Shayxlar,Шайхлар,Шайхлар
202650428,1733221,1733221005,22130009,Navbahor,Навбаҳор,Навбахор
205230164,1733221,1733221010,22130001,Yoldosh Oxunboboev,Йолдош Охунбобоев,Йолдош Охунбобоев
305529594,1733221,1733221013,22130015,Tupraqqal'a maskani,Тупраққалъа маскани,Тупраккалъа маскани
202662602,1733221,1733221001,22130010,Saxovat,Саховат,Саховаци
202117083,1726264,1726264002,102-0028,Majnuntol,Мажнунтол,Мажнунтол
202855124,1726264,1726264009,102-0034,Chashma,Чашма,Чашма
207168175,1726264,1726264015,102-0040,Musaffo,Мусаффо,Мусаффо
202870082,1726264,1726264017,102-0030,Nurafshon,Нурафшон,Нурафшон
202685201,1726264,1726264007,102-0026,Zilola,Зилола,Зилола
202870099,1726264,1726264018,102-0031,Oltintopgan,Олтинтопган,Олтинтопган
202855109,1726264,1726264001,102-0029,Mirishkor,Миришкор,Миришкор
206573433,1726264,1726264014,102-0041,Nurliyo'l,Нурлийўл,Нурлийул
202855131,1726264,1726264012,102-0022,Abay,Абай,Абай
202923514,1726264,1726264010,102-0036,Gulbog',Гулбоғ,Гулбог
202855091,1726264,1726264013,102-0033,Husayn Bayqaro,Ҳусайн Байқаро,Хусайн Байкаро
202855116,1726264,1726264008,102-0027,Iqbol,Иқбол,Икбол
203161860,1726264,1726264004,102-0038,Zabardast,Забардаст,Забардаст
207158948,1726264,1726264016,102-0037,Ustozlar,Устозлар,Устозлар
202675134,1726264,1726264011,102-0023,Bektemir,Бектемир,Бектемир
206992925,1726264,1726264005,102-0039,Soxil,Сохил,Сохил
202514666,1726264,1726264006,102-0035,Yik Ota,Йик Ота,Йик Ота
202858239,1726264,1726264003,102-0032,Roxat,Рохат,Рохат
202694150,1726269,1726269026,109-0110,Ulug'bek,Улуғбек,Улугбек
202895074,1726269,1726269020,109-0081,Ahillik,Аҳиллик,Ахиллик
202694167,1726269,1726269018,109-0077,Azamat,Азамат,Азамат
202694214,1726269,1726269004,109-0086,Gulsanam,Гулсанам,Гулсанам
202694325,1726269,1726269044,109-0103,Olmachi,Олмачи,Олмачи
203598847,1726269,1726269031,109-0133,Geofizika,Геофизика,Геофизика
202694064,1726269,1726269040,109-0129,Mustaqillik,Мустақиллик,Мустакиллик
202895724,1726269,1726269046,109-0108,Turon,Турон,Турон
202694254,1726269,1726269025,109-0109,Uyg'onish,Уйғониш,Уйгониш
202694318,1726269,1726269036,109-0083,Buyuk ipak yo'li,Буюк ипак йўли,Буюк ипак йули
202694095,1726269,1726269059,109-0125,Kamolot,Камолот,Камолот
202895043,1726269,1726269062,109-0098,Nodirabegim,Нодирабегим,Нодирабегим
202627937,1726269,1726269042,109-0100,Oqibat,Оқибат,Окибат
202357774,1726269,1726269007,109-0097,Minglola,Минглола,Минглола
203209220,1726269,1726269032,109-0145,Chingeldi,Чингелди,Чингелди
202694301,1726269,1726269056,109-0084,Bahor,Баҳор,Бахор
308740410,1726269,1726269070,109-0143,Yangi Кamolot,Янги Камолот,Янги Камолот
202694182,1726269,1726269005,109-0090,Katta Qorasuv ,Катта Қорасув,Катта Корасув
205697287,1726269,1726269013,109-0126,Yangi Avayxon,Янги Авайхон,Янги Авайхон
202694293,1726269,1726269057,109-0111,Bog'imaydon,Боғимайдон,Богимайдон
202895011,1726269,1726269023,109-0096,Munavvarqori,Мунавварқори,Мунавваркори
202895028,1726269,1726269058,109-0087,Bo'z,Бўз,Боз
202808670,1726269,1726269038,109-0094,Lashkarbegi,Лашкарбеги,Лашкарбеги
303858148,1726269,1726269063,109-0112,Oliy Himmat,Олий Ҳиммат,Олий Химмат
202845516,1726269,1726269064,109-0102,Olimlar,Олимлар,Олимлар
203617078,1726269,1726269033,109-0137,Iqtidor,Иқтидор,Иктидор
205737766,1726269,1726269019,109-0080,Al-Farobiy,Ал-Фаробий,Аль-Фаробий
203424113,1726269,1726269014,109-0132,Ijodkor,Ижодкор,Ижодкор
205744229,1726269,1726269024,109-0107,Traktorsozlar,Тракторсозлар,Тракторсозлар
203507769,1726269,1726269034,109-0140,Pastki-Yuz,Пастки-Юз,Пастки-Юз
308771017,1726269,1726269054,109-0142,Oydin,Ойдин,Ойдин
203743247,1726269,1726269050,109-0141,Temuriylar,Темурийлар,Темурийлар
203669149,1726269,1726269052,109-0138,Sarbon,Сарбон,Сарбон
202694174,1726269,1726269003,109-0079,Alpomish,Алпомиш,Алпомиш
202694143,1726269,1726269010,109-0127,Chimyon,Чимён,Чимён
207299242,1726269,1726269017,109-0146,Jasorat,Жасорат,Жасорат
202694364,1726269,1726269028,109-0123,Yuzrabot,Юзработ,Юзработ
203818334,1726269,1726269053,109-0139,Gulzorobod,Гулзоробод,Гулзоробод
202895716,1726269,1726269006,109-0091,Katta Оltintepa,Катта Олтинтепа,Катта Олтинтепа
202892332,1726269,1726269009,109-0088,Sultoniya,Султония,Султония
203594243,1726269,1726269015,109-0131,Alisherobod,Алишеробод,Алишеробод
202694261,1726269,1726269068,109-0118,Shalola,Шалола,Шалола
308740394,1726269,1726269055,109-0144,Yangi Оlmachi,Янги Олмачи,Янги Олмачи
202842647,1726269,1726269051,109-0136,Ko'hna Mevazor,Кўҳна Мевазор,Кухна Мевазор
202694088,1726269,1726269022,109-0085,Beshkapa,Бешкапа,Бешкапа
303858155,1726269,1726269049,109-0130,Elobod,Элобод,Элобод
202694246,1726269,1726269065,109-0105,Sayram,Сайрам,Сайрам
207211676,1726269,1726269030,109-0135,Zakovat,Заковат,Заковат
202694340,1726269,1726269045,109-0093,Podshobog',Подшобоғ,Подшобог
202694111,1726269,1726269043,109-0101,Oqqo'rg'on,Оққўрғон,Оккурган
202694207,1726269,1726269041,109-0099,Nur,Нур,Нур
202694333,1726269,1726269001,109-0076,Avayxon,Авайхон,Авайхон
202694372,1726269,1726269037,109-0089,Darhon,Дархон,Дархон
203594235,1726269,1726269016,109-0134,Geologlar,Геологлар,Геологлар
202577399,1726269,1726269035,109-0106,Asaka,Асака,Асака
202294997,1726269,1726269066,109-0113,Feruza,Феруза,Феруза
202694278,1726269,1726269008,109-0104,Oltintepa,Олтинтепа,Олтинтепа
202895067,1726269,1726269047,109-0115,H.Olimjon,Ҳ.Олимжон,Х.Олимжон
202694135,1726269,1726269061,109-0128,Navnihol,Навниҳол,Навнихол
202694285,1726269,1726269011,109-0121,Shukur Burxonov,Шукур Бурхонов,Шукур Бурхонов
202742004,1726269,1726269027,109-0117,Humoyun,Ҳумоюн,Хумоюн
202694128,1726269,1726269069,109-0119,Shahriobod,Шаҳриобод,Шаxриобод
202694222,1726269,1726269067,109-0114,X.Abdullaev,Х.Абдуллаев,Х.Абдуллаев
202804882,1726269,1726269048,109-0120,Shahrisabz,Шаҳрисабз,Шахрисабз
202895035,1726269,1726269060,109-0092,Katta Yalang'ochota,Катта Яланғочота,Катта Ялангочота
202694104,1726269,1726269029,109-0124,Yalang'och,Яланғоч,Ялангоч
202694357,1726269,1726269039,109-0095,Mirzakalon Ismoiliy,Мирзакалон Исмоилий,Мирзакалон Исмоилий
202694071,1726269,1726269012,109-0122,Sho'rtepa,Шўртепа,Шуртепа
202694199,1726269,1726269002,109-0078,Alisher Navoiy,Алишер Навоий,Алишер Навоий
202694239,1726269,1726269021,109-0082,Axmad Yugnakiy,Ахмад Югнакий,Ахмад Югнакий
202374311,1726273,1726273005,111-0088,Sarikoʻl,Сарикўл,Сарикул
202372647,1726273,1726273020,111-0077,Mirobod,Миробод,Миробод
202374328,1726273,1726273034,111-0068,Bilimdon,Билимдон,Билимдон
202374335,1726273,1726273039,111-0074,Qo'liq-ota,Қўлиқ-ота,Кулик-ота
202366749,1726273,1726273033,111-0079,Yuksalish,Юксалиш,Юксалиш
202372654,1726273,1726273018,111-0091,Farovon,Фаровон,Фаровон
202366795,1726273,1726273027,111-0072,Istiqlolobod,Истиқлолобод,Истиклолобод
202366692,1726273,1726273016,111-0063,At-Termiziy,Ат-Термизий,Ат-Термизий
202366756,1726273,1726273007,111-0073,Qorasuv,Қорасув,Kорасув
202366724,1726273,1726273030,111-0094,Chinor,Чинор,Чинaр
202366835,1726273,1726273022,111-0065,Baynalminal,Байналминал,Байналминал
202374027,1726273,1726273001,111-0080,Banokatiy,Банокатий,Банокатий
202366788,1726273,1726273017,111-0070,Lolazor,Лолазор,Лолазор
202372630,1726273,1726273032,111-0084,Ziyonur,Зиёнур,Зиёнур
202372615,1726273,1726273023,111-0089,Temiryo'lchilar,Темирйўлчилар,Темирйолчилар
202366804,1726273,1726273012,111-0064,Afrosiyob,Афросиёб,Афросиёб
202374010,1726273,1726273004,111-0093,Furqat,Фурқат,Фуркат
202357624,1726273,1726273029,111-0067,Inoqobod,Иноқобод,Инокабад
202374034,1726273,1726273031,111-0090,Tolarik,Толариқ,Толарик
202366764,1726273,1726273024,111-0071,Zaminobod,Заминобод,Заминабад
202366899,1726273,1726273002,111-0098,Yangizamon,Янгизамон,Янгизамон
202366874,1726273,1726273028,111-0095,Tong yulduzi,Тонг юлдузи,Тонг юлдузи
202366828,1726273,1726273010,111-0076,Mingo'rik,Мингўрик,Мингурик
202366717,1726273,1726273009,111-0092,Fayziobod,Файзиобод,Файзиабад
202366653,1726273,1726273036,111-0075,Bayot,Баёт,Баёт
202366850,1726273,1726273015,111-0087,Salar,Салар,Салар
202366811,1726273,1726273008,111-0083,Oq-uy,Оқ-уй,Ок-уй
202366732,1726273,1726273025,111-0069,Birodarlik,Биродарлик,Биродарлик
202335730,1726273,1726273013,111-0082,Oybek,Ойбек,Ойбек
202366645,1726273,1726273026,111-0081,"Navro""z",Наврўз,Навруз
202366882,1726273,1726273019,111-0061,Abdulla Avloniy,Абдулла Авлоний,Абдулла Авлоний
202366700,1726273,1726273021,111-0097,Yangi Mirobod,Янги Миробод,Янги Миробод
202366660,1726273,1726273006,111-0085,Oltinko'l,Олтинкўл,Олтинкул
202366684,1726273,1726273003,111-0062,Abdurauf Fitrat,Абдурауф Фитрат,Абдурауф Фитрат
202345932,1726273,1726273035,111-0086,Parvona,Парвона,Парвона
202366677,1726273,1726273037,111-0066,Baratho'ja,Баратҳўжа,Баратхужа
202372623,1726273,1726273011,111-0096,Sharof Rashidov,Шароф Рашидов,Шароф Рашидов
202779194,1726273,1726273038,111-0099,Yangi qo'yliq,Янги қўйлиқ,Янги куйлик
202366843,1726273,1726273014,111-0078,Movarounnahr,Мовароуннаҳр,Мовароуннахр
202880807,1726283,1726283044,106-0065,Qo'shqo'rg'on,Қўшқўрғон,Кошкоргон
202912052,1726283,1726283014,106-0114,Хontepa,Хонтепа,Хонтепа
303823524,1726283,1726283037,106-0103,Birdamlik,Бирдамлик,Бирдамлик
203028185,1726283,1726283039,106-0066,Madaniyat,Маданият,Маданият
202912194,1726283,1726283042,106-0109,Ko'hna Qumariq,Кўҳна Қумариқ,Кухна Кумарик
202964273,1726283,1726283016,106-0056,Daryo bo'yi,Дарё бўйи,Дарё буйи
202979673,1726283,1726283023,106-0080,Farog'atli,Фароғатли,Фарогатли
202967997,1726283,1726283013,106-0074,Sofdil,Софдил,Софдил
202912234,1726283,1726283033,106-0108,Sultonobod,Султонобод,Султонобод
202795089,1726283,1726283043,106-0071,Asrobod,Асробод,Асробод
207340303,1726283,1726283006,106-0098,Yangi Bunyodobod,Янги Бунёдобод,Янги Бунёдобод
202880782,1726283,1726283027,106-0064,Qumariq,Қумариқ,Кумарик
303823603,1726283,1726283015,106-0099,Quruvchilar,Қурувчилар,Курувчилар
202966856,1726283,1726283021,106-0069,Nilufar,Нилуфар,Нилуфар
202912084,1726283,1726283030,106-0107,Kengmakon,Кенгмакон,Кенгмакон
202912109,1726283,1726283034,106-0112,Izzatli,Иззатли,Иззатли
202912116,1726283,1726283024,106-0113,Eshonbuloq,Эшонбулоқ,Эшанбулак
202971684,1726283,1726283019,106-0063,Qipchoq,Қипчоқ,Кипчак
202979705,1726283,1726283011,106-0083,Yangi Sergeli,Янги Сергели,Янги Cергели
207186336,1726283,1726283029,106-0118,Ziyolilar,Зиёлилар,Зиёлилар
202912020,1726283,1726283032,106-0105,Qut-baraka,Қут-барака,Кут-барака
304226180,1726283,1726283020,106-0100,Sug'diyona,Суғдиёна,Сугдиёна
202970339,1726283,1726283004,106-0075,Ezgulik,Эзгулик,Эзгулик
202822022,1726283,1726283003,106-0082,Mehrigiyo,Меҳригиё,Мехригиё
202734281,1726283,1726283031,106-0116,Хonobod,Хонобод,Хонобод
202808877,1726283,1726283041,106-0073,Oltin vodiy,Олтин водий,Олтин водий
202814134,1726283,1726283001,106-0076,O'zgarish,Ўзгариш,Узгариш
202912069,1726283,1726283026,106-0111,Nomdanak,Номданак,Номданак
202912124,1726283,1726283035,106-0110,Sadoqat,Садоқат,Садокат
202912187,1726283,1726283028,106-0117,Xonobod Tepa,Хонобод Тепа,Хонобод Тепа
202912037,1726283,1726283025,106-0106,Eski Jaloyir ,Эски Жалойир,Эски Жалойир
202822007,1726283,1726283017,106-0084,Nur-hayot,Нур-ҳаёт,Нур-хаёт
306236531,1726283,1726283005,106-0085,Bunyodobod,Бунёдобод,Бунёдaбaд
203085228,1726283,1726283040,106-0077,Uchuvchilar,Учувчилар,Учувчилар
306245465,1726283,1726283046,106-0086,Qubay-Tepa,Қубай-Тепа,Кубай-Тепа
202836527,1726283,1726283007,106-0053,Joʻn-Ariq,Жўн-Ариқ,Жун-Арик
202660368,1726283,1726283010,106-0057,Ziyinat,Зийнат,Зийнат
202967980,1726283,1726283012,106-0055,Sohibqiron,Соҳибқирон,Сохибкирон
202975085,1726283,1726283009,106-0058,Madadkor,Мададкор,Мададкор
203028193,1726283,1726283038,106-0079,Halqobod,Ҳалқобод,Халкобод
202964265,1726283,1726283045,106-0070,Nog'oy qo'rgon,Ноғой қўргон,Ногой кургон
202966871,1726283,1726283022,106-0061,Ittifoq,Иттифоқ,Иттифок
202971692,1726283,1726283036,106-0052,Shukrona,Шукрона,Шукрона
202911995,1726283,1726283008,106-0088,Yuqari Darxon,Юқори Дархон,Юкори Дархон
202964280,1726283,1726283018,106-0072,Sahovat,Саҳоват,Саховат
202824881,1726283,1726283002,106-0078,Habibiy,Ҳабибий,Хабиби
202388490,1726280,1726280007,108-0147,Shodiyona,Шодиёна,Шодиёна
202858791,1726280,1726280021,108-0106,Gulzor,Гулзор,Гулзор
202914073,1726280,1726280034,108-0145,Chustiy,Чустий,Чустий
202914080,1726280,1726280002,108-0127,Tepaguzar,Тепагузар,Тепагузар
202887504,1726280,1726280015,108-0128,Olimpiya,Олимпия,Олимпия
202921398,1726280,1726280058,108-0098,Jiydali,Жийдали,Жийдали
202884516,1726280,1726280001,108-0123,Mustaqil yurt,Мустақил юрт,Мустакил юрт
202908855,1726280,1726280008,108-0117,Yangi Toshkent,Янги Тошкент,Янги Тошкент
202850985,1726280,1726280030,108-0108,Gulsaroy,Гулсарой,Гулсарой
202919288,1726280,1726280013,108-0131,Tabassum,Табассум,Табассум
202845681,1726280,1726280059,108-0099,Beruniy,Беруний,Беруний
202908934,1726280,1726280023,108-0132,Taraqqiyot,Тараққиёт,Тараккиёт
202921406,1726280,1726280044,108-0137,Xastimom,Хастимом,Хастимом
202767669,1726280,1726280047,108-0135,Universitet,Университет,Университет
202590914,1726280,1726280036,108-0139,Xonchorbog,Хончорбог,Хончорбог
202887528,1726280,1726280027,108-0115,Hazrati Imom,Ҳазрати Имом,Хазрати Имом
202908942,1726280,1726280053,108-0143,Chimboy,Чимбой,Чимбой
202908784,1726280,1726280017,108-0114,Istiqbol,Истиқбол,Истикбол
204753598,1726280,1726280016,108-0102,Bo'stonobod,Бўстонобод,Бyстaнaбaд
202916671,1726280,1726280056,108-0141,Chig'atoy Oqtepa,Чиғатой Оқтепа,Чигатой Октепа
202919264,1726280,1726280003,108-0126,Nihol,Ниҳол,Нихол
202884509,1726280,1726280028,108-0124,Oltinsoy,Олтинсой,Олтинсой
202836581,1726280,1726280035,108-0094,Quyosh,Қуёш,Куёш
202855013,1726280,1726280005,108-0134,Umid,Умид,Умид
202912986,1726280,1726280040,108-0113,Abu Bakr Shoshiy,Абу Бакр Шоший,Абу Бакр Шоший
202851010,1726280,1726280004,108-0093,Chamanbog',Чаманбоғ,Чаманбог
310013950,1726280,1726280063,108-0152,Zamondosh,Замондош,Замондош
202862829,1726280,1726280009,108-0103,G'alaba,Ғалаба,Галаба
202905661,1726280,1726280041,108-0150,Yangi Sebzor,Янги Себзор,Янги Себзор
202921359,1726280,1726280031,108-0142,Chiltoʻgʻon,Чилтўғон,Чилтугон
309998183,1726280,1726280060,108-0153,Chinniobod,Чинниобод,Чинниобод
202855020,1726280,1726280051,108-0110,Ziyo,Зиё,Зиё
309996012,1726280,1726280061,108-0154,Elparvar,Элпарвар,Элпарвар
309995132,1726280,1726280064,108-0156,Zarhal,Зархал,Зархал
202908887,1726280,1726280054,108-0146,Shifokorlar,Шифокорлар,Шифокорлар
202921381,1726280,1726280046,108-0105,Guzarboshi,Гузарбоши,Гузарбоши
202908927,1726280,1726280019,108-0116,Qichqiriq,Қичқириқ,Кичкирик
207339057,1726280,1726280052,108-0151,Ziyokor,Зиёкор,Зиёкор
202916695,1726280,1726280042,108-0130,Sebzor,Себзор,Себзор
202886806,1726280,1726280022,108-0121,Miskin,Мискин,Мискин
202763659,1726280,1726280049,108-0100,Orzu,Орзу,Орзу
309995464,1726280,1726280062,108-0155,Kaykovus,Кайковус,Кайковус
202908903,1726280,1726280043,108-0119,Qo'shtut,Қўштут,Кyштут
202827861,1726280,1726280025,108-0144,Chuqursoy,Чуқурсой,Чукурсой
202767652,1726280,1726280050,108-0097,Achaobod,Ачаобод,Ачаобод
202897641,1726280,1726280012,108-0109,Yoshlik,Ёшлик,Ёшлик
202912994,1726280,1726280045,108-0140,Chig'atoy darboza,Чиғатой дарбоза,Чигатой дарбоза
202800231,1726280,1726280024,108-0112,Islom-ota,Ислом-ота,Ислом-ота
202908831,1726280,1726280029,108-0111,Ibrohim-ota,Иброҳим-ота,Иброхим-ота
202908863,1726280,1726280011,108-0129,Paxta,Пахта,Пахта
202873799,1726280,1726280020,108-0118,Qorasaroy,Қорасарой,Корасарой
202800263,1726280,1726280037,108-0133,Yuqori Sebzor,Юқори Себзор,Юкори Себзор
202908809,1726280,1726280048,108-0095,Allon,Аллон,Аллон
202908816,1726280,1726280038,108-0125,Namuna,Намуна,Намуна
202800255,1726280,1726280026,108-0107,Guruchariq,Гуручариқ,Гуручарик
206128114,1726280,1726280010,108-0122,Moyariq,Мояриқ,Моярик
202855084,1726280,1726280039,108-0136,Hofiz Ko'hakiy,Ҳофиз Кўҳакий,Хофиз Кухаки
202908894,1726280,1726280032,108-0104,G'ani Azamov,Ғани Азамов,Гани Азамов
202908791,1726280,1726280055,108-0138,Hislat,Ҳислат,Хислат
202908824,1726280,1726280057,108-0120,Mirzo G'olib,Мирзо Ғолиб,Мирзо Голиб
202908910,1726280,1726280014,108-0148,Shon-shuhrat,Шон-шуҳрат,Шон-шухрат
310790889,1726280,1726280033,108-0149,Eski shahar,Эски шаҳар,Эски шахар
202851003,1726280,1726280006,108-0101,Yuqori Beshqo'rg'on,Юқори Бешқўрғон,Юкори Бешкурган
202845706,1726280,1726280018,108-0096,Ahil,Аҳил,Ахил
202586783,1726290,1726290048,104-0123,Ma'rifat,Маърифат,Маърифат
207207119,1726290,1726290012,104-0159,Uchchinor,Уччинор,Уччинор
202904244,1726290,1726290022,104-0094,Aviasozlar,Авиасозлар,Авиасозлар
203818326,1726290,1726290010,104-0158,Arg'in,Арғин,Аргин
202586672,1726290,1726290058,104-0101,Behizor,Беҳизор,Бехизор
303839241,1726290,1726290034,104-0150,Fazogir,Фазогир,Фазогир
303839226,1726290,1726290037,104-0151,Beshariq,Бешариқ,Бешарик
202912155,1726290,1726290008,104-0109,Go'zal,Гўзал,Гузал
202586886,1726290,1726290060,104-0131,Nodira,Нодира,Нодира
203818358,1726290,1726290015,104-0155,Bog'bon,Боғбон,Богбон
202920336,1726290,1726290020,104-0134,Parvoz,Парвоз,Парвоз
203783206,1726290,1726290018,104-0142,Yashnobod,Яшнобод,Яшнабад
202586744,1726290,1726290052,104-0126,Mumtoz,Мумтоз,Мумтоз
202512179,1726290,1726290007,104-0137,Tuzel,Тузел,Тузел
202586926,1726290,1726290043,104-0114,Jo'rabek,Жўрабек,Журабек
202950591,1726290,1726290027,104-0127,Semurg',Семурғ,Семург
202586934,1726290,1726290033,104-0112,Do'stobod,Дўстобод,Дустобод
202586919,1726290,1726290061,104-0148,Shоhsanam,Шоҳсанам,Шохсанам
202586736,1726290,1726290059,104-0110,Shоhimardon,Шоҳимардон,Шохимардон
202586657,1726290,1726290038,104-0098,Asalobod,Асалобод,Асалобод
203818373,1726290,1726290017,104-0154,Tovkentepe,Товкентепа,Товкентепа
202586879,1726290,1726290003,104-0097,Amir Тemur,Амир Темур,Амир Темур
202877555,1726290,1726290026,104-0138,To'ytepa,Тўйтепа,Туйтепа
202586751,1726290,1726290028,104-0144,Cho'lpon,Чўлпон,Чулпан
202586689,1726290,1726290004,104-0141,Vatandosh,Ватандош,Ватандош
202346930,1726290,1726290042,104-0096,Хosiyatli,Хосиятли,Хосиятли
202586958,1726290,1726290066,104-0119,Katta Yangibod,Катта Янгиобод,Катта Янгиобод
202586704,1726290,1726290063,104-0147,Yanginur,Янгинур,Янгинур
202586808,1726290,1726290024,104-0124,Alimkent,Алимкент,Алимкент
202586941,1726290,1726290051,104-0118,Katta Qo'yliq,Катта Қўйлиқ,Катта Куйлик
202586768,1726290,1726290021,104-0130,Navro'zobod,Наврўзобод,Наврузобод
202426783,1726290,1726290036,104-0100,Dilbog',Дилбоғ,Дилбог
202586729,1726290,1726290055,104-0140,O'rta masjid,Ўрта масжид,Урта масжид
203594250,1726290,1726290013,104-0152,Jarboshi,Жарбоши,Жарбоши
203693334,1726290,1726290005,104-0128,Tong,Тонг,Тонг
203818380,1726290,1726290014,104-0156,Mohirlar,Моҳирлар,Мохирлар
205687480,1726290,1726290049,104-0135,Shirinobod,Ширинобод,Ширинобод
310352997,1726290,1726290067,104-0160,Qalqon,Қалқон,Калкон
202586823,1726290,1726290046,104-0107,Boysun,Бойсун,Бойсун
202526611,1726290,1726290041,104-0113,Jarko'rg'on,Жарқўрғон,Жаркоргaн
202586712,1726290,1726290064,104-0111,Donishmand,Донишманд,Донишманд
202460252,1726290,1726290054,104-0103,Uysozlar,Уйсозлар,Уйсозлар
202586862,1726290,1726290065,104-0136,Tarnov boshi,Тарнов боши,Тарнов боши
203726053,1726290,1726290062,104-0132,Oydinko'l,Ойдинкўл,Ойдинкyл
207293188,1726290,1726290050,104-0149,O'qchi-Olmazor,Ўқчи-Олмазор,Укчи-Олмазор
202586696,1726290,1726290025,104-0139,Qadriyat,Қадрият,Кадрият
202586640,1726290,1726290039,104-0108,Bunyodkor,Бунёдкор,Бунёдкор
202920344,1726290,1726290001,104-0116,Iltifot,Илтифот,Илтифот
202460276,1726290,1726290040,104-0145,Yangi davr,Янги давр,Янги давр
202586894,1726290,1726290023,104-0121,Maxmur,Махмур,Махмур
202586854,1726290,1726290057,104-0146,Yangiqo'rg'on,Янгиқўрғон,Янгикоргaн
202586847,1726290,1726290019,104-0104,Birlashgan,Бирлашган,Бирлашган
202912148,1726290,1726290009,104-0133,Olmos,Олмос,Олмос
202457800,1726290,1726290006,104-0125,Mohinur,Моҳинур,Мохинур
202586965,1726290,1726290030,104-0106,Boyqoʻrgʻon,Бойқўрғон,Бойкургон
205872308,1726290,1726290032,104-0117,Istiqlol,Истиқлол,Истиклол
202429960,1726290,1726290035,104-0105,Barkamol,Баркамол,Баркамол
203686563,1726290,1726290002,104-0095,Al-Buxariy,Ал-Бухорий,Аль-Бухарий
203818397,1726290,1726290016,104-0153,Tashisti,Ташисти,Ташисти
202586775,1726290,1726290044,104-0102,Besh bola,Беш бола,Беш бола
202586902,1726290,1726290053,104-0120,Qo'yliqobod,Қўйлиқобод,Койликобод
202586815,1726290,1726290045,104-0099,Ahmad Yassaviy,Ахмад Яссавий,Ахмад Яссавий
203818341,1726290,1726290011,104-0157,Xilol,Хилол,Хилол
202586664,1726290,1726290031,104-0122,Mashinasozlar,Машинасозлар,Машинасозлар
202586790,1726290,1726290047,104-0129,Muxtor Ashrafiy,Мухтор Ашрафий,Мухтор Ашрафий
202586633,1726290,1726290056,104-0115,Yosh avlod,Ёш авлод,Ёш авлод
205927506,1726290,1726290029,104-0143,Fidoyilar,Фидойилар,Фидойилар
202432405,1726294,1726294004,103-0098,Beshqo'rg'on,Бешқўрғон,Бешкоргaн
202905543,1726294,1726294015,103-0087,1-Charh Kamolon,1-Чарх Камолон,1-Чарх Камолон
201971266,1726294,1726294016,103-0090,2-Charh Kamolon,2-Чарх Камолон,2-Чарх Камолон
202630064,1726294,1726294028,103-0125,Beshchinor,Бешчинор,Бешчинор
202432380,1726294,1726294018,103-0097,Beshyog'och,Бешёғоч,Бешёгоч
202302384,1726294,1726294033,103-0111,Lutfiy,Лутфий,Лутфий
204851524,1726294,1726294046,103-0103,Dombirobod,Домбиробод,Домбиробод
309258408,1726294,1726294039,103-0136,Diyor,Диёр,Диёр
202630095,1726294,1726294044,103-0100,Boʻrijar,Бўрижар,Бурижар
202429107,1726294,1726294032,103-0105,Qatortol,Қатортол,Катортол
202446782,1726294,1726294020,103-0120,Katta Olmazor,Катта Олмазор,Катта Олмазор
202630104,1726294,1726294043,103-0084,Botirma,Ботирма,Ботирма
202165064,1726294,1726294024,103-0117,Novza,Новза,Новза
202904157,1726294,1726294021,103-0086,Katta Сhilonzor-1,Катта Чилонзор-1,Катта Чилонзор-1
202205647,1726294,1726294007,103-0122,Tirsakobod,Тирсакобод,Тирсакобод
309276433,1726294,1726294026,103-0138,Qozirobod,Қозиробод,Козиробод
202298801,1726294,1726294034,103-0114,Navbahor,Навбаҳор,Навбахор
202897547,1726294,1726294025,103-0127,Chilonzor,Чилонзор,Чилонзор
202630056,1726294,1726294037,103-0124,Хalqlar do'stligi,Халқлар дўстлиги,Халклар дустлиги
309255751,1726294,1726294040,103-0139,Ko'rkam,Кўркам,Коркам
206128312,1726294,1726294002,103-0095,Bahoriston,Баҳористон,Бахористон
303779515,1726294,1726294045,103-0133,Gavhar,Гавҳар,Гавхар
202429082,1726294,1726294036,103-0119,Oq Tepa,Оқ Тепа,Ок Тепа
205841740,1726294,1726294011,103-0129,Sharaf,Шараф,Шараф
205976913,1726294,1726294029,103-0099,Bog'zor,Боғзор,Богзор
202912930,1726294,1726294054,103-0132,Yakkabog',Яккабоғ,Яккабог
202277788,1726294,1726294001,103-0094,Al-Xorazmiy,Ал-Хоразмий,Аль-Хорезми
205916504,1726294,1726294030,103-0104,Dilobod,Дилобод,Дилобод
202479590,1726294,1726294003,103-0096,Bekto'pi,Бектўпи,Бектопи
202446774,1726294,1726294005,103-0102,Guliston,Гулистон,Гулистон
202922239,1726294,1726294050,103-0112,Mevazor,Мевазор,Мевазор
202897530,1726294,1726294010,103-0121,Xonto'pi,Хонтўпи,Хонтопи
202432413,1726294,1726294038,103-0128,Cho'ponota,Чўпонота,Чупонота
202429099,1726294,1726294013,103-0131,Sharq tongi,Шарқ тонги,Шарк тонги
202382437,1726294,1726294017,103-0092,3-Charh Kamolon,3-Чарх Камолон,3-Чарх Камолон
202721464,1726294,1726294027,103-0085,1-Qatortol,1-Қатортол,1-Катартол
202630071,1726294,1726294035,103-0093,Nafosat,Нафосат,Нафосат
202440159,1726294,1726294006,103-0108,Katta Xirmontepa,Катта Хирмонтепа,Катта Xирмонтепа
202630088,1726294,1726294031,103-0110,Ko'tarma,Кўтарма,Кутарма
202434118,1726294,1726294022,103-0089,Katta Chilonzor-2,Катта Чилонзор-2,Катта Чилонзор-2
202630032,1726294,1726294047,103-0118,Zarqo'rg'on,Зарқўрғон,Заркоргaн
204769735,1726294,1726294049,103-0109,Kichik-xirmontepa,Кичик-хирмонтепа,Кичик-хирмонтепа
202127768,1726294,1726294023,103-0091,Katta Chilonzor-3,Катта Чилонзор-3,Катта Чилонзор-3
202630128,1726294,1726294009,103-0126,Хirmontepa,Хирмонтепа,Хирмонтепа
202630150,1726294,1726294012,103-0130,Sharq,Шарқ,Шарк
303774055,1726294,1726294053,103-0134,Fidokor,Фидокор,Фидокор
202922207,1726294,1726294042,103-0088,2-Qatortol,2-Қатортол,2-Катартол
202425698,1726294,1726294052,103-0116,Naqqoshlik,Наққошлик,Наккошлик
202234571,1726294,1726294048,103-0106,Katta Doʻmbirobod,Катта Дўмбиробод,Катта Думбиробод
202630135,1726294,1726294055,103-0115,Yakkatut,Яккатут,Яккатут
309256236,1726294,1726294041,103-0137,Katta Navbahor,Катта Навбаҳор,Катта Навбахор
303774245,1726294,1726294014,103-0135,Shuhrat,Шуҳрат,Шухрат
202630111,1726294,1726294051,103-0113,Mehrjon,Меҳржон,Мехржон
202437793,1726294,1726294019,103-0107,Katta Qozirobod,Катта Қозиробод,Катта Rозиробод
202437785,1726294,1726294008,103-0123,Hayrabod,Ҳайрабод,Хайрабод
202915769,1726277,1726277009,110-0083,Ipakchi,Ипакчи,Ипакчи
202915619,1726277,1726277049,110-0118,Yangi Kamolon,Янги Камолон,Янги Камолон
202915673,1726277,1726277050,110-0110,Chorsu,Чорсу,Чорсу
202915562,1726277,1726277021,110-0105,O'qchi,Ўқчи,Укчи
303794102,1726277,1726277002,110-0121,Yangi Jarariq,Янги Жарариқ,Янги Жарарик
202915554,1726277,1726277018,110-0088,Qoratosh,Қоратош,Коратош
202915713,1726277,1726277028,110-0100,Sarxumdon,Сархумдон,Сархумдон
202880743,1726277,1726277004,110-0108,Xuvaydo,Хувайдо,Хувайдо
202915887,1726277,1726277036,110-0084,Ko'kcha Darvoza,Кўкча Дарвоза,Кукча Дарвоза
202915634,1726277,1726277012,110-0080,Zafarobod,Зафаробод,Зафаробод
202774383,1726277,1726277020,110-0089,Koh-ota,Коҳ-ота,Кох-ота
202915848,1726277,1726277033,110-0094,Obinazir,Обиназир,Обиназир
202915626,1726277,1726277045,110-0116,Eshonguzar,Эшонгузар,Эшонгузар
202915927,1726277,1726277003,110-0115,Eski Jarariq,Эски Жарариқ,Эски Жарарик
202915680,1726277,1726277015,110-0107,Xadra,Хадра,Хадра
202915784,1726277,1726277046,110-0076,Gulobod,Гулобод,Гулобод
202887432,1726277,1726277044,110-0111,Katta oqtepa,Катта оқтепа,Катта октепа
202840634,1726277,1726277031,110-0073,Bog'-ko'cha,Боғ-кўча,Бог-куча
202915903,1726277,1726277035,110-0078,Jarariq,Жарариқ,Жарарик
202793313,1726277,1726277013,110-0109,Chaqar,Чақар,Чакар
202915641,1726277,1726277011,110-0113,Shodlik,Шодлик,Шодлик
202915658,1726277,1726277032,110-0114,Shofayzi,Шофайзи,Шофайзи
202915737,1726277,1726277022,110-0098,Olmazor,Олмазор,Олмазор
202883461,1726277,1726277034,110-0082,Ilg'or,Илғор,Илгор
202915894,1726277,1726277008,110-0081,Ibn Sino,Ибн Сино,Ибн Сино
202915824,1726277,1726277005,110-0096,Katta Jarariq,Катта Жарариқ,Катта Жарарик
202915602,1726277,1726277039,110-0120,Yangi obod,Янги обод,Янги обод
202915705,1726277,1726277014,110-0102,Takhtapul,Тахтапул,Тахтапул
202915579,1726277,1726277019,110-0106,O'rda,Ўрда,Урда
202915594,1726277,1726277037,110-0119,Yangi shahar,Янги шаҳар,Янги шахар
202915697,1726277,1726277030,110-0103,Tinchlik,Тинчлик,Тинчлик
202915752,1726277,1726277042,110-0085,Katta-Bogʻ,Катта-Боғ,Катта-Бог
202915586,1726277,1726277010,110-0104,O'zbekiston,Ўзбекистон,Узбекистон
202915863,1726277,1726277029,110-0086,Katta-hovuz,Катта-ҳовуз,Катта-ховуз
202915776,1726277,1726277051,110-0079,Zangiota,Зангиота,Зангиота
202915942,1726277,1726277001,110-0072,Beltepa,Белтепа,Белтепа
202915665,1726277,1726277023,110-0112,Shayxontohur,Шайхонтоҳур,Шайхонтохур
202915855,1726277,1726277026,110-0092,Mannon Uyg'ur,Маннон Уйғур,Маннон Уйгур
202915791,1726277,1726277016,110-0075,Gulbozor,Гулбозор,Гулбозор
202915831,1726277,1726277041,110-0097,Olim Xoʻjayev,Олим Хўжаев,Олим Хужаев
202915809,1726277,1726277043,110-0101,Suzukota,Сузукота,Сузукота
202883493,1726277,1726277027,110-0090,Ko'kcha,Кўкча,Кукча
205704965,1726277,1726277007,110-0117,Yangi Beltepa,Янги Белтепа,Янги белтепа
202799992,1726277,1726277024,110-0091,Labzak,Лабзак,Лабзак
202915934,1726277,1726277006,110-0074,Bo'ston,Бўстон,Бостон
303794119,1726277,1726277048,110-0071,Kamolon Darvoza,Камолон Дарвоза,Камолон Дарвоза
202915744,1726277,1726277040,110-0093,Charx novza,Чарх новза,Чарх новза
202915720,1726277,1726277025,110-0095,Oqlon,Оқлон,Оклон
202915870,1726277,1726277038,110-0087,Kamolon,Камолон,Камолон
202915910,1726277,1726277017,110-0077,Jangox,Жангох,Жангох
202915816,1726277,1726277047,110-0099,Samarqand Darvoza,Самарқанд Дарвоза,Самарканд Дарвоза
303817016,1726266,1726266003,107-0145,Bog'i-eram,Боғи-эрам,Боги-эрам
202906794,1726266,1726266038,107-0111,Iftihor,Ифтихор,Ифтихор
202906898,1726266,1726266053,107-0104,Boʻzsuv,Бўзсув,Бузсув
202908554,1726266,1726266048,107-0140,Yangi-ariq,Янги-ариқ,Янги-арик
205718575,1726266,1726266027,107-0122,Uvaysiy,Увайсий,Увайсий
202906613,1726266,1726266009,107-0117,Sobirobod,Собиробод,Собиробод
205714336,1726266,1726266026,107-0118,Sevinch,Севинч,Севинч
202906803,1726266,1726266035,107-0107,Billur,Биллур,Биллур
303843207,1726266,1726266010,107-0144,Nurmakon,Нурмакон,Нурмакон
202906605,1726266,1726266012,107-0126,Uch-Qaxramon,Уч-Қахрамон,Уч-Кахрамон
202906620,1726266,1726266059,107-0116,Posira,Посира,Посира
202906541,1726266,1726266042,107-0105,Minor,Минор,Минор
202906866,1726266,1726266016,107-0139,Barhayot,Барҳаёт,Бархаёт
202906652,1726266,1726266049,107-0085,Akbarobod,Акбаробод,Акбаробод
202908579,1726266,1726266022,107-0090,Bobudehqon,Бободеҳқон,Бободехкон
202906810,1726266,1726266034,107-0093,Anorzor,Анорзор,Анорзор
205708990,1726266,1726266033,107-0084,Adolat,Адолат,Адолат
202906724,1726266,1726266032,107-0141,Yangibogʻ,Янгибоғ,Янгибог
202906842,1726266,1726266055,107-0096,Qadrdon,Қадрдон,Кадрдон
202916545,1726266,1726266017,107-0124,Xalqabog',Халқабоғ,Халкабог
202906709,1726266,1726266014,107-0089,Hamkorobod,Хамкоробод,Хамкоробод
202906534,1726266,1726266060,107-0127,Firdavsiy,Фирдавсий,Фирдавсий
202906874,1726266,1726266039,107-0102,Qoshchinor,Қўшчинор,Кушчинор
202906565,1726266,1726266062,107-0133,Shayx Shivli,Шайх Шивли,Шайх Шивли
202906573,1726266,1726266018,107-0119,Turkiston,Туркистон,Туркистон
202906644,1726266,1726266058,107-0115,Otchopar-2,Отчопар-2,Отчопар-2
202906770,1726266,1726266061,107-0129,Xiyobon tepa,Хиёбон тепа,Хиёбон тепа
308875234,1726266,1726266047,107-0147,Registon,Регистон,Регистон
202920296,1726266,1726266036,107-0094,G'ayratiy,Ғайратий,Гайратий
202912757,1726266,1726266057,107-0114,Otchopar-1,Отчопар-1,Отчопар-1
202919138,1726266,1726266025,107-0113,Oqtepa,Оқтепа,Октепа
202906787,1726266,1726266008,107-0131,Mingchinor,Мингчинор,Мингчинор
202906669,1726266,1726266051,107-0092,Bodomsor,Бодомзор,Бодомзор
202906526,1726266,1726266002,107-0091,Bog'ishamol,Боғишамол,Богишамол
303824689,1726266,1726266064,107-0143,Yangi tarnov,Янги тарнов,Янги тарнов
202906827,1726266,1726266004,107-0098,Islomobod,Исломобод,Исломобод
202906716,1726266,1726266011,107-0095,Tiklanish,Тикланиш,Тикланиш
205690352,1726266,1726266019,107-0087,Ahilobod,Аҳилобод,Ахилобод
202906684,1726266,1726266013,107-0128,Hasanboy,Хасанбой,Хасанбой
202906731,1726266,1726266045,107-0130,Husniobod,Ҳусниобод,Хусниобод
202906834,1726266,1726266040,107-0100,Qashqar,Қашқар,Кашкар
202906580,1726266,1726266052,107-0121,Buyuk Turon,Буюк Турон,Буюк Турон
202906755,1726266,1726266041,107-0103,Matonat,Матонат,Матонат
202906676,1726266,1726266043,107-0120,Turk-qo'rg'on,Турк-қўрғон,Турк-кургон
205704214,1726266,1726266050,107-0112,Bogʻiboʻston,Боғибўстон,Богибустон
205718583,1726266,1726266030,107-0108,Yurtobod,Юртобод,Юртобод
202547815,1726266,1726266029,107-0132,Shosh tepa,Шош тепа,Шош тепа
201124661,1726266,1726266021,107-0099,Beg'ubor,Беғубор,Бегубор
202906748,1726266,1726266028,107-0123,O’zbekiston mustaqilligi,Ўзбекистон мустақиллиги,Узбекистон мустакиллиги
205704206,1726266,1726266020,107-0088,Ahmad Donish,Аҳмад Дониш,Ахмад Дониш
202906881,1726266,1726266006,107-0101,Kulol-Qoʻrgʻon,Кулол-Қўрғон,Кулол-Кургон
202906859,1726266,1726266005,107-0136,Yolayriq,Йўлайриқ,Йулайрик
202908562,1726266,1726266031,107-0138,Yunus ota,Юнус ота,Юнус ота
202906637,1726266,1726266001,107-0086,Astrobod,Астробод,Астробод
202912789,1726266,1726266063,107-0137,Yunusobod,Юнусобод,Юнусобод
202912740,1726266,1726266056,107-0109,Obod,Обод,Обод
202908547,1726266,1726266054,107-0106,Mirzo Ulug'bek,Мирзо Улуғбек,Мирзо Улугбек
202906597,1726266,1726266037,107-0097,Abdurahmon Jomiy,Абдураҳмон Жомий,Абдурахмон Жоми
205720685,1726266,1726266024,107-0110,Muruvvat,Мурувват,Мурувват
202906558,1726266,1726266044,107-0125,Usto Shirin,Усто Ширин,Усто Ширин
303824585,1726266,1726266023,107-0142,Mehnat obod,Меҳнат обод,Мехнат обод
303824657,1726266,1726266007,107-0146,Katta Hasanboy,Катта Ҳасанбой,Катта Хасанбой
202906763,1726266,1726266046,107-0135,Shahriston,Шаҳристон,Шахристон
202906691,1726266,1726266015,107-0134,Sharq haqiqati,Шарқ ҳақиқати,Шарк хакикати
202559024,1726262,1726262036,101-0121,O'rikzor,Ўрикзор,Урикзор
202920351,1726262,1726262026,101-0126,Xojiobod,Хожиобод,Хожиобод
202914209,1726262,1726262003,101-0085,Abdulla Qodiriy,Абдулла Қодирий,Абдулла Кодирий
202914120,1726262,1726262060,101-0131,Katta Cho'ponota,Катта Чўпонота,Катта Чупонота
202488192,1726262,1726262015,101-0089,Beshqayrag'och,Бешқайрағоч,Бешкайрагоч
202914176,1726262,1726262057,101-0099,Jarbuloq,Жарбулоқ,Жарбулок
202415464,1726262,1726262032,101-0105,Qoziguzar,Қозигузар,Козигузар
202899987,1726262,1726262021,101-0113,Latifguzar,Латифгузар,Латифгузар
202426830,1726262,1726262010,101-0115,Nishab ariq,Нишаб ариқ,Нишаб арик
202634708,1726262,1726262008,101-0112,Ko'xna Cho'ponota,Кўхна Чўпонота,Кухна Чупонота
202914105,1726262,1726262030,101-0117,Oqmachit,Оқмачит,Окмачит
202576344,1726262,1726262042,101-0123,Uchtepa,Учтепа,Учтепа
202402046,1726262,1726262053,101-0134,Shirin,Ширин,Ширин
303801227,1726262,1726262059,101-0142,Hamdo'st,Ҳамдўст,Хамдуст
202553777,1726262,1726262019,101-0102,Ibrat,Ибрат,Ибрат
202558176,1726262,1726262044,101-0111,Ko'rkamobod,Кўркамобод,Куркамобод
205786517,1726262,1726262052,101-0095,Vatanparvar,Ватанпарвар,Ватанпарвар
202872340,1726262,1726262013,101-0133,Sharq Yulduzi,Шарқ Юлдузи,Шарк Юлдузи
202914270,1726262,1726262020,101-0110,Ko'rg'ontepa,Кўрғонтепа,Кургонтепа
202734764,1726262,1726262028,101-0125,Xayratiy,Хайратий,Хайратий
202709754,1726262,1726262012,101-0127,Xondamir,Хондамир,Хондамир
202914303,1726262,1726262049,101-0116,Nurobod,Нуробод,Нуробод
205732504,1726262,1726262056,101-0136,Shaftalizor,Шафтолизор,Шафтолизор
202553817,1726262,1726262002,101-0091,Bog'iston,Боғистон,Богистон
202904268,1726262,1726262005,101-0096,Guzar,Гузар,Гузар
202914224,1726262,1726262029,101-0130,Chamanzor,Чаманзор,Чаманзор
202377386,1726262,1726262038,101-0087,Yangiyo'l,Янгийўл,Янгийул
202418223,1726262,1726262016,101-0090,Birlik,Бирлик,Бирлик
202914137,1726262,1726262017,101-0097,Davlatobod,Давлатобод,Давлатобод
202576320,1726262,1726262004,101-0092,Bog'ichinor,Боғичинор,Богичинор
202480932,1726262,1726262024,101-0120,Tinchlikobod,Тинчликобод,Тинчликобод
303803492,1726262,1726262039,101-0143,Diydor,Дийдор,Дийдор
202529805,1726262,1726262001,101-0093,Bog'obod,Боғобод,Богобод
202920368,1726262,1726262043,101-0104,Katta qa'ni,Катта қаъни,Катта каъни
202914310,1726262,1726262034,101-0086,Alixonto'ra Sog'uniy,Алихонтўра Соғуний,Алихонтура Согуни
303800845,1726262,1726262035,101-0144,Diyorobod,Диёробод,Диёробод
202914255,1726262,1726262022,101-0119,Taqachi,Тақачи,Такачи
303801384,1726262,1726262018,101-0141,Zargarlik,Заргарлик,Заргарлик
202914294,1726262,1726262051,101-0094,Vatan,Ватан,Ватан
202714536,1726262,1726262007,101-0100,Jurjoniiy,Журжоний,Журжоний
202410829,1726262,1726262033,101-0108,Ko'ksaroy,Кўксарой,Куксарой
202914263,1726262,1726262037,101-0137,Yusuf Sakkokiy,Юсуф Саккокий,Юсуф Саккоки
202913028,1726262,1726262048,101-0088,Bekobod,Бекобод,Бекобод
202700965,1726262,1726262031,101-0107,Quyi Darxon,Қуйи Дархон,Куйи Дархон
303800441,1726262,1726262023,101-0140,Tepaqo'rg'on,Тепақўрғон,Тепакургон
202570678,1726262,1726262045,101-0132,Sharq guli,Шарқ гули,Шарк гули
202914191,1726262,1726262046,101-0129,Xurshid,Хуршид,Хуршид
205722628,1726262,1726262025,101-0124,Farxod,Фарход,Фарход
202914144,1726262,1726262006,101-0098,Degrez,Дегрез,Дегрез
202793162,1726262,1726262027,101-0128,Xuroson,Хуросон,Хуросон
202562473,1726262,1726262050,101-0114,Nayman,Найман,Найман
202549733,1726262,1726262054,101-0122,О'tkir,Ўткир,Уткир
202642516,1726262,1726262009,101-0109,Ko'kcha Oqtepa,Кўкча Оқтепа,Кукча Октепа
303802296,1726262,1726262041,101-0139,Zarafshon,Зарафшон,Зарафшон
303827684,1726262,1726262040,101-0138,Foziltepa,Фозилтепа,Фозилтепа
202913035,1726262,1726262058,101-0101,Zulfizar,Зулфизар,Зулфизар
202887543,1726262,1726262047,101-0106,Qor yog'di,Қор ёғди,Кор ёгди
202914216,1726262,1726262014,101-0135,Shofayzibog',Шофайзибоғ,Шофайзибог
202723407,1726262,1726262011,101-0118,Paxtakor,Пахтакор,Пахтакор
202914169,1726262,1726262055,101-0103,Istiroxat,Истирохат,Истирохат
202918867,1726287,1726287011,105-0027,Belariq,Белариқ,Беларик
202679120,1726287,1726287017,105-0029,Bobur,Бобур,Бобур
202679137,1726287,1726287005,105-0033,Qushbegi,Қушбеги,Кушбеги
202713094,1726287,1726287002,105-0030,Boshliq,Бошлиқ,Бошлик
303865764,1726287,1726287003,105-0047,Dilbuloq,Дилбулоқ,Дилбулок
202918843,1726287,1726287014,105-0036,Tepa,Тепа,Тепа
202877452,1726287,1726287016,105-0028,Abdulla Qahhor,Абдулла Қаҳҳор,Абдулла Каххор
202918899,1726287,1726287008,105-0035,Rakat,Ракат,Ракат
303865384,1726287,1726287001,105-0045,Armugʻon,Армуғон,Армугон
202902183,1726287,1726287019,105-0031,Dam-Ariq,Дам-Ариқ,Дам-Арик
202904125,1726287,1726287013,105-0039,Rakatboshi,Ракатбоши,Ракатбоши
202763151,1726287,1726287012,105-0032,Konstitutsiya,Конституция,Конституция
202902208,1726287,1726287006,105-0044,Meros,Мерос,Мерос
202892395,1726287,1726287010,105-0043,Yakkasaroy,Яккасарой,Яккасарой
202926952,1726287,1726287018,105-0038,Bog'saroy,Боғсарой,Богсарой
202887353,1726287,1726287009,105-0037,To'qimachi,Тўқимачи,Тукимачи
202918850,1726287,1726287015,105-0042,Yunus Rajabiy,Юнус Ражабий,Юнус Ражабий
303866082,1726287,1726287021,105-0046,Shahjahon,Шоҳжаҳон,Шохжахон
202918907,1726287,1726287020,105-0041,Hamid Sulaymonov,Ҳамид Сулаймонов,Хамид Сулаймонов
204755033,1726287,1726287004,105-0040,Muhandislar,Муҳандислар,Мухандислар
202718181,1726287,1726287007,105-0034,Muqimiy,Муқимий,Мукимий
207161859,1726292,1726292025,112-0012,Yangi gulzor,Янги гулзор,Янги гулзор
202966223,1726292,1726292014,112-0031,Charog'on,Чароғон,Чарогон
202912170,1726292,1726292027,112-0006,Toshkent,Тошкент,Тошкент
202912005,1726292,1726292004,112-0001,Yangi Darхon,Янги Дархон,Янги Дархон
202845594,1726292,1726292010,112-0019,Do'stlik,Дўстлик,Дустлик
207339610,1726292,1726292018,112-0025,Zarbdor,Зарбдор,Зарбдор
203021228,1726292,1726292012,112-0014,Yo'ldosh,Йўлдош,Йулдош
207300430,1726292,1726292005,112-0002,Yangi umid,Янги умид,Янги умид
207300447,1726292,1726292022,112-0027,Xumo,Хумо,Хумо
207326643,1726292,1726292016,112-0005,Gulshanobod,Гулшанобод,Гулшанобод
207326604,1726292,1726292007,112-0003,Yangihayot,Янгиҳаёт,Янгихаёт
308674904,1726292,1726292013,112-0018,Fayzli,Файзли,Файзли
207339753,1726292,1726292029,112-0007,Xushnud,Хушнуд,Хушнуд
306630604,1726292,1726292006,112-0024,Yangi Choshtepa,Янги Чоштепа,Янги Чоштепа
303934117,1726292,1726292021,112-0013,Olchazor,Олчазор,Олчазор
303854991,1726292,1726292015,112-0015,Chorbog',Чорбоғ,Чорбог
207300423,1726292,1726292002,112-0030,Tashabbus,Ташаббус,Ташаббус
207143982,1726292,1726292028,112-0010,Xo'ja-Uchqun,Хўжа-Учқун,Хужа-Учкун
205100579,1726292,1726292030,112-0008,Chortoq,Чортоқ,Чорток
202805081,1726292,1726292020,112-0026,Navqiron,Навқирон,Навкирон
207326611,1726292,1726292001,112-0004,Oriyat,Орият,Орият
207143974,1726292,1726292026,112-0011,Jaloyir,Жалоир,Жалоир
303859605,1726292,1726292009,112-0016,Viqor,Виқор,Викор
202984368,1726292,1726292017,112-0033,Yorqin hayot,Ёрқин ҳаёт,Ёркин хаёт
203115569,1726292,1726292003,112-0023,Choshtepa,Чоштепа,Чоштепа
202840720,1726292,1726292008,112-0017,Al-Farg'oniy,Ал-Фарғоний,Ал-Фаргоний
207340065,1726292,1726292011,112-0028,Mash'al,Машъал,Машъал
207326595,1726292,1726292023,112-0022,Yangi turmush,Янги турмуш,Янги турмуш
202858222,1726292,1726292024,112-0009,Binokor,Бинокор,Бинокор
207326628,1726292,1726292019,112-0032,Marhamat,Марҳамат,Мархамат
