code,tin,name_ru
AN-202001,202853324,Далварзин
AN-202002,202853198,Жалабек
AN-202003,202853300,Коштепа
AN-202005,202853292,Уйгур
AN-202006,202853317,Янгичек
AN-202007,202867006,Айшахонум
AN-202009,202867060,Садда
AN-202010,202867014,Уйшин
AN-202012,202867053,Чонтак
AN-202013,202853284,Айрончи
AN-202014,202853260,Гулбог
AN-202015,202853277,Миробод
AN-202016,202853253,Орс
AN-202017,203926714,Сувюлдуз
AN-202018,202853238,Чаккон-1
AN-202019,202853221,Чаккон-2
AN-202020,202853245,Кашкар
AN-202021,202834839,Ижтимоят
AN-202022,202831486,Иттифок
AN-202025,202834774,Максад
AN-202026,202834782,Хасан-Хусан
AN-202028,202834807,Еркин
AN-202029,202834743,Бостон
AN-202030,202831526,Сарой-1
AN-202031,202831534,Сарой-2
AN-202032,202834822,Иттифок
AN-202033,202834735,Октепа
AN-202034,202834750,Катта октепа
AN-202036,202834767,Мамаюсуфчек
AN-202037,202831479,Марказ
AN-202038,202831502,Намуна
AN-202040,202831454,Кайирма
AN-202041,202847497,Мадярчек
AN-202042,202831462,Темирхожа
AN-202043,202847480,Хондибоги
AN-202044,202831447,Ганжировон
AN-202045,202881149,Ортаарик
AN-202046,202886125,Кипчок
AN-202047,202878618,Котармачек
AN-202048,202853181,Узун коча
AN-202049,202853134,Андижон
AN-202050,202853166,Кошкоприк
AN-202051,202853142,Сарой
AN-202052,202853159,Сафаробод
AN-202053,202853103,Топтик
AN-202054,202853174,Орта
AN-202055,202853127,Шарк юлдузи
AN-202056,203662704,Октумор
AN-17090022,207130065,Мадани Мeхнат-2
AN-17090016,202831519,Коракалпок
AN-17090027,202853094,Мeхнат
AN-17090017,202867021,Комакай
AN-17090054,309193348,Шайхислом
AN-17090033,202831494,Офтобачeк
AN-17090059,309193617,Интизом
AN-17090058,309178404,Мустакиллик
AN-17090052,202867038,Гулистон
AN-17090049,202834814,Хожа
AN-17090021,202834799,Мадани Мeхнат-1
AN-203001,203683869,Ойжамол
AN-203002,203683876,Дарё буйи
AN-203003,203683884,Бахт
AN-203004,203683891,Саноат
AN-203005,203470224,Полосон
AN-203006,203640408,Юксалиш
AN-203007,203691542,Толмозор
AN-203008,203691534,Найманобод
AN-203009,203691559,Кошарик
AN-203010,203691527,Нохатак
AN-203012,203691503,Хужа
AN-203013,203691510,Миробод
AN-203014,203683038,Янгиобод
AN-203015,203683006,Гулобод
AN-203016,204341969,Коконлик
AN-203017,203683021,Бобогози
AN-203018,203683820,Айланпа
AN-203020,203683053,Чонгбогич
AN-203021,203683045,Чавкандарё
AN-203026,203310929,Бешбойнок
AN-203027,203310944,Экин-тикин
AN-203028,204072773,Чорбог
AN-203029,203711760,Султонобод
AN-203030,203345132,Март
AN-203031,203345156,Навроз
AN-203032,203345149,Окроввот
AN-203033,203345124,Мустакиллик
AN-203034,204078851,Бешпахлавон
AN-203036,204100753,Намуна
AN-203038,203683837,Орол
AN-203039,203683852,Рохат
AN-203040,203683844,Сайдилобод
AN-203041,203683060,Курама
AN-203042,203683077,Зангибобо
AN-203043,203683084,Янги йул
AN-203044,203683092,Интилиш
AN-203045,203683100,Огуллик
AN-203046,203683117,Кум куча
AN-203047,203683124,Гумбаз
AN-203048,203683132,Чем
AN-203049,203683149,Коратут
AN-203050,203683156,Дархон
AN-203052,203683171,Нурафшон
AN-203053,203681737,Достлик
AN-203054,203682989,Тошлок
AN-203055,203681752,Тeрак-таги
AN-203056,203681744,Кошчинор
AN-203058,203682996,Мингорик
AN-203059,203681776,Роввот
AN-203060,203213834,Урикзор
AN-203061,203213881,Исломобод
AN-203062,203213803,Янги тулкин
AN-203063,203213810,Жевачи
AN-203064,203213827,Гузар
AN-203065,203213859,Буюк Турон
AN-203066,203213874,Заврок
AN-203069,203681713,Кенгаш
AN-203070,203681705,Саддатаги
AN-203071,203681720,Гулистон
AN-203072,203681673,Хакикат
AN-203073,203681680,Отчопар
AN-203074,203681641,Донгкишлок
AN-203075,203681665,Каттагузар
AN-203076,203681658,Шарк юлдузи
AN-203077,203681697,Чилон
AN-17010003,203683164,Бахор
AN-17010028,203470231,Истиклол
AN-17010079,310115301,Урикзор-2
AN-17010017,203345164,Дeхкон
AN-17010002,203310936,Иттифок
AN-17010078,207336544,Оби-хаёт
AN-17010021,203681769,Жаннатмонанд
AN-17010018,204371719,Дулдур
AN-17010022,203213866,Жахонобод
AN-17010031,203683014,Коракалпок
AN-17010005,204772345,Бекобод
AN-206001,202286380,Адолат
AN-206002,202286420,Аълам
AN-206003,202286365,Гузар
AN-206004,202286341,Гулшан
AN-206005,202286413,Дарё буйи
AN-206006,202286334,Догистон
AN-206007,202286326,Илгор
AN-206008,202286373,Кахрамон
AN-206009,202286397,Коргонча
AN-206010,202286294,Маллачек
AN-206011,202286262,Навнихол
AN-206013,202286247,Октепа
AN-206014,202286254,Сиза
AN-206016,202286230,Товулди
AN-206017,202286223,Тулкиобод
AN-206018,204032671,Олмас
AN-206019,202286405,Файзиобод
AN-206020,202286358,Юзчинор
AN-206021,204032688,Янги хаёт
AN-206023,202286144,Достлик
AN-206024,202286183,Зулфикор
AN-206028,202286168,Полвонкул
AN-206029,202286136,Саховат
AN-206030,204047597,Халфачек
AN-206032,202286129,Эшончек
AN-206033,202286175,Юртобод
AN-206036,207110295,Аралхон
AN-206037,202286444,Афсона
AN-206039,202286452,Жартепа
AN-206040,202286040,Каттабулок
AN-206041,205350434,Кол
AN-206042,202286057,Марказ
AN-206043,304974296,Матонат
AN-206044,202286072,Оккоргон
AN-206045,202285991,Серкуёш
AN-206046,202286001,Ортакоргон
AN-206047,202286033,Эски марказ
AN-206048,202286025,Яккатол
AN-206049,202286104,Баркамол
AN-206050,202286476,Ботир
AN-206051,202286096,Жасорат
AN-206052,202286516,Захкаш
AN-206054,204074525,Кул буйи
AN-206055,202286548,Кияли
AN-206056,202286563,Кумтепа
AN-206057,202286509,Нурафшон
AN-206058,202286469,Омонарик
AN-206059,202286531,Сарнавул
AN-206060,202286112,Сортепа
AN-206061,202286555,Тода
AN-206062,202286484,Тумор
AN-206063,202286089,Туркистон
AN-206064,206985839,Фаровон
AN-206065,202286524,Шор
AN-206066,305127485,Шеробод
AN-17030001,202286064,Исломобод
AN-17030021,207226474,Олимбек
AN-17030022,202286491,Чинобод
AN-17030014,202286151,Мустакиллик
AN-17030034,202286190,Ормонбек
AN-17030011,202286018,Гуравон
AN-17030058,202286215,Чарогон
AN-17030046,202286319,Обод турмуш
AN-17030036,202286302,Насриддинобод
AN-17030003,202286437,Олчазор
AN-17030033,202286208,Зиёкор
AN-209001,206853535,Боги ерам
AN-209002,202296432,Бостон
AN-209003,202296417,Гузар
AN-209004,206855825,Гулистон
AN-209005,202340156,Гулшан
AN-209006,202296360,Голиб
AN-209007,202540549,Дехконобод
AN-209008,206855041,Дустлик
AN-209009,202296377,Кохинур
AN-209010,202934358,Маданият
AN-209011,202296449,Маориф
AN-209012,206855065,Мехнатобод
AN-209014,206855334,Навроз
AN-209015,201979555,Нурафшон
AN-209016,202296424,Пиллакор
AN-209017,202340149,Сарбон
AN-209018,202319924,Сарик жожа
AN-209020,202559174,Халкобод
AN-209022,206855058,Якка тол
AN-209024,202296392,Янгиобод
AN-17050013,206855342,Мустакилик 15 йиллиги
AN-17050022,202837042,Обод
AN-17050024,202296384,Янги кишок
AN-17050021,202837034,Ховос
AN-17050019,203298516,Давлатобод
AN-210001,202934365,Буюк Турон
AN-210002,202828092,Гулистон
AN-210003,202828124,Кумгузар
AN-210004,202828132,Мирзакалон Исмоилий
AN-210005,203087114,Тошкечик
AN-210006,202995496,Фаровон
AN-210007,202861505,Хонтепа
AN-210008,202828149,Чакар
AN-210009,203077918,Юксалиш
AN-210010,203087098,Байналминал
AN-210011,202828282,Боймахалла
AN-210013,202828228,Кумарик
AN-210017,202828188,Шохгузар
AN-210019,203006309,Какир
AN-210020,202828235,Кашкар
AN-210021,202934373,Навоий
AN-210023,202828250,Сохибкор
AN-210024,202828322,Тинчлик
AN-210025,202828339,Учтепа
AN-210026,203006291,Ширмонбулок
AN-210027,202828354,Баландчек
AN-210028,202828084,Барлос
AN-210029,202823076,Бозорбоши
AN-210030,202823052,Ёрбоши
AN-210031,202828361,Истиклол
AN-210032,202823069,Коприкбоши
AN-210033,202861465,Нефтчилар
AN-210034,202823044,Раиш
AN-210035,202823091,Ривож
AN-210036,202828385,Саноат
AN-210037,202823084,Сойбойи
AN-17040010,202828314,Заргалдок
AN-17040020,203081502,Найман
AN-17040029,203094754,Учкоча
AN-17040034,203087106,Шарк юлдузи
AN-17040008,203081486,Долана
AN-17040024,202828243,Сарвонтeпа
AN-211001,204782024,Акча
AN-211002,203828986,Бойчеки
AN-211004,203828979,Янгичек
AN-211005,203845104,Бозорбоши
AN-211006,203843637,Намуна
AN-211007,203660747,Тошлок
AN-211008,203843644,Туялас
AN-211010,203843620,Софикишлок
AN-211012,204030872,Жалакудук
AN-211013,203649308,Хамзаобод
AN-211014,203685683,Гулистон
AN-211015,203831779,Кесак
AN-211020,203646984,Охунбобоев
AN-211021,203643237,Коштерак
AN-211022,203828994,Достлик
AN-211023,204028098,Янгисор
AN-211024,203643220,Бештол
AN-211025,203660715,Шархончеки
AN-211026,205310396,Котарма
AN-211027,204028081,Бостон
AN-211028,204016105,Корагул
AN-211029,203648672,Ёркишлок
AN-211030,203831762,Каттаполвон
AN-211031,204750720,Киличмозор
AN-211032,203867685,Ургу
AN-211033,203661627,Бешкарам
AN-211035,203646991,Тошховуз
AN-211036,203849984,Кортки
AN-211037,204093938,Олмазор
AN-211039,203660708,Бирлашган
AN-211041,204080409,Кокалам
AN-211042,203649315,Торачеки
AN-211044,203852207,Капа
AN-211045,203647001,Галаба
AN-211046,204080391,Иттифок
AN-211047,203646121,Абдуллабий
AN-211048,203850004,Достонобод
AN-211049,205310389,Маданият
AN-211051,203829004,Ибрат
AN-211052,203646138,Каламбек
AN-211053,203857208,Кадаксин
AN-211054,203660730,Делварзин
AN-211055,204028074,Кашкар
AN-211056,203648689,Кутлуг
AN-211058,204028066,Узбекистон
AN-211059,203650213,Хакикат
AN-211060,203649290,Янги курпа
AN-211061,203828947,Узун куча
AN-211062,203650220,Гайрат
AN-17060042,203852214,Нефтчилар
AN-17060019,204030864,Дункишлок
AN-17060061,205310404,Хасанобод
AN-17060017,204630427,Дeхконобод
AN-17060014,203982077,Куштепа
AN-17060034,203650237,Кораянток
AN-17060059,203828954,Хамза
AN-17060013,203660723,Гозичeки
AN-17060024,203660690,Янги Узбeкистон
AN-17060001,203870034,А.Рахмонов
AN-17060009,204028059,Бузрукхонтора
AN-214002,202805217,Ойбек
AN-214004,202756380,Шодлик
AN-214005,202779756,Иттифок
AN-214006,202756144,Марказ
AN-214008,202801056,Амиртемур
AN-214009,204804762,Шинам
AN-214010,202779764,Наврозобод
AN-214012,202779724,Бештерак
AN-214013,202756326,Урганжи
AN-214014,202756151,Куйган-ёр
AN-214015,202779843,Гуркиров
AN-214016,202756168,Узункуча
AN-214017,202756208,Кумкоча
AN-214018,202779850,Бешмирза
AN-214019,202756190,Юкори Чувама
AN-214020,206955424,Чортонлик
AN-214021,202779788,Истиклол
AN-214022,202779732,Гузар
AN-214023,202779700,Тораобод
AN-214024,202756341,Тошлок
AN-214025,202801095,Елатан
AN-214026,202779795,Янгиобод
AN-214027,202756413,Зарбдор
AN-214028,202756334,Даминбойчек
AN-214029,202756279,Гулистон
AN-214030,202756358,Юкори хосил
AN-214031,202756420,Солбоши
AN-214033,204776711,Уртакишлок
AN-214034,202756183,Тараккиёт
AN-214035,202779804,Достлик
AN-214036,202756373,Мирзо Улугбек
AN-214037,202756215,Тошкечик
AN-214038,202779811,Ботиробод
AN-214040,202805200,Ифтихор
AN-214041,202779684,Гудур
AN-214042,202779835,Тинчлик
AN-214043,202809639,Ок-олтин
AN-214044,202779867,Жонобод
AN-214045,202801064,Бостон
AN-214046,202756262,Ровот
AN-214047,202756405,Навжур
AN-214048,202756247,Янги авлод
AN-214050,202756437,Бархаёт
AN-214051,202756230,Дарёбойи
AN-214053,202801071,Юкори
AN-214054,202756223,Кораёнток
AN-214055,202779692,Обод
AN-214056,202779828,А.Жоми
AN-214057,202801088,Анорзор
AN-214058,202779771,Торткол
AN-214059,202756254,Туячи
AN-214060,202779874,Кошкоприк
AN-214061,202809622,Бирлашган
AN-214063,202756365,Чекёр
AN-17070018,202779749,Жаxонобод
AN-17070062,305566763,Янги бостон обод
AN-17070030,202756286,Кугай
AN-17070021,202756397,Захириддин Мухаммад Бобур
AN-17070032,202756319,Мангуберди
AN-17070052,202779717,Хаккулобод
AN-17070026,202756302,Кашкарлик
AN-217002,204758321,Бобур
AN-217003,206825102,Сарик Сув
AN-217004,204232644,Янгиобод
AN-217005,206824174,Бостон
AN-217006,204232580,Мингбулок
AN-217007,204232597,Теракзор
AN-217009,204232605,Чолобод
AN-217010,206823034,Узбекистан
AN-217011,206823041,Файзиобод
AN-217012,207226388,Нуробод
AN-217013,207153044,Обод
AN-217014,207153052,Улугбек
AN-217015,204821687,Учкоприк
AN-217016,204232613,Мингчинор
AN-217017,204232620,Ок том
AN-217018,204552136,Гулистон
AN-217019,204232637,Торттол
AN-217020,204232573,Авулмат
AN-217021,206200643,Фазогир
AN-17110022,308991510,Келажак
AN-17110023,308991384,Наъмуна
AN-17110020,204232565,Шахриобод
AN-17110024,308991606,Ёшлик
AN-220001,204340954,Янги хаёт
AN-220002,203736168,А.Жоми
AN-220003,200277195,Ибн Сино
AN-220004,200277211,Янги Кургон
AN-220007,200277132,Навроз
AN-220008,200277100,Устоз
AN-220010,200277124,Нурли ёгду
AN-220013,200277149,Шахрихонсой
AN-220015,200277188,Олтин Води
AN-220017,203700878,Учкун
AN-220018,203700861,Маъмуробод
AN-220019,203700885,Коткар
AN-220020,203700893,З.М.Бобур
AN-220023,203700957,Хожатепа
AN-220024,203700964,Коштепа
AN-220025,203700972,Тошлок
AN-220026,203700918,Ифтихор
AN-220028,203700940,Ижтимоят
AN-220029,203819894,Ешонобод
AN-220030,203819879,Навнихол
AN-220031,203819830,Турон замин
AN-220032,203819847,Норбота
AN-220034,203819886,Намуна
AN-220036,203819902,Олтинсой
AN-220037,203819934,Дехкончек
AN-220038,203819926,Торачек
AN-220040,203819919,Озод
AN-220041,203826783,Зарбулок
AN-220042,203826751,Дардоктепа
AN-220044,203826744,Кизил тукай
AN-220045,203826736,Кирлик
AN-220046,203826704,Навоий
AN-220047,203826712,Нодира
AN-220048,203826775,Найнаво
AN-220049,203826768,Иктисодчи
AN-220050,203700989,Навбахор
AN-220051,203701053,Бирлашган
AN-220053,203701038,Ободон
AN-220054,203701006,Тадбиркор
AN-220055,203700996,Бирлик
AN-220056,203701045,Чорвадор
AN-220058,203819783,Кунчилик
AN-220059,203819775,Хуробод
AN-220061,203819823,Жаннатмакон
AN-220064,203819815,Янги обод
AN-220065,200277171,Юксалиш
AN-220067,202296116,Пахтачи
AN-220069,203891000,Мустакиллик
AN-220072,206954274,Мустакилликнинг 15 йиллиги
AN-220074,202293262,Учтегирмон
AN-17140073,202293294,Шоштепа
AN-17140068,203701014,Янгибостон
AN-17140012,203700933,Дехконобод
AN-17140072,202319797,Амир Темир
AN-17140074,202293286,Ахмад Яссавий
AN-17140015,203826729,Ёртибош
AN-17140077,205553854,Кадрят
AN-17140076,202293279,Мирзо Улугбек
AN-17140067,205553861,Корасув
AN-17140075,202576542,Карвон йули
AN-17140051,203819808,Сохибкирон
AN-224002,202718664,Достлик
AN-224003,202694475,Улугбeк
AN-224004,202718618,Бобур
AN-224005,202718657,Истиклол
AN-224006,202695656,Байналминал
AN-224008,202718696,Бирдамлик
AN-224009,202694468,Беруний
AN-224012,202701085,Камолот
AN-224013,202718601,Узбекистон
AN-224014,202692272,Амир Tемур
AN-224015,202718625,Нурафшон
AN-224016,202718672,Кадрият
AN-224017,305087544,Юксалиш
AN-224018,202692289,Шодлик
AN-224019,202718633,Барака
AN-224020,203003028,Деватаги
AN-224021,203003050,Коракий
AN-224024,203003011,Занкан
AN-224025,203003304,Лабгардон
AN-224026,203003004,Кашкар
AN-224028,203002947,Янгисор
AN-224029,203003043,Олаканот
AN-224030,203003296,Тажриба
AN-224031,203003289,Дастурхончи
AN-224032,203003240,Учтош
AN-224033,203003257,Кадим
AN-224034,203003264,Кипчок
AN-224035,203002954,Коркам
AN-224036,203002994,Обод
AN-224037,203003035,Ахтачи
AN-224038,203002986,Отиш
AN-224039,203003193,Бозарик
AN-224040,203003154,Юкори буз
AN-224041,203003178,Кужган
AN-224042,203003082,Курама
AN-224043,203003107,Гумбаз
AN-224044,203003423,Янгиобод
AN-224045,203003454,Бахрин
AN-224046,203003122,Чонтак
AN-224047,203003099,Турон
AN-224048,203003218,Маркаюз
AN-224049,203003185,Озод
AN-224050,203003067,Фидокор
AN-224051,203003114,Бозорбоши
AN-224052,203002923,Нeъматобод
AN-224053,203003146,Чек
AN-224055,203003430,Ниязботир
AN-224057,203003201,Навоий
AN-224058,203002979,Ергашобод
AN-224059,203003447,Мехнатобод
AN-224060,203003161,Кайрагоч
AN-224061,203003375,Тувадок
AN-224062,203003383,Файз
AN-224063,203003225,Унгут
AN-224064,203028731,Аргин
AN-224066,203003390,Тоштепа
AN-224068,203003415,Навкан
AN-224069,203003139,Конгирот
AN-224070,203003336,Мирзаобод
AN-224071,203003344,Окбойра
AN-224072,203003368,Елашкипчок
AN-224073,203003351,Намуна-бустон
AN-224074,203003329,Фаровон
AN-17020050,203002962,Саидобод
AN-17020039,202694451,Мукими
AN-17020077,309300269,Навбахор
AN-17020021,202718640,Абу Али Ибн Сино
AN-17020029,203003233,Беклар
AN-17020075,309181133,Юкори кужган
AN-17020076,309300094,Мустахкам
AN-17020018,203003408,Дурман
AN-17020014,203003074,Ганчиюз
AN-17020064,203003312,Хонака
AN-17020060,203002930,Файзиобод
AN-17020063,202718689,Хамдустлик
AN-17020068,203003272,Шоркишлок
AN-227001,203055232,Узбекистон
AN-227002,202987767,Турон
AN-227003,202974522,Навроз
AN-227004,202980666,Дукчи Эшон
AN-227005,203055264,Мингтепа
AN-227006,202974499,Гулистон
AN-227007,202981356,Кончилар
AN-227008,202981349,Марказий
AN-227009,202980659,Пахтакор
AN-227010,203055493,Ровот
AN-227012,202987799,Шоркакир
AN-227013,202995568,Шоркишлок
AN-227014,202977218,Кушчи
AN-227015,203024745,Гар-гар
AN-227016,202974546,Тош йули
AN-227017,205642735,Увайсий
AN-227018,202987244,Бозорбоши
AN-227020,203055288,Ойбек
AN-227021,202980627,Ерши
AN-227022,202987774,Алитепа
AN-227023,202977233,Чилон
AN-227024,202980634,Кутарма
AN-227025,205642743,Миришкор
AN-227026,202990883,Шахристон
AN-227027,202995551,Бархаёт
AN-227028,202974514,Коракоргон
AN-227029,202974450,Окбош
AN-227031,202990890,Шомат
AN-227032,202988464,Тулга
AN-227033,202977257,Узумзор
AN-227034,203055249,Дурафшон
AN-227035,202982362,Полвонтош
AN-227036,202980642,Юкори ровот
AN-227037,202977225,Укчи
AN-227039,202974482,Найман
AN-227040,202977240,Янгихаёт
AN-227041,202974561,Бобохуросон
AN-227042,202974578,Когонча
AN-227043,202990875,Тошлок
AN-227044,202974507,Корабогич
AN-227045,202987782,Рохат
AN-227046,202974554,Ковунчи
AN-227047,202982354,Дустлик
AN-227048,202995544,Йуламатол
AN-17080040,202974467,Хужаарик
AN-17080039,203055518,Хасанмeрган
AN-17080007,202974474,Гофур Гулом
AN-17080003,202974539,Бирлик
AN-230002,203110385,Абдубий
AN-230004,203099264,Шеркоргон
AN-230005,205619209,Бирлашган
AN-230006,203089973,Ок олтин
AN-230007,203090128,Вахим
AN-230008,206130304,Янги вахим
AN-230009,203117146,Карнайчи
AN-230010,204130756,Бешмахалла
AN-230011,204525065,Коргонча
AN-230012,203090071,кумтепа
AN-230013,203090064,Назармахрам
AN-230014,203090024,Янги Найнаво
AN-230015,203090017,Корабуйин
AN-230016,205947196,Янги замон
AN-230020,203269567,Дормон
AN-230021,205349458,Ёнбош дурман
AN-230022,204552208,Ортиш
AN-230023,203103551,Кум
AN-230024,203103544,Сегаза
AN-230025,203099257,Бегбачча
AN-230026,203103536,Хожаобод
AN-230027,203099296,Полосон
AN-230028,203090182,Калача
AN-230029,203129376,Баркамол авлод
AN-230030,205950369,Шайдо
AN-230031,203103512,Ок тонлик
AN-230032,203090049,Бустон (чужа)
AN-230033,203090095,Чожа
AN-230034,205953862,Дустлик
AN-230036,205417791,Куруксой
AN-230037,203103489,Кашкар
AN-230038,203258098,Сарой
AN-230039,203099304,Пахтакол
AN-230040,203103472,Дориломон
AN-230041,203090214,Козикургон
AN-230042,206112333,Шокирбой
AN-230043,203103504,Андажон
AN-230044,203089919,Тегирмонбоши
AN-230045,203090222,Янги турмуш
AN-230046,203090032,Найман
AN-230048,203129369,Байрок
AN-230049,205545634,Маслахаттепа
AN-230050,203135773,Бобочек
AN-230051,203089886,Сохиобод
AN-230052,203089902,Тумор
AN-230053,203089926,Долон
AN-230054,204550914,Янги махалла
AN-230056,204787373,Марказ
AN-230058,203089941,Юзлар
AN-230060,203090199,Андижонлик
AN-230061,203089894,Бешарик
AN-230064,206992767,Мустакиллик
AN-230065,203089965,Муллабой
AN-230066,205435478,Навроз
AN-230068,205537263,Навбахор
AN-230069,207110708,Тараккиёт
AN-230070,203080170,Терактаги
AN-230071,203090143,Шахрихон
AN-230072,203090104,Якка тут
AN-230073,203080194,Янги хаёт
AN-230074,203099312,Узбекистон
AN-230076,203089980,Кора курпа
AN-17130079,309426214,Ёшлар
AN-17130068,203090088,Эшон Кишлок
AN-17130046,203090174,Номозгох
AN-17130034,203090000,Кушкунок
AN-17130002,203119364,Абдусамат
AN-17130055,203089997,Созок
AN-17130080,309420809,Ипакёли
AN-17130031,205897932,Кумкайрок
AN-17130021,203089879,Кайрогочгузар
AN-17130014,203080203,Бахор
AN-17130078,203135765,Туркистон
AN-17130030,203090207,Кумарик
AN-17130060,205957176,Толкин
AN-17130081,309694824,Янгиобод
AN-17130035,203090111,Холдевонбек
AN-17130012,203080155,Бувадо
AN-17130025,203099336,Кипчаккургон
AN-232001,202910704,Навроз
AN-232002,202910696,Юкори
AN-232003,202910783,Шомат
AN-232004,202910736,З.Хабиби
AN-232005,202910768,Коконкишлок
AN-232006,202910729,Нодирабегим
AN-232007,202910744,Кашкар
AN-232010,202910775,Мустакиллик
AN-232011,205514861,Бобур
AN-232012,202910815,Санграобод
AN-232013,206566117,Машал
AN-232015,302870143,Гулобод
AN-232016,202910847,Хайраобод
AN-232017,202910854,Обод
AN-232018,203117185,Гулистон-пасткишлок
AN-232019,202910862,Шувокзор-Бойкечик
AN-232020,202911196,Пайноб
AN-232021,202911275,Илтифот
AN-232022,202911283,Лолазор
AN-232023,202911268,Донгкишлок
AN-232024,202911290,Сохил
AN-232025,202911204,Гузар
AN-232026,202911236,Токкизбог
AN-232027,202911251,Шоврук
AN-232028,202911229,Пушмон
AN-232029,202911244,Зиёли
AN-232030,202911212,Сой
AN-232031,205487951,Учкоргон
AN-232033,202911078,Овушка
AN-232034,202923782,Бой Тупи
AN-232035,202911085,Терактаги
AN-232036,202911093,Кумшайдон
AN-232037,202911101,Коктонлик
AN-232038,202911118,Ескикоргон
AN-232039,202911125,Учкоза
AN-232040,202911133,Файзиобод
AN-232041,202911140,Тораобод
AN-232042,202911157,Ёлгизбог
AN-232043,202911164,Нурдиёр
AN-232044,202911172,Коракоргон
AN-232045,202911189,Кайир
AN-232047,202910886,Олмазор
AN-232048,202910919,Бодрогобод
AN-232049,202910902,Богигулистон
AN-232050,202910934,Коргонча
AN-232052,202911014,Чорбог
AN-232053,202911046,Мустахкам
AN-232054,202911007,Марифат
AN-232056,202911039,Саноат
AN-232057,202910980,Тинчлик
AN-232058,202911054,Янги обод
AN-232059,202910997,Тошкоргон
AN-232061,202910965,Андижан
AN-232062,202910958,Ахиллик
AN-232063,202910941,Чорсу
AN-232064,205640224,Бостонобод
AN-232065,202910790,Навбахор
AN-232066,202910808,Хаётбахш
AN-232067,202910926,Дурдиёр
AN-17100051,202910823,Тупобжувоз
AN-17100023,202910751,Корашох
AN-17100031,202910712,Муаззимбой
AN-236001,203055446,Бахрин
AN-236002,203135844,Бешкарам
AN-236004,203057997,Карнайчи
AN-236005,203058125,Навбахор
AN-236008,203055422,Тош ота
AN-236009,203055461,Узун куча
AN-236010,203055382,Шахрихонсой
AN-236012,203110401,Гарагури
AN-236013,203058039,Етмишмерган
AN-236014,203055367,Ипакчи
AN-236015,203058061,Коприкбоши
AN-236016,203058022,Корабулок
AN-236017,203055414,Саноатчилар
AN-236018,203150416,Солпи
AN-236019,203058046,Уч куча
AN-236020,203058007,Чимбулок
AN-236021,203057965,Гулистон
AN-236022,203055407,Дилкушод
AN-236023,203055399,Кувватмурод
AN-236024,203057973,Манак
AN-236025,203057980,Нишоббойи
AN-236026,203058014,Ордай
AN-236027,203057941,Тораобод
AN-236030,207301500,Мустакилликнинг 27йиллиги
AN-236031,203055374,Янги фаргона
AN-236032,203055439,Андижон
AN-236033,203058078,Жомe
AN-236034,203123693,Курама
AN-236035,203055454,Мустахкам
AN-236036,203110393,Саркамиш
AN-236037,203058054,Хидирша
AN-236038,203055350,Янги хаёт
AN-17120039,309161094,Мустакилликнинг30йиллиги
AN-17120032,203057958,Ипкал Йоли
AN-17120004,203070587,Бeшкавок
AN-17120021,203058118,Навоий
AN-17120035,203058133,Файзобод
AN-17120005,203055478,Бобур
AN-17120027,203058093,Юксалиш
AN-401001,202766163,Баркамол
AN-401002,203089482,Боги ерам
AN-401003,202756033,Богишамол
AN-401004,206847415,Буюк ипак йули
AN-401005,202720269,Дустлик
AN-401006,202311040,Навбахор
AN-401007,202727069,Икбол
AN-401008,202691314,Коратут
AN-401009,202910514,Мустакиллик
AN-401010,205293213,Пистамозор
AN-401011,202638052,Саноат
AN-401012,202831423,Соглом Авлод
AN-401013,202345308,Узбегим
AN-401014,202721820,Узбекистон
AN-401016,305186445,Урикзор
AN-401017,202589201,Янги хаят
AN-401018,202822995,Яйилма
AN-401019,202671931,Машал
AN-401020,202270061,Тараккиёт
AN-401023,202721773,Андижон
AN-401024,202737389,Бирлашган
AN-401025,202716779,Бобосадин
AN-401026,202742408,Бустон
AN-401027,206579979,Шорбулок
AN-401028,202742289,Гулистон
AN-401029,202834711,Исломобод
AN-401030,202727829,Ишчилар
AN-401031,202671955,Кенгаш
AN-401032,202766155,Маориф
AN-401034,202716224,Хамкорлик
AN-401035,202775643,Тахтакоприк
AN-401036,202672993,Туккизарик
AN-401037,204947134,Садокат
AN-401038,202766187,Янги турмуш
AN-401039,202737396,Истиклол
AN-401040,202752316,Бунёдкор
AN-401041,302928392,Кушарик
AN-401042,202681437,Гайрат
AN-401043,202673003,Гумбаз
AN-401044,202589185,Ербоши
AN-401045,200241960,Жумабозор
AN-401046,204854124,Кайрагочтаги
AN-401047,202291297,Каландархона
AN-401048,202729643,Майдонбозор
AN-401049,203665050,Марифат
AN-401050,202694444,Хунарманд
AN-401051,202681405,Обод
AN-401052,202589178,Сой
AN-401053,202742415,Саховат
AN-401054,202671844,Узгариш
AN-401055,205684730,Соглом турмуш
AN-401056,204904923,Шифокор
AN-401057,202589479,Яхши
AN-401058,204836636,Буюк Турон
AN-401059,305177005,Бекгузар
AN-401060,202727076,Шолдирама
AN-401061,202679398,Бирлик
AN-401062,202847394,Бобур
AN-401063,202973319,Далварзин
AN-401065,202589161,Хамдустлик
AN-401066,202673010,Маданият
AN-401067,202638582,Мeхнат
AN-401068,201170574,Навроз
AN-401070,202589193,Озодлик
AN-401071,202752331,Пахтакор
AN-401072,202589486,Уйгуробод
AN-401073,202671852,Фаробий
AN-401074,202682704,Хурсандлик
AN-401077,202737412,Шодлик
AN-401078,202737404,Еркин
AN-401079,305003008,Сарвонтепа
AN-401080,303965814,Сафоий
AN-401082,305018050,Садда
AN-401083,304980377,Найзакайрагоч
AN-17150040,202671948,Мирпостин
AN-17150001,204810068,Аль-Бухори
AN-17150019,203077538,Дeхконобод
AN-17150087,309965612,Обод Андижон
AN-17150093,310119350,Тeмур Малик
AN-17150067,202691321,Озбекистон 20 йиллиги
AN-17150075,202733458,Хутан-Арик
AN-17150091,310119367,Илгор
AN-17150086,309973674,Тинчлик
AN-17150085,309204102,Узумзор
AN-17150094,310119374,Коракоргон
AN-17150076,202638044,Чулпон 100 йиллиги
AN-17150090,309184896,Юксалиш
AN-17150089,309191936,Нодирабегим
AN-17150088,310018359,Янги бустон
AN-17150041,207233578,Мустакиллкнинг 21 йиллиги
AN-17150003,304954369,Ахмад-Яссави
AN-408001,207079974,Мехмонобод
AN-408002,202579775,Хидирша
AN-408003,202579783,Мустакиллик
AN-408004,202836993,Фозилмон
AN-408005,207167708,Янгихаёт
AN-408006,202284455,А.Фитрат
AN-408007,202575654,Хонобод
AN-408008,202575647,Юксалиш
AN-408009,202511195,Истиклол
AN-408010,202575590,Тейит
AN-408011,202575630,Бунёдкор
AN-408012,202575615,Анхор
AN-17170008,202575623,Навоий
AN-17170005,202575608,Кампирровот
AN-17170017,309074724,Хонток
BU-204001,204322532,Човдур
BU-204002,203822393,Мухтор
BU-204004,203822378,Баёт
BU-204007,204764759,Ўзбекистон
BU-204008,203822401,Кул-Човдур
BU-204011,203822339,Асажам
BU-204012,206833204,Усмоншайх
BU-204013,206833211,Ёш ботир
BU-204014,202922412,Денов
BU-204015,203822346,Нуробод
BU-204017,205403407,Давлатбой
BU-204019,302862327,Наврўз
BU-204020,203243663,Эски Олот
BU-204021,204378977,Бўрибек чандир
BU-204022,204378984,Ғанчи чандир
BU-204023,203822354,Хидрейли
BU-204024,205573054,Бўстон
BU-204026,204967591,Арабхона
BU-204027,301658058,Ок-Олтин
BU-204029,203822361,Жайхунобод
BU-204031,204514245,Солокоровул
BU-204032,203822385,Опшоқ
BU-204033,204306757,Дилкор
BU-204034,204306740,Хосабўйи
BU-204035,204429517,Шайхлар
BU-204036,204322549,Кесакли
BU-204037,203967807,Бунёдкор
BU-204038,202566530,Халифа
BU-20050026,202922436,Каттабаёт
BU-20050006,204325876,Буржоқ
BU-20050017,204424183,Қиртай
BU-20050027,205403399,Пичоқчи
BU-20050028,202922483,Сойинқоровул
BU-20050016,202922475,Қирлишон
BU-20050018,206834961,Қумкашон
BU-207001,204067991,Боғикалон
BU-207002,204068033,Галаосиё
BU-207003,204068025,Дўстлик
BU-207004,204068112,Кўчкўмар
BU-207005,203988091,Работак
BU-207006,204068040,Қавола Махмуд
BU-207007,205028524,Кушходим
BU-207008,204068001,Мустакиллик
BU-207009,205003682,Наврўз
BU-207010,205682038,Ойбек
BU-207011,203639533,Сўфикоргар
BU-207012,302916645,Амиробод-Гулистон
BU-207013,203988163,Арабхона
BU-207014,203988155,Дехча
BU-207015,302916692,Маданият работ
BU-207016,205659436,Подшохи
BU-207018,203988116,Работипоён
BU-207019,203988124,Хонабод
BU-207020,204067976,Шергирон
BU-207021,204068096,Шехонча
BU-207022,205682021,Боғдашт
BU-207023,204068057,Гулшанобод
BU-207024,302923487,Дилобод-Зафаробод
BU-207025,206944611,Зарманоқ
BU-207026,204068018,Кунжи-калъа
BU-207027,205682045,Кулонхона
BU-207028,205026678,Новметан
BU-207029,203988109,Талалиён
BU-207030,203988131,Хумин
BU-207031,204068089,Янгиобод
BU-207032,204068104,Истиқбол
BU-207033,204067969,Саховат
BU-207034,204067984,Сохибкор
BU-207035,203988148,Туркон
BU-207036,204068072,Янги турмуш
BU-20010025,204068064,Работ калмок
BU-212001,204065228,Розмоз
BU-212004,205664028,Сариосиё
BU-212005,204065188,Тераклик
BU-212007,204165894,Кўлхатиб
BU-212009,204233951,Чўрикалон
BU-212010,205666364,Мирвоши
BU-212011,204276012,Чангарон
BU-212012,204065243,Хажувон
BU-212013,204170288,Косари
BU-212015,204208941,Мўминобод
BU-212016,204065211,Қўқин
BU-212018,204167488,Гулистон
BU-212019,204065204,Бозоржойи
BU-212021,206847161,Анжирбоғ
BU-212022,204065267,Латифсобунгар
BU-212023,205702572,Ниёзхўжа
BU-212024,204247958,Шакаркент
BU-212025,204065235,Найман
BU-212026,205663962,Қатаған
BU-212027,204097092,Поноб
BU-212030,205663954,Ўзбакон
BU-212031,204165919,Шанба
BU-212032,204065171,Халач
BU-212033,204194424,Диёр
BU-212034,204065274,Ширин
BU-212036,204165902,Шоҳнигор
BU-212037,202907840,Вобкент
BU-212038,202907864,Чармгарон
BU-212040,202907833,Дўстлик
BU-212041,202907872,Қурувчи
BU-212042,202907857,Истиқлол
BU-212043,202907896,Кулолчи
BU-20020044,204160370,Хайрхуш
BU-20020032,204065250,Хайробод
BU-20020028,204065195,Софидехкон
BU-20020017,204302027,Кумушкент
BU-20020014,204310856,Колиодина
BU-20020003,205701448,Бешработ
BU-20020034,204173663,Хужаработ
BU-215001,204498338,Буктарой
BU-215002,204495524,Вазиршох
BU-215003,205759920,Гаждумак
BU-215004,202950892,Гулистонобод
BU-215005,205459653,Жовгари
BU-215006,202950814,Зарафшон
BU-215007,204490278,Заргарон
BU-215008,204490214,Кулижаббор
BU-215009,206832237,Кушк
BU-215011,204490207,Лабирўт
BU-215012,207208457,Обод
BU-215013,202950821,Оқгул
BU-215014,202950971,Сармижон
BU-215016,206955749,Тахтахон
BU-215018,204495531,Чағдари
BU-215019,205788316,Шўрча
BU-215020,207208512,Янгиобод
BU-215021,202951013,Армечан
BU-215022,206963865,Биёсин
BU-215025,205690162,Додарак
BU-215027,204490222,Қумоқ
BU-215028,204495509,Мазраган
BU-215030,204495444,Миракон
BU-215031,202950860,Позагари
BU-215032,204495437,Саидкент
BU-215033,202950988,Соктари
BU-215034,204495484,Тарханон
BU-215035,204498345,Тодон
BU-215036,204495516,Ўзанон
BU-215037,205652897,Хатча
BU-215038,205808645,Чўғалон
BU-215039,205770901,Айиртом
BU-215041,204503117,Барака
BU-215042,205435461,Бештуво
BU-215043,204495469,Ғишти
BU-215044,204520911,Кукча
BU-215047,204498353,Оқработ
BU-215049,202952605,Пахтаобод
BU-215050,207294542,Амиробод
BU-215051,205784227,Ростгуй
BU-215052,204507324,Тошлоқ
BU-215053,202950995,Улфатбиби
BU-215054,202950964,Халқобод
BU-215057,202950924,Бобур
BU-215058,205789844,Бўлакиён
BU-215059,202951020,Гулистон
BU-215060,203637948,Дегрезон
BU-215062,202951037,Зарангари
BU-215064,202950845,Қўрғон
BU-215066,206825126,Мустақиллик
BU-215067,202950917,Нодирабегим
BU-215068,202972572,Помўза
BU-215069,202950949,Сарвари
BU-215073,202954049,Ғалаба
BU-215074,202950877,Чорсу
BU-215075,202950838,Шарқ
BU-20110031,204490246,Қарахони
BU-20110058,204495548,Сохибиён
BU-20110059,204490261,Таварриён
BU-20110067,204495476,Хавзак
BU-20110019,202950900,Гавшун
BU-20110008,204495452,Баколлар
BU-20110043,204495491,Маҳалламирзаён
BU-20110023,204490239,Денав
BU-20110002,202950884,Абдулла Қаххор
BU-20110066,202950806,Файзулла Хўжаев
BU-20110033,204490254,Кассобон
BU-20110034,205745005,Корабог
BU-20110003,202950956,Абдухолиқ Ғиждувоний
BU-20110030,205683130,Каллон
BU-219002,203329547,Сухор
BU-219003,205785866,Мустақиллик
BU-219005,206923621,Чолоки
BU-219006,202994957,Б.Накшбанд
BU-219007,206670843,Урта чул
BU-219008,202994989,Беклар
BU-219010,306325714,Тараққиёт
BU-219011,202990170,Нурафшон
BU-219012,203317633,Туткунда
BU-219013,204782254,Тун-Ирок
BU-219014,203006474,Хўжа якшаба
BU-219016,203006466,Когон
BU-219018,204790728,Сорғун
BU-219019,203007188,Геофизика
BU-219021,202994972,Сараён
BU-219022,306326260,Ўзбекистон
BU-219023,203313623,Ўба чўли
BU-20040021,205785874,Ҳукуматобод
BU-20040004,205785881,Истиқбол
BU-20040023,202989186,Янги ҳаёт
BU-20040011,203008431,Сиёз поён
BU-20040008,202994964,Ниёз ҳожи
BU-20040007,204782261,Наврўз
BU-230001,202878546,Маллаишайх
BU-230002,203702724,Хўжакон
BU-230003,203260359,Полвонлар
BU-230004,203697146,Мирзакалъа
BU-230005,203702749,Янги-замон
BU-230007,203260342,Човли
BU-230009,203702717,Оқ олтин
BU-230010,206938680,Мироб
BU-230011,202995014,Қорахожи
BU-230013,204043096,Арабхона
BU-230014,202957914,Ески Калъа
BU-230015,202959760,Зарафшон
BU-230016,203223861,Сайёд
BU-230017,203715201,Солур
BU-230021,203249702,Қулончи
BU-230022,203020807,Қоракўл
BU-230023,203707582,Дўрман
BU-230024,205221752,Тожикент
BU-230025,203264029,Бандбоши
BU-230026,203264012,Зиёрат
BU-230027,203699791,Реги-хайдар
BU-230028,202957939,Чекирчи
BU-230029,205293957,Пахтакор
BU-230030,202957946,Жиғачи
BU-230031,203702732,Қорақулончи
BU-230033,205325796,Осиё
BU-230035,203243781,Куйи-Янгибозор
BU-230036,203697154,Арна
BU-230037,203261887,Қуввача
BU-230039,202972651,Чандиробод
BU-230040,202995654,Тинчлик
BU-230042,202957907,Қозон
BU-230043,205217867,Ташаббус
BU-230044,203695884,Янги турмуш
BU-230046,202985492,Дарғали
BU-230047,203739947,Дарғабоғи
BU-230048,205250488,Шакарбек
BU-230049,202972675,Дўстлик
BU-230050,202957922,Хўжалар
BU-20100036,202980753,Тайқир
BU-20100029,203701204,Мустақиллик
BU-20100016,203730041,Истиқлол
BU-20100030,206945530,Пайкент
BU-20100019,207218967,Кетмондугди
BU-20100046,203223885,Шорработ
BU-232001,203025601,Тинчлик
BU-232002,203025618,Навбаҳор
BU-232003,203050421,Бўзачи
BU-232004,205933508,Бўстон
BU-232005,203044523,Имом бухорий
BU-232006,203025593,Жарқоқ
BU-232007,203025585,Чўлқувар
BU-240001,203475042,Варахшо
BU-240002,207164584,Куёвхўжа
BU-240003,205572561,Қучоқ
BU-240005,204731926,Навоий
BU-240006,205015762,Обидхўжа
BU-240007,205007297,Туркистон
BU-240008,203771324,Ўғлон
BU-240009,205376719,Ўзбек
BU-240010,205856286,Хуррам
BU-240011,203171801,Чибоғони
BU-240012,205007305,Шавгон
BU-240013,204516947,Валфажир
BU-240014,203781572,Гулистон
BU-240015,205030509,Дейча
BU-240017,305733817,Калъа
BU-240019,203850375,Малишояк
BU-240020,203698643,Навбаҳор
BU-240021,203235253,Пешкў
BU-240022,203708859,Садир
BU-240023,205594946,Бобоҳожи
BU-240024,203781589,Дўстлик
BU-240025,200883660,Жонгелди
BU-240026,202940027,Зандани
BU-240027,203064886,Қорақалпоқ
BU-240029,205323879,Сусана
BU-240030,206216796,Талисобун
BU-240031,205607168,Хоркаш
BU-240032,205732924,Хулбор
BU-240033,205731015,Янгиобод
BU-240034,202952637,Богимусо
BU-240035,203857405,Мустақиллик
BU-240036,203865292,Чигирчи
BU-240037,200883653,Янгибозор
BU-20060017,203171818,Махаллаи Миришкор
BU-20060010,202942886,Абу Али Ибн Сино
BU-20060020,206821052,Навгаҳон
BU-242001,204810273,Самосий
BU-242002,204804944,Азизон
BU-242004,204125294,Ўзбекистон
BU-242005,200978479,Кургон
BU-242007,204103037,Қалайчорбоғ
BU-242008,204124256,Муғонча
BU-242010,204782318,Тошработ
BU-242011,204135701,Газберон
BU-242012,204598030,Урганжиён
BU-242013,204135718,Хоса
BU-242014,204782278,Деча
BU-242016,203214113,Газли
BU-242017,203334225,Байналминал
BU-242018,204577319,Кахрамон
BU-242019,200978519,Ромитан
BU-242020,204119689,Тарнаут
BU-242021,204581924,Богча
BU-242022,204587109,Аттарон
BU-242023,204105549,Миришкор
BU-242024,204628507,Ўба
BU-242027,203334193,Зарафшон
BU-242028,203334185,Ибн Сино
BU-242029,204133094,Бобур
BU-242030,204129479,Гулистон
BU-242031,204578507,Богисайдон
BU-242032,200978462,Боғитуркон
BU-242033,204136770,Марзия
BU-242034,204796394,Қумработ
BU-242035,204599077,Хўжауббон
BU-242036,204599060,Ҳазортут
BU-242037,204790735,Хофизработ
BU-242038,200978502,Истиқлол
BU-242039,204846347,Ифтихор
BU-242041,204145752,Шўрча
BU-242042,204968851,Ўтабек
BU-242043,204790743,Навбахор
BU-242044,204131786,Пойжуй
BU-242045,204587091,Кокиштувон
BU-20070043,200978486,Челонғу
BU-20070002,203334201,Алишер Навоий
BU-20070021,200978526,Кизил равот
BU-20070044,204601715,Шўробод
BU-246001,207158734,Тинчлик
BU-246003,203875842,Зарафшон
BU-246004,204529186,Навгади
BU-246005,202975520,Денов
BU-246006,205588612,Самончуқ
BU-246007,203870177,Мурғак
BU-246008,202975480,Хумдонак
BU-246009,203875834,Кулиён
BU-246010,204836249,Ушот
BU-246011,205588604,Истиқлол
BU-246012,202975497,Пўлоти
BU-246013,204529258,Занги
BU-246014,203875906,Ҳазорман
BU-246015,204836256,Шўробод
BU-246017,201807697,Хумин
BU-246018,202972636,Қалмоқ
BU-246019,204529241,Қозикенти
BU-246020,205588596,Болиоб
BU-246021,202991233,Қароли
BU-246022,207210013,Паҳлавон
BU-246023,203875859,Довуд
BU-246024,205588572,Хўжахайрон
BU-246025,204836264,Эроншох
BU-246026,204529234,Янгиобод
BU-246027,202982426,Нурафшон
BU-246028,203875810,Тобагар
BU-246029,204529226,Чорзона
BU-246030,205588564,Дарвеши
BU-246031,202975884,Мустақиллик
BU-246034,204836271,Поччойи
BU-246035,205588557,Баҳористон
BU-246036,202975917,Алели
BU-246037,203875874,Обод
BU-246038,204529202,Жондор
BU-246039,205588629,Работ
BU-246040,202975892,Охших
BU-246041,203870160,Қовчин
BU-246042,204836288,Намгони
BU-246043,202952620,Ромиш
BU-246044,203870184,Қазоқон
BU-246045,204529194,Оқтепа
BU-246046,202975513,Ибн Сино
BU-246047,203870153,Луқмон
BU-246048,203046457,Ойдин
BU-246049,203875866,Далмунобод
BU-246050,205588304,Жамият
BU-246051,202987822,Мирзаён
BU-246052,203870145,Ёш куч
BU-20030032,204529219,Ойтугди
BU-20030021,203875827,Коровул
BU-258001,205876903,Ғуломте
BU-258002,202593815,Жуйнав
BU-258003,203974972,Искогаре
BU-258004,202848306,Қалмақон
BU-258005,206952111,Қуйи чуқурак
BU-258006,206240927,Қўрғони вардонзе
BU-258007,203974964,Талисафед
BU-258009,205712465,Чуқурак
BU-258010,205963430,Янгикишлок
BU-258011,206944628,Арабхона
BU-258012,205842984,Бобоато
BU-258013,202593847,Бобур
BU-258014,203974878,Боғиафзал
BU-258015,203974957,Жилвон
BU-258017,203974918,Мирзоқул
BU-258018,205806584,Пашмон
BU-258019,202593862,Мазлахон чандир
BU-258021,202848345,Шодлик
BU-258022,202848353,Денов
BU-258023,206932509,Доригар
BU-258024,202593854,Дўрмон
BU-258026,202848321,Зарчабек
BU-258027,206695660,Калон
BU-258028,206794070,Кўришкент
BU-258029,203974885,Кайрагоч
BU-258031,206932516,Мингчинор
BU-258033,207037679,Неккиши
BU-258034,205567203,Паттахон
BU-258035,206450974,Султонобод
BU-258036,205140079,Темирчи
BU-258037,205318979,Хорин
BU-258038,203974893,Шибирғон
BU-258039,202593790,Алишер Навоий
BU-258041,206667229,Гулистон
BU-258042,203974933,Котиён
BU-258043,206923036,Нурафшон
BU-258044,202848314,Саврак
BU-258045,205736744,Талисангобод
BU-258046,202593808,Тезгузар
BU-258047,202593823,Тинчлик
BU-258049,202848298,Хожа Ориф
BU-258050,205763141,Пахтаобод
BU-20080047,202593783,Шароф Рашидов
BU-20080026,203974861,Махаллакози
BU-20080014,202593830,Жойрабод
BU-20080015,205723981,Жушура
BU-20080004,203974925,Бобоҳайдар
BU-20080045,203974901,Читкарон
BU-20080029,205859528,Навбаҳор
BU-401003,203284272,Фуркат
BU-401006,202301339,Кўкалдош
BU-401012,202325846,Хужа Гунжорий
BU-401013,202301314,Жўбор
BU-401014,202459379,Абу Али Ибн Сино
BU-401015,202900108,Низомий Ганжавий
BU-401016,202320212,Мухтор Ашрафий
BU-401018,202301457,Дилкушо
BU-401021,202903934,Шергирон
BU-401022,202889754,Чорбахосса
BU-401023,203284233,Кўксарой
BU-401024,202889761,Шайхул Олам
BU-401025,202301433,Ситораи мохи хосса
BU-401026,202354011,Турки жанди
BU-401027,202393082,Шарқ юлдузи
BU-401029,202408963,Гулчорбоғ
BU-401030,202301361,Хавзи-нав
BU-401031,202301378,Янгиобод
BU-401032,202407695,Гулистон
BU-401034,203380383,Наврўз
BU-401035,203666990,Бунёдкор
BU-401036,203631900,Зарафшон
BU-401038,203641643,Пиридастгир
BU-401039,203044547,Шодлик
BU-401041,204103091,Гулшан
BU-401042,203702867,Варахша
BU-401044,204101142,Тўқимачи
BU-401045,204960809,Фошун
BU-401046,203894559,Дўстлик
BU-401047,204099557,Истиқлол
BU-401048,204099540,Ёшлик
BU-401049,203359960,Навбахор
BU-401050,203269836,Намозгоҳ
BU-401052,203035050,Авшор махалла
BU-401054,204099572,Лоша
BU-401056,204858767,Ахмад Дониш
BU-401058,205748515,Тошмачит
BU-401059,205819133,Ойбек
BU-401060,205757274,Хўжамушкин
BU-401064,202320275,Отбозор
BU-401065,202889785,Ширбудин
BU-20120011,205748508,Боғидашт
BU-20120006,202325839,Амир Темур
BU-20120029,203032277,Махмуд Тароби
BU-20120005,203402156,Алишер Навоий
BU-20120002,203310990,Абдурауф Фитрат
BU-20120030,202909878,Улуғбек
BU-20120051,202338133,Файзулло Хўжаев
BU-20120021,202301346,Жалол Икромий
BU-20120046,203579964,Садриддин Айний
BU-20120045,202301440,Саъди Шерозий
BU-20120010,205781706,Бихиштиён
BU-20120047,202313133,Собир Рахимов
BU-20120059,205805665,Шайхон
BU-20120001,205835336,Абдулойи Сифатмуний
BU-20120033,202301385,Мухаммад Наршахий
BU-20120040,202588504,Олим Хўжаев
BU-20120024,202301425,Имом Аль-Бухори
BU-20120032,202408955,Мутаваккил Бурхонов
BU-20120003,204842463,Абдулҳолиқ Ғиждувоний
BU-20120055,203284240,Ҳамид Олимжон
BU-20120009,203663552,Баҳоуддин Нақшбанд
BU-20120044,203337799,Сайфиддин Бахорзий
BU-20120014,202301322,Ғафур Ғулом
BU-20120043,203369119,Раззок Хамраев
BU-403001,202914667,Арабхона
BU-403002,202914674,Бунёдкор
BU-403003,202914682,Махтумқули
BU-403008,202685454,Зиёкор
BU-403009,202914722,Хўжабарги
BU-403010,202685423,Бобур
BU-403011,202914739,Адолат
BU-403012,202914746,Темирйўлчи
BU-403014,202914754,Истиқлол
BU-403018,204986901,Беруний
BU-403019,204986893,Туркистон
BU-403021,204957098,Мустақиллик
BU-403022,306432960,Ватанпарвар
BU-20140004,202014268,Амир Темур
BU-20140001,202914714,Абдулла Қодирий
BU-20140016,204960903,Мирзо Улугбек
BU-20140013,202914707,Зирабод
BU-20140003,202663688,Алишер Навоий
BU-20140009,202271930,Бухоройи Шариф
FA-203002,203248878,Тошкент
FA-203003,203268609,Шодлик
FA-203004,203248861,Бугдойчи
FA-203005,203248885,Бозорбоши
FA-203007,203268569,Янги хаёт
FA-203008,203268584,Обод
FA-203009,203268591,Тинчлик
FA-203011,203248846,Навоий
FA-203013,202486385,Файзиобод
FA-203014,203253366,Янгитурмуш
FA-203015,203543804,Шодиёна
FA-203016,203253381,Жарарик
FA-203017,203253374,Устоз
FA-203018,203290875,Зилха
FA-203019,203245035,Тегирмонбоши
FA-203020,203248807,Навкирон
FA-203021,203248767,Окбуйра
FA-203022,203248750,Кахрамон
FA-203023,203247254,Повулгон
FA-203024,203247261,Янгичек
FA-203025,203247278,Тошобод
FA-203026,203247222,Капчугай
FA-203028,203247239,Шарк
FA-203029,202486393,Полосон
FA-203030,203274070,Ибн Сино
FA-203031,203274031,Мукимий
FA-203032,203274048,Беруний
FA-203033,203296503,Дустлик
FA-203034,203274063,Ёшлик
FA-203035,203274016,Олмазор
FA-203036,203274055,Жонибек
FA-203038,203248854,Ок олтин
FA-203039,203257297,Хужакургон
FA-203040,203257320,Бустон
FA-203041,203257337,Кумирчи
FA-203042,203257305,Зархал
FA-203043,203257273,Мирфозил
FA-203044,203257344,Чинортаги
FA-203045,203257265,Узумчи
FA-203046,203272675,Янгикургон
FA-203047,203272715,Юксалиш
FA-203048,203272683,Усмонобод
FA-203049,203272690,Маориф
FA-203050,203272730,Беглар
FA-203051,203272708,Навбахор
FA-203052,203268710,Журак
FA-203053,203268742,Мустакиллик
FA-203054,203268734,Сертут
FA-203055,203268759,Фаровон
FA-203056,203245028,Гайрат
FA-203057,203245074,Бирлашган
FA-203058,203245067,Жаркургон
FA-203059,203290890,Кургонча
FA-203060,203245082,Истиклол
FA-203061,203245043,Эскиараб
FA-203062,203259563,Янгиараб
FA-203063,203259570,Чордара
FA-203064,203259594,Бунёдкор
FA-203065,203248782,Шалола
FA-203066,203248799,Гулобод
FA-203067,203296510,Зилол
FA-203068,203259524,Янгиарик
FA-203069,203259531,Катпут
FA-203070,203259548,Толкуча
FA-203071,203268694,Азимобод
FA-203072,203268631,Кизилтепа
FA-15070028,203257313,Кулбуйи
FA-15070027,203247246,Кувурбоши
FA-15070057,203268576,Хамид Олимжон
FA-206001,204006900,Кийки
FA-206002,204006924,Сой буйи
FA-206003,204006917,Карнайчи
FA-206004,204755469,Янги дукон
FA-206005,204006884,Сохибкор
FA-206006,206961529,Истикбол
FA-206007,204009263,Нурафшон
FA-206008,204011753,Октепа
FA-206009,204011745,Йулдошобод
FA-206010,305452225,Кайрагоч
FA-206011,204005031,Намуна
FA-206012,305464305,Камиштепа
FA-206013,204006845,Кумтепа
FA-206014,204005048,Кизиларик
FA-206015,204006892,Гиштмон
FA-206017,204022154,Эшонгузар
FA-206018,204022161,Баланд масжид
FA-206019,204022139,Кувурбоши
FA-206020,207196506,Хумдон
FA-206021,204028952,Укчи
FA-206022,204028944,Урта Укчи
FA-206023,204011760,Каттаболтакул
FA-206024,204006932,Ватан
FA-206026,204013924,Коракушчи
FA-206027,204013917,Катта Бешкапа
FA-206028,204006853,Кичик Бешкапа
FA-206029,204028937,Шодлик
FA-206030,202871484,Коракалтак
FA-206031,202871477,Лангар
FA-206032,204025964,Лойсон
FA-206033,204011777,Дехконобод
FA-206034,204009287,Шахартепа
FA-206035,204009255,Шомирза
FA-206036,204024626,Пахтакор
FA-206038,204024634,Гармдон
FA-206039,204013892,Истиклол
FA-206041,204013884,Шакар
FA-206042,204470279,Куприкбоши
FA-206043,204013877,Кургонча
FA-206044,204013860,Янги арик
FA-206045,204013900,Файз
FA-206046,204011824,Солижонобод
FA-206048,204006877,Коражийда
FA-206049,206995454,Хужакишлок
FA-206050,204013932,Дустлик
FA-206051,204013949,Дурмон
FA-15080042,204006860,Халкобод
FA-15080002,204024641,Борот
FA-15080035,204022146,Сармозор
FA-209001,304950105,Обод Юрт
FA-209002,203552912,Хужакишлок
FA-209004,203552929,Карокчитол
FA-209005,203561370,Коровултепа
FA-209006,304951000,Намуна
FA-209007,203561284,Киркволида
FA-209008,203561355,Амиробод
FA-209009,203561291,Чекмирзаобод
FA-209010,203564540,Богишамол
FA-209011,203574932,Коракул
FA-209012,200158952,Маткулобод
FA-209013,203574964,Чексарой
FA-209014,203561309,Майлабой
FA-209015,203561316,Шурокер
FA-209016,203561324,Конизар
FA-209017,203561331,Мирзаобод
FA-209018,207156468,Юкори Мирзаобод
FA-209020,203579316,Самарканд
FA-209021,203579291,Мехнатобод
FA-209022,200158991,Багдод
FA-209024,203564382,Кушчинор
FA-209027,203564533,Самандарак
FA-209028,203564399,Мурувват
FA-209029,304950643,Навруз
FA-209030,203574988,Куголи
FA-209031,203574924,Ирголи
FA-209032,203564335,Кахат
FA-209033,203564343,Хитой
FA-209034,203564350,Чуваланчи
FA-209036,304948217,Нурафшон
FA-209037,203564422,Дашт
FA-209038,203564407,Ултарма
FA-209039,203564454,Куштегирмон-1
FA-209040,203564461,Куштегирмон-2
FA-209041,203564414,Олчин
FA-209042,203564439,Чулюнус
FA-209043,304960006,Юксалиш
FA-209044,203574971,Бордон
FA-209045,203579324,Иттифок
FA-209047,203564367,Узбекистан
FA-209048,203564493,Дустлик
FA-209049,203564485,Чуринди
FA-209050,304952704,Бекобод
FA-209051,304970531,Истиклол
FA-209052,203564518,Дурманча
FA-209053,203564501,Бедарак
FA-209054,203574949,Каримбобо
FA-209055,206941140,Ойдинбулок
FA-209056,200158944,Зафаробод
FA-15010058,309079757,Гулистон
FA-15010031,203564328,Мукуми
FA-15010057,309026782,Чекхитой
FA-15010017,203564374,Кашкармакай
FA-15010059,309075991,Янгиобод
FA-15010040,304956112,Саидобод
FA-15010044,206940198,Тувадак
FA-212001,202720514,Жийдали
FA-212002,202778378,Кургонча
FA-212003,202778346,Янгикишлок
FA-212004,202778361,Жалоер
FA-212005,202720506,Янги Кургон
FA-212006,202786416,Додхо
FA-212007,202786391,Ингирчок
FA-212008,202862345,Беглар
FA-212009,202786409,Маслахат
FA-212010,202862392,Яшнаробод
FA-212011,202720498,Кунгирот
FA-212012,202778425,Туман
FA-212013,202778354,Урта Кунгирот
FA-212016,207125538,Таррачи
FA-212017,207246704,Шур
FA-212019,304079475,Коратепа
FA-212020,202720521,Бачкир
FA-212021,202778489,Бегобод
FA-212022,202778235,Пишагар
FA-212023,202862424,Пошшопирим
FA-212024,202778211,Хасан Кургонча
FA-212025,203516504,Олтинкургон
FA-212026,202778228,Коракум
FA-212027,202720481,Оккургон
FA-212028,202781218,Юкоримангит
FA-212029,202778267,Жов
FA-212030,202778393,Чутака
FA-212031,202778385,Найман
FA-212032,202778401,Тепалик
FA-212033,202720560,Бувайда
FA-212034,202778274,Элобод
FA-212035,202778282,Бумозор
FA-212037,202778307,Озод
FA-212040,202778299,Хожаобод
FA-212041,207149372,Хакимтура
FA-212042,202778339,Урганжи
FA-212043,206394624,Кум
FA-212044,202778433,Бештерак
FA-212045,304078019,Шодлик
FA-212046,202720466,Араб
FA-212047,202778322,Турк
FA-212048,202778314,Шур Кишлок
FA-212049,206849333,Янги Хаёт
FA-212050,202720538,Кургонобод
FA-212052,206396369,Понсод
FA-212053,202778243,Октепа
FA-212054,202720553,Янгикадам
FA-212055,202720545,Узумзор
FA-15030034,202778418,Тоглик
FA-15030008,202778472,Дехконобод
FA-15030015,205417293,Буюк Ипак Йули
FA-15030044,202778464,Чумбогиш
FA-15030025,202778457,Ойим
FA-215001,304966234,Янгикургон
FA-215002,203236157,Куйи Товул
FA-215003,304964696,Дустлик
FA-215004,203270741,Собиртепа
FA-215005,203270734,Кияли
FA-215006,203240374,Бустон
FA-215009,203236133,Бешкапа
FA-215010,203236140,Эшон
FA-215011,206476030,Арикбоши
FA-215014,202968101,Юкори Товул
FA-215015,203236172,Узун
FA-215016,203236164,Ифтихор
FA-215018,204031586,Абдураззок Ота
FA-215019,203264828,Абдувай
FA-215020,203264835,Ворух-дашт
FA-215021,202854860,Тошарик
FA-215022,203270758,Капаянги
FA-215024,202857739,Кургонча
FA-215026,304974336,Намуна
FA-215027,203264756,Сойлаби
FA-215028,203264788,Кум
FA-215029,203264749,Пастки Янгикургон
FA-215032,304975564,Рапкон
FA-215033,202854892,Янги Рапкон
FA-215036,202842813,Телов
FA-215037,202854884,Янги Хаёт
FA-215040,203253248,Бахмал
FA-215041,203299862,Шодликобод
FA-215042,201976171,Ватан
FA-215043,203264724,Гамбай
FA-215044,203264804,Янги
FA-215045,203288401,Шоберди
FA-215046,206982011,Кият-Сартол
FA-215048,203302178,Дехконтуда
FA-215050,202842837,Халклар Дустлиги
FA-215051,202968085,Обод
FA-215053,203253303,Куйи Заркайнар
FA-215054,201636199,Булокбоши
FA-215055,202866807,Дала-Х.Олимжон
FA-215057,203078884,Юкори Заркайнар
FA-215058,203253287,Чимбой
FA-215059,203253294,Бешсари
FA-215060,203253270,Навкат
FA-215061,203253231,Нурафшон
FA-15020029,203264764,Маърифат
FA-15020049,203270765,Андархон
FA-15020022,203240382,Кoркам
FA-15020057,203240367,Яккатут
FA-15020046,202845437,Файзобод
FA-15020045,203296470,Уттиззамбар
FA-15020015,202854900,Дехконобод
FA-15020036,202857746,Олтин Кул
FA-15020026,203264795,Кулол-обод
FA-15020031,202842820,Навбахор
FA-15020023,203293634,Коракуйли
FA-15020058,203253263,Кашкар
FA-15020051,203304680,Чорбогтуронги
FA-218001,200171494,Акбаробод
FA-218002,202824494,Гулистон
FA-218003,202824430,Олтинарик
FA-218004,202824423,Дамарик
FA-218005,200171503,Байналминал
FA-218006,202824368,Чилон
FA-218007,200171566,Намуна
FA-218008,202827688,Турк
FA-218010,207001408,Бойистон
FA-218012,205503543,Коракум
FA-218013,303131071,Узбек
FA-218014,202824344,Янги Чек
FA-218015,202827656,Толмозор
FA-218016,202824454,Пахтакор
FA-218017,202824375,Калинпустин
FA-218018,202824447,Кандабулок
FA-218019,202824502,Юзия
FA-218020,202824479,Катта Кишлок
FA-218021,207083149,Пандигон
FA-218023,202824486,Жалаер
FA-218024,202824462,Кашкар
FA-218026,202827711,Катта Кашкар
FA-218027,202827728,Новкент
FA-218028,202827704,Корашох
FA-218029,200171470,Сойгузар
FA-218031,202824534,Оккургон
FA-218033,203303484,Юкори Кургонча
FA-218034,205971801,Болалик
FA-218036,202827735,Янгикишлок
FA-218037,202827649,Саноатчилар
FA-218038,202824519,Султонобод
FA-218039,200171510,Бустон
FA-218041,202824541,Суфи
FA-218042,202824565,Кайирма
FA-218043,202824558,Найман
FA-218044,200171534,Бахор
FA-218045,202975212,Урабоши
FA-218046,202824351,Мустакиллик
FA-218047,202824415,Сойкелди
FA-218048,200171455,Иттифок
FA-218049,202824408,Янгиобод
FA-218050,200171559,Ифтихор
FA-218051,202741868,Галаба
FA-218052,202741844,Кува
FA-218053,202741812,Тинчлик
FA-218054,202741829,Раста
FA-218055,200171527,Маданият
FA-218056,202827743,Хонобод
FA-218057,202849984,Тошкент
FA-218058,202741908,Тошховуз
FA-218059,202741836,Гузал
FA-218062,202741883,Тахтакуприк
FA-218063,202741923,Гулобод
FA-218064,202741915,Узбекистан
FA-218065,303131143,Пастки Хонобод
FA-15060013,202824390,Дехконобод
FA-15060054,200171542,Туркровот
FA-15060049,202824383,Тожиккишлок
FA-15060022,200171487,Катта Дехконобод
FA-15060019,202827671,Янги Қува
FA-15060062,202827664,Янги хаёт
FA-15060039,202827695,Пастки Хужа Хасан
FA-15060029,202751468,Муйдин Хасанов
FA-221001,203118983,Султон
FA-221003,203119174,Янгикишлок
FA-221004,203118975,Бегмурод
FA-221006,202689654,Фаровон
FA-221008,203119128,Пучугой
FA-221009,203119135,Тепакургон
FA-221010,300421615,Янгиобод
FA-221011,203110077,Тургок
FA-221013,300495548,Бобошбек
FA-221014,203119214,Яккамулла
FA-221015,202689623,Чорбог
FA-221016,203119254,Гиждон
FA-221017,203119278,Кумарик
FA-221018,203119285,Бешкапа
FA-221019,203119261,Мирзахужа
FA-221020,202689608,Гози-гиждон
FA-221021,203119071,Полохон
FA-221022,304916834,Янги Йул
FA-221023,202689615,Истикбол
FA-221024,203119293,Юлгунзор
FA-221025,203119150,Сарикургон
FA-221026,203119167,Тожик
FA-221027,203119064,Туксонковун
FA-221028,203119049,Катта Коракул
FA-221029,203119032,Кичик Кенагас
FA-221030,202689583,Оксув
FA-221031,202689630,Олтин Водий
FA-221032,203119000,Бегобод
FA-221033,203119017,Катта Кашкар
FA-221034,203118990,Катта Кенагас
FA-221035,203119056,Олмурод
FA-221036,203119024,Катта Куштепа
FA-221037,207098144,Янгиер
FA-221038,203119143,Курбонкашкар
FA-221039,203119088,Учкуприк
FA-221040,202689590,Навруз
FA-221041,203119199,Бахрин
FA-221042,203119239,Чанг
FA-221043,203119222,Собиржон
FA-221044,203119246,Кораянток
FA-221045,207108272,Мерган
FA-221046,203119095,Зигир
FA-221047,203119111,Яккатут
FA-221048,203119104,Буйрак
FA-221049,202689647,Тинчлик
FA-15120007,207336797,Богибустон
FA-15120043,203119207,Хасанкора
FA-15120033,207336758,Сой Буйи
FA-15120022,202797569,Мехнатобод
FA-15120020,203118968,Машат
FA-15120025,207336780,Нихол
FA-224001,202871857,Богистон
FA-224003,202871564,Дахбед
FA-224004,202871588,Минор
FA-224005,206855113,Марказ
FA-224006,202871595,Мискин
FA-224008,202872049,Носгар
FA-224013,202872024,Чинигарон
FA-224014,202871968,Зарарик
FA-224015,207004165,Хужа Илгор
FA-224016,202871990,Ар-Рошидоний
FA-224019,202872056,Истикбол
FA-224022,202871699,Калайнав
FA-224023,205650014,Чунгара
FA-224025,206855105,Дутир
FA-224026,202871674,Хуррамобод
FA-224027,207002303,Бирлашган
FA-224028,202871896,Хожи Кишлок
FA-224029,202871872,Октомир
FA-224030,202871889,Ок Ер
FA-224031,202871912,Уч Арик
FA-224032,202871864,Зохидон
FA-224033,202871825,Ёшлик
FA-224034,202871840,Амиробод
FA-224035,202871818,Мевазор
FA-224036,202871833,Гулистон
FA-224037,207192789,Полвонобод
FA-224038,202872150,Кайрагоч
FA-224039,202871650,Сохибкор
FA-224040,202871761,Жахонобод
FA-224041,202871785,Юкори Авазбой
FA-224042,202871754,Туда
FA-224043,207127828,Тураобод
FA-224044,202871778,Куйи Авазбой
FA-224045,202871944,Ёйилма
FA-224046,202871532,Навбахор
FA-224047,202872143,Ок олтин
FA-224048,202871936,Янги Йул
FA-224049,202872104,Уйрат
FA-224050,202871549,Чубургон
FA-224051,202871556,Дашт Пандигон
FA-224052,202872088,Дашт Тегирмон
FA-224053,202872095,Кургонча
FA-224054,202872071,Пандигон
FA-224055,202872111,Вохим
FA-224056,202871707,Чек Жалаер
FA-224057,202871667,Чек Насриддин
FA-224058,202871793,Бустон
FA-224059,202871682,Бужай
FA-224060,202978549,Янги Бужай
FA-224061,202871714,Сарой
FA-224062,202871611,Жалаер
FA-224063,202871643,Гузар
FA-224064,202871635,Юкори Бешкапа
FA-224065,202871628,Пастки Бешкапа
FA-224066,202871975,Булокбоши
FA-224067,206975462,Пастки Булокбоши
FA-224068,202871951,Мехнатобод
FA-224069,207105450,Сухобод
FA-15090069,207332289,Янги Авлод
FA-15090029,202871983,Кози Ахрор
FA-15090040,202872000,Алишер Навоий
FA-15090001,207332272,Абдуллобоён
FA-15090053,202872017,Тошоголик
FA-15090017,206957437,Дехконобод
FA-15090030,202871604,Кошкайрон
FA-15090003,202871571,Анхор Буйи
FA-15090033,202872064,Мамадали Топволдиев
FA-15090052,202872128,Тухтасин Ахмедов
FA-226001,203457894,Калача
FA-226002,203457903,Газнов
FA-226003,203389956,Девайрон
FA-226004,207114535,Тул
FA-226005,203392162,Ленбур
FA-226007,201528110,Ровон
FA-226008,206856444,Офтобру
FA-226009,203496658,Сариканда
FA-226010,203496665,Сарибозорча
FA-226011,302905065,Хазрати Али
FA-226012,203634184,Калъа
FA-226013,203394950,Янгиарик
FA-226014,203340124,Навобод
FA-226016,203499771,Какир
FA-226017,203381421,Шаркобод
FA-226018,302933371,Себзор
FA-226019,203415037,Хушёр
FA-226020,203381438,Кизилкиёк
FA-226021,203160245,Чашма
FA-226022,203490136,Мулгон
FA-226023,303360096,Зангат
FA-226024,203378614,Чумокча
FA-226025,203394967,Гулистон
FA-226026,201528127,Сух
FA-226027,203366447,Демурсад
FA-227001,304918349,Тошлок
FA-227002,202850280,Шодлик
FA-227003,202850510,Фуркат
FA-227004,202834284,Дустлик
FA-227005,202850376,Сувбоши
FA-227006,304921630,Садда
FA-227007,202850313,Терактаги
FA-227008,201238449,Конизар
FA-227009,202850202,Катта-куча
FA-227010,202850409,Суфилар
FA-227011,201238456,Сукчилик
FA-227012,304924888,Камчипуруш
FA-227014,202850234,Пиёзчилик
FA-227015,201238417,хамрак
FA-227016,304921378,Ахшак
FA-227018,201238274,Якковут
FA-227019,202850542,Ахшакгузар
FA-227020,202850559,Канжирга
FA-227022,202850384,Заркент
FA-227024,202850470,Турват
FA-227025,202850416,Юкорикишлок
FA-227028,304926932,Куйи Яккатут
FA-227029,202850337,Сойбуйи
FA-227030,202850344,Уч Олиш
FA-227031,202850305,Гузарбоши
FA-227033,304927908,Кумарик
FA-227034,202850219,Обисиё
FA-227035,202850320,Фарогат
FA-227036,202850503,Кумкишлок
FA-227037,304924760,Найман
FA-227038,202850455,Чек
FA-227039,202850463,Истиклол
FA-227040,304916572,хонарик
FA-227041,202850487,Мехнатобод
FA-227042,206627206,Найманбустон
FA-227043,202850194,Арабмозор
FA-227045,202850258,Хонака
FA-227046,202850527,Бесаранг
FA-227047,206937857,Айланмажар
FA-227048,202850090,Варзак
FA-227049,202850598,Кипчокарик
FA-227050,202850574,Узбекистан
FA-227051,202850581,Бустон
FA-15110047,202850424,Чукуркишлок
FA-15110034,202850638,Тоглик
FA-15110022,202850130,Кургонча
FA-15110051,202850297,Янгийул
FA-15110021,202850534,Куларик
FA-15110045,202850614,хужаарик
FA-15110010,202850391,Жаркишлок
FA-15110044,202850566,Хотинкуми
FA-230001,304917570,Намуна
FA-230002,203041868,Ислом
FA-230003,203042043,Ойимчакакир
FA-230004,203041829,Дахана Какир
FA-230005,203674586,Туюл
FA-230007,203041875,Кайкуобод
FA-230008,204530654,Кичик Окмачит
FA-230009,203042050,Окмачит
FA-230010,304942684,Нурсух
FA-230011,306170964,Зиё Нурсух
FA-230012,204852625,Учбулак
FA-230014,203673342,Кургонча
FA-230015,203041851,Зинаша
FA-230016,203042161,Шур Кишлок
FA-230017,304973076,Кичик Тагоб
FA-230018,203041883,Катта Тагоб
FA-230019,304011609,Охта Тагоб
FA-230020,203041764,Бегобод
FA-230021,200189510,Пастки Курик
FA-230022,203041772,Беруний
FA-230023,304984846,Кайнар
FA-230025,203041954,Кул Элаш
FA-230026,203041979,Кумбости
FA-230027,203674594,Авгон
FA-230028,303376051,Катта Кайнар
FA-230030,304991592,Фаровон Келажак
FA-230032,203041890,Дустлик
FA-230035,303369219,Коратепа
FA-230039,203042146,Туркистон
FA-230040,203042185,Эски Яйпан
FA-230041,304933244,Шодлик
FA-230042,200189645,Кулибек
FA-230043,203041986,Кушкунок
FA-230044,204530661,хайдаробод
FA-230045,203041836,Дашт Чулпон
FA-230046,200189487,Элчи
FA-230048,306056811,Нурли Келажак
FA-230049,203042193,Яккатут
FA-230050,203041844,Дехконобод
FA-230051,203041947,Кудаш
FA-230052,203041923,Кирккетмон
FA-230053,203041757,Давлатботир
FA-230054,204184887,Дунгсарой
FA-230055,203042107,Сочтепа
FA-230057,200189638,Октепа
FA-230058,200189574,Яйпан Гузар
FA-230060,304916841,Янги хаёт
FA-230061,203041908,Шакар обод
FA-230062,203041812,Обод Кишлок
FA-230063,203751087,Бустон
FA-230064,302817658,Жонобод
FA-230065,304932640,Укчи
FA-230066,207295304,Укчи-туман
FA-230067,203042099,Ражабгарди
FA-230068,203042154,Укчи-Дашт
FA-230069,207084717,Хотамтой
FA-230070,304973829,Шурсув
FA-230071,203042139,Боги Эрам
FA-230072,200189527,Бозор Яйпан
FA-15150078,309212084,Бешкапа
FA-15150022,308134340,Кайнарбулок
FA-15150077,309127174,Дашт Хасан
FA-15150007,203041789,Бузукургон
FA-15150043,307998723,Кудашобод
FA-15150079,309195914,Сулаймон
FA-15150030,304933172,Кораёзбобо
FA-15150076,309235530,Тараккиёт
FA-15150001,203041740,Абдурахмон Жомий
FA-15150010,308126682,Бунёдкор
FA-15150056,304932181,Тинчлик
FA-15150023,206947963,Каримобод
FA-233001,203620186,Шохимардон
FA-233002,203629054,Ёрдон
FA-233003,203633067,Юкори Водил
FA-233004,203638510,Навруз
FA-233005,204452617,Обод
FA-233007,203638638,Водил
FA-233009,203634327,Саноат
FA-233010,203629079,хосилот
FA-233011,203634209,Тинчлик
FA-233012,203620147,Беруний
FA-233013,203638645,Бустон
FA-233014,203629062,Маргилон
FA-233015,203638614,Дилкушо
FA-233016,206949564,Ямбарок
FA-233017,203652226,Новкент
FA-233019,203633011,Шохимардонобод
FA-233020,203634342,Каптархона
FA-233021,203634310,Ёйилма
FA-233022,203634255,Мехнатобод
FA-233024,203652258,Логон
FA-233025,203634231,Вазиё
FA-233026,203634248,Гулпиён
FA-233027,207181690,Хуршиди Тобон
FA-233028,203634224,Машъал
FA-233029,203654792,Аввал
FA-233030,203654760,Бирдамлик
FA-233031,203638581,Мозор таги
FA-233032,203638598,Корасув
FA-233033,203638574,Урта Кишлок
FA-233034,203638606,Октепа
FA-233035,203653762,Дамкул
FA-233036,206838949,Бустонобод
FA-233037,203652241,Гулистон
FA-233038,203652280,Октом
FA-233041,203632994,Саткак
FA-233042,203652273,Окбилол
FA-233044,203634263,Сой Буйи
FA-233046,203634287,Пастки Арча
FA-233047,203634294,Юкори арча
FA-233048,203638527,Чимён
FA-233049,203632962,Бахор
FA-233050,203633099,Улугбек
FA-233051,203638503,Лангар
FA-233052,203633074,Курилиш
FA-233053,203633050,Зилол
FA-233054,203634334,Шифокор
FA-233055,205527734,Дустлик
FA-233056,203634216,Гулшан
FA-233058,203634270,Бой махалла
FA-233059,205414829,Юкори Гулшан
FA-233060,203629094,Миндон
FA-233061,203632954,Марказ
FA-233062,203629102,Гузар
FA-233063,203633107,Хуроба
FA-233065,203652297,Миндонобод
FA-233066,203633028,Хонкиз
FA-233067,203633043,Околтин
FA-233068,203633035,Узбекистан
FA-233069,203633082,Фаргона
FA-233070,203638559,Кургонтепа
FA-233071,203638542,Майдон
FA-233073,203652234,Кончилар
FA-233074,207310664,Янги Аср
FA-233076,207310023,Юксалиш
FA-15130029,203634303,Курик
FA-15130075,203638534,Янги йул
FA-15130052,207177465,Тошкургон Азиз
FA-15130016,203632979,Дехконобод
FA-15130065,203632947,Шарк хакикати
FA-15130061,203620154,Хужа Ахмад Вале
FA-15130002,206961536,Баркарор хамжихатлик
FA-236001,203149035,Кияли
FA-236002,203149011,Тумор
FA-236003,203158855,Кум Кияли
FA-236004,203054954,Навбахор
FA-236005,200165114,Окжар
FA-236006,203015391,Таптиксарой
FA-236007,203026204,Капасарой
FA-236008,203022202,Абдусамад
FA-236009,203041678,Доимобод
FA-236010,202261570,Богиш
FA-236011,203022186,Катта Турк
FA-236012,203017208,Кичик Турк
FA-236014,203040465,Чинобод
FA-236017,203017230,Телиминг
FA-236018,203147196,Санам
FA-236021,203040473,Мангит
FA-236022,203022241,Сойшилдир
FA-236023,203209807,Октепа
FA-236024,203126554,Шопулат
FA-236026,203153174,Найманча
FA-236028,202280793,Катта Минглар
FA-236029,203022258,Катта Аравон
FA-236030,203022194,Кашкар
FA-236031,203026133,Таргова
FA-236032,203134394,Рахматилло
FA-236033,203141015,Бой Бута
FA-236035,202735770,Арзиктепа
FA-236036,203026172,Янги Замон
FA-236037,203017223,Катта Амиробод
FA-236038,203040480,Кизилмушт
FA-236039,203026229,Увайсий
FA-236040,203126602,Истиклол
FA-236041,203054939,Тайпок
FA-236042,203054946,Уймовут
FA-236043,204927514,Катта Бойбуча
FA-236044,203300877,Кияли Кургонча
FA-236045,203002804,Яшик
FA-236046,203026189,Бурикум
FA-236047,203022219,Корамулла
FA-236048,203022226,Урганжи
FA-236049,203058734,Пишкарон
FA-15040006,203040441,Шодлик
FA-15040007,202991067,Гумайли
FA-15040030,202993167,Олтикуш
FA-238001,203075342,Навбахор
FA-238002,203075310,Куконбой
FA-238003,203075294,Жангкетмон
FA-238004,203076056,Эски
FA-238005,203081336,Шур
FA-238006,304949190,Галлакор
FA-238008,203075287,Чиркай
FA-238009,304948200,Истиклол
FA-238010,203075270,Ардахшон
FA-238011,203067233,Чилгижийда
FA-238012,203075303,Болтакул
FA-238013,304949294,Тургай
FA-238014,203067289,Кизил-Киёк
FA-238015,203075327,Хайит
FA-238016,203075334,Эшон
FA-238017,203203198,Шункор
FA-238018,203067218,Кичик-янги
FA-238019,203067296,Катта-янги
FA-238020,304949279,Чек-Куприк
FA-238021,202845484,Томоша
FA-238022,203067240,Кук-Дуппи
FA-238023,203067272,Янги
FA-238024,203067257,Кушчи
FA-238025,203065838,Шойимбек
FA-238026,203065806,Бекобод
FA-238027,203065814,Ингичка
FA-238028,203065821,Кармак
FA-238029,203065853,Урта-кургон
FA-238030,203065845,Калдушон
FA-238031,304949373,Гунча
FA-238032,203081344,Чек-Чувалдок
FA-238033,203075263,Беш-ога
FA-238034,203075255,Полвонтош
FA-15140035,310157606,Жалойир
FA-242001,203278026,Ёзёвон
FA-242002,203278097,Бахор
FA-242003,203278120,Навруз
FA-242005,304942613,Марказий Фаргона
FA-242006,203268513,Кургонча
FA-242007,203272644,Иттифок
FA-242008,203268505,Беруний
FA-242009,203276377,Тошховуз
FA-242010,304925768,Гулистон
FA-242011,203285571,Юкори Сойбуйи
FA-242012,203285588,Сойбуйи
FA-242014,304969554,Хонобод
FA-242015,203276345,Ёшлик
FA-242016,203276360,Сой ёни
FA-242017,305516018,Сувлиарик
FA-242018,305460137,Корасокол
FA-242019,203276338,Юкори
FA-242020,305399575,Котортол
FA-242021,203304697,Ижодкор
FA-242022,304924413,Истиклол
FA-242023,203280230,Тараккиёт
FA-242024,204418768,Корасой
FA-242025,203280223,Чулигулистон
FA-242026,203278019,Коратепа
FA-242027,203278065,Дустлик
FA-242028,203278034,Гузарбоши
FA-242029,203278041,Порлок
FA-242030,305230256,Иштирхон
FA-242031,203292287,Гастон
FA-242032,305355069,Янгиобод
FA-242033,305699828,Янгибустон
FA-15050019,203288464,Мустахкам Дустлик
FA-401002,202505202,Урмончилар
FA-401003,200151377,Шароф Рашидов
FA-401004,202534436,Тинчлик
FA-401006,203234610,Сой Буйи
FA-401007,200151069,Ибрат
FA-401008,202405414,Ёшлар
FA-401009,200151772,Фаргона
FA-401010,202466434,Шодиёна
FA-401011,200151471,Янги сой
FA-401012,200151812,Марифат
FA-401013,202405421,Симтепа
FA-401014,202539904,Бахор
FA-401015,203440506,Фуркат
FA-401016,202446799,Ойбек
FA-401017,202565287,Янги Йул
FA-401018,202947174,Истиклол
FA-401019,202821546,Зарбдор
FA-401020,200151464,Гулистон
FA-401021,202505219,Бустон
FA-401022,200151488,Мустакиллик
FA-401024,202429669,Шакар кишлок
FA-401025,202579055,Жуйдам
FA-401026,202646502,Тукимачилар
FA-401027,202572722,Сохибкирон Темур
FA-401028,202565294,Навруз
FA-401029,200151495,Машъал
FA-401030,202624094,Алишер Навоий
FA-401031,202669766,Окарикобод
FA-401032,202821593,Ал-Хоразмий
FA-401034,202816037,Дустлик
FA-401035,204412150,Захириддин Мухаммад Бобур
FA-401036,202623285,Лолазор
FA-401037,200151187,Абдулла Кодирий
FA-401038,202821578,Совурбулок
FA-401039,203424896,Афросиёб
FA-401040,200151599,Мададкор
FA-401041,202520374,Мирзо Улугбек
FA-401042,204081533,Парвоз
FA-401043,203630879,Нодирабегим
FA-401044,202424485,Бешбола
FA-401045,202397171,Ёрмозор
FA-401046,202405381,Окарик
FA-401047,202839965,Ипак Йули
FA-401048,202833658,Шаршара
FA-401049,202833641,Шодлик
FA-401050,202678953,Нафосат
FA-401051,203424176,Сохибкор
FA-401052,203429192,Гулзор
FA-401053,202925907,Беглар
FA-401055,202578904,Табассум
FA-401056,202578928,Беруний
FA-401057,202579031,Хамкорлик
FA-401058,202579024,Маданият
FA-401059,202579016,Истикбол
FA-401060,202578999,Мехрибонлик
FA-401061,202579009,Навбахор
FA-401062,202578982,Юлдуз
FA-401063,202578974,Ибн Сино
FA-401064,202578943,Баркамол
FA-401065,202578935,Кимёгар
FA-401066,202578967,Мурувват
FA-401067,202578950,Хувайдо
FA-401068,202578911,Киргули
FA-401069,202982078,Сурхтепа
FA-401070,202878450,Хужамагиз
FA-15200001,203447804,Биринчи беш бола
FA-15200007,201039165,Ахмад Аль-Фаргони
FA-15200073,207310205,Чек Шура
FA-15200071,203638621,Илгор
FA-15200056,202824296,Узбекистан
FA-15200003,202572699,Абдурахмон Жоми
FA-15200072,203632986,Урта Шура
FA-15200027,202631442,Ифтихор
FA-405001,203511535,Давронбек
FA-405002,203471071,Шалдирамок
FA-405003,203556614,Толзор
FA-405004,203556621,Гиштли Масжид
FA-405005,203510362,Вакф Чорсу
FA-405006,203549788,Тугонбоши
FA-405008,203452790,Янги Чорсу
FA-405009,203552801,Каландархона
FA-405010,203539372,Ёг Бозори
FA-405011,203479084,Чархиникуприги
FA-405012,203490072,Ноиб Куприги
FA-405013,203593165,Исфарагузари
FA-405014,203421290,Каймокли гузар
FA-405015,203384299,Мисгарлик
FA-405016,203588202,Дегрезлик
FA-405017,203559729,Калвак гузари
FA-405019,203603515,Шайхон
FA-405021,203454432,Галчасой
FA-405022,203523314,Парпашабоф
FA-405023,203490064,Артизон Буйи
FA-405025,203611577,Кипчокарик
FA-405028,203452808,Аччиккул
FA-405029,203520754,Чорчинор
FA-405031,203541815,Исломобод
FA-405032,203381342,Кушчинор
FA-405033,203505960,Собир Абдулла
FA-405034,203493622,Маргилон Дарвозаси
FA-405035,203477522,Азизтепа
FA-405037,203628998,Галабакколлик
FA-405038,203521981,Тухлимерган
FA-405039,203545398,Околтин
FA-405040,203442186,Нурафшон
FA-405041,203449406,Урганжибог
FA-405042,203504424,Ат-Термизий
FA-405044,203477539,Авгонбог
FA-405046,203609997,Урмонбог
FA-405047,203464475,Райхон
FA-405050,203545421,Мустакиллик
FA-405051,203521998,Зилол
FA-405052,203535544,Янгиобод
FA-405053,203454449,Бустон
FA-405054,203611584,Ширин
FA-405055,203510379,Истикбол
FA-405056,203573181,Навруз
FA-405057,203513406,Дустлик
FA-405059,203383403,Олтин Водий
FA-405061,203404540,Мукимий
FA-405062,205780984,Шикорбеги
FA-405063,205747026,Кудуклик
FA-405064,205763197,Саодат
FA-405065,205775886,Сунбула
FA-15160067,308485332,Узумзор
FA-15160068,308486648,Туркистон
FA-15160070,306278384,Чодаклик
FA-15160069,203094629,Тулабой
FA-15160017,203456144,Гозиёглик
FA-15160008,203418665,Ашурали Зохирий
FA-15160040,203582890,Нонвойлик Гузар
FA-15160072,203042035,Муйи-муборак
FA-15160071,304917524,Мингтут
FA-15160079,202985929,Катта Ганжиравон
FA-15160064,203513414,Ялонгоч ота
FA-15160003,203543733,Алишер Навоий
FA-15160078,306091438,Аширкулмерган
FA-15160074,206644938,Бакачорсу
FA-15160073,203119182,Тошкентгузар
FA-15160015,203392985,Гишткуприк
FA-15160077,203882755,Ойдин булок
FA-408002,202951338,Богбон
FA-408003,202505075,Дустлик
FA-408004,202951281,Зийнат
FA-408005,202951345,Полмон
FA-408006,202951360,Лашкар
FA-408007,304948399,Муян
FA-408008,202951298,Юкори Муян
FA-408010,202951314,Кокилон
FA-408011,202951306,Пакана
FA-408012,202955324,Намуна
FA-408013,202963440,Сой буйи
FA-408015,203023288,Янги обод
FA-408016,202947135,Ёшлик
FA-408017,202947128,Калача
FA-408018,202505029,Суфон
FA-408019,202505044,хамдустлик
FA-408020,202505083,Гулистон
FA-408021,202505130,Арсиф
FA-408022,202947143,Мирзо Улугбек
FA-408023,202505051,Амир Темур
FA-408024,304952617,Кучкорчи
FA-408025,202951353,Найман
FA-408026,202947150,Бустон
FA-408028,202505115,Валик
FA-408029,202505012,Алишер Навоий
FA-408030,202505036,Чулпон
FA-15180012,304954882,Исфайрамсой
FA-15180027,202505068,Хувайдо
FA-15180031,309277684,Пастки Валик
FA-15180010,202505004,Зебунисо
FA-15180026,202951321,Хамид Олимжон
FA-412003,202678938,Арик Буйи
FA-412006,202676315,Бахрин
FA-412008,202682300,Ватан
FA-412009,202414434,Галатой
FA-412010,202833619,Гулистон
FA-412012,202681064,Дустлик
FA-412013,202656799,Ёвкочар
FA-412014,202674223,Ёркин
FA-412015,202676347,Зухро
FA-412017,202609697,Ипакйули
FA-412018,202676323,Ипакчи
FA-412019,202681040,Истиклол
FA-412022,202676330,Киргули
FA-412023,202406278,Косибчилик
FA-412024,202416108,Маориф
FA-412025,202779978,Машад
FA-412026,202678921,Милтиксоз
FA-412027,202697914,Мустакиллик
FA-412028,202609673,Навруз
FA-412029,202674215,Надирмат
FA-412030,202609776,Навбахор
FA-412032,202511734,Оролбуйи
FA-412033,202609680,Пичокчи
FA-412034,202427687,Рохат
FA-412035,202681025,Саховат
FA-412036,202609720,Терактаги
FA-412037,202683061,Тоглик
FA-412038,202609744,Тошкесар
FA-412039,202520328,Тошлоктепа
FA-412040,202539864,Турон
FA-412041,202609737,Тут таги
FA-412042,202683085,Туягум
FA-412043,202609713,Чарогон
FA-412044,202609641,Увайсий
FA-412047,202586428,Урдатаги
FA-412048,202681001,Чилонзор
FA-412049,202567846,Чор Чинор
FA-412052,202651505,Ёйилма
FA-412053,202437438,Янги бог
FA-412054,202609665,Янги обод
FA-15190056,309193134,Юксалиш
FA-15190022,202677306,Кашкар
FA-15190055,309192619,Нурафшон
FA-15190003,202526303,Ахмад Яссавий
FA-15190001,202656807,Алишер Навоий
FA-15190047,202759377,Хужапорсо
FA-15190015,202765125,Захириддин Мухаммад Бобур
FA-15190010,202681018,Гураввол
FA-15190021,202547284,Йурмадуз
FA-15190006,202559451,Бурхониддин Маргилоний
JI-201001,204154282,Тинчлик
JI-201002,202782231,Чулкувар
JI-201003,202782224,Дустлик
JI-201005,202782209,Янгибустон
JI-201006,204968915,Чинобод
JI-201008,203689456,Бобур
JI-201010,202782191,Олтин водий
JI-201011,202878736,Голиблар
JI-201012,203990867,Бахтли
JI-201013,202782248,Бустон
JI-13010005,206839836,Гофур Гулом
JI-204001,202711460,Усмат
JI-204002,202927444,Дустлик
JI-204003,202927420,Октош
JI-204004,202919343,Сарой
JI-204005,202711445,Кутлугобод
JI-204006,202791062,Бахмал
JI-204007,203553769,Музбулок
JI-204008,202924339,Сангзор
JI-204009,203557106,Нушкент
JI-204010,206839986,Галлакон
JI-204011,202924307,Мугол
JI-204012,202919374,Новка
JI-204013,202791079,Ойкор
JI-204014,202956235,Богишамол
JI-204015,203577209,Фидокор
JI-204016,202776451,Барлос
JI-204017,202924314,Тонготар
JI-204018,202919328,Нурафшон
JI-204019,203844002,Янгибог
JI-204020,202919382,Гулбулок
JI-204022,202919367,Бунёдкор
JI-204023,204459170,Шодлик
JI-204024,202919335,Узунбулок
JI-204025,202927437,Мустакиллик
JI-204026,204370394,Маданият
JI-204027,310367219,Ватанпарвар
JI-204028,207301722,Темиркадам
JI-204029,207301739,Урмончи
JI-13020009,207338249,Истиклол
JI-13020029,207338256,Файзабод
JI-13020033,309568916,Нуробод
JI-13020034,310537211,Музбел
JI-13020012,207301746,Давлат
JI-13020016,202919350,Навбаxор
JI-209001,202685526,Аламли
JI-209002,202685565,Бахт
JI-209004,202685534,Дустлик
JI-209005,207043324,Кашкабулок
JI-209006,207053288,Октош
JI-209007,202685541,Олимлар
JI-209008,207083171,Саврук
JI-209009,202814404,Самарканд
JI-209011,207148019,Лалмикор
JI-209012,303093982,Октом
JI-209013,304149926,Кукгумбаз
JI-209014,202814349,Булокбоши
JI-209015,202275394,Гулистон
JI-209016,203841853,Гулчамбар
JI-209017,202305087,Губдин
JI-209018,202814395,Жийдали
JI-209019,207124404,Кипчоксув
JI-209021,202814364,Куйтош
JI-209023,202814428,Маданият
JI-209024,203168265,Маржонбулок
JI-209025,202693216,Мирзабулок
JI-209026,202814435,Молтоб
JI-209027,202814292,Мулкуш
JI-209028,202814371,Тозауруг
JI-13030033,310250602,Нурафшон
JI-13030031,310247153,Узунбулок
JI-13030004,202693191,Гофур Гулом
JI-13030029,202814332,Хонимкургон
JI-13030030,310247328,Яшнаобод
JI-13030027,207079262,Сарбозор
JI-13030035,310249657,Кангли
JI-13030032,310248935,Нахроч
JI-13030012,204524842,Коризкудук
JI-13030014,202814411,Кукбулок
JI-212001,305150174,Бобур
JI-212002,207193960,Бустон
JI-212003,207237406,Гозгонтепа
JI-212004,207193874,Ёйилма
JI-212005,305218894,Ёшлик
JI-212006,207209954,Жиззахлик
JI-212007,207209946,Зиёкор
JI-212008,207210923,Истиклол
JI-212009,207194556,Каттакишлок
JI-212010,203841884,Корпасой
JI-212011,207194524,Кангли
JI-212012,207228994,Катортол
JI-212013,204947735,Кахрамон
JI-212014,207198044,Кораянток
JI-212015,207193898,Кулписар
JI-212017,305148602,Маданият
JI-212018,207193945,Мулканлик
JI-212019,207196940,Нонисангил
JI-212020,207193921,Нурафшон
JI-212021,207237058,Октош ота
JI-212022,207237414,Олмачи
JI-212024,204988717,Раваллик
JI-212026,201432492,Самарканд-кудук
JI-212028,207209961,Соунгарлик
JI-212030,305137924,Тараккиёт
JI-212031,305210827,Тинчлик
JI-212032,204994590,Токчилик
JI-212033,207193938,Тошкентлик
JI-212034,207237065,Туёкли
JI-212035,207195285,Умар
JI-212036,207223638,Учтепа
JI-212038,207209939,Хавастлик
JI-212040,207212294,Халкобод
JI-212041,206992989,Шариллок
JI-212042,207210614,Эски тошкeнтлик
JI-212044,207194549,Якка кайрагоч
JI-212045,305148863,Янги-Диёр
JI-212046,207193914,Янгиxаёт
JI-212047,207193977,Янгиобод
JI-212048,207193984,Яхтанлик
JI-13040030,207194564,Сугдиёна
JI-13040017,207193953,Кушкуприк
JI-13040038,207237073,Файзиобод
JI-13040024,207124000,Пастки сулокли
JI-13040040,207193881,Хайрабод
JI-13040025,207223645,Работ
JI-13040014,207193906,Куёвбоши
JI-13040028,207196957,Сарайлик
JI-215002,202940138,Манас
JI-215003,202940121,Навруз
JI-215004,202940145,Каxрамон
JI-215005,202940184,Мевазор
JI-215006,202940098,Чинобод
JI-215007,202940177,Бунёдкор
JI-215009,202940160,Саритепа
JI-215010,202940192,Богзор
JI-215011,202940153,Олтин Водий
JI-215012,202940114,Саноатчилар
JI-13050001,202940106,Алишер Навоий
JI-13050004,202940081,Гафур Гулом
JI-218001,202863296,Богишамол
JI-218003,202863390,Тараккиёт
JI-218004,202863344,Октепа
JI-218005,202863312,Навбахор
JI-218006,202863336,Халкобод
JI-218008,202863304,Кургон
JI-218009,202863351,Г.Гулом
JI-218010,202863368,Бирлик
JI-218011,202873047,Бешкуби
JI-218012,202886860,Гулшан
JI-218013,206849396,Нурликент
JI-218014,202943204,Навоий
JI-218015,203471959,Куштол
JI-218016,202886838,Пeшогор
JI-218017,203471966,Юксалиш
JI-218018,207089804,Ёшлик
JI-218019,202810045,Ширин
JI-218020,202862962,Улугбек
JI-218021,202873008,Беруний
JI-218022,202943283,Узбекистон
JI-218023,202862979,Бахт
JI-218025,202873023,Бунёдкор
JI-218026,202862986,Нурафшон
JI-218027,202873015,Пахтакор
JI-218028,203509568,Гулистон
JI-218029,203509551,Чилонзор
JI-218030,202886853,Дуоба
JI-218031,203456484,Истиклол
JI-218032,202943244,Оби-Хаёт
JI-218033,207191268,Чорвадор
JI-218034,202943212,Галлакор
JI-218035,207015040,Мустакиллик
JI-218036,207111208,Туркман
JI-218037,207130785,Турттом
JI-13080036,202863329,Шароф Рашидов
JI-13080015,202876010,Кайирма
JI-13080039,309336594,Ниxол
JI-13080033,202873054,Хамид Олимжон
JI-13080040,309338236,Фаровон
JI-220001,202794256,Мустакиллик
JI-220002,202794249,Ойбек
JI-220003,202794264,Тинчлик
JI-220004,202794232,Окбулок
JI-220005,202794288,Шодлик
JI-220006,202794271,Дустлик
JI-220007,202794295,Навруз
JI-220008,202794304,Янгиобод
JI-220009,201454814,Лалмикор
JI-220010,203832302,Тараккиёт
JI-220011,204474866,Равот
JI-220012,204474859,Навоий
JI-220013,206979529,Янги Хаёт
JI-220014,201454781,Янгикент
JI-220015,203832286,Нурафшон
JI-220016,203339194,Адиробод
JI-220018,201454838,Андижон
JI-220019,201454798,Шарк Юлдузи
JI-220020,202886845,Окар
JI-220021,202886877,Тошкесган
JI-220022,202943236,Ёшлик
JI-13060011,207337867,Нуробод
JI-13060007,207338232,Навбахор
JI-223001,202540864,Ипак Йоли
JI-223002,202540840,Мустакиллик
JI-223003,202540896,Янгидала
JI-223004,202540929,Богбон
JI-223005,202540833,Ержар
JI-223006,202540872,Мирзадала
JI-223007,202540825,Галаба
JI-223008,202540912,Пахтазор
JI-223009,202540904,Узбекистон
JI-223010,200340577,Гулзор
JI-223011,202540857,Дустлик
JI-223012,202540889,Тошкент
JI-225023,202795476,Узун
JI-225024,202762121,Бустон
JI-225025,202779455,Самарканд
JI-225026,302894216,Чулигулистон
JI-225027,202795484,Бирлик
JI-225028,202795681,Ёркин
JI-225029,202785425,Нурафшон
JI-225030,202795674,Писталикент
JI-225031,202795666,Лолазор
JI-225032,200340545,Чимкургон
JI-228002,202861687,Самарканд
JI-228003,202861703,Тошкент
JI-228004,201455464,Чаманзор
JI-228005,201740901,Олмазор
JI-228006,201740878,Пахтакор
JI-228007,202382792,Сувонобод
JI-228008,201455488,Богишамол
JI-228010,201455471,Мингчинор
JI-228011,307142349,Нурли-Пангат
JI-228012,202863541,Дустлик
JI-228013,201740885,Окбулок
JI-228014,202863558,Галаба
JI-228015,202861694,Олтинкул
JI-13100002,201740893,Буюк Ипак Йули
JI-13100004,202863565,Дилором
JI-235001,202806001,Богдон
JI-235002,205941885,Учма
JI-235003,205941893,Кулба
JI-235004,207298022,Амир Темур
JI-235006,207277468,Дустлик
JI-235007,204914207,Мустакиллик
JI-235010,204914199,Нарвон
JI-235011,202867741,Гараша
JI-235012,303403817,Илонли
JI-235014,205729024,Сайёд
JI-235015,205771536,Ок Тепа
JI-235016,206817720,Октом
JI-235017,206817737,Эгизбулок
JI-235018,207320153,Нурак
JI-235019,202805984,Узбекистон
JI-235020,202875179,Хонбанди
JI-235021,200340688,Учкулоч
JI-235022,200340538,Кизилкум
JI-235023,205708327,Осмонсой
JI-235024,200340584,Дарбоза
JI-13110009,202867758,Кораобдол Ота
JI-13110019,201411012,Ухум
JI-13110025,204914182,Мусокул Оролов
JI-13110014,202806018,Ойбек
JI-237001,202894338,Янгиобод
JI-237002,202894314,Баландчакир
JI-237003,204645620,Шодлик
JI-237004,303068102,Дустлик
JI-237005,202894360,Сармич
JI-237006,207124372,Совот
JI-237008,207124364,Хужамушкент
JI-13120005,207124389,Xавотог
JI-401001,202639074,Иттифок
JI-401002,202638868,Ёшлик
JI-401003,202638923,Нурлиобод
JI-401004,202638986,Калия
JI-401005,202638947,Бобур
JI-401006,202638875,Улугбeк
JI-401007,206072850,Дустлик
JI-401008,207015286,Бунёдкор
JI-401011,202638890,Тинчлик
JI-401012,202639099,Обод
JI-401013,202639114,Кимёгар
JI-401014,202639011,Маданият
JI-401017,202638979,Учарик
JI-401018,202638962,Уратепалик
JI-401019,202638915,Раваллик
JI-401021,202638908,Олмазор
JI-401022,202639107,Зилол
JI-401023,203125778,Оккургонлик
JI-401024,202638844,Жиззахлик
JI-401025,202639028,Кассоблик
JI-401026,202639050,Тошлок
JI-401027,202638994,Турон
JI-401028,202639082,Сайилжойи
JI-401029,202638836,Шодлик
JI-401030,202638851,Навруз
JI-401031,202639067,Заргарлик
JI-401032,202638954,Сангзор
JI-401034,202639122,Богишамол
JI-13130031,202638883,Хайраобод
JI-13130002,202639043,Амир Темур
JI-13130001,202638930,Алишер Навоий
JI-13130033,202638829,хамид Олимжон
JI-13130032,202639004,Халкаобод
JI-13130024,202639035,Сайхан
NG-204002,202753171,Киркчек
NG-204003,202753124,Момохон
NG-204004,202753132,Колгандарё
NG-204005,202753149,Найман
NG-204006,202766639,Фаровон
NG-204007,202766646,Ёшлик
NG-204008,202766796,Толлик
NG-204009,202753156,Янги Гулбог
NG-204010,202753243,Корашахар
NG-204011,202769934,Бешсерка
NG-204012,202766733,Алами
NG-204014,202766725,Козоковул
NG-204015,202730192,Ойбек
NG-204016,202745649,Маданият
NG-204017,202745656,Узгариш
NG-204019,202745632,Мулкобод
NG-204021,202753195,Баланд гуртeпа
NG-204022,202753235,Дамкул
NG-204023,202730200,Курикобод
NG-204024,202753164,Мехнатобод
NG-204026,202753274,Кайрогочовул
NG-204029,202740995,Гулистон
NG-204030,202740971,Мустакиллик
NG-204031,202766678,Чордона
NG-204032,202766661,Тупсада
NG-204033,202766654,Пахтакор
NG-204035,202766685,Ингичка
NG-204036,202753228,Тегирмонбоши
NG-204037,202753188,Серхаракат
NG-204038,202753211,Бозорбоши
NG-204040,202730138,Бирлашган
NG-16020035,202745671,Уртакишлок
NG-16020011,202766740,Кизилкум
NG-16020021,202745664,Мадияровул
NG-16020013,202753117,Кичик жомашуй
NG-16020019,202753204,Кошкишлок
NG-16020017,202753250,Куголикул
NG-16020034,202766718,Уюрчи дамкул
NG-207004,202686635,Жар
NG-207005,202810529,Корасув
NG-207007,202813659,Навбахор-1
NG-207008,202817676,Обод
NG-207009,202810425,Узбекистон
NG-207010,206973196,Орикзор
NG-207012,202689243,Хуррият-1
NG-207013,202810512,Чорбог
NG-207015,202813666,Янги шахар
NG-207018,202695893,Бог
NG-207019,202700221,Булокбоши
NG-207020,202695885,Гузар
NG-207021,202829202,Гулобод
NG-207022,202719330,Навруз
NG-207023,202810504,Ободон
NG-207024,202810433,Равот
NG-207027,202813594,Сой буйи
NG-207028,202844518,Хонкоргон
NG-207029,202813714,Чак
NG-207032,202750184,Богишамол
NG-207033,202813698,Бостон
NG-207034,202813610,Гулбог
NG-207036,202695940,Ёшлик
NG-207037,202813681,Кукумбой
NG-207038,202813634,Мажнунтол
NG-207041,202686650,Тагижар
NG-207044,202810393,Чуст куча
NG-207046,202810551,Бахористон
NG-207047,202813563,Бог Куча
NG-207048,202810401,Озод
NG-207049,202813706,Олмазор
NG-207050,202859506,Сойча
NG-207052,202854172,Тахтакоприк
NG-207053,202810457,Узункишлок
NG-207054,202810568,Урта куча
NG-207055,202810464,Учкоргон
NG-207057,202810496,Шайхон
NG-207058,202813570,Ширинбулок
NG-16010018,202719323,Достлик
NG-16010021,202813587,Замондош
NG-16010004,202813674,Намуна
NG-16010002,202813603,А.Навои
NG-16010007,202810544,Богибаланд
NG-16010040,202813642,С.Шeрози
NG-16010022,202868108,Истиклол
NG-16010033,202815465,Нурафшон
NG-16010023,202810440,Ифтихор
NG-16010026,202689235,Кушон
NG-16010010,202686628,Файзобод
NG-16010017,202700238,Гормирон
NG-16010029,202695918,Мавороуннахр
NG-16010008,202813721,Юксалиш
NG-16010030,202810472,Янги Узбeкистон
NG-16010001,202810536,А.Жоми
NG-16010058,202839435,Янги йул
NG-16010028,202689267,М.Аъзам
NG-212001,203832760,Анжирзор
NG-212002,202770018,Бешкапа
NG-212004,205403177,Бозорбоши
NG-212005,202823607,Бустон
NG-212006,202770089,Гулдиров
NG-212007,202770151,Киргизкургон
NG-212008,202770380,Коракул
NG-212009,202770555,Окбулок
NG-212011,202770183,Тепакургон
NG-212012,202770190,Тусар
NG-212014,202770215,Урганжи
NG-212015,202770262,Чагир
NG-212016,202770302,Шуркишлок
NG-212017,202770254,Ибрат
NG-212019,202770397,Коратепа
NG-212020,202770437,Кукон кишлок
NG-212021,202770064,Кушчинор
NG-212022,202823599,Маллаховуз
NG-212023,203214294,Навруз
NG-212024,202770072,Наъмуна
NG-212025,202770413,Нугайкургон
NG-212026,202770405,Нуртепа
NG-212027,202770548,Равнак
NG-212028,202848915,Саховат
NG-212029,202770247,Хонобод
NG-212030,202770365,Янгийул
NG-212031,202770484,Гайрат
NG-212032,202770136,Кайковус
NG-212033,202770452,Кул буйи
NG-212034,202770476,Кумкургон
NG-212035,202770491,Курама
NG-212036,202770563,Ок ер
NG-212037,202770279,Шамсикул
NG-212041,202770334,Эшобод
NG-212043,202770144,Катта Тошбулок
NG-212044,202769981,Кичик Курама
NG-212045,202770373,Кичик Тошбулок
NG-212046,202770516,Миришкор
NG-212047,202770531,Муллакудинг
NG-212048,202770096,Навкирон
NG-212049,202770168,Паст киёт
NG-212050,202770175,Тепа Киёт
NG-212051,202770524,Фаровон
NG-212052,203613384,Хужакишлок
NG-212053,202769974,Чорбог
NG-212054,305606499,Кургонча
NG-16030034,202770570,Олахамак
NG-16030051,202770319,Шуркургон
NG-16030022,202770509,Яшнаобод
NG-16030008,207035475,Дехконобод
NG-216001,202817827,Бостан
NG-216002,202817906,Бобур
NG-216004,202817881,Зарбдор
NG-216005,202817794,Катта яйдок
NG-216006,202817866,Катта Улмас
NG-216007,202817770,Навоий
NG-216008,202817810,Еттикъашка
NG-216009,202817787,Янги тонг
NG-216010,202817834,Фуркат
NG-216011,202817874,Яйдок
NG-216013,202817898,Куйултепа
NG-216014,202817859,Бозолмас
NG-216015,202898656,Тегирмонбоши
NG-216016,202898695,Мирсултончек
NG-216017,202898664,Сирмок
NG-216020,202898649,Курама
NG-216022,202879140,Толкин
NG-216023,202885522,Тошлок
NG-216024,202866220,Кизилтов
NG-216026,202885499,Боёвул
NG-216027,202885482,Ходжаобод
NG-216028,202885514,Нурзиё
NG-216029,202885507,Полвонкол
NG-216030,207168247,Ровот
NG-216032,202888803,Кошарик
NG-216033,202888787,Отбозор
NG-216034,202888827,Тода
NG-216035,202888810,Сузоковул
NG-216036,202874401,Маргизор
NG-216039,202874393,Тошкин
NG-216040,202874378,Кемабоши
NG-216041,207067554,Шохидон
NG-216042,202817709,Янги Фаргона
NG-216043,202817731,Чангитма
NG-216044,202817748,Ходжакоргонча
NG-216046,207168294,Истиклол
NG-216047,202817716,Сой буйи
NG-216048,202817724,Норинкапа
NG-216049,202817755,Коратери
NG-216050,202871231,Учтепа
NG-216051,202885546,Юкори чужа
NG-216052,202885539,Пастки Чужа
NG-216054,202888842,Козоковул
NG-216055,202888859,Домар
NG-216057,206945222,Найманобод
NG-16040022,202888794,Кошчек
NG-16040020,202874418,Коргонча
NG-16040052,202888834,Янги Наманган
NG-16040018,202874385,Саодат
NG-16040050,202888866,Ибрат
NG-16040057,202898671,Яшик
NG-16040011,202898688,Катта Октовлик
NG-16040026,207115834,Мустакилликнинг йигирма йиллиги
NG-16040046,202817763,Хажинтол
NG-219001,202701814,Яккатут
NG-219002,202701838,Чиганак
NG-219003,203631290,Куштепа
NG-219004,202701845,Найман
NG-219005,202701853,Кенагаc
NG-219006,202701821,Юксалиш
NG-219007,202701924,Навбахор
NG-219010,202707813,Ифтихор
NG-219012,202707805,Хазрати-Баб
NG-219013,202898750,Тинчлик
NG-219014,202707765,А.Навои
NG-219015,202707773,Пахтакор
NG-219016,202707719,Ипак йули
NG-219017,202707694,Бодомзор
NG-219018,202707741,Келачи
NG-219019,202707780,Алмазор
NG-219020,202707758,Мустакиллик
NG-219021,202701473,Поп
NG-219022,203595219,Чинор
NG-219023,202701480,Уч уйли
NG-219024,202701497,Ултарма
NG-219025,202701505,Уйгур
NG-219026,202701513,Туман
NG-219027,202701520,Урта Маргизор
NG-219028,202701537,Маргизор
NG-219029,202701544,Янгиер
NG-219030,202701552,Гурумсарой
NG-219031,202701569,Ташкурган
NG-219032,202701576,Баг
NG-219033,202701584,Миришкор
NG-219034,202701591,Янги чек
NG-219035,202701609,Тeпакургон
NG-219036,202701616,Иттифок
NG-219037,202701624,Бирлашган
NG-219038,203628720,Водий
NG-219039,202701648,Кандигон
NG-219040,202701631,Янгиабад
NG-219042,203599806,Сохибкор
NG-219043,202701759,Янги Хужаобод
NG-219044,203628752,Ходжаабад
NG-219045,202701932,Исковут
NG-219046,202701774,Пилол
NG-219047,202701766,Чартак
NG-219048,202701402,Пиллакаш
NG-219049,202701379,Гузар
NG-219051,202701386,Ойбек
NG-219052,202701394,Мукимий
NG-219054,207287598,Ором
NG-219055,202701806,Янги туда
NG-219056,202701798,Обихаёт
NG-219057,202701781,Эски туда
NG-219058,202701441,Нурабад
NG-219059,202701434,Озод
NG-219060,202701458,Анхор
NG-219061,202701465,Истикбол
NG-219062,202701727,Багишамол
NG-219063,202701687,Боён
NG-219064,202701734,Истиклол
NG-219065,202701694,Майдон
NG-219066,202701670,Шайхон
NG-219068,202701710,Урта Хонобод
NG-219069,202701663,Гулистан
NG-219070,202701742,Кушминор
NG-219071,202701892,Бунёдкор
NG-219072,202701860,Чоркэсар
NG-219073,202701884,Имон ота
NG-219074,202701877,Маданият
NG-219075,202701900,Чодак боши
NG-219076,206915758,Юкори Чодак Боши
NG-219077,302825901,Уйгурсой
NG-16050069,202701703,Юкори хонобод
NG-16050034,202701655,Навруз
NG-16050048,202701426,Темир йул
NG-16050001,202707726,Абдулла Каххор
NG-224001,202678146,Калвак
NG-224002,202678122,Бураматут
NG-224003,202678107,Зарбдор
NG-224004,202678154,Мозоркокхна
NG-224005,202678139,Беруний
NG-224006,202673367,Орда
NG-224007,202681824,Янги Хаёт
NG-224008,202681817,Гулкишлок
NG-224009,202686778,Ахси
NG-224010,202697123,Файзиобод
NG-224011,202686761,Кодиробод
NG-224013,202686754,Яккатом
NG-224014,202686722,Узумзор
NG-224016,202689299,Ходжанд
NG-224017,202689282,Паст Найманча
NG-224019,202689314,Кушкайрагоч
NG-224020,202689307,Бордимкол
NG-224021,202673493,Шарк
NG-224022,202673501,Туркистон
NG-224023,202673374,Бирлашган
NG-224024,202673414,Исвахон
NG-224025,202670538,Ибрат
NG-224026,202673454,Поросмон
NG-224027,202670521,Йеттикон
NG-224029,202673399,Хамид Олимжон
NG-224030,202673446,Бекобод
NG-224031,202673407,Чуст Куприк
NG-224032,202673350,ИстиКлол
NG-224034,202678082,Октош
NG-224035,202673485,Янгиобод
NG-224036,202673461,Ташкент
NG-224037,202678114,Бахт
NG-224038,202676078,Тепа Найманча
NG-224039,202676061,Лангарбобо
NG-224040,202676085,Кужрон
NG-224041,202678185,Озод
NG-224043,202664654,Катта Коргонча
NG-224045,202664662,Кумидон
NG-224046,202704556,Гулистон
NG-224047,202673335,Шохидон
NG-224048,202673343,Ёртепа
NG-224050,202675997,Порлок
NG-224051,202681864,Бозорбоши
NG-224052,202676039,Мажнунтол
NG-224053,202686739,Кашкаргузар
NG-224054,202675941,Богишамол
NG-224055,202675934,Дукат
NG-224056,202675926,Ортакишлок
NG-224057,202675919,Темиркишлок
NG-224058,202681871,Ер масжид
NG-224059,202676046,Олчин
NG-224060,202676054,Дашт
NG-224061,202715677,Обод
NG-224062,202673422,Сарой
NG-224063,202673439,Тошлок
NG-224064,202675894,Шовон
NG-224065,202675965,Катагон
NG-224066,202673328,Узбекистон
NG-224067,202675902,Катта курама
NG-224068,202686707,Сохибкор
NG-16060031,202675980,Куймозор
NG-16060016,202676007,Ширинбулок
NG-16060047,202686746,Сохилобод-1
NG-16060065,202697130,Юкори Мугилтой
NG-229001,202661635,Боягон
NG-229002,202661628,Гайрат
NG-229003,203623815,Дехконобод
NG-229006,202661643,Иттифок
NG-229008,202654785,Кашкар
NG-229009,202654793,Кесканняр
NG-229010,202659374,Мустакиллик
NG-229011,202661650,Олмурот
NG-229012,202659367,Хизиробод
NG-229013,202659382,Хожиобод
NG-229014,202659399,Эзгулик
NG-229015,206982906,Янги хаёт
NG-229016,202659350,Янгийер
NG-229017,202659153,Гумбаз
NG-229018,202659217,Ёркатай
NG-229019,202659106,Исламобод
NG-229020,202661604,Истиклол
NG-229021,202659604,Кувурбоши
NG-229022,202659644,Машхад
NG-229023,202659114,Мирзаровот
NG-229024,202661595,Обод
NG-229025,202661611,Овчибулок
NG-229026,202661588,Онхаёт
NG-229027,202659145,Файзиобод
NG-229028,202659121,Чуртук
NG-229029,202654833,Гулбог
NG-229030,206858496,Гулзор
NG-229031,202659414,Гулистон
NG-229032,202659636,Дахяк Ота
NG-229034,202659328,Достлик
NG-229035,202654825,Коргонча
NG-229036,202659224,Кумтепа
NG-229037,202659249,Соку
NG-229039,202659422,Шафтоли
NG-229041,202659232,Баландарик
NG-229042,202659288,Бостан
NG-229043,202654840,Бог куча
NG-229044,202659572,Бог
NG-229045,202654801,Беруний
NG-229047,202659557,Муборак
NG-229048,202659564,Навоий
NG-229049,202659461,Октoш
NG-229050,202659407,Пастгузар
NG-229051,202659493,Тепасарой
NG-229052,202659612,Тошлок
NG-229053,202659454,Ходжаобод
NG-229054,202659271,Хуррият
NG-229055,202659138,Шифокор
NG-229056,202659478,Янгичек
NG-16070001,202659629,Ахси
NG-16070018,202659295,Жийдакапа
NG-16070023,202659343,Кахрамон
NG-16070014,202659304,Дехкон
NG-234001,202705959,Чек
NG-234002,202705870,Улугбек
NG-234003,203590430,Ёшлик
NG-234004,202706291,Когай
NG-234005,202706284,Исламобод
NG-234006,202706324,Учёгоч
NG-234007,207149207,Навроз
NG-234008,202706331,Нурабод
NG-234009,202706316,Намуна
NG-234010,202706309,Бирлик
NG-234011,202706459,Шахрихончек
NG-234012,202706434,Кугай улмас
NG-234013,202706427,Ёркинбойчек
NG-234014,202706442,Бахриобод
NG-234015,204644733,Обод
NG-234016,202706394,Озод
NG-234017,202706403,Янгиобод
NG-234019,202705903,Ордабoг
NG-234020,202705934,Туркистан
NG-234022,202706165,Навбахор
NG-234024,202800611,Норин
NG-234025,207038313,Истиклол
NG-234026,202706079,Ёписхон
NG-234027,202706062,Каттачек
NG-234028,202706086,Козоковул
NG-234030,202800667,Халфатопи
NG-234031,202706220,Яшик
NG-234032,202706252,Эшонтопи
NG-234033,202706237,Кучабоши
NG-234034,202706244,Атлас
NG-234035,202706269,Элатан
NG-234036,202706180,Янгийер
NG-234037,202800628,Бостон
NG-234038,202800635,Гулистон
NG-234039,202706205,Ёгду
NG-234040,202706363,Учкопрік
NG-234041,202706370,Пахтачи
NG-234042,202706355,Коргонча
NG-234044,202800643,Мехнатобод
NG-234045,202705942,Маданият
NG-234046,202705910,Копрікбоши
NG-234047,202705863,Кумтогон
NG-234048,202705855,Сохил
NG-234049,202705894,Ёркин Хаёт
NG-234050,202705927,Саноат
NG-234051,202705966,Фаргона
NG-234052,202800604,Шодлик
NG-234053,202706141,Файзиобод
NG-234055,202706119,Навоий
NG-234057,202800650,Шолдирaма
NG-234058,202705998,Мустакиллик
NG-234059,202706008,Тегирмон
NG-234060,202705981,Каттамугол
NG-234061,202706030,Тинчлик
NG-234062,202706023,Истикбол
NG-234063,202706047,Янги Хаёт
NG-234064,202706015,Курама
NG-16080053,207016009,Фаровон
NG-16080046,202706094,Бахт
NG-16080007,202706197,Дeхконобод
NG-16080038,202706126,Октовлик
NG-236001,202945296,Арбагиш
NG-236002,202937979,Бозорбоши
NG-236003,202228903,Гулдиров
NG-236004,202866309,Гулшан
NG-236005,200107825,Дамарик
NG-236006,202288821,Достлик
NG-236008,203018601,Кесканняр
NG-236009,200108024,Корабог
NG-236010,202896445,Ласкидон
NG-236011,207136800,Обод диёр
NG-236012,200107929,Соз-Сой
NG-236013,200107699,Сой
NG-236014,203009525,Сохибкор
NG-236016,201870123,Узбекистон
NG-236017,200107714,Чорсу
NG-236018,202881909,Юкcалиш
NG-236019,202543820,Балик-Кол
NG-236020,202874440,Бештол
NG-236021,202933200,Бодомзор
NG-236023,200107667,Истиклол
NG-236024,200107643,Мустакиллик
NG-236026,200107628,Нурафшон
NG-236027,202874464,Октерек
NG-236028,202874457,Ора-Арик
NG-236029,200107650,Саркор
NG-236030,200108000,Тинчлик
NG-236031,202874472,Узун куча
NG-236032,200107840,Алихон
NG-236034,202879814,Бог
NG-236035,200107889,Зангобод
NG-236036,200108017,Корамурт
NG-236037,200064303,Наманган
NG-236039,200107611,Сарой
NG-236041,201870108,Туркистон
NG-236042,202780789,Урикзор
NG-236043,200107936,Хазратшох
NG-236045,202436881,Янгиобод
NG-236047,201870147,Бешкапа
NG-236048,202874489,Богистон
NG-236049,201870162,Булон
NG-236050,201870154,Ифтихор
NG-236051,202265834,Навбахор
NG-236052,201870186,Оромгох
NG-236053,207293994,Тенгдош
NG-236054,207293987,Хайирли
NG-236055,207293970,Комиллик
NG-236056,207294004,Багрикенглик
NG-236057,207294012,Дилдош
NG-16090002,201870179,Алишер Навои
NG-16090021,201870115,Зафар диёр
NG-16090005,201870130,Байналмилал
NG-16090031,200107635,Навруз
NG-16090046,202937986,Пешкурган
NG-16090017,200107857,Дехконобод
NG-16090047,203012959,Турик
NG-237001,202647524,Камарсада
NG-237002,202814862,Пансадa
NG-237003,202669591,Бофанда
NG-237004,202664615,Сабзазор
NG-237005,202854268,Яккабулок
NG-237006,202851991,Мехнатобод
NG-237007,202648626,Ходжаобод
NG-237008,202864611,Дехконобод
NG-237009,202656664,Бирлик (Шахар)
NG-237010,202814854,Навбахор
NG-237011,206576089,Боги эрам
NG-237012,202664623,Садача
NG-237013,202820183,Навроз
NG-237014,206576072,Зарафшон
NG-237015,202854251,Сероб
NG-237016,202684804,Дозанда
NG-237017,202577003,Гулистон
NG-237018,202666969,Достлик
NG-237019,203596913,Мустакиллик
NG-237020,203752838,Бибиона
NG-237021,202854275,Куча
NG-237022,202854283,Гузар
NG-237023,202854290,Звутканд
NG-237024,206986354,Еттикоргон
NG-237025,202851969,Хисорак
NG-237026,202810583,Янгийер
NG-237027,202849082,Саримсоктепа
NG-237028,202851976,Резаксой
NG-237029,202849074,Коктош
NG-237030,202858301,Богормос
NG-237032,202849028,Лайлак уя
NG-237033,202832080,Шоён
NG-237035,202817960,Чустнон-Достларобод
NG-237036,202810608,Баймок
NG-237038,202852001,Дам
NG-237041,202669584,Куйи Карнон
NG-237042,202676172,Машхад
NG-237043,202670553,Тошкоргон
NG-237044,206576064,Янгиобод
NG-237045,202652400,Бирлик (Олмос)
NG-237046,203552105,Шувар
NG-237047,202652360,Бозорбоши
NG-237048,206576057,Тоймас
NG-237049,202652384,Тоймасобод
NG-237050,202654414,Коракапа
NG-237051,202652417,Арикбуйи
NG-237052,202652392,Мунчоктепа
NG-237053,202851984,Булокбоши
NG-237054,202656656,Ёркишлок
NG-237055,202660709,Тепакоргон
NG-237056,202660716,Кайирма
NG-237057,203646335,Саркмиш-Мирзаобод
NG-237058,202817977,Огасарой
NG-237059,202817984,Баликчи
NG-237060,202660676,Боло
NG-237061,202664590,Пилол
NG-237062,202660669,Янгичак
NG-237063,202660652,Майдон
NG-237065,202666937,Коракоргон
NG-237066,202849067,Говасой Сохили
NG-237068,202849050,Тинчлик
NG-237069,202849043,Юкори
NG-237070,204303405,Варзигон
NG-16100071,309278414,Чуст Гулзори
NG-16100069,202820168,Янги хаёт
NG-16100061,203633336,Шербилак
NG-16100072,309278834,Янги богишамол
NG-16100026,202858318,Йутмос
NG-16100030,202837612,Кизилтeппа
NG-242001,202679571,Могол
NG-242002,202692755,Кизилёзи
NG-242003,202692748,Зарбдор
NG-242004,202690347,Наъмуна
NG-242006,202679628,Сой буйи
NG-242007,202679635,Достлик
NG-242008,206969904,Октом
NG-242009,207015279,Олмазор
NG-242010,202679643,Кокёр
NG-242011,202679564,Мамай
NG-242012,202829265,Кайроки
NG-242014,202712199,Маданият
NG-242015,206946878,Нов
NG-242016,202764847,Октепа
NG-242017,202712239,Поромон
NG-242018,202719379,Бирлик
NG-242019,202702052,Тинчлик
NG-242020,203204932,Хадикент
NG-242021,202702116,Гайрат
NG-242022,202702109,Дехконобод
NG-242024,207035705,Янги Богистон
NG-242025,202702044,Орта
NG-242026,202702013,Ходжашоркент
NG-242027,202702091,Оксув Говозон
NG-242028,202701995,Бог
NG-242029,202719362,Говозон
NG-242030,202665574,Гулшан
NG-242031,202702037,Туман
NG-242032,202665487,Бостон
NG-242033,206958395,Гулистон
NG-242034,202702005,Янгиобод
NG-242035,202665559,Сохил
NG-242036,202665566,Богистон
NG-242037,207109120,Ибрат
NG-242041,202723920,Бешбулок
NG-242042,202686825,Корик
NG-242043,202679611,Корасув
NG-242046,302784320,Обод
NG-242047,302783590,Юксалиш
NG-242048,207163429,Кутлугтол
NG-242049,202665534,Кораполвон
NG-242050,202666976,Радивон
NG-242051,202665542,Куйи кораполвон
NG-242052,202679556,Гаистон
NG-242053,202702124,Барака
NG-242054,202712246,Баркамол
NG-242055,202670577,Ровут
NG-242056,202712254,Нурафшон
NG-242057,202679549,Кизилкиёк
NG-242058,202702148,Галаба
NG-242059,202712207,Салмон
NG-242060,202712182,Машъал
NG-242061,202712214,Бунёдкор
NG-242062,202715581,Кандиён
NG-242064,207041169,Газнон
NG-242065,202665510,Булокбоши
NG-242067,202665503,Юкори навкент
NG-242068,202665494,Хуррият
NG-242069,206976975,Ровот
NG-242070,202664575,Навкент
NG-242071,202665527,Сутлибулок
NG-16110069,202679595,Юмалок тепа
NG-16110066,207109137,Юкори корайонток
NG-16110022,202764854,Заркент
NG-16110062,205952476,Тиллатепа
NG-16110003,202664583,Бекабад
NG-16110065,202702020,Чонгбагиш
NG-16110024,202702076,Истикбол
NG-16120094,202770104,Элобод
NG-16120053,202823693,Мустакиллик
NG-16120067,202802008,Порлок
NG-16120065,202823582,Орзу
NG-16120027,202673478,Елхон
NG-16120032,207338730,Иджодкор
NG-16120079,202770223,Урта гирвон
NG-16120011,202770033,Бог
NG-16120019,202770129,Гулобод
NG-16120095,202770341,Юкори гирвон
NG-16120023,202577690,Давлатобод
NG-16120085,201973564,Халклар дустлиги
NG-16120056,202766908,Навроз
NG-16120114,309380843,Тадбиркор
NG-16120080,202770230,Урта Ровустон
NG-16120040,202770444,Куйи ровустон
NG-16120078,202307930,Умид
NG-16120058,202406095,Нуробод
NG-16120055,201931734,Навбахор
NG-16120096,202770358,Юкори ровустон
NG-16120097,202838373,Юксалиш
NG-16120034,202770112,Ирвадон
NG-16120077,201931402,Токувчи
NG-16120115,309377061,Истиклол
NG-16120021,202519303,Гулшан
NG-16120039,202770420,Куйи Гирвон
NG-16120092,202770294,Шишаки
NG-16120105,202192000,Янги тонг
NG-16120018,202823504,Гулистон
NG-16120052,202439743,Мингчинор
NG-16120047,202650965,Манавият
NG-16120015,202073852,Гузал
NG-16120073,203010731,Сохил
NG-16120009,202681706,Б.Машраб
NG-16120101,305660093,Янги замин
NG-16120076,207038075,Тинчлик
NG-16120012,202770057,Бунёдкор
NG-16120004,202132027,Ахсикент
NG-16120091,202770286,Шербулок
NG-16120066,202766614,Оромгох
NG-16120051,202131993,Мингтерак
NG-16120036,202132066,Ишонч
NG-16120054,202796356,Мустакилликнинг беш йиллиги
NG-16120038,207177046,Келажак Тонги
NG-16120035,202766574,Истикбол
NG-16120083,202146863,Фуркат
NG-16120070,207334372,Саховат
NG-16120008,202132106,А.Бeруни
NG-16120003,202386724,Атанган гузар
NG-16120049,202769855,Мехнатобод
NG-16120071,202231956,Сихатгох
NG-16120086,202854093,Чаманзор
NG-16120028,305617968,Ёшлик
NG-401002,202181520,Алпомиш
NG-401007,305583459,Баркамол Авлод
NG-401008,202439671,Бахор
NG-401010,202769894,Бобуршох
NG-401013,202175543,Бостон
NG-401014,202796317,Гишт куприк
NG-401016,202659256,Гузар
NG-401017,202166435,Гулбог
NG-401022,202777141,Гунча
NG-401024,202132034,Дамбог
NG-401025,201712610,Даштбог
NG-401026,202681753,Диёр
NG-401029,202139809,Зарафшон
NG-401030,202631284,Зарбдор
NG-401031,202258834,Заркент
NG-401032,202777158,Илгор
NG-401037,202135172,Курашхона
NG-401038,202047607,Кадамжо
NG-401041,206940395,Лола
NG-401043,202146887,Маданий Маориф
NG-401044,202139784,Мажнунтол
NG-401045,202132010,Маргилон
NG-401047,202681777,Марифат
NG-401049,202139791,Мехрибонлик
NG-401056,202692866,Нурафшон
NG-401058,206941995,Обжувоз
NG-401059,202451294,Оби-Хаёт
NG-401060,202166443,Обод
NG-401061,202132042,Озод
NG-401062,202681721,Олвализор
NG-401063,202659311,Олтитош
NG-401067,202659264,Саноат
NG-401068,202766622,Сардоба
NG-401070,202194719,Сохибкор
NG-401072,202683631,Сумалак Гузари
NG-401073,207182208,Тараккият
NG-401079,202047495,Учкун
NG-401080,202700181,Фаровон
NG-401085,202769870,Чинор
NG-401086,202132081,Чорсу
NG-401087,202129155,Шарк Тонги
NG-401088,202777180,Шаршара
NG-401091,202181513,Шодлик
NG-401096,202681714,Яккасада
NG-401097,202659596,Яккатут
NG-401098,207127939,Янги Аср
NG-401100,202844501,Янги-йул
NG-401101,202777165,Янги Курилиш
NG-16120112,309058119,Ибрат
NG-16120108,309306212,Кувонч
NG-16120111,309058054,Зиёкор
NG-16120104,207174913,Янгиобод
NG-16120106,202132003,Янги хаёт
NG-16120110,309278328,Равнак
NG-16120113,309123765,Ойдинкол
NG-16120005,202675854,Байналмилал
NG-16120107,309304319,Чаман
NG-16120020,202156961,Ифтихор
NG-16120084,202854157,Хакикат
NW-211001,202067234,Баймурат
NW-211002,202430463,Бирлик
NW-211003,202430431,Навруз
NW-211005,202067202,Саржал
NW-211006,202365820,Шуртепа
NW-211007,204573893,Юксалиш
NW-211009,202365813,Шуркул
NW-211011,202430455,Гулистон
NW-211014,202999729,Зафаробод
NW-211015,306369421,кукча
NW-21010015,202067258,Янгиказган
NW-21010006,202067226,Карагата
NW-21010011,202866119,Уштобe
NW-216001,204737878,Гамхур
NW-216002,204737885,Уртакургон
NW-216003,203417635,Гулзор
NW-216004,204737940,Калайи-Азизон
NW-216005,204737918,Маликобод
NW-216006,204737957,Окработ
NW-216007,204737933,Сарой
NW-216008,204737925,Узилишкент
NW-216009,203417643,Фуркат
NW-216010,204737893,Хужакургон
NW-216012,203226969,Янги хаёт
NW-216013,204737964,Бободуги
NW-216015,204737814,Башир
NW-216016,204737799,Вангози
NW-216017,204737854,кулолон
NW-216019,206919751,Маданият
NW-216021,204737774,Окмачит
NW-216022,204737822,Пахтаобод
NW-216023,204737807,Тожикон
NW-216024,204737782,Тошмачит
NW-216025,204737767,Хафкориён
NW-216026,204738092,Азизобод
NW-216028,204738060,Арабхона
NW-216029,204738117,Варозун
NW-216030,204738156,Гулбог
NW-216031,204738132,Демас
NW-216032,204738077,Зарметан
NW-216033,309066679,Консурун
NW-216035,203220558,Узбекистон
NW-216036,204738124,Хусбуддин
NW-216037,204738100,Шейхон
NW-216038,204738053,Айрончи
NW-216039,204737972,Булакработ
NW-216040,202303708,Бустон
NW-216041,204738014,Гойибон
NW-216042,204737996,Гумбаз
NW-216045,205704198,Оксоч
NW-216046,204738038,Суфиён
NW-216047,204738006,Тавоис
NW-216048,204738021,Хомработ
NW-21080045,204737861,Кушарти
NW-21080048,204738045,Яшнаобод
NW-21080050,309066583,Нурафшон
NW-21080019,204737839,Зиёкор
NW-21080025,204737846,Ободдиёр
NW-21080051,309066734,Мустакиллик
NW-21080043,204737901,Хумо
NW-21080001,203417650,Алишер Навоий
NW-230001,203043248,коражон
NW-230002,203043216,кизилой
NW-230003,203043224,кескантерак
NW-230004,206947719,келачи
NW-230005,203032482,Янгиобод
NW-230007,203030493,Юкори Бешработ
NW-230008,203942704,кухрон
NW-230010,203907223,Янги хаёт
NW-230011,203909386,Ок олтин
NW-230012,302757227,Арабхона
NW-230014,203030422,Совунгар
NW-230015,202027536,Сарой
NW-230016,203030485,Армижон
NW-230018,203948275,Сарбозор
NW-230019,202027544,карвон
NW-230020,203021805,Чорвокгузар
NW-230021,203054226,Навкар
NW-230022,203030446,Арабсарой
NW-230023,203030540,Хашман
NW-230024,203070745,Калкон ота
NW-230025,203032499,Халоват-тепа
NW-230026,203047566,Ёш куч
NW-230027,203904274,Ялтиработ
NW-230028,203904267,Тошработ
NW-230029,203030414,Янги куч
NW-230030,203049610,Уч тут
NW-230031,203030399,кизилработ
NW-230032,203924069,Мехнат
NW-230034,203030407,кизилтепа
NW-230035,203030454,Буркут
NW-230036,203037831,Пахтакор
NW-230037,203030501,Узбекистон
NW-230038,203909379,Гужбогтепа
NW-230039,203030461,Навбахор
NW-230040,203030533,коровултепа
NW-230041,203030518,Янги йул
NW-21020008,203043231,Гулистон
NW-21020004,203056341,Бeшработ
NW-234001,203569881,Дурман
NW-234002,203569874,Азамат
NW-234003,203569898,кахрамон
NW-234004,207232168,кумушкон
NW-234005,203569992,Сардоба
NW-234006,203570004,Дустлик
NW-234007,203569977,Малик
NW-234008,203569953,Хазора
NW-234009,203569960,Дегарон
NW-234011,203569914,Уйрот
NW-234012,203569938,Айрончи
NW-234013,203569921,Янгиобод
NW-234015,203569859,Аллон
NW-234016,203569866,Нурафшон
NW-234018,203569827,Маданият
NW-234019,203569984,Арабхона
NW-234020,203569794,Навруз
NW-234021,203569803,Пахтаобод
NW-234023,207213468,Богишамол
NW-234025,202813144,Дехкон
NW-234026,305468275,Узбекистон
NW-234027,203569748,Варк
NW-234028,203569755,каловот
NW-234029,203569763,Аргун
NW-234030,203569731,Янги арик
NW-234031,203569770,Талкок
NW-234032,203569787,катта Мачит
NW-234033,202813294,МирСаид Бахром
NW-234036,202813254,Фарход
NW-234037,202813151,Хужа хисрав
NW-234038,202813247,Зиёкор
NW-234039,202813279,Бешкент
NW-21030028,203569810,Нарпай
NW-21030023,202813223,Кухна кургон
NW-21030038,203569945,Хончорбог
NW-21030044,308784048,Янги варк
NW-21030016,203569842,Жалойир
NW-21030030,203569834,Пахлавон
NW-21030046,308805415,Янгихаёт
NW-238001,203659374,Авазсой
NW-238003,203659366,Дехибаланд
NW-238005,203330760,Мустакиллик
NW-238006,206678143,Орасой
NW-238010,204929622,каттасой
NW-238011,203650750,кизилча
NW-238012,203659381,Сентоб
NW-238013,203671298,Темирковук
NW-238014,203659327,Жарма
NW-238016,205362815,Истиклол
NW-238017,203659334,кадок
NW-238018,203656480,Сувлик
NW-238019,203671281,Чуя
NW-238020,203654967,Янгитурмуш
NW-238023,203330745,Гафур Гулом
NW-238024,203339581,Ибн Сино
NW-238025,203324435,Миришкор
NW-238026,203339527,Нурфахр
NW-238027,203327225,Окмачит
NW-238031,203332781,Эшон Судур
NW-238032,203327233,Янги хаёт
NW-21040004,203327289,Будик
NW-21040034,309033079,Нуробод
NW-21040003,203659359,Амир Темур
NW-21040036,309028202,Тинчлик
NW-21040002,203327185,Алишер Навоий
NW-21040035,309027852,Бустон
NW-21040021,203530425,Сайдато
NW-244001,204080978,Томдибулок
NW-244002,204081010,Актов
NW-244003,204080961,Сукетти
NW-244004,204080993,кериз
NW-244005,204081003,керегетов
NW-244006,204080985,Шиели
NW-244007,204080954,Аяккудук
NW-21050001,309047829,Шарк
NW-248001,203942624,Мустакиллик
NW-248002,203942584,Айтим
NW-248003,203942600,Навоий
NW-248004,202892902,Абай
NW-248005,203942592,Дустлик
NW-248006,207237342,Йулчилар
NW-248007,202692945,Шалхар
NW-248008,203942617,кокпатас
NW-248009,202692914,Узункудук
NW-248010,202692921,Мингбулок
NW-248011,202692938,кукаяз
NW-248013,202692906,Боздун
NW-21110014,308746995,Ифтихор
NW-21110003,202692898,Алтинтов
NW-251001,202911323,Авокли
NW-251002,202782785,Богчакалон
NW-251003,202782699,Зарафшон
NW-251004,202803551,Икром карвон
NW-251005,203590390,Истиклол
NW-251006,202806175,куксарой
NW-251007,202782707,Навруз
NW-251008,204567575,Новжа
NW-251009,202312443,Парахун
NW-251010,202790199,Пахтакор
NW-251011,202782754,Полвонота
NW-251012,202740616,Самарканд
NW-251013,203593839,Тамабахрин
NW-251014,203453663,Тинчлик
NW-251015,203480385,Тошкулок
NW-251016,203480378,Хужакулобод
NW-251017,203656465,Янги курилиш
NW-251018,203620581,Алишер Навоий
NW-251019,203505375,Гулистон
NW-251020,202740624,Дамарик
NW-251021,203224551,Зарбдор
NW-251022,203599742,каттасой
NW-251023,202740648,корача
NW-251024,202803544,куччи
NW-251025,202740609,Миёнкол
NW-251026,202986626,Мустакиллик
NW-251027,202740569,Найман
NW-251028,202740576,Сарой
NW-251029,203590408,Хужакургон
NW-251030,203345385,Чангир
NW-251031,202740687,Янгирабод
NW-251032,202740727,Амир Темур
NW-251033,204563597,Бинокор
NW-251034,203064578,Богишамол
NW-251035,203639754,Бунёдкор
NW-251036,202782722,Галабек
NW-251037,203335184,Дехконобод
NW-251038,202740694,Дустлик
NW-251039,202740663,Жалойир
NW-251040,202782778,кориз Араб
NW-251041,202782739,кургонча
NW-251042,202782761,Маданият
NW-251043,202740655,Мирзо Улугбек
NW-251044,202782714,Ок-олтин
NW-251045,203654326,Олмазор
NW-251046,203645527,Учтепа
NW-251047,203459038,Фидокор
NW-251049,203725704,Чечакота
NW-251050,203654302,Ангидон
NW-251051,203590383,Бахшижар
NW-251053,305210644,кургонтепа
NW-251054,202806168,кушчинор
NW-251055,202790174,Лангар
NW-251056,202790104,Майдон
NW-251057,203501832,Мирдош
NW-251058,202740591,Навбахор
NW-251059,202790182,Октепа
NW-251060,203599687,Олтинобод
NW-251061,202790167,Олтинсой
NW-251062,203368318,Сангижуман
NW-251063,202782793,Тасмачи
NW-251064,203599727,Уйшун
NW-251065,202790207,Учкора
NW-251066,202790111,Чагатой
NW-251067,201351547,Чинобод
NW-251068,202782746,Янги
NW-21070069,309077729,Хонака
NW-21070070,309045815,Фаровон
NW-21070009,203586252,Бугирдок
NW-21070059,202740631,Миришкор
NW-401001,202906004,Хаёт
NW-401002,202822964,Истиклол
NW-401003,202822900,Янгиарик
NW-401004,202906011,Гулистон
NW-401005,202906028,Бинокор
NW-401006,202906035,Жанубий
NW-401007,202906043,Бунёдкор
NW-401008,202822884,Узбекистон
NW-401010,202906050,Зарафшон
NW-401011,202906067,Янгиобод
NW-401012,202822877,Лочин
NW-401013,202822932,Мемор
NW-401014,202906074,Мурувват
NW-401015,202822924,Орзу
NW-401016,202906082,Умид
NW-401017,202906099,Бахор
NW-401018,202906107,Хумо
NW-401020,202906122,Олтин водий
NW-401021,202906139,Матонат
NW-401023,202822917,Турон
NW-401024,202906146,Мустакиллик
NW-401025,202906154,Ишонч
NW-401026,202822956,Ватан
NW-401027,202906161,Чинор
NW-401028,202906178,кимёгар
NW-401029,202906185,Тинчлик
NW-401031,203569906,Ёшлик
NW-21090041,308821104,Зиёкор
NW-21090039,308810838,Маърифат
NW-21090032,204062674,Хончарбог
NW-21090038,308820990,Тараккиёт
NW-21090042,308811574,Янгихаёт
NW-21090040,308812225,Фаравон
NW-408001,202960144,Алишер Навоий
NW-408002,202960327,кончилар
NW-408003,202960334,Олтин водий
NW-408004,202936591,курувчи
NW-408005,202881679,Ёшлик
NW-408006,202881686,Тинчлик
NW-408007,202896595,Геолог
NW-408008,202964978,Бахор
NW-408009,202969923,Навруз
NW-408010,202969930,Юлдуз
NW-408011,202936584,Янги Зарафшон
NW-408012,202977035,Даугизтау
NW-408013,200010045,Мурунтау
NW-21100021,309024650,Истиклол
NW-21100020,309046932,Узбекистон
NW-21120005,203659310,Шайхон
NW-21120003,205414338,Мармаробод
NW-21120004,206857656,Тумар
NW-21120002,203659303,Гулистон
QA-207001,202668070,Амир Темур
QA-207002,202667935,Авгонбог
QA-207003,202667967,Апарди
QA-207004,201561887,Батош
QA-207005,200676561,Бустон
QA-207007,200676142,Гулистон
QA-207008,200678740,Гулшан
QA-207009,202667950,Дултали
QA-207010,200676980,Дустлик
QA-207011,202667974,Ёнкишлок
QA-207012,202667982,Жарарик
QA-207013,200679605,Зарбдор
QA-207014,202657228,Ковчин
QA-207015,200676902,Коракул
QA-207018,206867439,Муминобод
QA-207019,207125291,Мустакиллик
QA-207020,202668055,Навруз
QA-207022,201561816,Пахтазор
QA-207024,202668016,Совбог
QA-207025,202354304,Совлигор
QA-207026,202661517,Тенгдош
QA-207027,200677759,Тинчлик
QA-207028,203637994,Тошгузар
QA-207029,202667943,Халкабод
QA-207030,202668024,Хужагузар
QA-207031,305055308,Хумдон
QA-207032,305050385,Чакар
QA-207033,202668048,Чанок
QA-207034,202667999,Чугуртма
QA-207035,206947211,Чумичли
QA-207036,200676435,Шакарбулок
QA-207037,202263892,Шерали
QA-207038,305052461,Эскибог
QA-207039,206958736,Эшонкудук
QA-207040,206595912,Яккадарахт
QA-207041,202668009,Янгикент
QA-207042,201572819,Янгиобод
QA-207043,203637987,Яргунчи
QA-18140011,308242659,Даштобод
QA-18140022,200676388,Мехнатобод
QA-18140054,308242587,Янги хаёт
QA-18140037,308242509,Файзобод
QA-18140005,200677505,Буюк карвон йули
QA-18140021,308242491,Мевазор
QA-18140027,308242706,Обихаёт
QA-18140020,200679597,Жонбулок
QA-18140029,308242548,Омонота
QA-212001,206817634,Айридевол
QA-212003,202870874,Бозортепа
QA-212004,201046996,Бибикорасоч
QA-212005,205183674,Бешбулок
QA-212006,207144744,Бустон
QA-212008,207201823,Белибойли
QA-212009,201047006,Бошчорбог
QA-212010,202308534,Гуроти
QA-212011,202368555,Гумбулок
QA-212012,201047060,Дуоб
QA-212013,201582419,Дехконобод
QA-212014,202308526,Пахтачи
QA-212015,202220108,Откамар
QA-212016,201047100,Окиртма
QA-212017,201047014,Октош
QA-212018,206730790,Обод
QA-212019,201047092,Бойкургон
QA-212020,201047077,Окработ
QA-212022,206946442,Ойбек
QA-212023,305620181,Ойдин йул
QA-212025,201047038,Кизилча
QA-212026,201047045,Кургонтош
QA-212028,202203071,Нодира
QA-212030,202203064,Истиклол
QA-212031,201047021,Узбекистон
QA-212032,207182136,Теракли
QA-212034,305588198,Тогайтемир
QA-212035,206970572,Сарчашма
QA-212036,202308558,Чамбил
QA-212037,207211755,Чучукудук
QA-212038,206970589,Чашмаимирон
QA-212039,202330209,Чилгаз
QA-212040,305751597,Калтаминор
QA-212041,305757010,Янгиобод
QA-212043,306104331,Мустакиллик
QA-212044,306105987,Нурли келажак
QA-212045,306104592,Янги хаёт
QA-212046,307011344,Завкий
QA-18020005,201047084,Бешкутон
QA-18020049,308795699,Кунгирот
QA-18020021,202308541,Кодир бахши Рахимов
QA-18020017,202284621,Фаровон
QA-18020051,309776791,Янги Узбекистан
QA-18020041,308230744,Хужамахмуд
QA-18020022,207018076,Окмачит
QA-18020015,308224688,Дустлик
QA-18020048,306063487,Яшнаобод
QA-18020031,201047053,Оккишлок
QA-18020002,202267863,Тепагузар
QA-18020050,309481274,Дархон
QA-18020039,206927576,Торкопчугой
QA-220001,207206389,Обод
QA-220002,207205137,Мангит
QA-220003,207039675,Дустлик
QA-220004,207205294,Зафар
QA-220005,206743054,Самарканд
QA-220006,207204716,Корасув
QA-220007,207205303,Узбекистон
QA-220010,207205682,Ибн Сино
QA-220011,201575821,Чим
QA-220014,203295694,Гиштли
QA-220015,203216933,Пахтаобод
QA-220016,201575814,Кизилтепа
QA-220017,203204473,Кишлик
QA-220018,203291519,Бобуртепа
QA-220019,207170475,Элобод
QA-220020,201575781,Тукбой
QA-220021,203291534,Бердоли
QA-220022,206935155,Бойбури
QA-220024,203294291,Жонбуз
QA-220026,201575759,Камай
QA-220027,205111414,Окгузар
QA-220028,207165433,Олмазор
QA-220029,201575742,Ёртепа
QA-220031,201575734,Корабог
QA-220032,203291558,Баландчайла
QA-220033,203291541,Ковчин
QA-220034,201575727,Равот
QA-220035,203317324,Узун
QA-220036,203332648,Гулшан
QA-220037,206819955,Каптархона
QA-220038,201575774,Лойкасой
QA-220039,203295686,Бадахшон
QA-220040,201575798,Коратепа
QA-220041,203295662,Майда
QA-220042,203295679,Азлартепа
QA-220044,207205176,Катта Ура
QA-220045,203284351,Чангак
QA-220046,203291526,Кизилкишлок
QA-220047,206433281,Уртадара
QA-220048,207236454,Чукуркишлок
QA-220049,207236447,Довуд
QA-220052,305999374,Юксалиш
QA-220054,306023679,Истикбол
QA-220055,306024534,Богобод
QA-220056,306172580,Бунёдкор
QA-220057,306173334,Кунгирот
QA-18120040,304977348,Одокжонбуз
QA-18120047,304985536,Тинчлик
QA-18120049,207168279,Сарбазор
QA-18120050,306174088,Сохибкор
QA-18120041,203312807,Ойнакол
QA-18120032,203370300,Кушкапа
QA-18120037,207205714,Навоий
QA-18120015,201575766,Гулистон
QA-18120030,201575710,Кукбулок
QA-18120029,306173650,Куйи янги
QA-18120038,306017470,Нурли йул
QA-224001,203110623,Потрон
QA-224002,207160511,Пахтакор
QA-224003,205259554,Кахлак
QA-224004,205236456,Куйи Бешкент
QA-224005,200688863,Ковчин
QA-224006,203087335,Ширкент
QA-224008,205120997,Омонтепа
QA-224009,203777884,Ертепа
QA-224010,200688927,Губдин
QA-224011,305041182,Шойхужа
QA-224012,203110608,Кучкак
QA-224013,203093843,Узумзор
QA-224014,203134743,Мирмирон
QA-224015,203110615,Гулистон
QA-224016,206931644,Тинчлик
QA-224017,200688966,Бодомзор
QA-224018,200688981,Ровот
QA-224019,200688934,Навруз
QA-224020,200688942,Навбахор
QA-224022,200688959,Бунедкор
QA-224024,200688776,Талликурон
QA-224025,203107696,Шодлик
QA-224027,203003605,Лаганди
QA-224028,203117462,Кожор
QA-224030,204100714,Мевазор
QA-224031,203531606,Нукрабод
QA-224032,203107704,Поштон
QA-224033,205982258,Батош
QA-224034,200688508,Дашт
QA-224037,203093828,Истиклол
QA-224038,200688490,Коратепа
QA-224041,203101214,Сарой
QA-224042,207031877,Мангит
QA-224045,200688894,Кат
QA-224046,205309847,Тахтапул
QA-224047,203521301,Пахтазор
QA-224048,200688824,Чаман
QA-224049,203047186,Хонобод
QA-224050,200688816,Хилол
QA-224051,203081724,Керайит
QA-224052,200689054,Богобод
QA-224053,306769991,Парвоз
QA-18130040,306899404,Тараккиет
QA-18130007,306892549,Гулшан
QA-18130051,203526895,Чулбустон
QA-18130047,205228497,Хонийон
QA-18130057,306917965,Янги Xонобод
QA-18130050,201286611,Чарогил
QA-18130043,200688910,Узбекистон мустакиллиги
QA-18130055,306934881,Янги Богобод
QA-18130009,200688974,Хитойкенти
QA-18130028,200689015,А.Навои
QA-18130018,200688784,Коракуччи
QA-18130045,203097196,Файзабод
QA-229001,206955455,Куйи Оброн
QA-229002,201785932,Юкори Оброн
QA-229003,207167343,Машъал
QA-229005,204792029,Ширинтепа
QA-229006,206830667,Халкобод
QA-229007,202880119,Месит
QA-229008,201614985,Косон
QA-229009,202859237,Гулбог
QA-229010,202859309,Есабой
QA-229011,202875684,Урта Оброн
QA-229012,205426274,Бойгунди
QA-229013,202859348,Нартичукур
QA-229014,202861877,Арабхона
QA-229015,202839198,Нартибаланд
QA-229016,206842027,Бунёдкор
QA-229017,205451332,Нихол
QA-229018,201614946,Юксалиш
QA-229020,204618186,Пудина
QA-229021,204783134,Ушоктепа
QA-229022,206951477,Нурафшон
QA-229023,206997277,Мустакиллик
QA-229024,303262850,Фаровон
QA-229025,207120766,Тошкуприк
QA-229026,305220158,Замин
QA-229027,202861924,Пистали
QA-229028,202861917,Гулистон
QA-229029,201614939,Истиклол
QA-229030,201614954,Гувалак
QA-229031,205381697,Айрончи
QA-229032,202867869,Мудин
QA-229034,204122204,Навруз
QA-229035,202861860,Этак
QA-229036,202859244,Мулали
QA-229037,203705474,Хужакудук
QA-229039,202839238,Обод
QA-229040,201614978,Алачабоб
QA-229041,202839206,Пахтазор
QA-229042,202859276,Аралик
QA-229043,202839166,Лолазор
QA-229044,201614993,Тинчлик
QA-229045,202867909,Майдаёбу
QA-229046,202839253,Яккасарой
QA-229047,202901952,Чирокчи
QA-229048,203642451,Сурхон
QA-229050,206997284,Уйрот
QA-229051,202839181,Сарипул
QA-229052,202839174,Дустлик
QA-229053,205109028,Истикбол
QA-229054,205376765,Шербек
QA-229055,206828184,Гала
QA-229056,202859331,Жиззалик
QA-229057,202859324,Куйбог
QA-229058,305222463,Богишамол
QA-229059,202859291,Дарча
QA-229060,202870921,Бойтерак
QA-229061,202839214,Регзор
QA-229062,202861884,Янгиобод
QA-229063,202839159,Мугжагул
QA-229064,201614961,Кунгиртог
QA-229065,202859316,Некуз
QA-229066,204779439,Козокли
QA-229067,202839221,Равот
QA-229068,306085167,Чорбог
QA-18050005,202859252,Бешкутон
QA-18050071,309118422,Юкори Майдаёбу
QA-18050072,309117344,Бирдамлик
QA-18050066,207324930,Юкори арабхона
QA-18050057,206998315,Хамкорлик
QA-18050046,206835200,Рахимсуфи
QA-18050050,207309694,Тараккиёт
QA-18050073,309122799,Навнихол
QA-18050074,309124108,Ширинобод
QA-18050021,203062422,Корабайир
QA-18050075,309156566,Юкори Мудин
QA-232001,305037978,Алакуйлик
QA-232002,202677718,Али кушчи
QA-232004,305037409,Бахор
QA-232005,202677908,Башир
QA-232006,202677844,Бектемир
QA-232008,202677883,Бештерак
QA-232009,305038382,Бирлик
QA-232010,202677804,Богбон
QA-232011,305043164,Богибаланд
QA-232012,202677915,Бустон
QA-232013,202677740,Варганза
QA-232014,202678004,Гулистон
QA-232015,305040002,Денов
QA-232016,202677701,Жилисув
QA-232017,305087347,Зарафшон
QA-232018,202677757,Искана
QA-232019,305038311,Истикбол
QA-232021,305040707,Катлос
QA-232023,202677829,Кайнар
QA-232024,305103610,Кашкадарё
QA-232025,202677954,Корабулок
QA-232026,305037090,Кушдарё
QA-232027,202677796,Макрид
QA-232028,202677693,Мустакиллик
QA-232029,305038715,Навбахор
QA-232030,305070377,Навруз
QA-232031,305037503,Нурафшон
QA-232032,202677733,Обиканда
QA-232033,305037614,Обод
QA-232034,202677962,Оёкчи
QA-232035,305041870,Ок сув
QA-232036,207113924,Паландара
QA-232037,202677979,Панжи
QA-232038,305037075,Парчакент
QA-232039,202677789,Пахтаобод
QA-232040,202678011,Санам
QA-232041,202677947,Сариосиё
QA-232042,202677812,Сарой
QA-232043,202677923,Севаз
QA-232045,202677678,Сурум
QA-232047,202677930,Тошкент
QA-232048,202677986,Тупчок
QA-232049,202677868,Улугбек
QA-232051,305037194,Хужаилмкони
QA-232053,202678028,Чармгар
QA-232054,202677772,Шарк Юлдузи
QA-232055,202677851,Шуробсой
QA-232056,202677661,Яккатут
QA-232058,202677994,Янгиобод
QA-18040007,202677685,Бешарик
QA-18040052,202677836,Хожи
QA-18040024,207114210,Кухсор
QA-18040051,202677725,Хомид Олимжон
QA-18040050,202677875,Халклар дустлиги
QA-18040039,204642672,Самарканд
QA-233001,202519739,Гулшанбог
QA-233002,200701854,Бустон
QA-233003,201565589,Помук
QA-233004,203127940,Янги Миришкор
QA-233005,203256322,Янги Жейнов
QA-233006,206975597,Янгиарик
QA-233007,200701808,Навбахор
QA-233009,201565604,Чандир
QA-233010,200701775,Гулистон
QA-233011,207001390,Гулобод
QA-233012,200701783,Миришкор
QA-233013,203139664,Ободон
QA-233015,206175209,Окмачит
QA-233017,203121696,Аввона
QA-233018,203121672,Айзабод
QA-233020,203093804,Зафар
QA-233022,202504361,Янгиобод
QA-233023,201565596,Чаманзор
QA-233024,202673224,Бахористон
QA-233025,204815764,Бархаёт
QA-233026,206058946,Янги кишлок
QA-233029,204793913,Ширин
QA-233030,206987147,Олтин бошок
QA-233031,203103630,Шодлик
QA-233032,204885386,Янги хаёт
QA-233033,205598354,Истиклол
QA-233034,205832585,Маданият
QA-233035,200701823,Вори
QA-18010016,308510411,Курама
QA-18010027,206175216,Узбекистан
QA-18010040,309087580,Юксалиш
QA-18010019,203121664,Миробод
QA-18010039,309087842,Навруз
QA-18010026,206164166,Тинчлик
QA-18010038,309087866,Барака
QA-18010012,205332400,Жейнов
QA-18010008,203120911,Дустлик
QA-18010015,203121657,Нурафшон
QA-18010021,200701815,Обод
QA-18010003,308510522,Балуж
QA-234001,202675499,Алишер Навоий
QA-234002,202675482,Бобур
QA-234003,202675450,Геолог
QA-234004,202446126,Муборак
QA-234005,202675507,Сардоба
QA-234007,206566156,Амир Темур
QA-234008,305256943,Баркамол авлод
QA-234009,202675435,Дустлик
QA-234010,202675474,Кончилар
QA-234011,202431651,Карлик
QA-234012,204380636,Пахтакор
QA-234013,202675443,Ёшлик
QA-234014,204788919,Коракум
QA-234015,202675411,Курувчилар
QA-234016,206606216,Обод турмуш
QA-234017,201571179,Сарик
QA-234019,305060104,Бустон
QA-234020,305253679,Истиклол
QA-234022,202675428,Машьал
QA-234023,202675467,Тонг
QA-234024,203544430,Янгиобод
QA-18060014,206971057,Кухнашахар
QA-18060025,201571194,Яшнобод
QA-235001,202807926,Байналминал
QA-235003,202807823,Каптарли
QA-235004,201284274,Ойдин
QA-235005,201286754,Балхияк
QA-235006,306099655,Катта анхор
QA-235007,203942506,Кирккулоч
QA-235008,202807830,Пахтаобод
QA-235009,305562319,Жалажин
QA-235010,201286564,Нишон
QA-235011,306176274,Ёшлар диёри
QA-235012,207206372,Гулзор
QA-235013,201286595,Ок олтин
QA-235014,305034167,Орзу бустони
QA-235015,201286628,Пахтазор
QA-235016,306111276,Жануб машъали
QA-235017,202807919,Самарканд
QA-235018,305564229,Куксой
QA-235019,202807879,Гулистон
QA-235020,201284930,Нуристон
QA-235021,207106039,Кимёгар
QA-235022,207106093,Нурчи
QA-235023,201718095,Ширинобод
QA-235024,202807941,Янгиобод
QA-235026,202807847,Дустлик
QA-235029,202807894,Обод
QA-235030,202807886,Истикбол
QA-235031,207106046,Ибн Сино
QA-235032,202807862,Юксалиш
QA-235033,201286524,Навруз
QA-235034,305549048,Умр бунёдкори
QA-235035,202807815,Пахтакор
QA-235036,202807902,Навбахор
QA-18070001,202807808,Абдулла Кодирий
QA-18070038,310654146,Янги нурчи
QA-18070040,310642407,Богишамол
QA-18070037,310633077,Чаман
QA-18070039,310653868,Бустон
QA-237001,201803323,Юксалиш
QA-237002,207167944,Хужахайрон
QA-237003,205809779,Обод Юрт
QA-237004,202368603,Касби
QA-237005,206834337,Жизза
QA-237006,201803362,Галаба
QA-237007,202339622,Хужакарлик
QA-237008,201803290,Денов
QA-237010,202961641,Октепа
QA-237011,202360203,Пандирон
QA-237013,202360194,Оккамиш
QA-237014,205846195,Окжангал
QA-237017,207088971,Истиклол
QA-237018,202368610,Майманок
QA-237019,201803251,Комилон
QA-237020,202360210,Месит
QA-237023,202388903,Мирзо Улугбек
QA-237024,305464036,Обод некуз
QA-237025,202352330,Шакаржуй
QA-237026,202352354,Хужа касби
QA-237027,201803315,Муглон
QA-237028,201803354,Пахтакор
QA-237029,206844094,Фазли
QA-237031,202339614,Назартепа
QA-237032,200701790,Чулкувар
QA-237033,202352347,Талишбе
QA-237034,201803308,Камаши
QA-237035,205856895,Хужаки
QA-237037,202396799,Нуробод
QA-237038,202368627,Мустакилобод
QA-237040,202352315,Коратепа
QA-237041,205856904,Дустлик
QA-18030012,201803330,Кораконгирот
QA-18030010,201803347,Катагон
QA-18030032,207088988,Таллиюлгун
QA-18030042,308118914,Янги Майманок
QA-18030030,202388894,Соxибкор
QA-18030014,207119876,Кунгирот
QA-240003,201748787,Кукдала
QA-240004,203084514,Сойбуйи
QA-240005,203084427,Утамайли
QA-240006,303870009,Олтин бошок
QA-240007,305058628,Олтин дала
QA-240008,205685784,Бегламиш
QA-240009,201748794,Эски-анхор
QA-240010,203084363,Айритом
QA-240011,203084370,Пахталисой
QA-240012,201748803,Бахт
QA-240013,304980384,Хушали
QA-240014,203084521,Талоктепа
QA-240015,203309627,Хардури
QA-240016,206976041,Шурбозор
QA-240017,201748676,Чорвадор
QA-240018,207181224,Тошли
QA-240019,207072447,Канотли
QA-240020,201748684,Шуркудук
QA-240021,305568515,Хужаобод
QA-240022,204013164,Наймансарой
QA-240023,203084387,Умакай
QA-240038,201748709,Чиял
QA-240039,203097251,Уймовут
QA-240040,203084410,Тукмор
QA-240041,303870048,Зум
QA-240042,206976002,Галлакор
QA-240043,201748755,Кумдарё
QA-240044,203084498,Сувлик
QA-240045,203084506,Аннаруз
QA-240046,203125983,Чувуллок
QA-240085,201748763,Торжилга
QA-240086,203084331,Гулистон
QA-18080034,309122711,Мангуюрт
QA-18080036,309046781,Кучкорбулок
QA-18080033,308539105,Яшилтепа
QA-242001,202782564,Чирокчи
QA-242002,202782549,Чоштепа
QA-242024,202782571,Кишмиштепа
QA-242025,202782532,Навоий
QA-242026,201748770,Хумо
QA-242027,203084355,Обод
QA-242028,206976191,Куктош
QA-242029,207181374,Янги курилиш
QA-242030,303910179,Чоршанба
QA-242031,201748644,Жар
QA-242032,305058643,Амир Темур
QA-242033,202875732,Кизилчовра
QA-242035,201748620,Додик
QA-242036,304944903,Шакарбулок
QA-242037,203084348,Навруз
QA-242047,201748731,Калкама
QA-242048,305231190,Кургонтепа
QA-242049,207158361,Чамбил
QA-242050,203087493,Галабек
QA-242051,201748691,Лангар
QA-242052,203084481,Куруксой
QA-242053,303151689,Тарагай
QA-242054,202782524,Узбекистон
QA-242056,201748637,Пахтаобод
QA-242058,206995461,Янгикишлок
QA-242060,206976524,Чилживут
QA-242061,201748669,Дам
QA-242062,207254314,Янги дам
QA-242063,203084403,Паканди
QA-242066,207254916,Истиклол
QA-242067,201748748,Мустакиллик
QA-242068,207160812,Киргиз
QA-242070,207253119,Сохил
QA-242071,203084324,Буронжуз
QA-242072,206981281,Дурсун
QA-242074,203084459,Галлачи
QA-242076,304977989,Гулобод
QA-242077,203084466,Ок олтин
QA-242078,305517823,Яшнабод
QA-242079,206987961,Октош
QA-242081,304976855,Бешбулок
QA-242083,203084474,Араббанди
QA-242084,303275709,Куш анхор
QA-18090061,201748716,Уйшун
QA-18090091,309122062,Обу-Хаёт
QA-18090073,305170158,Чимкургон
QA-18090037,201748810,Мирзатоп
QA-18090095,308981246,Халкабод
QA-18090094,308561024,Фаровон келажак
QA-18090042,305655185,Нуробод
QA-18090026,201748652,Кахрамон
QA-18090046,201748724,Олмазор
QA-18090021,203084442,Зарбдор
QA-18090096,309104306,Ифтихор
QA-18090092,309122213,Болсувар
QA-245001,303244484,Абзият
QA-245002,203808496,Авазмалик
QA-245003,303244524,Бигми
QA-245004,204122299,Багишамол
QA-245005,204027843,Мевазор
QA-245006,202958145,Окдарё
QA-245007,202961665,Хужахуросон
QA-245008,303244500,Шанбе
QA-245009,304977094,Янгибог
QA-245010,204296296,Янгикишлок
QA-245011,305907266,Хонтепа
QA-245012,305907281,Равот
QA-245013,303244453,Янгиобод
QA-245014,203072806,Кушканот
QA-245015,304977901,Ок олтин
QA-245016,303244517,Тепар
QA-245017,204022502,Тудамайдон
QA-245018,202837501,Хазара
QA-245019,304978188,Хожимайдон
QA-245020,303301287,Чукун
QA-245021,303244460,Мактобод
QA-245022,304977822,Обод
QA-245023,203808512,Кутчи
QA-245024,202837478,Кушчинор
QA-245025,305907321,Нурафшон
QA-245027,303244549,Кумкишлок
QA-245028,303303846,Сарой
QA-245029,202983979,Шаматон
QA-245030,202922641,Духчи
QA-245033,203840395,Пахтакор
QA-245034,204132040,Уртакурган
QA-245035,303244421,Халкобод
QA-245037,305849061,Истикбол
QA-245039,305848926,Танхоз
QA-245040,304978060,Тошбулок
QA-245041,202902089,Кургантепа
QA-245042,202921137,Хитой
QA-245043,202921120,Хисор
QA-245044,204346344,Чоршанбе
QA-245045,304978100,Шакартери
QA-245046,304978117,Ширамон
QA-245047,204029452,Амир Темур
QA-245048,304978124,Полмон
QA-245049,202930173,Улоч
QA-245050,203842069,Аччиги
QA-245051,204119024,Гелон
QA-245052,304977918,Кул
QA-245053,202915104,Мираки
QA-245054,304978164,Сайёд
QA-245055,303244477,Сарчашма
QA-245056,204376229,Хисорак
QA-18100023,305907242,Навбахор
QA-18100011,303244445,Киёмшаех
QA-250001,206110139,Гозлик
QA-250002,202668300,Жийда
QA-250003,203039987,Нурафшон
QA-250004,203030256,Нурли йул
QA-250005,202668284,Обод
QA-250006,206850484,Пахтакор
QA-250007,305063377,Толлибулок
QA-250008,202668324,Узун
QA-250010,200708931,Эсат
QA-250012,206850491,Тукбой
QA-250013,202668317,Айгиркул
QA-250014,205697097,Алакуйлак
QA-250016,203045807,Жайчи
QA-250017,202668221,Жамбул
QA-250018,305161968,Истикбол
QA-250019,207180771,Истиклол
QA-250021,200709090,Кушчинор
QA-250023,200709186,Сандал
QA-250024,305061024,Учтепа
QA-250025,305062078,Фаровонлик
QA-250026,203039970,Хожаилгор
QA-250027,202668292,Янгиобод
QA-250028,302870697,Гулистон
QA-250029,203038822,Дархон
QA-250030,202668260,Ибн Сино
QA-250031,204628704,Куштегирмон
QA-250032,200710796,Кайрагоч
QA-250033,200708948,Кишлик
QA-250035,202668245,Мустакиллик
QA-250036,206883783,Навруз
QA-250037,202569036,Уйгур
QA-250038,205707272,Уламжи
QA-250039,200711035,Хиёбон
QA-250041,305061862,Чинобод
QA-250042,205373556,Шар-шарбогот
QA-250043,305067688,Шерози
QA-250044,200711050,Эски Яккабог
QA-250045,305064423,Яшнобод
QA-250046,205187755,Дарё
QA-250047,202668277,Маданият
QA-250050,203030264,Ишкент
QA-250051,207180788,Каттабог
QA-250053,203030271,Мевазор
QA-250054,204600463,Октош
QA-250055,200711043,Самок
QA-250056,305082504,Сероб
QA-250057,202668238,Татар
QA-250058,206345114,Турон
QA-250059,200711028,Урта
QA-250060,203053092,Чумич
QA-18110021,203022795,Кенгузар
QA-18110053,200710804,Чайдари
QA-18110061,207187270,Янги хаёт
QA-18110003,205042097,Бешугил
QA-18110009,308446245,Дустлик
QA-18110057,308403274,Шодлик
QA-18110038,203038839,Совукбулок
QA-18110050,204025331,Хонака
QA-18110063,310258314,Богзор
QA-401001,202808995,Бустон
QA-401002,202822513,Геолог
QA-401003,202817011,Каманди
QA-401004,202491088,Карликбогот
QA-401005,202791252,Карликхона
QA-401006,202808971,Киличбек-Кургонча
QA-401007,202421134,Комилон
QA-401008,202461038,Кунчикар
QA-401009,202559064,Магзон
QA-401011,202817067,Мустакиллик
QA-401012,202747305,Табассум
QA-401013,202817218,Амир Темур
QA-401014,202810171,Харамжуй
QA-401015,202512811,Хонтепа
QA-401016,202807618,Хужахиёл
QA-401017,202816994,Батош
QA-401019,202722162,Буюк Турон
QA-401020,202442812,Захокимарон
QA-401021,202684384,Карши
QA-401022,202413769,Кат
QA-401023,202810243,Истиклол
QA-401024,202589960,Наво
QA-401025,202817185,Шодлик
QA-401027,202794343,Октепа
QA-401028,202613829,Темир йулчи
QA-401029,202822473,Шохбекат
QA-401030,202817050,Шуртангаз
QA-401031,202817099,Ойдин
QA-401032,202822497,Пахтазор
QA-401035,202491104,Алишер Навоий
QA-401036,202822480,Нефтчи
QA-401037,202817193,Кавали
QA-401039,202817154,Нуристон
QA-401040,202798091,Гунгон
QA-401041,202454719,Беглар
QA-401042,202686460,Отчопар
QA-401043,202810188,Араловул
QA-401044,202817074,Арабхона
QA-401045,202807640,Арал
QA-401047,202689053,Гулшан
QA-401048,202822505,Дарвозатутак
QA-401049,202817004,Зогза
QA-401050,202810195,Кургонча
QA-401051,202461084,Махсумобод
QA-401052,202826364,Навруз
QA-401053,202791269,Насаф
QA-401054,202808932,Равок
QA-401058,202431478,Чакар
QA-401059,202810204,Чармгар
QA-401060,202491017,Шайхали
QA-401062,202363340,Эскианхор
QA-18150055,202817178,Чулкувар
QA-18150064,309166958,Тараккиёт
QA-18150063,309174402,Бунёдкор
QA-18150036,202491095,Накшаб
QA-18150051,202807657,Худойзод
QA-18150029,202807672,Махаллот
QA-18150045,202817107,Рогузар
QA-18150010,202564803,Г.Гулом
QA-18150057,204643315,Шайхали-1
QA-405001,303229218,Аммогон
QA-405004,202336358,Бустон
QA-405005,202915111,Гулистон
QA-405006,202436787,Галаба
QA-405007,202880252,Дустлик
QA-405008,202329531,Заргарлик
QA-405009,202329524,Зиёкор
QA-405010,202822576,Зингирон
QA-405012,202605853,Камолат
QA-405013,203996494,Катта Новкат
QA-405014,202880244,Кеш
QA-405015,202385883,Кулоллик
QA-405016,202826508,Кунчикар
QA-405017,203785069,Козигузар
QA-405018,304978149,Корасув
QA-405020,202329548,Кушхона
QA-405021,202853958,Маьрифат
QA-405022,202336341,Навруз
QA-405023,304978038,Наматон
QA-405024,202336319,Намозгох
QA-405025,202902104,Оксарой
QA-405026,202782611,Пиллакашлик
QA-405027,202971431,Сариосиё
QA-405028,202871019,Синабог
QA-405030,202880269,Турон
QA-405031,202837454,Тутзор
QA-405032,202961673,Уймовут
QA-405033,202810274,Уйчилик
QA-405035,202787557,Файзобод
QA-405036,202826490,Хабарлик
QA-405038,204023184,Чоштепа
QA-405039,203996502,Янгихаёт
QA-405040,304978171,Яшил диёр
QA-18160037,202645488,Бархаёт
QA-18160020,202645495,Кушховуз
QA-18160011,202436794,Ипак йули
QA-18160029,202809266,Тикланиш
QA-18160002,303229257,Сохибкирoн
QR-204001,203545643,Амир Темур
QR-204002,207168129,Тош ёп
QR-204003,203543930,Урта кала
QR-204004,207140188,Арна буйи
QR-204005,207140195,Бог
QR-204006,203553357,Киличбой
QR-204008,207140339,Беш овул
QR-204009,207140100,Тош калъа
QR-204010,207140117,Юкори кишлок
QR-204011,203553372,Холимбег
QR-204012,207140228,Аёкчи
QR-204013,203553364,Дурман
QR-204014,207140204,Корамон
QR-204015,207140211,Боз солма
QR-204016,203553278,Буз ёп
QR-204017,203553261,Хитой
QR-204018,207140038,Тор ёп
QR-204019,207140156,Намуна
QR-204020,203553301,Куюк купир
QR-204021,207140164,Узбекистон
QR-204022,207140171,Кизил чоли
QR-204025,207140235,Жумур овул
QR-204026,204533333,Ок олтин
QR-204027,204533340,Тулкин
QR-204028,203553325,Чойкул
QR-204029,207140014,Босув
QR-204030,203553333,Кипчок
QR-204031,207140124,Дарё буйи
QR-204032,207140132,Уйшин
QR-204033,207140149,Беш том
QR-204034,305306136,Кипчок
QR-204035,203553340,кангли
QR-204036,207140243,Кум ёп
QR-204037,203553293,Назархон
QR-204038,202781906,Беруний
QR-204040,202781945,Чордара
QR-204041,202781938,Бостон
QR-204042,202781953,Боёвул
QR-204043,207168144,Дурунки
QR-204044,202781921,Ойбек
QR-204045,202784854,Олмазор
QR-204046,207168136,Гулзор
QR-204047,202781960,Дустлик
QR-204048,207168112,Янгиобод
QR-204049,305306190,Фаровон
QR-23010043,207139994,Хизир эли
QR-23010029,202781977,А.Навои
QR-23010020,203553285,Жумуртау
QR-23010007,203553318,Бобур
QR-207001,202847275,Бирлик
QR-207005,202010004,Саркоп
QR-207006,205054991,Абай
QR-207008,205959252,Мустакиллик
QR-207009,205959244,Найман
QR-207010,205054976,Ибн-Сино
QR-207011,205054984,Турон
QR-207013,206984959,Палваш
QR-207015,202847196,Кият
QR-207016,202847140,Гулистон
QR-207017,202847157,Амир Темур
QR-207018,202010012,Навои
QR-207019,202847189,Жайхун
QR-207020,200937441,Достлик
QR-207021,202847164,Марказий
QR-207023,202847229,Истиклол
QR-207025,202847204,Бустон
QR-207027,202847251,Навруз
QR-207028,202847268,Пахтакор
QR-207030,204502617,Янгиобод
QR-207031,200937458,Олтинсой
QR-207032,202010029,Беруний
QR-207033,200937426,Бийбазар
QR-207034,200937419,Озод
QR-207035,203841576,Махтумкули
QR-207036,200937473,Тинчлик
QR-207037,200937394,Шимом
QR-207038,207320991,Саройкул
QR-207039,207320976,Оби-хаёт
QR-207040,207320984,Лолазор
QR-23020036,202847133,Хоразм
QR-23020034,202847236,Тукимачи
QR-23020010,202847244,Зиёкор
QR-23020006,202847283,Бунёдкор
QR-23020012,206984942,У.Жуманиёзов
QR-23020023,202847172,Серкуёш
QR-23020016,200937465,Кизилкала
QR-23020038,202847212,Янги Узбекистон
QR-23020037,200937402,Шоббоз
QR-23020015,205959269,Кангшартал
QR-209001,202790429,Аспантай
QR-209003,205013188,Кук сув
QR-23030005,202790396,Кусханатау
QR-23030003,202790404,Еркиндарья
QR-23030002,203147853,Бозатоу
QR-211003,204895191,Есим
QR-211006,202805501,Куралпа
QR-211010,202805485,Бердах
QR-211013,202805478,Койбак
QR-23140012,204927689,Кутли макан
QR-23140003,204895216,Ата макан
QR-23140008,202805454,Караузек
QR-23140007,204960199,Эсимузек
QR-23140005,204895184,Гарезсизлик гузари
QR-23140001,202805518,Аллаяр Досназаров
QR-23140002,202805493,Академик Сабир Камалов
QR-23140009,202805461,Караузек
QR-23140013,202841807,Маденият
QR-212001,202802807,Бахитли
QR-212002,202805439,Жузим баг
QR-212003,202802767,Нурли бостан
QR-212004,202825571,Жанабазар
QR-212005,202822362,Актуба
QR-212007,202805414,Маденият
QR-212008,202815039,Жалпак жап
QR-212009,202811764,Кумшунгул
QR-212010,202805407,Абат Макан
QR-212011,202802774,Куяшли
QR-212013,202802799,Гужим Терек
QR-212014,202805422,Абат
QR-212015,207339634,Кукузек
QR-23040009,202805399,Жилуанжап
QR-23040016,202802782,Халкабад
QR-23040010,207339627,Ийшан кала
QR-215001,206829706,Алмазар
QR-215002,203029588,Таракли
QR-215003,206829674,Гулабад
QR-215004,203029667,Таллик
QR-215005,203029650,Хан-жап
QR-215006,206829753,Адебият
QR-215007,203029674,Хорезм
QR-215009,205953103,Урнек
QR-215010,203029746,Жаслик
QR-215011,206829681,Темир жол
QR-215012,203029628,Каши
QR-215013,203029643,Бердах
QR-215014,203029635,Моншакли
QR-215015,205953127,Ажинияз
QR-215018,205953094,Устирт
QR-215019,205953087,Елабад
QR-215020,203029739,Кирик-киз
QR-215022,203029604,Кумбиз
QR-215023,203029611,Каратал
QR-215024,206829714,Хаким-ата
QR-215026,207148872,Кукдарья
QR-215027,203029707,Мийнетабад
QR-215028,206829721,Туркистан
QR-215029,207062356,Алтинкул
QR-215030,203029722,Каракалпакстан
QR-215031,203029564,Бостан
QR-215032,206829698,Туран
QR-215034,206829666,Азатлык
QR-215035,203029571,Санаат
QR-215036,203029595,Жинишке
QR-215037,203029714,Кипшак
QR-215038,203029556,Навоий
QR-215039,205953110,Сууенли
QR-23150018,203029549,Бескала
QR-23150025,206829738,Минжарган
QR-23150019,203029682,Конырат
QR-23150012,206829745,Канлы
QR-23150016,207273204,Киет
QR-23150028,203029699,Раушан
QR-218001,203054677,Бескопир
QR-218008,206979053,Жайхун
QR-218009,206923384,Арзимбет кум
QR-23130010,302688700,Маденият
QR-23130009,203054660,Сари алтин
QR-23130004,302688717,Дослик
QR-23130003,206956880,Бостан
QR-23130006,204805784,Жана кала
QR-23130007,203054645,Канликул
QR-23130011,203054684,Навриз
QR-23130008,203054653,Алтинкул
QR-222003,202800840,Жайхун
QR-222009,202800912,Мадели
QR-23050001,202800833,Арал
QR-23050009,202800857,Талли озек
QR-23050012,204516148,Хаким ата
QR-23050005,202800904,Казахдарья
QR-23050008,202800825,Мойнак
QR-23050006,207340484,Кизил жар
QR-23050010,202800889,Тик-узяк
QR-23050011,202797814,Ушсай
QR-23050003,202800872,Дослик
QR-23050002,202800896,Бозатау
QR-225002,302692032,Актерек
QR-225003,203077743,Арбаши
QR-225004,203112540,Баканшакли
QR-225005,203131803,Кердер
QR-225006,203112557,Кирантов
QR-225007,304009466,Кутан-кул
QR-225008,203216237,Саманбай
QR-23060011,310207337,Дарсан
QR-23060013,310207297,Үлгили макан
QR-23060012,310207241,Дийхан арна
QR-23060010,302692049,Ток тау
QR-23060002,202822379,Акмангит
QR-23060009,203216244,Тахиркол
QR-228001,202426958,Айдынжол
QR-228003,201832192,Жайхун
QR-228004,202780052,Кенегес
QR-228008,204759992,Нурли келешек
QR-228011,201832200,Тахиатош
QR-23180001,201832184,Обад макон
QR-23180014,310201242,Янги макон
QR-23180006,202779534,Кусшилик
QR-23180009,204760004,Орайлик
QR-23180013,201832217,Шамширак
QR-23180007,202800929,Найманкул
QR-23180012,202676964,Халклар дослиги
QR-23180010,202780131,Сарайкул
QR-23180003,202501438,Дослик
QR-230001,301050128,Дауир
QR-230002,202816567,Атакул
QR-230004,301050143,Айдин жол
QR-230005,202969804,Даукара
QR-230006,301050680,Каратерен
QR-230008,202831289,Кара-ой
QR-230009,301050095,Гарезсизлик
QR-230011,301050673,Маржанкул
QR-230012,203023328,Тахтакупир
QR-230017,204012260,Коструба
QR-23070017,301050150,Узбекистан
QR-23070007,301049467,Дауыт сай
QR-23070004,202831296,Белтау
QR-23070009,202763437,Жаңадарья
QR-23070011,202816574,Коныраткол
QR-23070001,202816582,Агитай Адилов
QR-23070015,202816599,Мулик
QR-233001,203571249,Истиклол
QR-233002,203175384,Жайхун
QR-233003,203584460,Навруз
QR-233004,203575194,Дустлик
QR-233005,203575203,Ёшлик
QR-233006,303694844,Анхорли
QR-233007,203590225,Шурахон
QR-233008,203581125,Куна Турткул
QR-233009,203585927,Пахтачи
QR-233010,203571256,Ёнбошкала
QR-233011,203581118,Шодлик
QR-233012,203571224,Беруний
QR-233013,303694812,Машъал
QR-233014,203571232,Узбекистон
QR-233015,203581140,Калтаминор
QR-233016,203601494,Пахтаобод
QR-233017,203577120,Атауба
QR-233018,203029840,Гулистон
QR-233019,202265408,Янгиобод
QR-233020,201236166,Ибн Сино
QR-233021,202959319,Мустакиллик
QR-233022,201236467,Бог-ёп
QR-233023,201826380,Навоий
QR-233024,203577137,Отаюрт
QR-233025,203605021,Кукча
QR-233026,203593370,Оккамиш
QR-233027,203596485,Окбошли
QR-233028,203567892,Тинчлик
QR-233029,203585910,Тошкент
QR-233030,203075359,Галаба
QR-233031,203551558,Узбекистон
QR-233032,203112572,Турткул
QR-233033,203182700,Туркистон
QR-233034,203488628,Марказобод
QR-233037,203585903,Тозабог ёп
QR-23080043,310209681,Тозабузёп
QR-23080045,310209935,Туркман кули
QR-23080040,310206339,Нурли йул
QR-23080044,310212015,Яхтилик
QR-23080048,310220734,Базирган
QR-23080039,310215059,Яшнобод
QR-23080042,310183550,Мискин
QR-23080046,310223950,Янги хаёт
QR-23080038,310207606,Зиёкор
QR-23080049,310221234,Бахор
QR-23080041,310224808,Нурли уллибог
QR-23080047,310217854,Нурата
QR-23080014,203581133,Кумбаскан
QR-23080033,203594662,Уллубог
QR-236001,202780210,Байтерек
QR-236002,202831329,Жузимзар
QR-236003,202780170,Тинишлик
QR-236004,202780148,Кун нури
QR-236005,202780163,Обод
QR-236006,202780242,Муртазабий
QR-236007,202780155,Таскупир
QR-236009,202780314,Нурли жол
QR-236010,202780187,Киркинши
QR-236011,202780203,Суенли
QR-236012,202780124,Парвоз
QR-236013,202780076,Кумбиз
QR-236014,202780194,Шагалакол
QR-236015,202780274,Тутзар
QR-236016,202780281,Бунёдкор
QR-236017,202780227,Навруз
QR-236021,202780266,Жана жап
QR-236023,202780084,Саманкул
QR-236025,207075173,Кумжиккин
QR-236026,207168627,Мустакиллик
QR-23090013,202780259,Маданият
QR-23090001,202780306,Амударья
QR-23090008,202780298,Кулаб
QR-23090005,207151546,Жан Кунгирот
QR-23090028,310198563,Багман
QR-23090004,202518486,Жайхун
QR-23090021,202780234,Саричунгил
QR-23090027,310198319,Сабик
QR-240001,202665194,Гужимли
QR-240002,202665202,Абат Макан
QR-240003,202665226,Шахтемир
QR-240004,202665265,Бердах
QR-240005,202665234,Жипек жолы
QR-240006,202665241,Кукши кала
QR-240007,203712775,Темир жол гузари
QR-240008,202665258,Кара кул
QR-240009,203712783,Кунши
QR-240010,203712768,Оржап
QR-240011,202665219,Дослик
QR-240012,201012026,Кенес
QR-240013,201012002,Костерек
QR-240016,201011992,Тазгара
QR-240017,201011984,Тагжап
QR-240018,201012019,Таза-жол
QR-240019,201011977,Бахитли
QR-240020,201011960,Майжап
QR-23100005,308834206,Гулистан
QR-23100017,205901705,Пашент-тау
QR-23100008,206922805,Камыс арык
QR-23100014,201012034,Кизил узек
QR-243001,202951639,Ак жап
QR-243002,202935221,Моншакли
QR-243003,203935158,Айбуйир
QR-243004,202951646,Мами
QR-243005,202951661,Дийханабад
QR-243006,202951678,Кетенлер
QR-243007,202780069,Бегжап
QR-243008,207273118,Карабайли
QR-243009,202951654,Бирлешик
QR-243010,202951685,Сарманбайкол
QR-243012,202935238,Таза базар
QR-243013,202935253,Маденият
QR-23110011,202935245,Навриз
QR-250001,203093621,Тоза-бог
QR-250002,304773199,Жасорат
QR-250003,304773150,Навбахор
QR-250005,207164704,Сахтиён
QR-250006,203093724,Кизилкум
QR-250007,204247862,Чукуркок
QR-250008,203093677,Гулистон
QR-250009,203093645,Кирккизобод
QR-250010,207107607,Ок-олтин
QR-250011,207138806,Янги Узбекистон
QR-250012,203093684,Навоий
QR-250013,304773088,Ифтихор
QR-250014,304773135,Кичик Гулдурсун
QR-250015,203093700,Акчакул
QR-250016,203093717,Шарк Юлдузи
QR-250017,207138821,Тупроккалъа
QR-250018,203093606,Дустлик
QR-250019,203093614,Амиробод
QR-250020,207138774,Ихлос
QR-250021,207138766,Коинот
QR-250022,203093660,Сарабий
QR-250023,207138727,Думанкалъа
QR-250024,304779174,Кошкура
QR-250026,207138781,Пахтачи
QR-250027,207138798,Чупон
QR-250028,203093692,Элликкала
QR-250030,203093749,Бустон
QR-250031,203093756,Ибн-Сино
QR-250033,203093771,Абай
QR-250034,203093764,Тошкент
QR-250035,206953933,Каваткала
QR-250036,305254455,Истиклол
QR-23120040,310231292,Бархаёт
QR-23120039,310219488,Турт девор
QR-23120013,308824147,Икбол
QR-23120038,310219495,Бургуткалъа
QR-23120001,203093732,Алишер Навоий
QR-23120022,203093638,Гулдурсун
QR-23120020,203093653,Киличинак
QR-23120003,207138814,Аёзкалъа
QR-401003,202775398,Айдин жол
QR-401004,200363294,Шимбай шайхана
QR-401005,202822308,Халиклар дослиги
QR-401006,202822290,Шыгыс
QR-401008,202822283,Тинишлик
QR-401010,202847101,Сарбиназ
QR-401011,202691449,Тунгиш конис
QR-401012,202029952,Курилисши
QR-401014,201895162,Алмазар
QR-401017,202714615,Байтерек
QR-401018,202684170,Наупир
QR-401019,202680335,Каттагар
QR-401020,202676924,Гуне кала
QR-401021,202170494,Таслак
QR-401022,202809400,Жолшилар
QR-401024,202030139,Жеке терек
QR-401025,202825152,Туран
QR-401027,202793614,Темир жол
QR-401029,202797655,Нур
QR-401031,202797670,Жанабазар
QR-401032,202895329,Кос булак
QR-401033,205170650,Кизил кум
QR-401034,205170604,Жайхун
QR-401037,205211314,Жууазшы
QR-401038,205226999,Бестобе
QR-401039,205211345,Жийдели байсин
QR-401040,205211353,Амударья
QR-401041,205211306,Ак жагис
QR-401042,205211338,Саманбай
QR-401043,205211321,Анасай
QR-401044,200363152,Каратау
QR-401045,206993608,Боз ауыл
QR-401046,206993615,Кутли конис
QR-401048,207027270,Ак отау
QR-401049,207010239,Гузар
QR-401050,207049798,Берекет
QR-401051,207061104,Гарезсизлик
QR-401053,207096890,Алланияз Кахарман
QR-401055,207151585,Жипек жолы
QR-401056,207151561,Дослик гузари
QR-401057,207151578,Гулзар
QR-401058,207151554,Телеорай
QR-401059,207289254,Ватанпарвар
QR-401060,306882497,Шимбай гузари
QR-401061,306882458,Ата макан
QR-23170024,202227564,Дослик
QR-23170048,202809384,Урнек
QR-23170057,207337749,Узин кул
QR-23170006,207337978,Алтин жагис
QR-23170011,202838800,Бакшилик
QR-23170022,202809360,Дарбент
QR-23170016,202698596,Ботаника баги
QR-23170034,205358257,Кук узек
QR-23170040,207100799,Кутли макан
QR-23170025,202775406,Элиабат
QR-23170066,310218552,Жана заман
QR-23170069,310216760,Жас аулад
QR-23170038,207012038,Кумбиз аул
QR-23170036,202844256,Кос-кул
QR-23170046,205170595,Навриз
QR-23170060,202838792,Шайирлар аули
QR-23170044,205226982,Наукан баг
QR-23170067,310216215,Нурли бостан
QR-23170071,310218140,Исбилерменлер аймаги
QR-23170065,310222730,Жасыл баг
QR-23170070,310220916,Шадли овул
QR-23170007,207337961,Аманлик гузари
QR-23170059,202029976,Хауа жоли
QR-23170037,202809392,Кум овул
QR-23170068,310218544,Абат макан
QR-23170043,207047175,Навбахар
SA-203002,202842267,Мустакиллик
SA-203003,202854480,Окдарё
SA-203004,202842339,Пичокчи
SA-203005,202846238,Янгиобод
SA-203007,202839467,Кумушкент
SA-203008,202839522,Бозоржой
SA-203009,202839482,Бошдархон
SA-203010,202839561,Дахбед
SA-203012,202854473,Олчинтепа
SA-203013,202839450,Пахтаобод
SA-203014,203655245,Пулатдархон
SA-203015,203645700,Чорбог
SA-203016,207295518,Тараккиёт
SA-203019,202839578,Лойиш
SA-203020,202846214,Ойтамгали
SA-203021,202842299,Сугончи
SA-203023,202839585,Узбекистан
SA-203024,202854434,Янгикишлок
SA-203025,202842282,Янгикургон
SA-203026,202842307,Янгихаёт
SA-203027,202839546,Авазали
SA-203028,202839554,Истиклол
SA-203029,202842314,Мионгол
SA-203030,202839514,Навруз
SA-203031,202854441,Примкент
SA-203032,202860601,Темирак
SA-203033,202839507,Узункишлок
SA-203034,202839499,Учтепа
SA-14080034,202846221,Гузалкент
SA-14080025,204765535,Арпаарик
SA-14080008,202842322,Захириддин Мухаммад Бабур
SA-14080033,202860633,Зарафшон
SA-14080002,202839539,Алишер Навои
SA-14080003,202842250,Амир Темур
SA-14080006,202842274,Галаравот
SA-206002,202829470,Булунгур
SA-206003,206103257,Булунгур арик
SA-206004,206125554,Гулзор
SA-206006,202829534,Истиклол
SA-206007,202829598,Мингчинор
SA-206008,202829788,Небуса
SA-206009,202829771,Ниёзмат
SA-206010,202829581,Нурли юл
SA-206011,202829606,Октош
SA-206012,202829764,Урокли
SA-206013,202829756,Чангал 1
SA-206014,202829574,Эрганакли
SA-206015,207136928,Янгикургон
SA-206016,202829542,Амир Темур
SA-206017,202829795,Дехконобод
SA-206018,202829843,Каптархона
SA-206020,202829614,Килдон
SA-206021,202829645,Кичик килдон
SA-206022,202829835,Киркшоди
SA-206023,202829463,Мехржон
SA-206025,207069662,Сайилтепа
SA-206027,202829828,Саховат
SA-206028,202829804,Элобод
SA-206029,202829811,Эсонтурди
SA-206030,202829700,Бешкотон
SA-206031,206490972,Богбон
SA-206032,202829732,Губдин
SA-206033,202829527,Гулистон
SA-206035,202829724,Каттакишлок
SA-206036,303062958,Лалмикор
SA-206037,202829717,Мингтепа
SA-206038,202829494,Навбахор
SA-206039,202829749,Олмазор
SA-206041,206194905,Янгиарик
SA-206042,202829692,Янгиобод
SA-206045,207097082,Гулобод
SA-206046,202829677,Зарафшон
SA-206047,204743816,Конгирот
SA-206048,202829684,Октепа
SA-206049,202829510,Самарканд
SA-206050,202829653,Сулувкургон
SA-206051,202829503,Улугбек
SA-206052,202829660,Хужабачча
SA-206053,202829638,Хужамазгил
SA-206054,204991334,Чорбог
SA-206055,202829621,Чуянтепа
SA-14010041,202829559,Фозил Йулдош
SA-14010020,203748524,Алишер Навоий
SA-14010003,206985331,Бешкуби
SA-209002,202709145,Джурият
SA-209003,202700324,Катта кишлок
SA-209004,202717397,Найманцепа
SA-209005,202709153,Нуш
SA-209006,202694927,Саричашма
SA-209008,202732854,Туккизбой
SA-209009,202722684,Тут
SA-209011,201181331,Шодлик
SA-209012,202704707,Газира
SA-209013,202700317,Кукгумбаз
SA-209014,202709114,Канглы
SA-209015,202698374,Корамуйин
SA-209016,202704739,Кулбости
SA-209017,202700349,Кунгирот
SA-209018,202704722,Ногахон
SA-209019,202700332,Полвонарик
SA-209020,201180744,Самарканд
SA-209022,202704714,Хитойпаян
SA-209023,201180737,Алишер Навои
SA-209024,202704746,Дехканабад
SA-209025,202713807,Заравшан
SA-209026,206999654,Кудукли
SA-209027,202709081,Кургон-Салмон
SA-209028,202694887,Найман
SA-209029,202704682,Алмазор
SA-209030,201180713,Ташкент
SA-209031,202704699,Эски Джамбай
SA-209032,202698382,Бешбола
SA-209033,201180887,Гулистан
SA-209034,206959434,Назар
SA-209035,202694910,Сарай
SA-209037,202732886,Холвойи
SA-209038,202704761,Ширинкент
SA-14020028,202698367,Сухмон
SA-14020035,207000504,Шеркургон
SA-14020025,202694903,Сарикипчок
SA-14020029,207064464,Талдироззок
SA-14020002,201180720,А.Курбонов
SA-212001,202657457,Узбекистон
SA-212002,202652614,Халкобод
SA-212003,202679801,Муродобод
SA-212004,202652582,Сафохожа
SA-212005,202680841,Бешарик
SA-212006,202666493,Хумо
SA-212008,202652607,Катта-Кангли
SA-212009,202673786,Бешкапа
SA-212011,202673730,Равот
SA-212012,202654080,Куктепа
SA-212013,202666501,Янгикент
SA-212014,202679778,Чакар
SA-212015,202652574,Чимкургон
SA-212016,202654034,Иштихон
SA-212018,202673708,Тупор
SA-212019,202652622,Намуна
SA-212020,202666478,Хонака
SA-212021,202666485,Дустлик
SA-212022,202673644,Чагатой
SA-212024,202680826,Зарбанд
SA-212025,204598284,Бешбола
SA-212026,202673723,Бойтуби
SA-212027,206947948,Бустон
SA-212028,202657512,Гулобод
SA-212029,202679761,Одил
SA-212030,202770849,Миришкор
SA-212031,202679818,Киёт
SA-212033,202657504,Коракуйли
SA-212034,202657472,Азамат
SA-212035,202654058,Бойлата
SA-212036,202673754,Киркйигит
SA-212037,205309016,Дехконобод
SA-212038,202654065,Чинортепа
SA-212040,202654041,Бахрин
SA-212041,202654097,Кутарма
SA-212042,202657529,Коракишлок
SA-212043,202657464,Дамарик
SA-212044,202673651,Тойтуёк
SA-212045,202749753,Шайхислом
SA-212046,202698399,Орлот
SA-212048,202673747,Шейхларкент
SA-212049,202673636,Югонтепа
SA-212050,202679793,Минглар
SA-212051,202673668,Зарбулок
SA-212052,202652599,Шейхлар
SA-212053,202679785,Мохпар
SA-212054,205409872,Богбон
SA-212055,202654026,Зартепа
SA-212056,202679825,Янгиравот
SA-212059,202673675,Богихон
SA-212060,202673683,Узбеккоргон
SA-212061,202673715,Кайирма
SA-212062,202680834,Сохибкор
SA-14030011,202657440,Боронхожа
SA-14030013,202654105,Гафур Гулом
SA-14030018,202732902,Жура Махмудов
SA-14030049,205309009,Хазарбобо
SA-14030031,202654073,Кунгрот
SA-14030002,202722732,Борлос
SA-14030044,202673762,Сугот
SA-14030034,205852728,Мирзокул
SA-14030023,202673690,Кучкор Каршиeв
SA-215001,202706584,Дустлик
SA-215002,202706624,Чарогон
SA-215005,202734091,Богот
SA-215006,202713878,Мадраса
SA-215007,202703011,Кадан
SA-215008,202702789,Янгиравот
SA-215009,202702772,Муллотогай
SA-215010,202734005,Муллакурпа
SA-215011,202702764,Валижон
SA-215012,202702757,Кумок
SA-215013,202702796,Каттаминг
SA-215014,202702740,Муминхожа
SA-215015,202706664,Жумабой
SA-215016,202706649,Ойжон
SA-215017,202706656,Нисбат
SA-215018,202706671,Чигатой
SA-215019,202703004,Мойбулок
SA-215020,202713854,Жизмонсой
SA-215021,202702979,Коксой
SA-215022,202706600,Ёнбошсой
SA-215024,202734013,Бургансой
SA-215025,202702986,Себустон
SA-215026,202702962,Андоксай
SA-215027,202702725,Баландчордара
SA-215028,202713839,Заркургон
SA-215029,202702733,Навбахор
SA-215030,202733988,Олмазор
SA-215031,202698422,Каттакурпа
SA-215032,202702875,Найман
SA-215033,202702890,Вайрот
SA-215034,202702883,Ёви
SA-215035,202702868,Файзикент
SA-215036,202698439,Куштепа
SA-215037,202758924,Янгиобод
SA-215039,202730976,Жавлон
SA-215040,202734109,Чуянчи
SA-215041,202762636,Тарнов
SA-215042,202733995,Ёдгорхожа
SA-215043,202730984,Киёт
SA-215044,202702844,Мундиён
SA-215045,202702836,Жонкел
SA-215046,202702829,Киргиз
SA-215047,202702804,Таварон
SA-215048,202762572,Болтабек
SA-215049,202734069,Корадарё
SA-215050,202734052,Полвонтепа
SA-215051,202734076,Баландравот
SA-215052,202734020,Яккабог
SA-215053,204384234,Янгихаёт
SA-215054,202702915,Кушбеги
SA-215055,202734084,Уйшун
SA-215056,202734037,Шурак
SA-215057,202762644,Янгикоргонча
SA-215059,205186069,Алижон
SA-215060,202698478,Омонбой коприк
SA-215061,202702947,Гозал
SA-215062,202734131,Саройкоргон
SA-215063,202702954,Янгикиёт
SA-215064,202702930,Кумушкент
SA-215065,202702923,Коракулча
SA-215066,204387088,Бунёдкор
SA-215067,202702908,Омонкалхат
SA-215068,202706617,Номозполвон
SA-215069,202706592,Кумушкиргок
SA-14050002,202724294,Алишер Навоий
SA-14050039,202734116,Мирзо Улугбек
SA-14050036,202724334,Кушховуз
SA-14050038,202734044,Мелихужа
SA-14050034,202702994,Кушкутон
SA-216001,203091276,Кийким
SA-216002,203091284,Шована
SA-216003,203091244,Коргон
SA-216004,203091047,Хонназар
SA-216005,306114145,Зармитан
SA-216006,203130685,Заркент
SA-216007,203091079,Майинтепа
SA-216008,203091180,Кувкалла
SA-216009,203091030,Юкори Сарой
SA-216010,207138505,Бойтуп
SA-216011,203091094,Жуш ота
SA-216012,206965507,Катта Oкмачит
SA-216013,204813886,Куштамгали
SA-216014,203091205,Чиммос
SA-216015,203091291,Тоз
SA-216017,203091220,Урганжи
SA-216019,203091062,Окчобсой
SA-216020,203091054,Янгикишлок
SA-216021,203091197,Жонбулок
SA-216024,203091158,Минишкор
SA-216025,203091309,Кушработ
SA-216026,203091165,Навкат
SA-216027,203091237,Коратош
SA-216028,203091252,Ковунчи
SA-216029,203091126,Пангат
SA-216031,203091102,Булокбоши
SA-216032,306063083,Сохибкор
SA-216033,203091324,Бозоржой
SA-216036,206944904,Дустлик
SA-216037,203091173,Озод
SA-216038,203091134,Тегирмоновул
SA-216039,203091086,Чорлок
SA-216040,203091141,Пичот
SA-216042,203425530,Мустакиллик
SA-14040017,203091119,Коралос
SA-218001,202837715,Болгали
SA-218002,202842361,Тепа
SA-218003,202866363,Мангит
SA-218004,202842378,Мушкент
SA-218005,202830037,Янги арик
SA-218006,202830005,Тортувли
SA-218007,202830013,Козиёкли
SA-218008,202868320,Олтиугил
SA-218009,202830020,Умид
SA-218011,202835575,Дедан
SA-218012,202839657,Ипакёли
SA-218013,202837723,Козикент
SA-218014,202941864,Навруз
SA-218015,203166237,Дустлик
SA-218016,202941871,Мустакиллик
SA-218017,202884129,Узбекистон
SA-218018,202830131,Беклар
SA-218019,202830116,Чархин
SA-218021,202830148,Сохибкор
SA-218022,202830084,Бирлик
SA-218023,202835583,Сарбозор
SA-218024,202896864,Саловат
SA-218025,202829993,Тоткент
SA-218026,202727274,Чайкал
SA-218027,202754241,Ок-олтин
SA-218028,202830069,Кук-ота
SA-218031,202830155,Иймон
SA-218032,202830163,Истиклол
SA-218033,202892206,Турон
SA-218035,202835590,Равот Олчин
SA-218036,202844920,Чорбог
SA-218037,202727259,Узбеккенти
SA-218038,202837708,Тепакургон
SA-218040,202727266,Нарпай
SA-218041,202830124,Баркамол
SA-218042,202866348,Гулистон
SA-218047,202892198,Ногарахона
SA-218049,203053243,Мукимий
SA-218050,202728368,Тинчлик
SA-218051,202728375,Ахиллик
SA-218053,202866331,Янгиобод
SA-218054,202866355,Октош
SA-218056,202703050,Исломобод
SA-14060029,202830044,Нугай
SA-14060009,207327776,Бостон
SA-14060002,203660121,Амир Темур
SA-14060016,202496262,Ислом Шоир
SA-14060030,203053250,Оби xаёт
SA-14060050,202719576,Халкабод
SA-14060049,202815505,Хакикат
SA-14060051,202830091,Хужакорзон
SA-14060052,202830109,Хужакургон
SA-14060043,202835568,Тошкоприк
SA-224002,202573713,Гузал
SA-224003,202884136,Мустакиллик
SA-224004,202884151,Фаровон
SA-224005,202892238,Фидокор
SA-224006,202884175,Бирлашув
SA-224007,202892221,Бахрин
SA-224008,202879663,Тохиршайх
SA-224009,202884144,Жавшарота
SA-224010,202892253,Дарвишик
SA-224011,206984998,Кирковул
SA-224012,202908301,Купаки
SA-224013,202960889,Гулзор
SA-224014,202884168,Янгиобод
SA-224015,202925527,Бошкургон
SA-224016,202892245,Хоса
SA-224017,203313464,Бошчурош
SA-224018,202908293,Гулистон
SA-224019,206691438,Бешкургон
SA-224020,202879703,Жувозхона
SA-224022,206985008,Истиклол
SA-224023,202956171,Октош
SA-224024,202879710,Дустлик
SA-224025,202896896,Маданият
SA-224026,206671114,Бахор
SA-224027,202900455,Шуртепа
SA-224028,202893125,Култусин
SA-224029,202893133,Накурт
SA-224030,202892284,Галлакор
SA-224032,202052657,Тошховуз
SA-224033,202052689,Кумчук
SA-224034,202830242,Хужаобод
SA-224035,202866474,Гойиб ота
SA-224037,202052664,Бунёдкор
SA-224038,202866498,Алиобод
SA-224039,202892980,Туркибола
SA-224040,202052633,Куктепа
SA-224041,202893078,Навбахор
SA-224042,202893085,Полвонарик
SA-224043,202893061,Дустларобод
SA-224044,202052640,Буркут
SA-224046,202830266,Маниобод
SA-224047,202052618,Оккургон
SA-224048,207040874,Сорисув
SA-224049,202893039,Чоштепа
SA-224050,202866459,Зарафшон
SA-224051,202893022,Туполос
SA-224052,202328668,Халкобод
SA-224053,202892997,Бобур
SA-224055,202893093,Илгор
SA-224056,202052625,Томойрот
SA-224057,202866434,Навруз
SA-224058,202844944,Каттасайдов
SA-224059,202893054,Сарбозор
SA-224060,202866506,Уймовут
SA-224061,202898213,Фитрат
SA-224062,303218738,Тараккиёт
SA-224063,202893046,Узбекистон
SA-224064,202866466,Олмазор
SA-224065,202893007,Янги хаёт
SA-14090035,202844937,Мирзо Улугбек
SA-14090002,202879727,Алишер Навоий
SA-14090063,202893014,Эрназаркоргон
SA-14090059,202866442,Хужа Исмоил
SA-14090018,202873839,Дехканобод
SA-14090003,202052672,Ахмад Яссавий
SA-227001,202652528,Гузалкент
SA-227002,202710519,Каршиобод
SA-227003,202920201,Корасув
SA-227004,207236827,Темирул
SA-227006,205174645,Ошик ота
SA-227007,205289604,Олти Кахрамон
SA-227008,204838388,Машъал
SA-227009,206946617,Зормон
SA-227010,202715448,Янгиравот
SA-227011,202920218,Уч тeпа
SA-227012,202706553,Янги кишлок
SA-227013,202702718,Чимбой
SA-227014,205825958,Богишамол
SA-227015,205176849,Бахор
SA-227016,202900424,Утарчи
SA-227017,202732783,Навруз
SA-227018,202759194,Пахтакор
SA-227019,202685914,Мустакиллик
SA-227020,202762446,Беклар
SA-227022,202832445,Янгиобод
SA-227023,202832414,Болдир
SA-227026,202832968,Пулатчи
SA-227030,202832406,Корагуппа
SA-227031,202832714,Жагалбойли
SA-227032,203122172,Бешбола
SA-227033,202832532,Урта чархин
SA-227035,202832524,Шомбулок
SA-227036,202832778,Найман
SA-227037,202832785,Балхиян
SA-227038,202832793,Чортут
SA-227039,202832761,Камолот
SA-227043,202832556,Чархин
SA-227044,202832564,Ок олтин
SA-227045,202832595,Гулакандоз
SA-227046,202832588,Тинчлик
SA-227049,202832975,Турон
SA-227050,202832754,Туркман
SA-227051,202832746,Янги саноат
SA-227053,205789909,Имомжон кадимий ёдгорлиги
SA-227055,202832453,Галатут
SA-227056,202832421,Гумбаз
SA-227057,202832460,Истикбол
SA-227060,202832484,Санчикул
SA-227061,202832517,Хончорбог
SA-227062,203655356,Элбeк
SA-227063,202832492,Турттом
SA-227064,202796790,Илм
SA-227065,206007652,Бобур
SA-227066,202832477,Мехнат
SA-227067,202803773,Коксой
SA-227068,203728217,Навбахор
SA-227069,204882572,Янги авлод
SA-227070,207236834,Гулистон
SA-227071,202832929,Сазагон
SA-227073,207203495,Самарканд
SA-227074,202832674,Катортерак
SA-227075,202832643,Олмазор
SA-227076,202832604,Катта найман
SA-227077,202832667,Ок мангит
SA-227078,202832611,Эски жума
SA-227079,202832650,Кичик найманча
SA-227080,202832334,Болтали
SA-227082,202832366,Лолазор
SA-227083,202832398,Равот
SA-227084,202832381,Искандари
SA-227085,202832359,Бахшибойи
SA-227088,207236842,Гулобод
SA-227090,202832857,Буюк турон
SA-227091,207111738,Чандиробод
SA-227093,202832840,Эсабой
SA-227097,202832872,Беш найман
SA-227099,207134044,Тор-арик
SA-227100,207103485,Пахтачи
SA-227102,202832628,Парчакора
SA-227103,204112983,Мангитобод
SA-227104,202832635,Парча чандир
SA-227105,204597357,Новчандир
SA-227106,202832904,Фуркат
SA-227107,207309434,Қорамангит
SA-14100097,202832912,Шароф Рашидов
SA-14100077,202832500,Тeмир хужа
SA-14100044,202832374,Куйи даргом
SA-14100102,207132885,Юкори богонали
SA-14100027,202832342,Зангибойи
SA-14100047,202832549,Куш чинор
SA-14100002,202832983,Алишер Навоий
SA-14100003,202832944,Амир Темур
SA-14100043,202832707,Коровултепа
SA-14100055,202832571,Мирзо Улугбек
SA-14100075,202832682,Синчи
SA-14100023,207074412,Дурмансой
SA-14100090,202832951,Ховузак
SA-14100051,206849547,Мароканда
SA-14100026,202832833,Жоул Косим
SA-14100081,202832438,Тукбой
SA-14100054,202832801,Мирзатут
SA-14100046,202710526,Кушкудук
SA-14100038,204999917,Козок найман
SA-14100012,202832818,Боганалий
SA-14100045,202832722,Кукани
SA-230002,206815028,Мирзо Олим
SA-230003,202637323,Сардоба
SA-230004,202637315,Хунарманд
SA-230005,202637251,Гуругли
SA-230007,202637290,Корпа
SA-230009,202637140,Буркут
SA-230013,202637061,Тома
SA-230014,206815011,Мирзо Нодим
SA-230015,202637046,Ёбу
SA-230017,202637212,Болтали
SA-230019,202637204,Украш
SA-230020,207015999,Фаровон юлдошобод
SA-230021,202637244,Жона
SA-230022,202637308,Найман
SA-230023,202637022,Кайнарбулок
SA-230024,202637014,Дабускалъа
SA-230025,202637172,Шамсназар
SA-230026,206826124,Чоргуша
SA-230027,202637402,Дунг
SA-230028,206815035,Кештали
SA-230029,202637347,Зарафшон
SA-230030,202637330,Боголони
SA-230031,202637196,Янгиобод
SA-230032,202637229,Гулобод
SA-230033,202637379,Сулувкоргон
SA-230035,207015001,Тараккиёт
SA-230036,207133267,Киргули
SA-230037,202637101,Амиробод
SA-230038,202637118,Сарой
SA-230039,202637093,Можор
SA-230041,202637078,Октепа
SA-230043,202637085,Ободон
SA-230046,202637236,Бостон
SA-230048,207008698,Жахонобод
SA-230049,202637189,Миркан
SA-230050,202637386,Гулистон
SA-230051,202637419,Тадбиркор
SA-230052,207016919,Коратепа
SA-230053,202637426,Фай
SA-230054,202637157,Истиклол
SA-230055,202637354,Карнабота
SA-230056,202637133,Чашма
SA-230057,202637362,Мирзо Улугбек
SA-230058,202637164,Амир Темур
SA-230059,206816231,Тошкоприк
SA-14110050,202637394,Ургуч
SA-14110047,202637039,Туголон
SA-14110030,202637125,Мирзо Салими
SA-14110025,202637268,Кувондик
SA-14110053,202637275,Хайит Элбеги
SA-14110027,207015714,Кушховуз
SA-233001,203645692,Охалик
SA-233002,203640827,Урта охалик
SA-233003,203643671,Миронкул
SA-233004,204580213,Паррандачилик
SA-233005,203640794,Янгижой
SA-233006,203643560,Урташик
SA-233007,203643664,Гулбог
SA-233008,203640859,Косахо
SA-233009,203322675,Сулфакабутак
SA-233011,203640842,Мирзо Улугбек
SA-233012,203640898,Хаймари боло
SA-233013,203645660,Хаймари поён
SA-233014,203639937,Чоршанба
SA-233015,203643538,Бузи
SA-233017,203146744,Андижони
SA-233019,204580094,Навобод
SA-233021,202649442,Диёр
SA-233022,203441568,Шурбоича
SA-233023,203466314,Шурбои
SA-233024,203524305,Равонак
SA-233025,203643592,Чаман
SA-233026,203234112,Талибарзуи боло
SA-233028,203244274,Козикургон
SA-233029,203152800,Жуйи Аббос
SA-233030,203639865,Козиарик
SA-233032,203639873,Кyштамгали
SA-233033,203639897,Конигил
SA-233034,203640866,Ражабамин
SA-233035,203361328,Пулимугоб
SA-233036,203643617,Чумчукли
SA-233037,203645653,Бадал
SA-233038,203645677,Саховат
SA-233039,203643624,Арабхона
SA-233041,205531177,Нурафшон
SA-233042,203639969,Юкори туркман
SA-233043,203388578,Урта туркман
SA-233044,203639976,Куй туркман
SA-233045,203643688,Юкори чордара
SA-233046,203639952,Куйи чордара
SA-233047,203317554,Урганжи
SA-233048,203643743,Бухори
SA-233049,204081819,Дустлик
SA-233051,203643735,Кайнама
SA-233052,203638946,Навбог
SA-233053,203638954,Захлик
SA-233054,203640787,Миришкор
SA-233055,203640770,Ипакчи
SA-233056,203645684,Янгиравот
SA-233057,204579964,Янгиобод
SA-233058,203643553,Узбеккенти
SA-233060,203368436,Рустам
SA-233061,203560934,Окмачит
SA-233062,203176249,Кумзор
SA-233063,204275235,Кушкуприк
SA-233064,203640874,Дехнав
SA-233065,204072045,Кавчинон
SA-233066,203643632,Кавчинониболо
SA-233067,203640834,Даштиобод
SA-233068,203643695,Жаркишлак
SA-233069,203661057,Ангаролмос
SA-233070,203639905,Кушмачит
SA-233071,203638914,Гулобод
SA-233072,203272271,Обод
SA-233073,203640763,Шалгамон
SA-233074,204019299,Ширинобод
SA-14120038,203645638,Найзатепа
SA-14120060,203648854,Хишров
SA-14120061,203648879,Хужа Ахрори Вали
SA-14120071,203640803,Янгиарик
SA-14120027,203657654,Кулба
SA-14120024,203638922,Шароф Рашидов
SA-14120052,203514619,Талибарзу поён
SA-14120014,203597904,Жуй-сой
SA-14120039,205653326,Юкори Кайнама
SA-235001,206142257,Сарой
SA-235002,202639898,Сазагон
SA-235003,202639914,Тепакул
SA-235004,202640044,Навруз
SA-235005,202640051,Шарк Юлдузи
SA-235006,202640036,Амир Темур
SA-235007,204269946,Мехнаткаш
SA-235008,202639906,Оксой
SA-235009,202639881,Сарикул
SA-235010,202639810,Улус
SA-235012,206200263,Бошкудук
SA-235013,202639803,Олтинсой
SA-235014,206994874,Достлик
SA-235015,202639874,Жом
SA-235017,204343482,Тегирмонбоши
SA-235018,202639866,Омондара
SA-235020,202639921,Нурбулок
SA-235021,204503014,Пулатчи
SA-235022,202639945,Нурдум
SA-235023,202639953,Машъал
SA-235024,202639960,Киличли
SA-235025,202639977,Жаркудук
SA-235026,306314237,Лолазор
SA-235028,202639834,Олга
SA-235029,202639842,Чорвадор
SA-235031,202639992,Аработа
SA-235032,202639984,Бунёдкор
SA-235033,202640004,Булокбоши
SA-235034,202640012,Агрон
SA-235035,207084036,Навбахор
SA-235036,202640029,Сахоба
SA-235037,306314252,Нурафшон
SA-14070034,202639827,Уртабуз
SA-14070039,202639938,Юксалиш
SA-14070037,308032491,Чортут
SA-14070015,308018247,Иттифок
SA-14070011,202639859,Гирдикургон
SA-14070017,207084029,Кургонча
SA-14070035,204309720,Халкабод
SA-236001,202830464,Тошарик
SA-236002,202818191,Кутарма
SA-236003,202826619,Жайратепа
SA-236004,202818310,Узбекистон
SA-236005,202818327,Испанза
SA-236006,202818359,Етти уйлик
SA-236007,202818366,Урта гузар
SA-236008,202818334,Куйи гузар
SA-236009,202830360,Хужа гузар
SA-236010,202818342,Сой Гузар
SA-236011,202818231,Сой Гус
SA-236012,202833032,Турткул
SA-236013,202818303,Чоштепа
SA-236014,202820452,Гиждувон
SA-236015,202820444,Муродкишлок
SA-236017,202820420,Куйи Муминобод
SA-236019,202830392,Чумчукли
SA-236020,202830432,Терак
SA-236021,202833024,Куйикишлок
SA-236022,202820563,Жаркишлок
SA-236023,202830384,Бешёгоч
SA-236026,202855170,Ишчан
SA-236027,202837747,Рахматобод
SA-236028,202849107,Бойбул
SA-236029,207241949,Жартепа
SA-236030,202837730,Ватак
SA-236031,202863866,Узун
SA-236032,203071016,Тинчлик
SA-236033,202835719,Суфи
SA-236034,202835694,Мугол
SA-236035,202818374,Почвон
SA-236036,202818381,Хужабаланд
SA-236037,202833049,Кайрокли
SA-236038,202818216,Санчикул
SA-236039,202830400,Гойибота
SA-236040,202961981,Юкори бешкапа
SA-236041,202818224,Бешкапа
SA-236042,202820548,Гулобод
SA-236043,202855187,Урамас
SA-236044,202820484,Урокбойжар
SA-236046,202818209,Ипакли
SA-236047,202818184,Куйи алгар
SA-236048,202855163,Куйи тегана
SA-236049,202820469,Юкори тегана
SA-236050,202820516,Алгар
SA-236051,202820476,Мирзакишлок
SA-236052,202820627,Мерганча
SA-236054,202839672,Камонгарон
SA-236056,202835630,Окмачит
SA-236057,202835647,Мангітобод
SA-236058,202657884,Бирлик
SA-236059,202839736,Жозмон
SA-236060,202839744,Этак бeшкапа
SA-236061,202839696,Бекравот
SA-236062,202826634,Жураптепа
SA-236063,202835679,Бунёдкор
SA-236064,202835654,Вагашти
SA-236065,202835662,Сариктепа
SA-236068,202830449,Юкори санчикул
SA-236069,202830338,Нисбот
SA-236070,202855210,Совгон
SA-236071,202849099,Тарокли
SA-236072,202830511,Украч
SA-236073,202820587,Бахрин
SA-236074,202820570,Кенагас
SA-236075,202820594,Корабулок
SA-236076,202818287,Коратепа
SA-236077,202818263,Бешкон
SA-236079,202830417,Омонкутан
SA-236080,202818248,Терсак
SA-236082,202818270,Узунсой
SA-236083,202855194,Юкори калангар
SA-236084,202830353,Суфиён
SA-236085,202830528,Андак
SA-236086,202657813,Чорраха
SA-236087,202855203,Гулистон
SA-236088,202835702,Пастки калангар
SA-236089,202657955,Камардон
SA-236091,202818294,Дустлик
SA-236092,202839704,Чор чинор
SA-236093,202658012,Мазортепа
SA-236094,202833000,Навбог
SA-236095,202826641,Катта торинжак
SA-236096,202820603,Кулоллик
SA-236097,202820531,Гуслик
SA-236099,202830471,Чагизмон
SA-236100,202830488,Богишамол
SA-236101,202849114,Навруз
SA-14140118,309114000,Булакбоши
SA-14140096,202835726,Хужайдюк
SA-14140105,202818176,Юкори Кайрокли
SA-14140119,309257812,Бешбулак
SA-14140114,202820491,Чеп
SA-14140034,202830345,Кайнарбулак
SA-14140029,308634763,Заравшан
SA-14140121,309104274,Халкобод
SA-14140021,202833017,Декхконобод
SA-14140122,309268324,Истиклол
SA-14140061,202820413,Моминобод
SA-14140063,308631063,Мустакиллик
SA-14140112,309062074,Урта вагашти
SA-14140030,202818255,Ипак йоли
SA-14140051,308639724,Куйи урокбойжар
SA-14140058,308673479,Мирзабоглон
SA-14140109,202820509,Янгиобод
SA-14140111,308660946,Янгихаёт
SA-14140043,202860640,Мингтепа
SA-14140113,308128933,Куйи торинжак
SA-14140014,202820524,Ваткан-Козибeк
SA-14140093,308603026,Хожа Ахрор Валий
SA-14140110,309268972,Бинокор
SA-14140115,308830149,Янги вагашти
SA-14140117,309126516,Ширвокота
SA-14140048,308602526,Куйи камонгарон
SA-14140016,202826626,Гиштмачит
SA-14140039,308605704,Катта камонгарон
SA-238001,202859839,Зарафшон
SA-238002,202854419,Хожайуз
SA-238003,202832191,Дустлик
SA-238004,202895787,Узбекистон
SA-238006,202854402,Янги Хаёт
SA-238008,202868202,Гулба
SA-238009,202832169,Олмазор
SA-238010,202832152,Нуроний
SA-238011,202844675,Урай элипок
SA-238012,202868219,Галаботир
SA-238013,202844668,Тараккиёт
SA-238014,202859814,Бирлик
SA-238015,202832144,Чарогбон
SA-238016,202931440,Богичинор
SA-238017,202844762,Кушчинор
SA-238018,202813871,Муборак
SA-238019,202844794,Навбахор
SA-238021,202844730,Коргонча
SA-238022,202868226,Ворсин
SA-238023,202844636,Беклар
SA-238024,202844612,Хончорбог
SA-238025,202832184,Маданият
SA-238026,202844779,Сариосиё
SA-238027,202844708,Адас
SA-238028,202868115,Шопулот
SA-238029,202868179,Навзандак
SA-238030,202863676,Ястепа
SA-238032,202863709,Сарибозор
SA-238033,202863716,Жумабозор
SA-238034,202868123,Жалолобод
SA-238035,202868130,Уртакишлок
SA-238036,202868186,Тепакишлок
SA-238037,202868194,Таллиота
SA-238038,202844819,Файзиобод
SA-238039,202868154,Истиклол
SA-238040,202844644,Сочак
SA-238041,202844651,Гулобод
SA-238042,202844715,Узункишлок
SA-238043,202844754,Эскижума
SA-238044,202844690,Бунёдкор
SA-238045,202844747,Украч
SA-238046,202859846,Найман
SA-238047,202844802,Илмобод
SA-238048,202868162,Нурафшон
SA-238049,202844683,Давлатобод
SA-238050,202844786,Равот
SA-14130046,202832176,Чорбогтепа
SA-14130043,202863691,Хожакишлок
SA-14130026,202844723,Бахшитепа
SA-14130004,202854394,Богизагон
SA-401003,202715534,Анхор
SA-401006,203648862,Бекхо
SA-401007,202693722,Бирлик
SA-401008,202704595,Боги Тeмур
SA-401009,202686904,Боги Чинор
SA-401010,202690386,Бунёдкор
SA-401012,202684836,Гулбахор
SA-401013,202680802,Гулистон
SA-401015,203639920,Дукчиён
SA-401020,202706466,Лолазор
SA-401021,202646748,Лохутий
SA-401025,202706506,Мададкор
SA-401026,203644630,Минг тут
SA-401027,202689433,Мустакиллик
SA-401028,202693739,Навбахор
SA-401029,202649394,Навбогчиён
SA-401031,202715542,Панжоб
SA-401033,203483373,Саид
SA-401034,203640731,Саттепо
SA-401035,202680819,Сиёбча
SA-401036,202836692,Тадбиркорлар
SA-401040,202646272,Фаровонлик
SA-401044,202686872,Хужа-Соат
SA-401047,202643926,Янги Хаёт
SA-401050,203936228,Афросиёб
SA-401052,204580205,Боги-Мирзо
SA-401053,203399374,Боги Сафед
SA-401055,203643656,Богибаланд
SA-401056,204250354,Богимайдон
SA-401059,203640906,Гала Осиё
SA-401060,203936378,Геологлар
SA-401061,203158128,Гулобод
SA-401064,203936891,Дари занжир
SA-401067,202606124,Жуйичукур
SA-401068,203936401,Зарафшон
SA-401070,203936307,Ибн Сино
SA-401072,203936679,Имом Восе
SA-401073,203936504,Истикбол
SA-401074,203640914,Кавола
SA-401075,203638961,Кафтархона
SA-401077,203936955,Кулоллар
SA-401078,203643728,Кир
SA-401079,202649370,Кургонча
SA-401080,203937258,Куш ховуз
SA-401083,203936647,Мароканд
SA-401084,203640810,Маърифат
SA-401085,203645621,Мотрид
SA-401086,203936472,Муборак
SA-401089,203936188,Намозгох
SA-401092,203936204,Оксарой
SA-401093,203937115,Расадхона
SA-401094,203936590,Регистон
SA-401095,207296832,Абдулла Авланий
SA-401097,203639880,Сайхун
SA-401098,203936575,Сарбадорлар
SA-401100,203936425,Сузангарон
SA-401102,203936457,Тошкент
SA-401105,203937029,Фидойилар
SA-401111,203936322,Хожа Дониёр
SA-401112,203936346,Хожа Зудмурод
SA-401114,203651694,Хумо
SA-401117,203936876,Чашма
SA-401118,202649427,Чилстун
SA-401119,203937075,Шарк
SA-401120,203936536,Шарк тонги
SA-401121,203936149,Шахриобод
SA-401123,203936339,Юксалиш
SA-401125,203019774,Адолат
SA-401127,202949970,Ал-Бухорий
SA-401128,202949987,Али-Кушчи
SA-401130,202952921,Амир Tемур
SA-401131,202950133,Барака
SA-401132,202950212,Бахор
SA-401133,202950039,Беклар
SA-401135,202950236,Бeш чинор
SA-401136,202948624,Богбонлар
SA-401137,202952842,Богдод
SA-401138,202950022,Богисарой
SA-401139,202948774,Богистон
SA-401140,202950196,Богишамол
SA-401142,202950007,Ватанпарвар
SA-401143,202950229,Гуллар боги
SA-401145,202950054,Дустлик
SA-401146,202949931,Ёшлар
SA-401147,202950204,Зиёкорлар
SA-401148,202952960,Зиёлилар
SA-401149,202952945,Зулфия
SA-401150,202948750,Илгор
SA-401151,202979364,Илмобод
SA-401152,202948664,Ипак йули
SA-401153,202952906,Истиклол
SA-401154,202949948,Камолот
SA-401155,202950101,Катта арик
SA-401156,202952938,Катта кургон
SA-401160,202948807,Майсазор
SA-401161,202949963,Мархабо
SA-401162,202948632,Матонат
SA-401163,202950061,Машъал
SA-401164,202950172,Мевазор
SA-401165,202948822,Мехнат
SA-401167,202950157,Найман
SA-401168,203936496,Нафосат
SA-401169,202952898,Нодирабегим
SA-401170,202948688,Нурли ёл
SA-401171,202966753,Олтин аср
SA-401172,202948743,Орзу
SA-401173,202943949,Рахматобод
SA-401175,202956124,Садаф
SA-401176,202952881,Сайкал
SA-401177,202948799,Саховат
SA-401178,202950085,Севали Ота
SA-401179,202950164,Семург
SA-401180,202948711,Сугдиёна
SA-401181,202948649,Темирйулчилар
SA-401182,202948671,Теракзор
SA-401183,202951234,Тинчлик
SA-401184,202979357,Тожмахал
SA-401185,202948735,Токзор
SA-401186,202948695,Турон
SA-401187,202950189,Тутзор
SA-401188,202952953,Увайсий
SA-401189,202952914,Урикзор
SA-401192,202950093,Хазора
SA-401193,202950014,Хаётобод
SA-401194,202948728,Хунармандлар
SA-401195,202948704,Шодлик
SA-401196,202950118,Юлдуз
SA-401197,203936551,Бунёд
SA-401198,203729326,Даргом
SA-401199,202704611,Ёшлик
SA-401200,203650782,Маданият
SA-401201,202710329,Навруз
SA-401202,203696306,Нурафшон
SA-401203,203650774,Нурли келажак
SA-401204,203895027,Чилкудук
SA-401205,202649434,Чорбог
SA-401206,203936440,Чупон ота
SA-401207,204062990,Ширин
SA-401208,203664464,Шукрона
SA-401209,207291278,Обод маскан
SA-401210,207286464,Бахтли хаёт
SA-14160043,202722503,Бостон
SA-14160032,203936719,Боги Фeруза
SA-14160184,202732450,Хофиз Шерозий
SA-14160018,308019775,Баходир Ялангтуш
SA-14160185,203936195,Хужа Абдударун
SA-14160011,202683742,Алишер Навоий
SA-14160192,202700284,Хужа Юсуф
SA-14160187,203643577,Хужагунжойиш
SA-14160115,202948814,Мирзо Бедил
SA-14160002,203936267,Абдулла Каххор
SA-14160097,202649387,Кул
SA-14160054,203936924,Давлатшох Самаркандий
SA-14160116,202956132,Мирзо Улугбек
SA-14160145,203936299,Садриддин Айний
SA-14160209,203936765,Эски Каландархона
SA-14160048,203936274,Гиёсиддин Жамшид
SA-14160081,202796633,Камолиддин Бехзод
SA-14160114,202635509,Мир Саид Барака
SA-14160040,202686896,Ботирзокиров
SA-14160083,308020966,Корасув
SA-14160005,308646527,Азизон
SA-14160003,203936164,Абдурахмон Жомий
SA-14160170,202710336,Узбекистан
SA-14160046,203936132,Гафур Гулом
SA-14160007,202952834,Аль-Фароби
SA-14160206,308616570,Шодиёна
SA-14160055,202950046,Дамарик-1
SA-14160053,203936837,Гури-Амир
SA-14160210,203658375,Юкорихожасахат
SA-14160089,203643649,Куйи хужасахат
SA-14160105,202694816,Масжиди Кунгирокдор
SA-14160186,203936529,Хожа Ахрор Вали
SA-14160091,202644537,Коксарой
SA-14160016,202698295,Ахмад Яссавий
SA-14160173,203443969,Урта хужасахат
SA-14160215,203936243,Янги хайробод
SA-14160153,203768064,Саъди Шeрози
SA-14160090,203937012,Кук масжид
SA-14160067,202693746,Заргартeпа
SA-14160180,203936235,Халифа Ибрахим
SA-14160107,202950140,Максуд Шайхзoда
SA-14160010,202952874,Саидризо Ализода
SA-14160059,202644513,Дeвори Кундаланг
SA-14160084,202948656,Карши йули
SA-14160195,203936385,Чакар
SA-14160120,203450557,Молёни поён
SA-14160190,203639984,Хужакишлок
SA-14160213,202708424,Янгикоргoн
SA-14160023,202952984,Абу Райхон Беруний
SA-14160143,202948782,Абу Абдулло Рудакий
SA-14160171,203936797,Ургути-1
SA-14160095,203936156,Кушбакколи
SA-14160196,308529465,Чармгари
SA-14160119,203643704,Молиён
SA-14160181,203936948,Халкобод
SA-14160182,202652449,Хамид Олимжон
SA-406001,202724254,Чинобод
SA-406002,202723969,Кухнадам
SA-406003,202724262,Урикзор
SA-406004,202724072,Эрмачит
SA-406005,202724247,Навбахор
SA-406006,202724279,Дамарик
SA-406008,202724040,Гарб мачит
SA-406009,202724033,Чордара
SA-406010,202724129,Ок олтин
SA-406011,202724112,Баландч ордара
SA-406012,202724136,Дустлик
SA-406013,202724096,Миёнкол
SA-406015,202724215,Кориравот
SA-406016,202724064,Нокис
SA-406017,202724151,Бахористон
SA-406018,202724175,Кунжупай
SA-406019,202724144,Нурафшон
SA-406021,202723952,Каттакургон
SA-406025,202723937,Нуробод
SA-406027,202724018,Гузалкент
SA-406028,202724057,Зарифобод
SA-406032,202724286,Зиёлилар
SA-406034,202724183,Мехржон
SA-406035,202723984,Яккабог
SA-406036,207302468,Ватанпарвар
SA-14150032,202723944,Усмон Носир
SA-14150016,202724001,Ислом Шоир
SA-14150001,202723991,Абдулло Каххор
SA-14150003,202724025,Амир Темур
SA-14150021,202724168,Кушховуз
SI-206001,202922744,Коркамдиёр
SI-206003,202922776,Саховат
SI-206004,202922752,Янги давр
SI-206005,202922809,Обод
SI-206006,202922816,Янги хаёт
SI-206008,202922831,Мустакиллик
SI-206009,202327424,Андижон
SI-206010,202890217,Ахиллик
SI-206011,202890200,Бустон
SI-206012,202890224,Шодлик
SI-12040001,202922769,Алишер Навоий
SI-212001,202890295,Маданият
SI-212002,202890264,Ижодкор
SI-212003,202890256,Сохил
SI-212004,202890249,Беруний
SI-212005,202890288,Учтургон
SI-212008,302778074,Манавият
SI-212009,202890446,Сармич
SI-212010,202890439,Жолангар
SI-212012,202890422,Олмазор
SI-212015,202890304,Анорзор
SI-212016,202890407,Бекат
SI-212017,202890414,Карапчи
SI-212019,202890311,Мукумий
SI-212020,202890399,Бобоюрт
SI-212021,202890232,Марказ
SI-212022,202890335,Пахтакор
SI-212023,202890343,Узбекистон
SI-212026,202890454,Миришкор
SI-212027,202890461,Бунёдкор
SI-212029,202890525,Янги бустон
SI-212030,202890518,Дустлик
SI-212034,202890350,Ифтихор
SI-212035,202890374,Янгиобод
SI-212036,202894504,Зиёкор
SI-212037,202894471,Навбахор
SI-212038,205084385,Ширин
SI-12010001,202890485,Алишер Навоий
SI-12010037,207333460,Янги авлод
SI-12010027,202890501,Садриддин Айний
SI-12010023,302778059,Навруз
SI-12010032,202890478,Усмон Юсупов
SI-216001,202905069,Шодлик
SI-216002,202905052,Турон
SI-216003,202905400,Гулбулок
SI-216005,202905417,Дустлик
SI-216006,202905345,Пахтаобод
SI-216007,202905353,Олгабос
SI-216008,202905377,Синтоб
SI-216009,202905131,Иттифок
SI-216010,202905163,Нуробод
SI-216011,303785714,Узбекистон
SI-216012,202905227,Паймард
SI-216013,202905234,Фаровон
SI-216014,202905274,Бахмалсой
SI-216015,202905321,Нурли йул
SI-216016,202905076,Гулистон
SI-216017,202905116,Мустакиллик
SI-216018,202905109,Урикзор
SI-216019,303798001,Янги хаёт
SI-220001,202904766,Зарбдор
SI-220002,202904759,Юлдуз
SI-220003,202904781,Мевазор
SI-220004,202904774,Ишонч
SI-220006,202904971,Бахмал
SI-220008,202904687,Тажрибакор
SI-220009,205872419,Сойибобод
SI-220010,202904956,Теракзор
SI-220011,202904964,Боёвут
SI-220013,202904877,Олтин водий
SI-220014,202904884,Фуркат
SI-220016,202904576,Сохилобод
SI-220017,205872458,Бешбулок
SI-220018,202904648,Чорток
SI-220019,202904860,Мустакиллик
SI-220020,202904584,Бирлашган
SI-220022,202904631,Ахиллик
SI-220023,310097769,Достлик
SI-220025,202904806,Ибрат
SI-12020026,310245156,Иноклик
SI-12020002,202904814,Ахмад Яссавий
SI-12020022,202904734,Хамид Олимжон
SI-12020024,202904892,Шарк хакикати
SI-12020001,202904609,Алишер Навоий
SI-226001,202930695,Юртдош
SI-226002,202930688,Дустлик
SI-226003,202930767,Кургонтепа
SI-226004,202930728,Бирлик
SI-226005,202930711,Отаюрт
SI-226006,200317034,Янгикишлок
SI-226008,202930545,Куйитош
SI-226009,202930538,Файзлиобод
SI-226010,202930521,Навруз
SI-226011,202930584,Пахтакор
SI-226012,202930592,Бирлашган
SI-226015,202930624,Бустон
SI-12050013,202930553,Халкобод
SI-12050011,202930632,Равот
SI-228001,202876059,Бахористон
SI-228002,202876042,Йулдошобод
SI-228003,202905013,Навбахор
SI-228005,202945859,Богистон
SI-228006,202927817,Донгарик
SI-228007,202924575,Навроз
SI-228008,202905020,Нурафшон
SI-228009,202962331,Мирзачул
SI-228010,202924512,Дехконобод
SI-228011,202965098,Ойдин
SI-228012,202924551,Околтин
SI-228014,202935450,Тинчлик
SI-228015,202924529,Тошкент
SI-228017,202924536,Янги хаёт
SI-12030006,202924568,Мирзо Улугбек
SI-12030017,207336267,Янги Узбекистон
SI-12030013,202924544,Тургун Ахмедов
SI-231001,202893853,Бахмал
SI-231002,202893798,Бунёдкор
SI-231003,202893734,Ёшлик
SI-231004,203300609,Ишонч
SI-231006,202893838,Тадбиркор
SI-231007,202893988,Тараккиёт
SI-231008,202893845,Улугбек
SI-231009,202893932,Хикматли
SI-231010,202893917,Ахиллик
SI-231011,202893727,Бахор
SI-231012,202894109,Истикбол
SI-231013,202893900,Орзу
SI-231014,202893806,Тинчлик
SI-231015,205884893,Туркистон
SI-231016,202893821,Хазина
SI-231017,202894091,Янгиобод
SI-231018,202893781,Адолат
SI-231019,202894187,Бешбулок
SI-231020,202894044,Заршунос
SI-231021,202894005,Илгор
SI-231022,202894148,Интилиш
SI-231023,202894037,Куёш
SI-231024,202894170,Навроз
SI-231025,202894163,Ок йул
SI-231027,202893860,Фуркат
SI-231028,202893703,Шоликор
SI-231029,202894020,Элобод
SI-231031,202893814,Дустлик
SI-231032,202893956,Зиёкор
SI-231033,202893964,Исломобод
SI-231034,202893971,Матонат
SI-231035,202894084,Навоий
SI-231036,202893759,Пахтакор
SI-231037,202893766,Ширин
SI-231038,202893742,Окибат
SI-12070031,202893995,Фаровон
SI-12070018,202894013,Камолот
SI-12070008,202894076,Дехконобод
SI-235001,202715241,Истиклол
SI-235002,202697470,Чаманзор
SI-235003,202680976,Тинчлик
SI-235004,202680952,Карвонсарой
SI-235005,202680969,Етти гузар
SI-235006,202684954,Дустлик
SI-235007,303741832,Бунёдкор
SI-235008,202894266,Мустакилликнинг 25-Йиллиги
SI-235009,202894574,Фарход
SI-235010,202894203,Гулбахор
SI-235011,202894639,Ободтурмуш
SI-235012,303336228,Сохибкор
SI-235013,205206707,Коракум
SI-235014,203222254,Кайирма
SI-235015,205206699,Шаркобод
SI-235016,202894424,Афросиёб
SI-235018,303312677,Мустакиллик
SI-235020,202894345,Ховособод
SI-235021,202888067,Янгиер
SI-235022,202882273,Пахтакор
SI-235023,202874647,Хуснобод
SI-235024,202876034,Кахрамон
SI-235025,202895534,Бустон
SI-235026,202876066,Бинокор
SI-12080021,202894464,Узбекистон тукинчилиги
SI-12080017,202894456,Окчангал
SI-401001,202933564,Ахиллик
SI-401002,202886022,Дустлик
SI-401003,202922966,Навбахор
SI-401004,202933612,Намуна
SI-401005,202930782,Тараккиёт
SI-401006,202922974,Шодлик
SI-401007,202933629,Янгихаёт
SI-401008,202933596,Бустон
SI-401009,205101893,Истиклол
SI-401010,202934570,Улугобод
SI-401011,202933604,Бахор
SI-401012,202941484,Маданият
SI-401013,202933572,Манавият
SI-401014,202933589,Обод юрт
SI-401015,202967332,Улугйул
SI-401016,202917970,Богишамол
SI-401017,207305684,Ибратли
SI-401019,202922981,Сайкал
SI-12100003,207333398,Бахт
SI-12100006,207333366,Буюк келажак
SI-12100015,207333406,Нихол
SI-12100016,207333359,Нурафшон
SI-12100019,207333381,Сохил
SI-410001,204081114,Дустлик
SI-410003,204081106,Мирзоулугбек
SI-410004,202902792,Бунёдкор
SI-410005,202902784,Фарход
SI-410006,204081138,Нуробод
SI-410007,305966653,Ватанпарвар
SI-12090001,204081121,Амур Темур
SI-413001,202818944,Темурмалик
SI-413006,202684979,Марифат
SI-413007,202691836,Бинокор
SI-413008,202684962,Наврузобод
SI-12110009,202836012,Шодиёна
SI-12110008,207333231,Фазилат
SI-12110011,207333414,Юксалиш
SI-12110012,310116355,Янгиобод
SI-12110010,201306664,Шукрона
SI-12110003,207333248,Давлатобод
SI-12110004,200330921,Захириддин Мухаммад Бобур
SI-12110001,202757704,Абдурахмон Жоми
SU-201001,202712547,Зардакул
SU-201004,207310861,Сохибкор
SU-201005,202504805,Чинор
SU-201008,202712523,Хайрандара
SU-201010,202712490,Тогай Мурод
SU-201011,202694998,Мингчинор
SU-201012,202491641,Яккатут
SU-201013,203882043,Шакаркамиш
SU-201014,202493339,Олмазор
SU-201015,202501414,Хидиршо
SU-201016,202511630,Дугоба
SU-201017,202501406,Екраз
SU-201018,202493361,Сайрак
SU-201019,202493354,Овчи
SU-201020,204814734,Коратепа
SU-201021,202712429,Маданият
SU-201022,202712436,Жиянбобо
SU-201023,202712412,Гулистон
SU-201026,202493322,Корлик
SU-201027,202491658,Бустон
SU-201028,202694981,Кумпайкал
SU-201029,202712389,Жилибулок
SU-201030,202504820,Ботош
SU-201031,202712372,Бибизайнаб
SU-201032,202712396,Окарбулок
SU-201036,202511615,Жобу
SU-201038,202712451,Ипок
SU-201039,202712444,Чеп
SU-201040,204031404,Обшир
SU-201041,202493346,Гулобод
SU-201042,205614089,Халкобод
SU-201043,202712357,Миршоди
SU-201044,203480464,Шохча
SU-201045,202712364,Карсаган
SU-201046,202712508,Янгиарик
SU-201048,204134078,Беш Бола Пахлавон
SU-201049,203505613,Мустакиллик 10- йиллиги
SU-201050,202712325,Курама-1
SU-201051,202712333,Обод Турмуш
SU-201052,202712340,Кизилтепа
SU-201053,203948576,Гулчечак
SU-201054,207063917,Баркамол Авлод
SU-19090046,207100814,Ходжайпок
SU-19090042,202504813,Тухтамиш
SU-19090038,202712483,Хужасоат
SU-19090025,203531154,Кушарча
SU-19090030,202712475,Муминкул
SU-19090016,204029895,Нурафшон
SU-19090008,203954317,Обод Вахшивор
SU-19090007,202511647,Катта вахшивор
SU-19090001,203964368,Шодлик
SU-19090027,202712468,Мармун
SU-19090054,202694974,Янгикурилиш
SU-19090032,203914397,Навроз
SU-202001,201318016,Улугбек
SU-202002,202309120,Хожанкон
SU-202003,202299894,Гулзор
SU-202004,201318206,Янгиобод
SU-202005,202308842,Корасув
SU-202006,201318198,Гулистон
SU-202007,201318181,Юкори Таллимарон
SU-202008,201317974,Толкин
SU-202010,202314757,Юкори Таллашкон
SU-202011,202759994,Гиламбоб
SU-202012,201318166,Хомкон
SU-202013,201318238,Карвон
SU-202014,202760006,Таллашкон
SU-202016,202760014,Зартепа
SU-202017,202760021,Занг-Гиламбоб
SU-202018,201318174,Каттакум
SU-202019,201317999,Чинобод
SU-202022,202797204,Маданият
SU-202023,201318221,Марказ
SU-202024,202316912,Кайран
SU-202025,201318063,Кадимий Ангор
SU-202028,202308960,Янги турмуш
SU-202030,202308984,Фаравон
SU-202031,201299610,Илгор
SU-202032,202309097,Бахор
SU-202033,202299903,Навроз
SU-202034,202308881,Узбекистон
SU-202036,204315184,Шаркгули
SU-19010019,202308866,Навбахор
SU-19010021,202308945,Новшахар
SU-19010006,202316896,Янгихаёт
SU-19010016,202316929,Коштегирмон
SU-19010022,202309080,Дустлик
SU-19010014,202316904,Корабог
SU-19010034,202314764,Юкори Хожакия
SU-19010005,202316936,Коракир
SU-203001,202754961,Багрикенг
SU-203002,202748232,Бандихон
SU-203004,203124580,Бектепа
SU-203005,202754899,Бирдамлик
SU-203006,202754954,Гулбог
SU-203007,203606922,Зевар
SU-203008,202754946,Калдиргоч
SU-203009,300084465,Кудуксой
SU-203010,202687887,Навроз
SU-203012,202671385,Обикор
SU-203013,202754882,Обод Турмуш
SU-203014,202754978,Обод Юрт
SU-203015,202754914,Пахтакор
SU-203016,204638264,Полвонтош
SU-203017,202754874,Сарой
SU-203019,202754922,Фаровон
SU-203021,204769592,Чинор
SU-19020010,202687658,Лимонзор
SU-19020003,202754939,Бахористан
SU-19020019,205412973,Ургулсой
SU-19020011,202754907,Навбахор
SU-19020021,205726004,Ходжаипок
SU-204001,202709224,Газа
SU-204002,202709217,Даштигоз
SU-204004,202671314,Дуоба
SU-204005,203671338,Инкабод
SU-204006,202671267,Пулхоким
SU-204007,204360082,Ормончи
SU-204008,202671299,Хужаидод
SU-204009,206841882,Бибиширин
SU-204010,203645771,Богиболо
SU-204011,202671250,Бошработ
SU-204013,202671378,Кочкак
SU-204015,202671393,Пасурхи
SU-204016,205205691,Тода
SU-204018,202671401,Ширинобод
SU-204019,202659841,Дарбанд
SU-204021,203653399,Кизилнавр
SU-204022,202671228,Мунчок
SU-204023,202671418,Сайроб
SU-204024,202659819,Темир Дарвоза
SU-204025,207291515,Тиллокамар
SU-204026,202659834,Урта Мачай
SU-204027,202671361,Хожабулгон
SU-204028,202671274,Чилонзор
SU-204029,203655435,Шифобулок
SU-204030,202659826,Юкори мачай
SU-204031,203654531,Арик Усти
SU-204032,202671425,Косиблар
SU-204033,203665613,Мустакиллик
SU-204034,202671354,Оби
SU-204035,202671307,Пойгабоши
SU-204036,202659865,Тогчи
SU-204037,202671243,Тузбозор
SU-204038,202671339,Чорчинор
SU-204039,202659858,Шорсой
SU-19030008,304476385,Дахнаижом
SU-19030001,202671282,Авлод
SU-19030033,202671346,Сариосиё
SU-19030010,203664511,Дехиболо
SU-19030015,202671322,Кофрун
SU-207001,202731144,Сополлитепа
SU-207002,202731151,Алпомиш
SU-207003,204056658,Навроз
SU-207004,202731168,Достлик
SU-207005,202731129,Олмазор
SU-207006,202731112,Мехригиёх
SU-207008,202760132,Тонг юлдузи
SU-207009,202316975,Музработ Дарвоза
SU-207010,202695015,Обод турмуш
SU-207011,202316968,Оби хаёт
SU-207012,202310200,Мустакиллик
SU-207013,202695008,Бодомзор
SU-207014,202310264,Маданият
SU-207015,202316983,Дехконобод
SU-207016,202285010,Анорзор
SU-207017,206947955,Дуоба
SU-207018,202760124,Гулобод
SU-207019,203636506,Якка тол
SU-207020,202349776,Фидокор
SU-207021,202349784,Буюк ипак йули
SU-207022,202284993,Юртим жамоли
SU-207024,202310184,Янги диёр
SU-207025,202687032,Шаффоф
SU-207026,202731136,Ёлчи
SU-207027,202391268,Янги хаёт
SU-207028,202349769,Нурли Хаёт
SU-207029,202391236,Дарбанд
SU-207030,202349737,Мехнатобод
SU-207031,202285027,Орият
SU-207032,202273327,Янги ер
SU-207033,202445318,Гулистон
SU-207034,202445333,БоГи эрам
SU-207035,202445325,Файзиобод
SU-207036,202760149,Чегарачи
SU-207037,202760100,Мохият
SU-19080003,202285003,ал-хаким ат-Термизий
SU-19080030,202448510,Халк йули
SU-210001,202688015,Боги Нав
SU-210002,202687562,Боги Эрам
SU-210003,202687697,Дунё тепа
SU-210004,202687246,Жаматак
SU-210005,205944098,Истикбол
SU-210006,202687167,Ковунлисой
SU-210007,202688094,Куёшли Юрт
SU-210008,203225012,Мехр окибат
SU-210009,202687285,Навбахор
SU-210011,202687831,Тасмасой
SU-210012,202688023,Орикзор
SU-210013,202687261,Чамбил
SU-210014,202687705,Чим
SU-210015,202687293,Чоргул
SU-210016,202687239,Янги Кишлок
SU-210019,202687483,Боги шамол
SU-210020,202687301,Бостон
SU-210021,202687680,Буюк Замин
SU-210022,202687451,Буюк Ипак Йули
SU-210023,202687475,Водий
SU-210024,202688062,Гулистон
SU-210025,202687855,Гулобод
SU-210027,202687357,Достлик
SU-210030,202688008,Ибн Сино
SU-210032,202687444,Кайтмас
SU-210033,202687824,Кизилжар
SU-210034,202687389,Корахон
SU-210035,202687554,Лагмон Ота
SU-210036,202687809,Лупон
SU-210037,202687523,Минора
SU-210038,202687199,Намуна
SU-210039,202687974,Нурли Манзил
SU-210040,202687713,Ободон
SU-210041,202687182,Оловуддин
SU-210043,202687870,Пожур
SU-210044,202687547,Себзор
SU-210046,202687784,Узбекистон
SU-210047,202687579,Узгариш
SU-210049,202687412,Файзли
SU-210050,202687816,Чунтош
SU-210051,202687150,Шахринав
SU-210052,202687207,Елобод
SU-210053,202687619,Юрчи
SU-210054,202687364,Янгиобод
SU-210057,202687174,Ёшлик
SU-210058,202687744,Зарафшон
SU-210059,202687586,Захартепа
SU-210061,202687673,Кизилгул
SU-210062,202687490,Корабогтепа
SU-210064,202687848,Кузичокли
SU-210065,207111531,Лочин
SU-210066,202687278,Мингбулок
SU-210067,202687468,Мукумий
SU-210069,202687863,Намозгох
SU-210070,202687318,Обод Турмуш
SU-210071,202687214,Озод
SU-210072,202687222,Оккоргон
SU-210073,202687626,Остона
SU-210075,202687641,Пахтакураш
SU-210076,202687665,Сурнайтепа
SU-210077,202687594,Сурхон
SU-210078,202687333,Сурхон-Диёр
SU-210079,202687737,Тинчлик
SU-210080,202688054,Тотувлик
SU-210084,202687769,Шамоли
SU-210086,202687404,Янги Куч
SU-210087,202687966,Янги Хаёт
SU-210088,202688086,А.Жоми
SU-210089,202688030,Буюк Келажак
SU-210090,202687720,Дахана
SU-210091,206989524,Дашти-Чинор
SU-210094,202688047,Лолазор
SU-210095,203127355,Мехнатобод
SU-210096,202688079,Нуристон
SU-210097,202687372,Ойбарак
SU-210098,202687910,Сина-1
SU-210099,202687942,Саноатчилик
SU-210100,202687436,Сохибкор
SU-210101,202687927,Сумбула
SU-210102,202687776,Ушор
SU-210103,202687934,Файзобод
SU-19040012,202687254,Юксалиш
SU-19040082,202687429,Хужахалки
SU-19040057,202687602,Охтом
SU-19040095,202687396,Янги Хазорбог
SU-19040048,205295234,Навнихол
SU-19040083,202687325,Чагониён
SU-19040093,202687340,Янгиобод-2
SU-19040025,202687143,Кенагас
SU-19040087,202687634,Чукур кишлок
SU-19040027,202687508,Катта-Карши
SU-19040071,202687959,Софи Оллоёр
SU-19040002,202687998,Бахористон
SU-19040078,202687791,Урта кишлок
SU-19040036,202687515,Кокабулок
SU-19040037,202687752,Куёвсув
SU-19040020,202687981,Бобур
SU-19040032,203485480,Коракуз
SU-212002,202243498,Истиклол
SU-212003,202243506,Янгиобод
SU-212004,202243584,Пахта завод
SU-212005,202229688,Нурли Диёр
SU-212006,203954364,Сурхон сохили
SU-212008,202243521,Улугбек
SU-212009,202724824,Маслахаттепа
SU-212010,203016138,Орикли
SU-212012,202724871,Кунчикиш
SU-212014,202724817,Мингчинор
SU-212015,202724832,Хужа кишлок
SU-212016,202724856,Мехнатобод
SU-212017,202724888,Боймокли
SU-212018,202724784,Янгиарик
SU-212019,203640984,Ескикишлок
SU-212020,202724864,Кумкишлок
SU-212021,205241388,Авлод
SU-212022,207078944,Жинжактепа
SU-212023,202724587,Кораёгоч
SU-212024,202724594,Маданият
SU-212025,202724603,Хайитобод
SU-212026,202724610,Коракурсок
SU-212027,202724627,Кораёнток
SU-212028,202725016,Октепа
SU-212029,202724967,Дам
SU-212030,202724974,Кулдовли
SU-212032,202724999,Камар
SU-212033,202724982,Исмоил-тепа
SU-212034,202724950,Мехнат-рохат
SU-212035,206850247,Бешбулок
SU-212036,202724698,Узбекистон
SU-212037,202724706,Лойканд
SU-212038,202724714,Дехконобод
SU-212039,202724721,Гулистон
SU-212040,202724738,Олтинтепа
SU-212041,204960436,Куштепа
SU-212042,207106892,Полвонлар юрти
SU-212044,202724753,Жаркоргон минораси
SU-212045,203964408,Зартепа
SU-212046,202724760,Гулховуз
SU-212047,202724777,Намуна
SU-212049,202724792,Сокчи
SU-212050,202724935,Гур-Гур
SU-212051,202724943,Оби хаёт
SU-212052,202724928,Обод Гузар
SU-212053,202724548,Пахтаобод
SU-212054,202724555,Ёшлик
SU-212055,202724563,Матонат
SU-212056,202724570,Офтобкургон
SU-212057,205260713,Узумзор
SU-212058,202724745,Нефтчилар
SU-212059,203629695,Бобур
SU-212060,202724642,Янги усул
SU-212061,202724666,Янги турмуш
SU-212062,202724674,Боботог
SU-212063,202724659,Янги Кишлок
SU-212065,203600187,Мустакиллик
SU-19050012,202243514,Достлик
SU-19050021,202725009,Яшнаобод
SU-19050032,202724800,Марказий сурхон
SU-19050039,202229861,Навроз
SU-19050059,202724681,Халкабод
SU-19050051,202724895,Порлок юлдузи
SU-19050014,308837240,Жануб калконлари
SU-19050022,202724904,Корабуро
SU-19050001,202229878,Алишер Навоий
SU-214001,202285074,Боболочин
SU-214002,202294063,Бостон
SU-214003,202330041,Гулистон
SU-214004,202285098,Жалоир
SU-214005,206979472,Имомтепа
SU-214006,203634990,Истиклол
SU-214007,202285160,Карсокли
SU-214008,202313513,Мустакиллик
SU-214009,206980648,Нурли диёр
SU-214010,202285059,Пахтаобод
SU-214011,202285066,Тугон
SU-214012,202289131,Узбекистон 5 йиллиги
SU-214013,202287790,Умид нихоллари
SU-214014,202337862,Уяс
SU-214015,202285232,Хужамулки
SU-214017,207079928,Янги авлод
SU-214018,202313520,Янгиер
SU-214019,202313458,Улугбек
SU-214020,202287808,Сурхон сохили
SU-214021,202285106,Арпапоя
SU-214022,202285153,Арслонбойли
SU-214023,202330019,Ачамойли
SU-214024,202330026,Боботог
SU-214025,202330058,БоймоКли
SU-214026,202294087,Хужа кишлок
SU-214029,202285114,Янги кишлок
SU-214030,202285200,Нефтчилар
SU-214031,202300158,Дустлик
SU-214032,207081278,Аригошган
SU-214033,202335399,Галаба
SU-214034,202687903,Давлацой
SU-214035,202289155,Исломобод
SU-214036,202285184,Каттакол
SU-214037,202285192,Куганли
SU-214038,202289124,Октом
SU-214040,207081325,Туда
SU-214041,202289163,Чукирли
SU-214042,202285256,Шерози
SU-214043,202285121,Янги шахар
SU-214044,202287768,Азларсой
SU-214046,202287751,Гултепа
SU-214047,202285138,Жаркишлок
SU-214048,202285145,Жийдали
SU-214049,202287729,Жозиба
SU-214052,202287736,Мунчоктепа
SU-214053,202285081,Навбахор
SU-214058,202285217,Елобод
SU-214059,203658423,Янги xаёт
SU-214060,202289148,Янгиобод
SU-214061,202289170,Хуррият
SU-19070037,202290267,Саховат
SU-19070047,202285224,Халаки
SU-19070035,203600203,Янги Узбекистон
SU-19070026,202287783,Хунармандлар
SU-19070006,202285177,Беш кахрамон
SU-19070028,202287744,Мехрабод
SU-19070039,202290250,Тойфанг
SU-19070052,202285249,Юксалиш
SU-19070048,207082173,Халкобод
SU-19070009,202287775,Богаро
SU-215001,202700428,Гулобод
SU-215002,202746188,Истиклол
SU-215003,202705095,Корасув
SU-215004,202803916,Навроз
SU-215005,202760654,Такия
SU-215006,206932279,Тинчлик
SU-215007,202820935,Хомкон
SU-215008,202748224,Янгиобод
SU-215009,202760647,Заробод
SU-215010,202731230,Богбонлар юрти
SU-215011,202709295,Богистон
SU-215012,202724634,Буюк келажак
SU-215013,202731208,Гулзор
SU-215014,202760662,Истара
SU-215015,202717555,Кармаки
SU-215016,207075197,Мустакиллик
SU-215017,202717563,Окжар
SU-215018,201392021,Якка-Терак
SU-215019,202717570,Янги хаёт
SU-215020,202705111,Гиламбоб
SU-215021,202731247,ЕтимКум
SU-215022,202746211,Зарбдор
SU-215023,202958612,Халкобод
SU-215024,202746195,Янгикент
SU-215025,202746204,Зартепа
SU-215026,202717594,Кунчикиш
SU-215027,203499455,Достлик
SU-215028,202695030,Кишлокозон
SU-215029,202712579,Работак
SU-215030,206932413,Шодлик
SU-215031,202705104,Янги турмуш
SU-217001,202649624,Гулобод
SU-217003,202649617,Янги-Хаёт
SU-217004,202649688,Нуробод
SU-217005,202649664,Себзор
SU-217006,202649632,Нодирабегим
SU-217007,202649656,Эхтиром
SU-217008,202649649,Богиобод
SU-217009,303759681,Нилу
SU-217010,202688276,Хонжиза
SU-217011,202708068,Чош
SU-217012,202660161,Маланд
SU-217013,206926467,Карш
SU-217015,202650048,Сангардак
SU-217016,202649704,Достлик
SU-217018,202649743,Богистон
SU-217019,202649735,Чилонзор
SU-217020,202649728,Шабнам
SU-217021,202649695,Боги Ширин
SU-217023,202649767,Лочин
SU-217024,202649774,Жаннатмакон
SU-217025,202649782,Хулкар
SU-217026,202649799,Маржона
SU-217027,202649861,Ёкутли бог
SU-217028,202649854,Теракзор
SU-217029,202649878,Шохжахон
SU-217030,202649885,Шарофобод
SU-217031,202649807,Сарижар
SU-217032,202649814,Келажак Сари
SU-217033,202649822,Анорзор
SU-217034,202649839,Бойрапуш
SU-217036,306466855,Богисамарканд
SU-217037,202649893,Шокишлок
SU-217038,202649901,Ширин
SU-217040,202649918,Хуршид
SU-217041,202649925,Нихолзор
SU-217042,306502160,Дарагистон
SU-217043,202650134,Кончилар
SU-217044,202650103,Боги Шамол
SU-217045,202650142,Бойсунобод
SU-217046,202650127,Феруз
SU-217047,202650110,Маданкон
SU-217049,202649996,Биллур
SU-217051,202650024,Шахри обод
SU-217053,202650094,А.Навои
SU-217055,202650087,Афросиёб
SU-217056,202650055,М.Улугбек
SU-217058,202649940,Турмушобод
SU-217059,202649957,Галабутта
SU-217060,202649964,Дийдор
SU-217061,202649972,Нурбулок
SU-19100024,202650009,Лутфкор
SU-19100040,202650031,Субхидам
SU-19100045,202649750,Халкабод
SU-19100046,202649933,Хамкорлик
SU-19100030,202649846,Нилова
SU-19100004,202650070,Айропорт
SU-19100036,202650063,Сади Шерози
SU-19100054,202649989,Шарк юлдузи
SU-19100042,202649711,Тортувли
SU-19100049,202649671,Хуфар
SU-19100029,202650016,Мехршавкат
SU-220002,204123320,Нурли Диёр
SU-220003,202695094,Ат-Термизий
SU-220004,204281173,Конгирот
SU-220006,204294624,Намуна
SU-220007,202695062,Мустакиллик
SU-220008,207321057,Янгиер
SU-220009,204364884,Айритом
SU-220010,202660050,Куёшли юрт
SU-220012,202660035,Амир Темур
SU-220013,202660028,Корахон
SU-220014,202738957,Достлик
SU-220015,202660043,Истиклол
SU-220016,207250770,Термиз
SU-220017,202674476,Учкизил
SU-220018,204136146,Янгихаёт
SU-220020,202784538,Орол
SU-220021,202784553,Нурафшон
SU-220022,303245508,Янгиобод
SU-220023,202695054,Гулбахор
SU-220024,202671512,Гулистон
SU-220025,305016473,Сабзипоя
SU-220026,202660011,Солиобод
SU-220027,204126356,Навроз
SU-220028,202784545,Жуйжангал
SU-220029,207323007,Бунёдкор
SU-19110030,309908104,Келажак
SU-19110015,202725063,Мухиддин Эштемиров
SU-19110026,202777688,Шароф Рашидов
SU-19110025,202784521,Халкабод
SU-19110010,202777695,Кахрамон
SU-221001,202688284,Узбекистон
SU-221002,206947164,Ёшлик
SU-221003,201066544,Навроз
SU-221004,202750105,Еркинлик
SU-221005,202660107,Бохористон
SU-221006,202688197,Маландиён
SU-221007,202673969,Янги рузгор
SU-221008,202660139,Мехнат
SU-221009,202821221,Обизаранг
SU-221010,206947171,Янги шахар
SU-221011,202653938,Карашик
SU-221012,201066552,Янги йул
SU-221013,202688252,Дустлик
SU-221014,202660114,Истиклол
SU-221016,202708090,Тожикобод
SU-221017,202653953,Янги куч
SU-221018,202673944,Янги хаёт
SU-221019,202660154,Гулистон
SU-221020,202673905,Узун кишлок
SU-221021,202688180,Томчи
SU-221022,202673897,Чинор
SU-221023,202673952,Кичик жончекка
SU-221024,202688213,Обод юрт
SU-221025,202688237,Дехкон
SU-221027,202688205,Чакар
SU-221028,202688220,Мустакилликнинг 22 Йиллиги
SU-221029,202666010,Ок остона
SU-221030,202660146,Серхаракат
SU-221031,202666034,Мустакиллик
SU-221032,207315997,Саховат
SU-221035,202673984,Файзова
SU-221036,202688244,Файзобод
SU-221037,202666042,Маданий Турмуш
SU-221038,202666027,Хурсанд
SU-221039,202715337,Янгиобод
SU-221040,304973155,Боботог
SU-221041,202750120,Окмачит
SU-221044,203969179,Ормончи
SU-19120011,203378226,Заркамар
SU-19120021,203793716,Нурли Келажак
SU-19120010,202687530,Жийдабулок
SU-19120052,309668640,Сурхон
SU-19120007,203378234,Дугоб
SU-19120051,309665297,Иттифок
SU-19120026,206947188,Нурафшон
SU-19120027,203576430,Пахлавон
SU-19120003,202695126,Бешкаппа
SU-19120031,202750113,Толтугай
SU-19120035,202688173,Уланкул
SU-19120039,202708075,Хатиб Кахрамон
SU-19120001,203411414,Хужакулсин
SU-223001,202799082,Богиобод
SU-223002,202799099,Бойкишлок
SU-223003,202870534,Вандоб
SU-223004,202798994,Гулистон
SU-223005,202777743,Гуржак-2
SU-223006,202799139,Зарабог
SU-223007,202857342,Кизилолма
SU-223008,202876969,Корабог
SU-223009,202799074,Ойинли
SU-223010,202799043,Пошхурт
SU-223011,202777728,Узунсой
SU-223012,202799035,Уч ёгоч
SU-223013,202798962,Хожакия-2
SU-223014,202864968,Чорбог
SU-223016,202777822,Бойбулок
SU-223017,204071387,Галагузар
SU-223018,202843795,Гулчинор
SU-223019,202777767,Горин-Гиламбоб
SU-223020,202843804,Дехконарик
SU-223021,202725070,Мажмунтол
SU-223022,202802205,Мехнатобод
SU-223023,203833364,Навбур
SU-223024,202683039,Тарокли
SU-223025,202843811,Хакимобод
SU-223026,202777750,Чагатой
SU-223027,202799107,Чукуркол
SU-223028,202777782,Чомишли
SU-223029,202833167,Гуржак-1
SU-223030,203486868,Истикбол
SU-223031,202799004,Каттабог
SU-223032,202821031,Кишлок бозор
SU-223033,202799011,Куллукшо
SU-223034,202843828,Мехробод
SU-223035,202777839,Нуртепа
SU-223036,204964873,Октепа
SU-223037,202802102,Олтинвоха
SU-223038,202798954,Хожакия-1
SU-223039,202799067,Чойинчи
SU-223040,205008295,Шеробод
SU-223041,202843771,Бахор
SU-223042,202799028,Буюк ипак йули
SU-223043,202797290,Гамбур
SU-223044,202798986,Достлик
SU-223045,202798979,Ёшлик
SU-223046,202777735,Катта хаёт
SU-223047,202777774,Коргон
SU-223048,202777814,Хожги
SU-19130001,204421726,Балхигузар
SU-226001,202720782,Боботог
SU-226002,202688822,Навруз
SU-226003,203466805,Шакаркул
SU-226004,202720807,Конобод
SU-226005,202688735,Толли
SU-226006,202760916,Олийхиммат
SU-226007,202688728,Гулистон
SU-226009,202760805,Тамаддун
SU-226010,202760813,Офтобмакон
SU-226011,202688814,Тула
SU-226012,202760909,Янгиарик
SU-226013,202760797,Олатемир
SU-226014,202760780,Ялти
SU-226015,202703803,Эгарчи
SU-226016,202688878,Кушон
SU-226017,202760891,Октумшук
SU-226018,202688782,Куклам
SU-226019,202744301,Гармакургон
SU-226020,202720846,Ойнакул
SU-226021,202688807,Гузаллик
SU-226022,202760844,Савуртепа
SU-226023,203270464,Кораарик
SU-226024,202760837,Хурлик
SU-226025,202720799,Бунёдкор
SU-226026,203466797,Дустлик
SU-226027,202720822,Ободон
SU-226028,202739021,Шалдирок
SU-226029,202688861,Ёшгайрат
SU-226030,202688774,Катта Савур
SU-226031,202688767,Зарбдор
SU-226032,202688846,Baxshtepa
SU-226033,202703794,Бахштепа-1
SU-226034,202688839,Саксонкапа
SU-226035,202688854,Какан
SU-226036,202688671,Жойилма
SU-226037,202688695,Кокайди
SU-226038,203480496,Оккамар
SU-226039,202688688,Оккоргон
SU-226040,202688711,Жаркишлок
SU-226042,202688799,Яккабог
SU-226043,202760869,Бобур
SU-226044,202720861,Бустон
SU-226045,202688750,Ибн-Сино
SU-226048,202725142,Элбаён
SU-226049,203480504,Лайлакхона
SU-226050,202760876,Озод
SU-226051,202760884,Эзгулик
SU-226052,202760852,Хушчекка
SU-226053,308909919,Тамшуш
SU-19140001,202703810,Алишер Навоий
SU-19140039,202688704,Савжуронбобо
SU-19140025,202720893,Куштегирмон
SU-19140044,202688743,Хайработ
SU-401001,202767257,Богзор
SU-401003,202820698,Гулирано
SU-401004,202797078,Гулистон
SU-401005,203623997,Мехробод
SU-401006,203607604,Тупроккоргон
SU-401007,202797039,Узбекистон
SU-401008,202671504,Чегара
SU-401009,202653984,Мангузар
SU-401010,202773052,Навроз
SU-401011,203100270,Саховат
SU-401012,202773013,Темирёлчи
SU-401013,203629664,Турон
SU-401014,202767289,Шодлик
SU-401015,204303674,Тинчлик
SU-401016,202767296,Байналминал
SU-401017,202773020,Шифокор
SU-401018,202820817,Достлик
SU-401019,202767225,Абдурахмон Жомий
SU-401020,206986662,Аму-Cохиллари
SU-401021,202697391,Жойжангал
SU-401022,202767272,Мажнунтол
SU-401023,202767264,Марифат
SU-401024,203616704,Сурхон Сохили
SU-401025,202826848,Паттакесар
SU-401026,203605464,Ески шахар
SU-401028,203625789,Бостон
SU-401029,202931955,Алпомиш
SU-401030,202773044,Юлдуз
SU-401031,203624007,Фарход
SU-401032,202738940,Кокилдо рота
SU-401033,202777711,Алишер Навоий
SU-401034,203624014,Жайхун
SU-401035,203611062,Катта бог
SU-401036,202772988,Абдулла Авлоний
SU-401037,202700450,Намуна
SU-19150023,202773069,Нурли келажак
SU-19150008,203607612,Богишамол
TK-262001,202914144,Дегрез
TK-262002,202576320,Богичинор
TK-262003,202887543,Кор ёгди
TK-262004,202913028,Бекобод
TK-262005,202914169,Истирохат
TK-262006,202549733,Уткир
TK-262007,202914176,Жарбулок
TK-262008,202913035,Зулфизар
TK-262009,202553777,Ибрат
TK-262010,202872340,Шарк Юлдузи
TK-262011,202426830,Нишаб арик
TK-262012,202558176,Куркамобод
TK-262013,202709754,Хондамир
TK-262014,202914191,Хуршид
TK-262016,202714536,Журжоний
TK-262017,202914209,Абдулла Кодирий
TK-262018,202914216,Шофайзибог
TK-262019,202570678,Шарк гули
TK-262020,202914137,Давлатобод
TK-262021,202914224,Чаманзор
TK-262022,202920351,Хожиобод
TK-262023,202914105,Окмачит
TK-262024,202700965,Куйи Дархон
TK-262025,202899987,Латифгузар
TK-262026,202576344,Учтепа
TK-262027,202642516,Кукча Октепа
TK-262028,202723407,Пахтакор
TK-262030,202415464,Козигузар
TK-262031,202914255,Такачи
TK-262032,202914263,Юсуф Саккоки
TK-262033,202559024,Урикзор
TK-262034,303802296,Зарафшон
TK-262035,202920368,Катта каъни
TK-262036,303827684,Фозилтепа
TK-262037,202410829,Куксарой
TK-262038,202734764,Хайратий
TK-262039,205732504,Шафтолизор
TK-262041,303800441,Тепакургон
TK-262042,202904268,Гузар
TK-262043,202793162,Хуросон
TK-262044,303801384,Заргарлик
TK-262045,202634708,Кухна Чупонота
TK-262046,202553817,Богистон
TK-262047,202529805,Богобод
TK-262048,202418223,Бирлик
TK-262049,202562473,Найман
TK-262050,202480932,Тинчликобод
TK-262051,205722628,Фарход
TK-262052,202914294,Ватан
TK-262053,205786517,Ватанпарвар
TK-262054,202914303,Нуробод
TK-262056,202402046,Ширин
TK-262057,202914310,Алихонтура Согуни
TK-262058,303803492,Дийдор
TK-262059,202377386,Янгийул
TK-262060,303800845,Диёробод
TK-101-0131,202914120,Катта Чупонота
TK-101-0089,202488192,Бешкайрагоч
TK-101-0142,303801227,Хамдуст
TK-101-0110,202914270,Кургонтепа
TK-264001,202117083,Мажнунтол
TK-264003,202685201,Зилола
TK-264004,202855116,Икбол
TK-264005,202855124,Чашма
TK-264006,202855131,Абай
TK-264007,202675134,Бектемир
TK-264009,202870082,Нурафшон
TK-264011,202855109,Миришкор
TK-264014,207168175,Мусаффо
TK-264015,206573433,Нурлийул
TK-264016,206992925,Сохил
TK-264017,207158948,Устозлар
TK-264018,203161860,Забардаст
TK-102-0031,202870099,Олтинтопган
TK-102-0036,202923514,Гулбог
TK-102-0033,202855091,Хусайн Байкаро
TK-102-0035,202514666,Йик Ота
TK-102-0032,202858239,Рохат
TK-266001,202906637,Астробод
TK-266002,202906526,Богишамол
TK-266003,303817016,Боги-эрам
TK-266004,202906827,Исломобод
TK-266006,202906881,Кулол-Кургон
TK-266007,303824657,Катта Хасанбой
TK-266008,202906787,Мингчинор
TK-266009,202906613,Собиробод
TK-266010,303843207,Нурмакон
TK-266011,202906716,Тикланиш
TK-266012,202906605,Уч-Кахрамон
TK-266013,202906684,Хасанбой
TK-266014,202906709,Хамкоробод
TK-266015,202906691,Шарк хакикати
TK-266017,202916545,Халкабог
TK-266018,202906573,Туркистон
TK-266019,205690352,Ахилобод
TK-266020,205704206,Ахмад Дониш
TK-266021,201124661,Бегубор
TK-266024,303824585,Мехнат обод
TK-266025,202919138,Октепа
TK-266026,205714336,Севинч
TK-266027,205718575,Увайсий
TK-266028,202906748,Узбекистон мустакиллиги
TK-266029,202547815,Шош тепа
TK-266030,202908562,Юнус ота
TK-266031,205718583,Юртобод
TK-266032,202906724,Янгибог
TK-266033,205708990,Адолат
TK-266034,202906810,Анорзор
TK-266035,202906803,Биллур
TK-266036,202920296,Гайратий
TK-266037,202906794,Ифтихор
TK-266038,202906874,Кушчинор
TK-266039,202906834,Кашкар
TK-266040,202906755,Матонат
TK-266041,202906541,Минор
TK-266042,202906676,Турк-кургон
TK-266045,202906763,Шахристон
TK-266046,202908554,Янги-арик
TK-266047,202906652,Акбаробод
TK-266048,202906669,Бодомзор
TK-266049,205704214,Богибустон
TK-266050,202906580,Буюк Турон
TK-266051,202906898,Бузсув
TK-266053,202906842,Кадрдон
TK-266054,202912740,Обод
TK-266055,202912757,Отчопар-1
TK-266056,202906644,Отчопар-2
TK-266057,202906620,Посира
TK-266058,202906534,Фирдавсий
TK-266059,202906770,Хиёбон тепа
TK-266060,202906565,Шайх Шивли
TK-266061,202912789,Юнусобод
TK-266062,303824689,Янги тарнов
TK-107-0139,202906866,Бархаёт
TK-107-0090,202908579,Бободехкон
TK-107-0147,308875234,Регистон
TK-107-0130,202906731,Хусниобод
TK-107-0136,202906859,Йулайрик
TK-107-0106,202908547,Мирзо Улугбек
TK-107-0097,202906597,Абдурахмон Жоми
TK-107-0110,205720685,Мурувват
TK-107-0125,202906558,Усто Ширин
TK-269001,202694333,Авайхон
TK-269002,202694199,Алишер Навоий
TK-269003,202694174,Алпомиш
TK-269004,202694214,Гулсанам
TK-269005,202694182,Катта Корасув
TK-269006,202895716,Катта Олтинтепа
TK-269007,202357774,Минглола
TK-269008,202694278,Олтинтепа
TK-269009,202892332,Султония
TK-269010,202694143,Чимён
TK-269011,202694285,Шукур Бурхонов
TK-269012,202694071,Шуртепа
TK-269013,205697287,Янги Авайхон
TK-269014,202694167,Азамат
TK-269015,205737766,Аль-Фаробий
TK-269016,202895074,Ахиллик
TK-269017,202694239,Ахмад Югнакий
TK-269018,202694088,Бешкапа
TK-269019,202895011,Мунавваркори
TK-269020,205744229,Тракторсозлар
TK-269021,202694254,Уйгониш
TK-269022,202694150,Улугбек
TK-269023,202742004,Хумоюн
TK-269024,202694364,Юзработ
TK-269026,202577399,Асака
TK-269027,202694318,Буюк ипак йули
TK-269028,202694372,Дархон
TK-269029,202808670,Лашкарбеги
TK-269030,202694357,Мирзакалон Исмоилий
TK-269031,202694064,Мустакиллик
TK-269032,202694207,Нур
TK-269033,202627937,Окибат
TK-269034,202694111,Оккурган
TK-269035,202694325,Олмачи
TK-269036,202694340,Подшобог
TK-269037,202895724,Турон
TK-269039,202804882,Шахрисабз
TK-269040,303858155,Элобод
TK-269041,202694301,Бахор
TK-269042,202694293,Богимайдон
TK-269043,202895028,Боз
TK-269044,202694095,Камолот
TK-269046,202694135,Навнихол
TK-269047,202895043,Нодирабегим
TK-269048,303858148,Олий Химмат
TK-269049,202845516,Олимлар
TK-269050,202694246,Сайрам
TK-269051,202294997,Феруза
TK-269053,202694261,Шалола
TK-269055,203594243,Алишеробод
TK-269056,203424113,Ижодкор
TK-269057,203617078,Иктидор
TK-269058,207211676,Заковат
TK-269059,203209220,Чингелди
TK-269060,203598847,Геофизика
TK-269061,203594235,Геологлар
TK-269062,203743247,Темурийлар
TK-269063,203818334,Гулзоробод
TK-269064,203669149,Сарбон
TK-269065,207299242,Жасорат
TK-109-0143,308740410,Янги Камолот
TK-109-0140,203507769,Пастки-Юз
TK-109-0142,308771017,Ойдин
TK-109-0144,308740394,Янги Олмачи
TK-109-0136,202842647,Кухна Мевазор
TK-109-0115,202895067,Х.Олимжон
TK-109-0119,202694128,Шаxриобод
TK-109-0114,202694222,Х.Абдуллаев
TK-109-0092,202895035,Катта Ялангочота
TK-109-0124,202694104,Ялангоч
TK-273001,202374027,Банокатий
TK-273002,202366899,Янгизамон
TK-273003,202366684,Абдурауф Фитрат
TK-273004,202374010,Фуркат
TK-273005,202374311,Сарикул
TK-273006,202366660,Олтинкул
TK-273007,202366756,Kорасув
TK-273008,202366811,Ок-уй
TK-273009,202366717,Файзиабад
TK-273010,202366828,Мингурик
TK-273012,202366804,Афросиёб
TK-273013,202335730,Ойбек
TK-273014,202366843,Мовароуннахр
TK-273015,202366850,Салар
TK-273016,202366692,Ат-Термизий
TK-273017,202366788,Лолазор
TK-273018,202372654,Фаровон
TK-273020,202372647,Миробод
TK-273021,202366700,Янги Миробод
TK-273022,202366835,Байналминал
TK-273023,202372615,Темирйолчилар
TK-273024,202366764,Заминабад
TK-273025,202366732,Биродарлик
TK-273026,202366645,Навруз
TK-273027,202366795,Истиклолобод
TK-273028,202366874,Тонг юлдузи
TK-273029,202357624,Инокабад
TK-273030,202366724,Чинaр
TK-273031,202374034,Толарик
TK-273032,202372630,Зиёнур
TK-273033,202366749,Юксалиш
TK-273034,202374328,Билимдон
TK-273035,202345932,Парвона
TK-273036,202366653,Баёт
TK-273038,202779194,Янги куйлик
TK-111-0074,202374335,Кулик-ота
TK-111-0061,202366882,Абдулла Авлоний
TK-111-0066,202366677,Баратхужа
TK-111-0096,202372623,Шароф Рашидов
TK-277001,202915942,Белтепа
TK-277002,202915934,Бостон
TK-277003,202915634,Зафаробод
TK-277004,202915894,Ибн Сино
TK-277005,202915769,Ипакчи
TK-277006,202915824,Катта Жарарик
TK-277007,202915586,Узбекистон
TK-277009,202915641,Шодлик
TK-277010,202915927,Эски Жарарик
TK-277011,205704965,Янги белтепа
TK-277012,303794102,Янги Жарарик
TK-277013,202915791,Гулбозор
TK-277014,202915910,Жангох
TK-277015,202774383,Кох-ота
TK-277016,202915554,Коратош
TK-277017,202799992,Лабзак
TK-277018,202915737,Олмазор
TK-277019,202915705,Тахтапул
TK-277020,202915562,Укчи
TK-277021,202915579,Урда
TK-277023,202793313,Чакар
TK-277024,202915665,Шайхонтохур
TK-277025,202840634,Бог-куча
TK-277026,202915903,Жарарик
TK-277027,202883461,Илгор
TK-277028,202915863,Катта-ховуз
TK-277029,202915887,Кукча Дарвоза
TK-277030,202883493,Кукча
TK-277032,202915848,Обиназир
TK-277034,202915713,Сархумдон
TK-277035,202915697,Тинчлик
TK-277036,202915658,Шофайзи
TK-277037,202915594,Янги шахар
TK-277038,202915784,Гулобод
TK-277039,202915776,Зангиота
TK-277040,303794119,Камолон Дарвоза
TK-277041,202915870,Камолон
TK-277042,202887432,Катта октепа
TK-277043,202915752,Катта-Бог
TK-277046,202915809,Сузукота
TK-277047,202915744,Чарх новза
TK-277048,202915673,Чорсу
TK-277049,202915626,Эшонгузар
TK-277050,202915619,Янги Камолон
TK-277051,202915602,Янги обод
TK-110-0108,202880743,Хувайдо
TK-110-0107,202915680,Хадра
TK-110-0092,202915855,Маннон Уйгур
TK-110-0097,202915831,Олим Хужаев
TK-110-0095,202915720,Оклон
TK-110-0099,202915816,Самарканд Дарвоза
TK-280001,202912986,Абу Бакр Шоший
TK-280002,202908809,Аллон
TK-280003,202845706,Ахил
TK-280004,202767652,Ачаобод
TK-280005,202845681,Беруний
TK-280006,204753598,Бyстaнaбaд
TK-280007,202862829,Галаба
TK-280008,202908894,Гани Азамов
TK-280009,202921381,Гузарбоши
TK-280010,202858791,Гулзор
TK-280011,202850985,Гулсарой
TK-280012,202800255,Гуручарик
TK-280013,202897641,Ёшлик
TK-280014,202921398,Жийдали
TK-280015,202855020,Зиё
TK-280016,202908831,Иброхим-ота
TK-280017,202800231,Ислом-ота
TK-280018,202908784,Истикбол
TK-280019,202908927,Кичкирик
TK-280020,202873799,Корасарой
TK-280021,202836581,Куёш
TK-280022,202908903,Кyштут
TK-280024,202886806,Мискин
TK-280025,206128114,Моярик
TK-280027,202908816,Намуна
TK-280028,202919264,Нихол
TK-280029,202887504,Олимпия
TK-280030,202884509,Олтинсой
TK-280031,202763659,Орзу
TK-280032,202908863,Пахта
TK-280033,202916695,Себзор
TK-280034,202919288,Табассум
TK-280035,202908934,Тараккиёт
TK-280036,202914080,Тепагузар
TK-280037,202855013,Умид
TK-280038,202767669,Университет
TK-280039,202921406,Хастимом
TK-280040,202908791,Хислат
TK-280041,202590914,Хончорбог
TK-280043,202887528,Хазрати Имом
TK-280044,202851010,Чаманбог
TK-280045,202912994,Чигатой дарбоза
TK-280046,202916671,Чигатой Октепа
TK-280047,202921359,Чилтугон
TK-280048,202908942,Чимбой
TK-280049,202827861,Чукурсой
TK-280050,202914073,Чустий
TK-280051,202908887,Шифокорлар
TK-280052,202388490,Шодиёна
TK-280053,202908910,Шон-шухрат
TK-280054,310790889,Эски шахар
TK-280055,202851003,Юкори Бешкурган
TK-280056,202800263,Юкори Себзор
TK-280057,202905661,Янги Себзор
TK-280058,202908855,Янги Тошкент
TK-108-0123,202884516,Мустакил юрт
TK-108-0152,310013950,Замондош
TK-108-0153,309998183,Чинниобод
TK-108-0154,309996012,Элпарвар
TK-108-0156,309995132,Зархал
TK-108-0151,207339057,Зиёкор
TK-108-0155,309995464,Кайковус
TK-108-0136,202855084,Хофиз Кухаки
TK-108-0120,202908824,Мирзо Голиб
TK-283001,202822022,Мехригиё
TK-283002,306236531,Бунёдaбaд
TK-283003,202975085,Мададкор
TK-283004,202660368,Зийнат
TK-283005,202970339,Эзгулик
TK-283006,202979705,Янги Cергели
TK-283007,202967980,Сохибкирон
TK-283008,202836527,Жун-Арик
TK-283012,306245465,Кубай-Тепа
TK-283013,202911995,Юкори Дархон
TK-283023,202734281,Хонобод
TK-283024,303823603,Курувчилар
TK-283032,202964273,Дарё буйи
TK-283033,202967997,Софдил
TK-283036,202966856,Нилуфар
TK-283037,202966871,Иттифок
TK-283038,202822007,Нур-хаёт
TK-283039,202964280,Саховат
TK-283040,202971684,Кипчак
TK-283041,304226180,Сугдиёна
TK-283042,202971692,Шукрона
TK-283045,203028185,Маданият
TK-283046,203085228,Учувчилар
TK-283047,202808877,Олтин водий
TK-283048,202880782,Кумарик
TK-283049,202795089,Асробод
TK-283050,202880807,Кошкоргон
TK-106-0114,202912052,Хонтепа
TK-106-0103,303823524,Бирдамлик
TK-106-0109,202912194,Кухна Кумарик
TK-106-0080,202979673,Фарогатли
TK-106-0108,202912234,Султонобод
TK-106-0098,207340303,Янги Бунёдобод
TK-106-0107,202912084,Кенгмакон
TK-106-0112,202912109,Иззатли
TK-106-0113,202912116,Эшанбулак
TK-106-0118,207186336,Зиёлилар
TK-106-0105,202912020,Кут-барака
TK-106-0076,202814134,Узгариш
TK-106-0111,202912069,Номданак
TK-106-0110,202912124,Садокат
TK-106-0117,202912187,Хонобод Тепа
TK-106-0106,202912037,Эски Жалойир
TK-106-0079,203028193,Халкобод
TK-106-0070,202964265,Ногой кургон
TK-106-0078,202824881,Хабиби
TK-287001,202877452,Абдулла Каххор
TK-287002,303865384,Армугон
TK-287003,202918867,Беларик
TK-287004,202679120,Бобур
TK-287005,202713094,Бошлик
TK-287006,202926952,Богсарой
TK-287007,202902183,Дам-Арик
TK-287008,303865764,Дилбулок
TK-287010,202902208,Мерос
TK-287011,202718181,Мукимий
TK-287012,204755033,Мухандислар
TK-287013,202918899,Ракат
TK-287014,202904125,Ракатбоши
TK-287015,202918843,Тепа
TK-287016,202887353,Тукимачи
TK-287018,303866082,Шохжахон
TK-287019,202918850,Юнус Ражабий
TK-287020,202892395,Яккасарой
TK-287021,202679137,Кушбеги
TK-105-0032,202763151,Конституция
TK-105-0041,202918907,Хамид Сулаймонов
TK-290001,202429960,Баркамол
TK-290002,203783206,Яшнабад
TK-290003,202586847,Бирлашган
TK-290004,202920336,Парвоз
TK-290005,202426783,Дилбог
TK-290006,202586768,Наврузобод
TK-290007,202904244,Авиасозлар
TK-290008,202586657,Асалобод
TK-290009,202920344,Илтифот
TK-290010,202586941,Катта Куйлик
TK-290011,202586744,Мумтоз
TK-290012,202586902,Койликобод
TK-290013,202460252,Уйсозлар
TK-290014,202586729,Урта масжид
TK-290016,202586640,Бунёдкор
TK-290017,202460276,Янги давр
TK-290018,202526611,Жаркоргaн
TK-290019,202586854,Янгикоргaн
TK-290020,202586672,Бехизор
TK-290021,202586736,Шохимардон
TK-290022,202586886,Нодира
TK-290023,202586919,Шохсанам
TK-290024,203726053,Ойдинкyл
TK-290025,202586704,Янгинур
TK-290026,202586712,Донишманд
TK-290027,202586862,Тарнов боши
TK-290028,202586958,Катта Янгиобод
TK-290029,202346930,Хосиятли
TK-290030,202586894,Махмур
TK-290031,202586808,Алимкент
TK-290032,202586926,Журабек
TK-290033,202586775,Беш бола
TK-290034,202586815,Ахмад Яссавий
TK-290035,202586823,Бойсун
TK-290036,202586790,Мухтор Ашрафий
TK-290038,202586783,Маърифат
TK-290039,205687480,Ширинобод
TK-290040,202877555,Туйтепа
TK-290041,202950591,Семург
TK-290042,202586751,Чулпан
TK-290043,205927506,Фидойилар
TK-290044,202586965,Бойкургон
TK-290045,202586664,Машинасозлар
TK-290046,205872308,Истиклол
TK-290047,202586934,Дустобод
TK-290048,203686563,Аль-Бухарий
TK-290049,202586879,Амир Темур
TK-290050,202586689,Ватандош
TK-290051,203693334,Тонг
TK-290052,202457800,Мохинур
TK-290053,202512179,Тузел
TK-290054,202912155,Гузал
TK-290055,202912148,Олмос
TK-290056,303839226,Бешарик
TK-290057,303839241,Фазогир
TK-290058,207293188,Укчи-Олмазор
TK-104-0159,207207119,Уччинор
TK-104-0158,203818326,Аргин
TK-104-0155,203818358,Богбон
TK-104-0154,203818373,Товкентепа
TK-104-0152,203594250,Жарбоши
TK-104-0156,203818380,Мохирлар
TK-104-0160,310352997,Калкон
TK-104-0139,202586696,Кадрият
TK-104-0153,203818397,Ташисти
TK-104-0157,203818341,Хилол
TK-104-0115,202586633,Ёш авлод
TK-292010,306630604,Янги Чоштепа
TK-292012,202858222,Бинокор
TK-292015,207300423,Ташаббус
TK-292016,207300430,Янги умид
TK-292025,202840720,Ал-Фаргоний
TK-292026,303859605,Викор
TK-292028,202984368,Ёркин хаёт
TK-292029,303854991,Чорбог
TK-292030,202966223,Чарогон
TK-292031,202845594,Дустлик
TK-292034,303934117,Олчазор
TK-292035,202805081,Навкирон
TK-292036,207326611,Орият
TK-292037,203115569,Чоштепа
TK-292038,202912005,Янги Дархон
TK-292039,207326604,Янгихаёт
TK-292041,203021228,Йулдош
TK-292042,308674904,Файзли
TK-292043,207326643,Гулшанобод
TK-292046,207326628,Мархамат
TK-292047,207300447,Хумо
TK-292048,207326595,Янги турмуш
TK-292050,207143974,Жалоир
TK-292051,202912170,Тошкент
TK-292052,207143982,Хужа-Учкун
TK-292053,207339753,Хушнуд
TK-292054,205100579,Чорток
TK-112-0012,207161859,Янги гулзор
TK-112-0025,207339610,Зарбдор
TK-112-0028,207340065,Машъал
TK-294001,202721464,1-Катартол
TK-294002,202922207,2-Катартол
TK-294003,202905543,1-Чарх Камолон
TK-294004,201971266,2-Чарх Камолон
TK-294005,202382437,3-Чарх Камолон
TK-294006,202277788,Аль-Хорезми
TK-294007,206128312,Бахористон
TK-294008,202479590,Бектопи
TK-294009,202432380,Бешёгоч
TK-294010,202432405,Бешкоргaн
TK-294011,205976913,Богзор
TK-294012,202630104,Ботирма
TK-294013,202630095,Бурижар
TK-294014,202446774,Гулистон
TK-294015,204851524,Домбиробод
TK-294016,205916504,Дилобод
TK-294017,202234571,Катта Думбиробод
TK-294018,202437793,Катта Rозиробод
TK-294019,202904157,Катта Чилонзор-1
TK-294020,202434118,Катта Чилонзор-2
TK-294021,202127768,Катта Чилонзор-3
TK-294022,202440159,Катта Xирмонтепа
TK-294023,204769735,Кичик-хирмонтепа
TK-294024,202630088,Кутарма
TK-294025,202302384,Лутфий
TK-294026,202630071,Нафосат
TK-294027,202922239,Мевазор
TK-294028,202630111,Мехржон
TK-294029,202298801,Навбахор
TK-294030,202425698,Наккошлик
TK-294031,202165064,Новза
TK-294032,202630032,Заркоргaн
TK-294033,202429082,Ок Тепа
TK-294034,202429107,Катортол
TK-294035,202897530,Хонтопи
TK-294036,202205647,Тирсакобод
TK-294038,202630064,Бешчинор
TK-294039,202630056,Халклар дустлиги
TK-294040,202630128,Хирмонтепа
TK-294041,202897547,Чилонзор
TK-294042,202432413,Чупонота
TK-294043,202630150,Шарк
TK-294044,205841740,Шараф
TK-294045,202429099,Шарк тонги
TK-294046,202912930,Яккабог
TK-294047,202630135,Яккатут
TK-294048,202446782,Катта Олмазор
TK-294049,303779515,Гавхар
TK-294050,303774055,Фидокор
TK-294051,303774245,Шухрат
TK-103-0136,309258408,Диёр
TK-103-0138,309276433,Козиробод
TK-103-0139,309255751,Коркам
TK-103-0137,309256236,Катта Навбахор
TK-103-0123,202437785,Хайрабод
TO-206002,302866574,Кургонтепа
TO-206003,200568704,Зарбдор
TO-206004,302866581,Зарафшон
TO-206005,302866653,Навруз
TO-206006,302866660,Гулистон
TO-206007,302866692,Ёшлик
TO-206008,302866638,Сувти
TO-206009,302866534,Хонобод
TO-206010,207059667,Толовул
TO-206011,302866115,Султонобод
TO-206012,302866108,Куштепа
TO-206015,302866614,Куштамгали
TO-206016,207062561,Кургонча
TO-206017,200568553,Элтамгали
TO-206018,302866700,Тортувли
TO-206020,302866147,Халкобод
TO-206021,302866130,Маданият
TO-206022,206997823,хамзаобод
TO-206023,302866179,Навбахор
TO-206024,302866186,хосилдор
TO-206025,202926779,Уста Нормат
TO-206026,202926747,Мустакиллик
TO-206027,202926708,Бирлик
TO-11070003,207064155,Бойгули
TO-11070019,202926723,Собир Рахимов
TO-11070010,302866717,Кахрамон
TO-11070006,207061469,Жагалбойли
TO-11070009,202926730,Султон Сегизбоев
TO-11070025,302866123,хамид Олимжон
TO-212001,206997729,Янги Хаёт
TO-212002,207211558,Гулобод
TO-212003,207209907,Шодмалик
TO-212004,203252977,Галла-кудук
TO-212005,207209029,Ойбулок
TO-212006,207201356,Ейвалек
TO-212007,207211827,Убайд
TO-212009,207209051,куюн
TO-212010,204009026,Кизилой
TO-212011,207209376,Телов
TO-212012,207209075,Тошарик
TO-212013,207209044,Шовгуз
TO-212014,204034487,Санам
TO-212015,203943891,Гушсой
TO-212016,207204225,Чувилдок
TO-212017,207204218,Корасувёка
TO-212018,207201324,Сусам
TO-212019,207201349,Илгор
TO-212020,207209012,Чинор
TO-212021,207209899,Четсув
TO-212022,204221753,Куксарой
TO-212023,207209384,Унгут
TO-212025,203943884,Тут
TO-212026,207201332,Ялпоктепа
TO-212027,207067128,Ёнарик
TO-212029,207210599,Алишер
TO-11080011,207209036,Увак
TO-11080031,202875946,Нуробод
TO-11080030,207209068,Янгиобод
TO-11080033,308896984,Корахтой
TO-11080034,308894623,Овжазсой
TO-220002,203122670,Саврак
TO-220003,203115670,Колгонсир
TO-220004,204107030,Бирдамлик
TO-220005,202989606,Дехконобод
TO-220006,203073091,Пахтакор
TO-220007,206653981,Ёшлик-2
TO-220008,202815624,Истиклол
TO-220009,207285466,Янги хаёт
TO-220010,202846435,Бунёдкор
TO-220011,202836083,Кушчи
TO-220012,202846450,Ок-Тепа
TO-220013,202846443,узбекобод
TO-220014,202836090,Хамза
TO-220015,203115655,Янгибозор
TO-220016,203115648,Бобур Мирзо
TO-220017,307815886,Далварзин
TO-220018,203115663,Олтин водий
TO-220019,202857556,Богишамол
TO-220020,203161727,Зиёли
TO-220021,202815631,Гулистон
TO-220022,302958696,Хонобод
TO-220023,202849724,Пастки керайит
TO-220024,202849716,Парчаюз
TO-220025,202836068,Янги овул
TO-220026,202836044,Куштамгали
TO-220027,202857588,Шова
TO-220028,202857571,кукони
TO-220029,203063603,Найман
TO-220030,202852319,Уяс
TO-220031,202966928,Ачамайли
TO-220032,202836029,Ёшлик
TO-220033,202836051,Хос
TO-220034,202852326,Такачи
TO-220035,307816236,Истикбол
TO-220036,202821364,Урикзор
TO-220037,202821371,Дустлик
TO-220038,202821356,узбекистон
TO-220039,202836036,Илгор
TO-220041,203028272,Исфара
TO-220043,202845230,Назарбой
TO-220044,206584847,Теракзор
TO-220045,207152544,Гулзор
TO-220046,203111843,Фарход
TO-220047,204518359,Бешюз
TO-220048,202877904,Сарюз
TO-220049,302958736,Турон
TO-220050,202815616,Бустон
TO-11010025,202836075,кургон
TO-11010026,202846467,Маллабой
TO-11010027,307974721,Мустакиллик
TO-11010021,203122687,Кора-куйли
TO-224003,303199708,Корабой
TO-224004,304965268,Бойтерак
TO-224005,303187785,Кушкургон
TO-224006,304965624,Хoжаобод
TO-224007,303192639,Айдарали
TO-224009,303485154,Уйенкулсай
TO-224010,306172573,Баймурзаев
TO-224011,303363646,Корамозор
TO-224013,306171550,Думалок
TO-224014,202941999,Дахана
TO-224015,202953445,Навруз
TO-224016,303267725,Бирлик
TO-224017,303267733,Кичиксой
TO-224018,303485201,Чимбойлик
TO-224019,305052754,Кизил-сув
TO-224020,207292237,Газалкент
TO-224022,303485139,С.Рахимов
TO-224023,303209391,Хужакент
TO-224024,303209369,Коронкул
TO-224026,207292180,Угам
TO-224027,303209692,Чинор
TO-224029,202997969,Бостон
TO-224030,202953477,Марказий
TO-224031,303187801,Бунёдкор
TO-224032,303187793,Толеби
TO-224033,305393734,Обод
TO-224035,303192646,Паргос
TO-224036,304974914,Богча овул
TO-224037,303209660,Товоксой
TO-224038,303209559,Искандар
TO-224039,305052651,Ёшлик
TO-224040,303209621,Барраж
TO-224041,303267740,С.Хондойлики
TO-224042,303267757,Куктунли
TO-224043,202926675,Истиклол
TO-224044,305052596,Чимган
TO-224047,303363456,Яккатут
TO-224048,303363464,Новобод
TO-224049,207292173,Янгикургон
TO-224050,305484390,Богистон
TO-224051,303187746,Болодала
TO-224052,305484351,Нанай
TO-224053,303209653,Узун
TO-224055,303485240,Пском
TO-224057,303363400,Беш-тут
TO-224058,304965552,Достлик
TO-224059,202953438,Маърифат
TO-11030041,303363654,Сижжак
TO-11030054,303210528,Хумсон
TO-11030052,303363424,Фазогир
TO-11030042,303363360,Сари-кангли
TO-11030002,303185947,Кораманас
TO-11030003,303485185,Ачисай
TO-11030045,305052865,Т.Дадабоев
TO-11030013,303485178,Бурчмулла
TO-228002,202678597,Достлик
TO-228003,202678580,Маданият
TO-228004,202678620,Навроз
TO-228005,202678613,Тошлок
TO-228006,202678573,Озбек
TO-228008,202664171,Бунёдкор
TO-228009,202678541,Бостон
TO-228010,202678558,Чулобод
TO-228012,202678462,Олтиш
TO-228013,202678454,Жагалбайли
TO-228014,202678479,Кора кудук
TO-228015,202678423,Кук орол
TO-228016,202678430,Жураобод
TO-228017,202678447,Бахмал
TO-228018,202678289,Кийикчи
TO-228019,202678415,Кулдоштепа
TO-228021,202678534,Ровот
TO-228022,204428178,Новобод
TO-228023,202678526,Урта-тепа
TO-228024,202678519,Катта Ровот
TO-228025,202678368,Коракуйли
TO-228026,202678375,Бешкапа
TO-228027,202678408,Даштобод
TO-228030,202678390,Ачамайли
TO-228032,202678304,Янгикургон
TO-228034,202678312,Янгиобод
TO-228036,202678486,Мирзабек
TO-228037,202678494,Самарканд
TO-228038,202678502,Чавлисой
TO-228039,202678329,Паркент
TO-228040,304955446,Истиклол
TO-228041,207311021,Мойтепа
TO-11020031,206918469,Рамадон
TO-11020019,202678344,Кучкорсуйган
TO-11020039,202678637,Янгихаёт
TO-11020020,202678351,Кулдурок
TO-11020005,202678565,Бока
TO-11020036,202678336,Хужакургон
TO-233003,207255376,Абай
TO-233004,202726473,Гул
TO-233005,202878166,Юлдуз
TO-233006,207255409,Ожакент
TO-233007,202878103,Пахтачи
TO-233008,202878094,Дустлик-1
TO-233009,207255369,Жумагул
TO-233010,202726157,Ибрат
TO-233011,202726164,Миробод
TO-233012,202726172,Навкирон
TO-233013,202726189,Машраб
TO-233014,202726196,Шодлик
TO-233015,202903031,Пахтазор
TO-233016,202903024,Достлик
TO-233018,207255305,Тинчлик
TO-233020,202883651,Маданият
TO-233021,207255320,Мевазор
TO-233022,207255344,Кушек
TO-233023,202903009,Минг чинор
TO-233024,202902982,Чакмок
TO-233025,202902999,Хожа
TO-233026,207255352,Галаботир
TO-233027,207255384,Ойдинобод
TO-233028,202903063,Богистон
TO-233029,202924773,Уч чинор
TO-233030,207255313,Ватан
TO-233031,202878087,Чинобод
TO-233032,202878055,Беруний
TO-233033,202878063,Куксарой
TO-233035,207255391,Бешкент
TO-233036,207255337,Сурум
TO-233037,202878142,Сергели
TO-11060029,202878110,Тукбой
TO-11060032,202878070,Хожапискон
TO-237001,202911386,Файз
TO-237003,202911441,Абдужалилбоб
TO-237004,202911426,Катта чинор
TO-237007,202911419,Олмазор
TO-237008,202911394,Уртаовул
TO-237009,202911648,Хужамозор
TO-237010,202911663,Урта
TO-237011,202911687,Богзор
TO-237012,203797758,Эски калъа
TO-237013,202911631,Гулбог
TO-237014,202911655,Асил
TO-237015,202911670,Сортепа
TO-237016,202911742,Кахрамон
TO-237017,202911766,Туркистон
TO-237018,202911727,Куёшли
TO-237020,202911710,Курилиш
TO-237021,202911734,Тарик-тешар
TO-237022,207204709,Бодомзор
TO-237023,202911703,эркин
TO-237025,202911845,Фаробий
TO-237027,202911806,Харакат
TO-237028,202911853,Мевазор
TO-237029,202911838,Найман
TO-237030,202911798,М.М.Хорезми
TO-237031,202911821,Ахилобод
TO-237032,202911774,Назарбек
TO-237034,202911624,Обод
TO-237035,202911616,Токзор
TO-237036,202911576,Навкирон
TO-237039,202911591,Уратепа
TO-237043,202911465,Эшонгузар
TO-237046,202911537,Нурафшон
TO-237048,206853044,Бустон
TO-237049,204011469,Истиклолнинг 5 йиллиги
TO-237050,204551644,Истиклол
TO-237066,305974747,Обод Тукимачи
TO-237067,202911917,Туропобод
TO-237068,207205026,Шодлик
TO-237069,202911924,Алимбува
TO-237070,202911971,Саховат
TO-237071,202911949,Тарнов
TO-237072,207185567,Навбахор
TO-237073,202911964,Тукимачи
TO-237074,202911884,Илгор
TO-237075,202911988,Богишамол
TO-237076,202911956,Баликчи
TO-237077,202911892,Рамадон
TO-237078,202912210,Чинор
TO-237079,202911480,Маданият
TO-237080,202912242,Дехконобод
TO-237082,202912281,Аччисой
TO-237083,202912298,Зарафшон
TO-237084,202912306,Нуробод
TO-237085,202912044,Урикзор
TO-237087,202911458,Обод Турмуш
TO-11040048,202911584,Намуна
TO-11040001,202911473,Амир Темур
TO-11040002,202882384,Ахмад Яссави
TO-11040018,202911609,Далигузар
TO-11040090,202944210,Кенг Кечик
TO-239001,203602524,Янгихаёт
TO-239002,202902871,Нурли йул
TO-239004,202877999,Узбекистон
TO-239005,206969438,Дархан
TO-239007,204597680,Ободон
TO-239008,202909410,Гулистон
TO-239009,202909427,Навоий
TO-239010,202921825,Ок овул
TO-239011,202590566,Жумабозор
TO-239012,203088784,Кизил сой
TO-239013,203535520,Жалолтепа
TO-239016,202909434,Чумчукжар
TO-239017,201684987,Маърифат
TO-239018,202893497,Корасув
TO-239019,202916735,Саксон Ота
TO-239020,202916743,Марказий
TO-239023,204597697,Булок боши
TO-239024,202916767,Курсой
TO-239025,202916750,Кангли
TO-239028,202916704,Гулобод
TO-239029,206973766,Тараккиёт
TO-239030,202935507,Нурафшон
TO-239031,204597673,Файзобод
TO-239033,202916799,Яшнобод
TO-239034,202916728,Истикбол
TO-239035,206988668,Бахор
TO-239037,202921801,Миробод
TO-239038,202893505,Иттифок
TO-239040,202916711,Нурли замин
TO-239043,202923521,Бирлик
TO-239044,204956621,Баликчи
TO-239045,309093392,Ийк-ота
TO-239047,202893465,Навруз
TO-11140051,309093424,Тинчлик
TO-11140001,202921833,Тимофей Григоревич Хван
TO-11140049,308795414,Саховат
TO-11140018,202223070,Кавардон
TO-11140036,204878046,Таштогзок
TO-11140002,202946169,Аҳмад Яссавий
TO-11140048,308795477,Навбахор
TO-248001,203684352,Ок олтин
TO-248002,203658684,Ботаника
TO-248003,203667562,Узумзор
TO-248005,202838096,Дархан
TO-248006,203013767,Тараккий
TO-248007,203024279,Маданият
TO-248008,203024286,Курилиш
TO-248009,203024294,Янгихаёт
TO-248010,204392296,Мехнат
TO-248012,203024262,Ёнарик
TO-248014,203202516,Шарк
TO-248015,203455984,Янги авлод
TO-248016,203196209,Май
TO-248017,202966982,Шалола
TO-248018,203096561,Хужакургон
TO-248019,202966999,Пулат Кадам
TO-248020,207299338,Туркистон
TO-248021,203655926,Илгор
TO-248022,202946216,Сохибкор
TO-248024,202946224,Ифтихор
TO-248025,202888652,Гофур Гулом
TO-248026,202921864,Зебунисо
TO-248027,202888644,Беруний
TO-248028,207203360,Янгиобод
TO-248046,207208425,Хайдаробод
TO-248050,203556455,Янги йул
TO-248051,202833451,Обод
TO-248053,203644092,Парвоз
TO-248054,203351735,Гулистон
TO-248055,203273792,Ункургон
TO-248056,202985137,Бойжигит
TO-248057,202875882,Навроз
TO-248058,203622144,Маърифат
TO-248060,202985120,Мирзо Улугбек
TO-248061,202985113,Фаровон
TO-248063,202985144,Тинчлик
TO-248064,202927974,Бунёдкор
TO-248065,202985097,Ойбек
TO-248066,202985105,Бобур
TO-248068,204201778,Нурафшон
TO-248069,202875899,Янги аргин
TO-248070,203375357,Юкори-Юз
TO-248071,203629989,Бирлик
TO-248073,203375340,Дормон
TO-248075,202938201,Хосилдор
TO-248076,202938218,Кипчок
TO-248077,203738505,Чинобод
TO-248078,203738480,Уткир
TO-248079,203667586,Мустакиллик
TO-248081,202985152,Бустон
TO-248082,203627065,Куприк боши
TO-248084,202842583,Истикбол
TO-248087,202955799,Навбахор
TO-248088,202927967,Байткоргон
TO-11050002,202927950,Алишер Навоий
TO-11050067,202948094,Уймовут
TO-11050006,202985073,Ахиллик
TO-11050055,202938233,Олмазор
TO-11050070,202985080,Файзобод
TO-11050001,203632772,Абдурахмон Жомий
TO-249002,202938383,Хожа
TO-249003,202938289,Гулбог
TO-249004,202938344,Чуккайма
TO-249005,202938336,Бешкаппа
TO-249007,202938368,Борсилик
TO-249008,202938351,Куличи
TO-249009,202938408,Бодомтепа
TO-249010,200570860,Мозорхожи
TO-249011,202938272,Сурхи
TO-249012,202938264,Навруз
TO-249013,202938390,Ойбек
TO-249015,202938329,Куруксой
TO-249016,202938312,Кушшукур
TO-249017,202938240,Сой
TO-249018,202938304,Истикбол
TO-249019,205973592,Самаробод
TO-249020,207142596,куёш
TO-249021,204764078,Чинорбулок
TO-249022,204764061,Кичиккургон
TO-249023,204764085,Кумушкон
TO-249025,207154803,Кунгай
TO-249026,207154810,Олмазор
TO-249027,207191917,Нуробод
TO-249028,204764101,Истиклол
TO-249029,204764118,Кургон
TO-249030,207153306,Янгиобод
TO-249031,207154874,Тожибой Ризаев
TO-249034,204764140,Улугбек
TO-249035,207154755,Чашма
TO-249036,207154763,Чинор
TO-249037,207142343,Шампан
TO-249039,207142350,Невич
TO-249041,303270786,Кизилсой
TO-249042,207154652,Обод
TO-249044,207154644,Чинорли
TO-249045,204764125,Бойкозон
TO-249047,207142564,Кайилма
TO-249048,207139274,Богбон
TO-249051,207041722,Бостон
TO-249052,207041714,Киргизовул
TO-249054,205599456,Марказий
TO-249055,207142865,Октепа
TO-249056,205599464,Кургонтепа
TO-249057,207142858,Гулистон
TO-249058,303940316,Ёшлик
TO-11090061,202862234,Ойдин
TO-11090057,305926647,Янги санганак
TO-11090048,204764157,Хуррият
TO-11090063,207255771,Файзобод
TO-11090060,202862242,Саид ота
TO-11090031,204764093,Новдак
TO-11090062,202862259,Толбулок
TO-11090040,207012243,Самсарак-Навбахор
TO-250001,202949235,Бекобод
TO-250003,207146725,Саидобод
TO-250004,207146718,Чимкургон
TO-250007,207148707,Файзобод
TO-250008,207147408,Дунгкургон
TO-250009,202926826,Муминобод
TO-250010,202942087,Бирлик
TO-250011,202942070,Янгиобод
TO-250012,207146701,Кул Ота
TO-250013,207147146,Гулистон
TO-250015,202934974,А.Навои
TO-250016,202938447,Лолаарик
TO-250017,207146764,Минг-тепа
TO-250018,207147296,Гайрат
TO-250019,207147122,Дустлик
TO-250022,202938454,Митан
TO-250023,202942094,Ойбек
TO-250024,207146883,Култепа
TO-250025,207148864,Мустакиллик
TO-250026,207147082,Тараккиёт
TO-250027,207147099,Октом
TO-11100022,207147390,Октепа
TO-11100016,207147107,Мурод-али
TO-253004,207045788,Бунёдкор
TO-253011,203409938,Шоликор
TO-253012,206738993,Мустакиллик
TO-253013,204960713,Ким Пен Хва
TO-253014,206845386,Йунгичколи
TO-253016,206541496,Янги турмуш
TO-253018,206946656,Саидовул-Бахт
TO-253019,202936964,Корасув
TO-253020,203331578,Роватак
TO-253021,205954212,Файзобод
TO-253022,206819852,Дустлик
TO-253023,309042788,Аргин сада
TO-253024,207144110,Тинчлик
TO-253026,207171173,Аранши
TO-253027,207189165,Янгийул
TO-253028,207189173,Тараккиёт
TO-253029,207171158,Уйгур
TO-253030,203499677,Кучлик
TO-253031,207122240,Дархан
TO-253032,207127297,Ёрик
TO-253034,207123169,Усмон ота
TO-253035,207128027,Чангтепа
TO-253036,207136895,Чегара
TO-253037,207136888,Кушдарё
TO-253039,202212884,Олти угил
TO-253040,204950908,Адолат
TO-253041,203609894,Мингтепа
TO-253042,205617076,Бургалик
TO-253043,205946847,кайтмас
TO-253044,207128454,Номданак
TO-253049,206984547,Юкориовул
TO-253050,206984530,уртаовул
TO-253052,207122383,Бойовул
TO-253055,206900555,Машъал
TO-253058,206854580,Бешбой
TO-253059,202526287,Уртасарой
TO-253060,204853520,Кукмуйин
TO-253061,207074182,Тошлок
TO-253062,207075291,А.Йулбарисов
TO-253063,207127638,Янгилик
TO-253065,207127645,Галаботир
TO-11120053,204904772,Халкобод
TO-11120025,207168659,Кундузак
TO-11120036,207059674,Обод
TO-11120050,207158931,Учокли
TO-11120019,207127606,Жангабай
TO-256001,204055564,Сарбозор
TO-256003,303112862,Маданият
TO-256004,303300336,Марказий
TO-256005,303213490,Ойдин
TO-256007,303213483,Каттатепалик
TO-256008,303319342,Гулзоробод
TO-256009,303213468,Йултушган
TO-256013,303213855,Сохибкор
TO-256017,303188032,Достлик
TO-256018,303188056,Истиклол
TO-256020,303213579,Яхши ният
TO-256021,303213641,Ахиллик
TO-256022,303213680,Навруз
TO-256023,303213658,Амир Темур
TO-256026,204055549,Бешкапа
TO-256028,204053639,Афгон
TO-256029,303112886,Гайрат
TO-256030,303112847,Тонг Юлдузи
TO-256031,303112823,Самарканд
TO-256032,303277325,Эхтиром
TO-256033,303277451,Кутарма
TO-256037,303300375,Каналобод
TO-256038,204055604,Хамза
TO-256039,204055532,Пахтаобод
TO-256041,303277404,Нафис
TO-256042,303277444,Мевазор
TO-256043,303277436,Расулобод
TO-256045,303112277,Чорвадор
TO-256046,303112300,Бирлик
TO-256047,303112260,Сутчилар
TO-256048,303112253,Сутбулок
TO-256053,308016147,Тиллатопган
TO-11130048,303213831,Чин-Масчит
TO-11130047,204053622,Хужа
TO-11130051,303300447,Эшонобод
TO-11130001,204055524,Алишер Навоий
TO-11130011,303213737,Дехконобод
TO-11130039,308031153,Тиллаобод
TO-11130016,303277318,Исламобод
TO-11130014,303213705,Ёллама
TO-259002,207312811,Кирарик
TO-259004,202944456,Обод
TO-259005,202944432,Галаба
TO-259006,202944449,Юксалиш
TO-259009,202944424,Узбекистон
TO-259011,202944321,Фаровон
TO-259012,202944495,Гулистон
TO-259014,207292799,Ниёзбош
TO-259015,204409557,Бинокор
TO-259016,202944504,Гулбог
TO-259017,202944528,Маданият
TO-259019,204457823,Пахта
TO-259020,203708526,Саид ота
TO-259021,202944227,Туя бугиз
TO-259026,202944234,Кора-тепа
TO-259027,203111899,Чаманзор
TO-259028,202944163,Халкобод
TO-259029,202944155,Олмазор
TO-259030,202944170,Нихол
TO-259032,202944353,Дехконобод
TO-259033,202944338,Регистон
TO-259034,202944345,Кескан
TO-259035,204513294,Нуробод
TO-259036,202944203,Куш тепа
TO-259039,206960560,Янгийул
TO-259041,202944314,Марказ
TO-259043,202944281,Озод
TO-259044,207321420,Ибрат
TO-259045,202944266,Ватан
TO-259046,202944187,Ифтихор
TO-259047,203763594,Достлик
TO-259048,202944567,Умид
TO-259049,207294874,Мингбулок
TO-259050,207293204,Шуралисой
TO-259051,207293117,Иттифок
TO-259052,202944360,Ковунчи
TO-259053,206987313,Ёшлик
TO-259054,202944400,Саховат
TO-259055,202944392,Бунёдкор
TO-259057,202944384,Кирсадок
TO-259058,202944377,Жамбул
TO-259060,207139194,Дархон
TO-259061,202944543,Ахил
TO-259063,202944535,Гулбахор
TO-259065,206926349,Кукаламзор
TO-259066,203766044,Байтиш
TO-259067,203766051,Епкенди
TO-259069,202944242,Куш ёгоч
TO-11150035,203790704,Мирзо Улугбек
TO-11150063,202944194,Хон-кургон
TO-11150037,204157714,Навбахор
TO-265002,207018116,Авлиё Ота
TO-265003,202918510,Айриота
TO-265004,202967031,Ахиллик
TO-265005,202918684,Бахор
TO-265006,207184727,Беруний
TO-265007,207184742,Бештерак
TO-265008,207186605,Богбон
TO-265009,202918280,Богизилол
TO-265010,202918297,Бунёдкор
TO-265012,202918448,Гултепа
TO-265013,202918542,Гишткуприк
TO-265014,202918320,Дархон
TO-265015,207147676,Дийдор
TO-265016,202918653,Зарбдор
TO-265017,202918409,Заргар
TO-265018,202918258,Зах-арик
TO-265019,202918494,Ибрат
TO-265020,202918344,Икбол
TO-265021,202918431,Истикбол
TO-265023,202918463,Калас
TO-265024,202918660,Кенсой
TO-265025,202918186,Кир-арик
TO-265026,203605679,Корасарой
TO-265027,202918606,Куксарой
TO-265028,202918123,Куктерак
TO-265029,207119780,Кухинур
TO-265030,202918503,Кашкарлик
TO-265031,202918265,Кизгалдок
TO-265032,202918614,Корабурик
TO-265035,204094635,Мажнунтол
TO-265036,202918470,Маърифат
TO-265037,202918534,Мустакиллик
TO-265038,202918391,Нурхаёт
TO-265039,202918162,Ободлик
TO-265040,202918202,Озодлик
TO-265041,202918313,Ойдин хаёт
TO-265042,202918219,Окибат
TO-265043,207108992,Октом
TO-265044,202918645,Октош
TO-265045,202918638,Олтинтепа
TO-265046,202918305,Рахбаробод
TO-265047,202918337,Сабзавот
TO-265050,202918581,Сарке
TO-265051,202918574,Сиргали
TO-265052,202918154,Сохибкор
TO-265053,202918194,Тинчлик
TO-265054,202918376,Тутзор
TO-265055,202918384,Уч сада
TO-265056,202918455,Уч чинор
TO-265057,202918226,Файзобод
TO-265059,202918677,Хасанбой
TO-265061,202967048,хиёбон
TO-265062,202918147,Хувайдо
TO-265063,202918487,Халимкуп
TO-265064,202918598,Чигатой
TO-265065,202918416,Чувалачи
TO-265066,202918621,Шамсиобод
TO-265067,202918424,Ширин
TO-11110071,310525733,Урикзор
TO-11110070,310444304,Янги хаёт
TO-11110034,207109105,Куш кунди
TO-11110003,202918234,Алишер Навоий
TO-11110061,202918692,Хасанбой-гузари
TO-401001,206986339,Бирлик
TO-401003,306232102,Дегантепа
TO-401006,207127621,Кумарик
TO-401007,202925614,Маърифат
TO-401008,201549536,Мукумий
TO-401009,202849827,Навруз
TO-401010,306239424,Нурафшон
TO-401011,203158658,Обод
TO-401012,202902967,Обод турмуш
TO-401013,202883596,Ойбек
TO-401014,205170421,Оппок
TO-401016,202891784,Тойтепа
TO-401018,306239654,Хуррият
TO-401022,306523278,Янги обод
TO-11210016,306259337,Тарракиёт
TO-11210004,207059682,Дехконобод
TO-404001,202773764,Намуна
TO-404006,202773725,Мустакиллик
TO-404014,202773804,Камалак
TO-404017,202767494,Ойдин
TO-404018,202773599,Тинчлик
TO-404019,202767526,Хамза
TO-404020,202773661,Суфи Оллоёр
TO-404021,202773890,Янги хаёт
TO-404022,202773757,Достлик
TO-404023,202773796,Фуркат
TO-404025,202773685,Чамбил
TO-404028,202765101,Коинот
TO-404029,202767519,Бобур
TO-404032,202773718,Юлдуз
TO-404033,207016830,Абдулла Aвлони
TO-404034,202773844,Увайсий
TO-404035,202773646,Олтин
TO-404037,202773678,Мукимий
TO-404038,202773733,Узбекистон
TO-404039,202773639,Олмаликсой
TO-404042,202773693,Усмон Носир
TO-404044,307167048,Темур Малик
TO-404047,202773654,Корпасой
TO-404049,202773772,Бостон
TO-404050,202773622,Олмаликовул
TO-404051,202773607,Навроз
TO-11180020,202773868,Кимёгар
TO-11180004,202773883,Ибн Cино
TO-11180040,202773875,Тошкент
TO-11180005,202767462,Алишер Навоий
TO-11180024,202773829,Мирзо Улугбек
TO-11180016,202773789,Зарбулок
TO-11180053,207148026,Хилол
TO-11180035,202767479,Саховат
TO-11180038,202767486,Теракли
TO-11180017,307168853,Ислом Каримов
TO-11180048,202773851,Чолпон
TO-11180002,202767541,Абдулла Каххор
TO-11180003,202773701,Абдулла Кодирий
TO-11180008,202767502,Махмудхожа Бехбудий
TO-11180007,202773614,Хужа Ахамад Яссави
TO-407001,202838151,Гулбог
TO-407002,202845380,Облик
TO-407004,202833523,Дустлик
TO-407005,202838230,Хаккарман Янги Жигаристон
TO-407006,202854759,Грум
TO-407007,202846704,Жигаристон
TO-407010,202838254,Боги-сурх
TO-407012,202846664,Лашкерак
TO-407013,202845397,Оппартак
TO-407015,202838144,Кук-терак
TO-407017,202838223,Чоткол
TO-407018,202838302,Гулзор
TO-407019,202838136,Майдон
TO-407020,202839862,Янги хаёт
TO-407023,202903087,Намуна
TO-407024,202845358,Корабог
TO-407026,202845365,Самарчуг
TO-407027,202838208,Соглом
TO-407028,206976912,Навбахор
TO-407029,202838190,Мустакиллик
TO-407030,202838168,Озодлик
TO-407031,202852405,Карвон
TO-407032,202838129,Тараккиёт
TO-407033,202838326,Ёшлик
TO-407035,202838358,Истиклол
TO-407036,202838215,Боботог
TO-407037,202846689,Истиқбол
TO-407038,202846696,Гузал
TO-407039,202846657,Нурчи
TO-407041,202845405,Янгиобод
TO-407042,202845373,Улугбек
TO-407043,202839854,Обод
TO-407047,203404501,Беруний
TO-407049,203803124,Кимёгар
TO-407050,204278279,Янги-гушсой
TO-11160001,202839879,8-март
TO-11160006,202838247,Бостон
TO-11160030,202838334,Навруз-1
TO-11160008,202838262,Гафур Гулом
TO-11160052,202838286,Янги бог-сурх
TO-11160013,202838175,Дорулфунун
TO-413001,202903142,Бунёдкор
TO-413002,206979544,Янги хаёт
TO-413003,202912449,Дустлик
TO-413004,206992324,Ёшлик
TO-413005,207191631,Пахтакор
TO-413006,202915325,Узбекистон
TO-413007,202903127,Металлург
TO-413009,202915318,Жомий
TO-413010,202912488,Сайхун
TO-413011,202912360,Маданият
TO-413012,202903094,Бирдамлик
TO-413014,202907097,Маърифат
TO-413015,202915293,Сирдарё
TO-413016,202912456,Мустакиллик
TO-413017,202915301,Самаранд
TO-413018,202912377,Туркистон
TO-413019,202912384,Тараккиёт
TO-413021,202903159,Андижон
TO-413022,206972245,Богишамол
TO-413023,202912432,Фаргона
TO-413024,206989634,Ширин
TO-413025,206931913,Бобур
TO-413026,202903166,Обод-турмуш
TO-413027,206949730,Нурли Йул
TO-413029,202912417,Фарход
TO-413030,202903174,Сементчи
TO-413032,202912400,Навруз
TO-413033,206980118,Булок арик
TO-413034,202903110,Ал-Хоразмий
TO-413035,202903181,Тинчлик
TO-11170018,202903103,Мукумий
TO-11170033,202903134,Хамидолимжон
TO-11170014,202912471,Косим ота Фармонов
TO-415001,202950362,Адолат
TO-415002,202954713,Бахт
TO-415003,202950330,Бирлик
TO-415004,202946248,Бустон
TO-415006,202948158,Гулистон
TO-415007,202944639,Дустлик
TO-415008,202944607,Ёшлик
TO-415009,202950347,Илок
TO-415010,202950354,Кургон
TO-415012,202948141,Навбахор
TO-415013,202940905,Намуна
TO-415014,207269604,Нугойкургон
TO-415015,202948134,Орзу
TO-415017,202944646,Умид
TO-415018,202944614,Хонобод
TO-415019,202947104,Шодлик
TO-415020,202944622,Янгилик
TO-415021,202948126,Янгиобод
TO-419003,202915389,В.Хайдаров
TO-419004,202907184,Гулистон
TO-419005,202923664,Икбол
TO-419006,202915340,Умид
TO-419007,202913351,Гулзор
TO-419008,202915372,Бобур
TO-419009,202903284,Истиклол
TO-419010,202903277,Ишонч
TO-419011,202923695,Мурувват
TO-419012,202907169,Xумо
TO-419013,202909481,Чинор
TO-419014,202903238,Семург
TO-419015,202919675,Aдолат
TO-419016,202907191,Навбахор
TO-419017,202903260,Мирзоголиб
TO-419018,203089404,Нур
TO-419019,202909498,Шодлик
TO-419020,202903206,Кимёгар
TO-419021,202907152,Ёшлик
TO-419022,202916878,Мир Алишер
TO-419024,202909474,Бахор
TO-419025,202916854,Маданият
TO-419026,202957083,Бирлик
TO-419028,202916861,Куёш
TO-419030,202963243,Ифтихор
TO-419031,202915364,Навроз
TO-419033,202930481,Достлик
TO-419034,202919683,Kамолот
TO-419036,202920430,Тинчлик
TO-419038,202915396,Турон
TO-419039,202903198,Xамза
TO-419040,202919708,Маърифат
TO-419041,202907209,Шарк
TO-419042,202903245,X.A.Яссави
TO-419043,202903214,Галаба
TO-419044,202907216,Бахт
TO-11200035,202903253,Мирзо Улугбек
TO-11200037,202903221,X.Максудов
TO-11200001,202957090,Амир Темур
TO-424001,202775113,Бахт
TO-424006,202678898,Мезон
TO-424007,202710755,Мустакиллик
TO-424009,202778164,Олмос
TO-424010,202678874,Олтинобод
TO-424011,202678906,Рамадон
TO-424012,202710794,Сабо
TO-424013,207273663,Туркистон
TO-424014,202710787,Файзли
TO-424016,207273670,Фаровон
TO-424017,202710763,Янги бог
TO-11220004,207320690,Ковунчи тепа
TO-11220020,205091758,Нов
TO-11220022,202944464,Бахор
TO-11220005,207321190,Лаззат
TO-11220019,207320826,Янгиобод
TO-11220024,309074581,Янгихаёт
TO-11220021,206988762,Богбон
TO-11220003,202792457,Ишчилар шахарчаси
TO-11220016,202710770,Файзиобод
TO-11220009,202678881,Навруз
XO-204001,207226808,Богзор
XO-204002,207226214,Богистон
XO-204003,207226539,Бука
XO-204004,207226206,Галаба
XO-204005,207226221,Гулзор
XO-204006,205245359,Гулшан
XO-204007,207225895,Дехконобод
XO-204008,207226317,Ёш осмир
XO-204009,205251454,Калажиккалъа
XO-204010,207227687,Конабирлашув
XO-204011,207226790,Кипчок
XO-204012,207226292,Корабог
XO-204013,207226324,Кулонкорабог
XO-204015,207226166,Маданият
XO-204016,207227290,Маънавият
XO-204017,207226332,Мехнатгули
XO-204018,207228417,Навбахор
XO-204019,207226467,Навруз
XO-204020,207226435,Найман
XO-204021,207226238,Намуна
XO-204022,205245342,Нурафшон
XO-204023,207225928,Нурли маскан
XO-204024,207226712,Нурлихаёт
XO-204025,207225745,Обод
XO-204026,207226134,Ок олтин
XO-204027,207226729,Октепа
XO-204028,207064471,Олтинкум
XO-204029,207226300,Пахтаобод
XO-204030,207226443,Саховат
XO-204031,207227552,Сохибкор
XO-204032,207226450,Тозабозор
XO-204033,207226751,Тупчи
XO-204034,207225911,Узгариш
XO-204035,207093302,Узумзор
XO-204036,207226349,Усталар
XO-204037,207226048,Хунарманд
XO-204038,207226546,Хуррият
XO-204039,207226428,Юксалиш
XO-204040,207226070,Янги кадам
XO-204043,207226736,Узбекистон
XO-22010001,207226744,Абу Райхон Беруний
XO-22010002,207225753,Ашхобод
XO-22010015,207227569,Ортик Отажонов
XO-208001,202905718,Янги бог
XO-208002,202797609,Ишонч
XO-208003,203007149,Маърифат
XO-208004,202969069,Навбахор
XO-208005,203011453,Богишамол
XO-208006,202632228,Янги аср
XO-208007,201901866,Нуробод
XO-208009,202618195,Гулшан
XO-208010,202514928,Богистон
XO-208011,202632243,Шодлик
XO-208012,202623340,Фидокор
XO-208013,303385627,Обод
XO-208014,207065866,Сахтиён
XO-208015,207065874,Чаккалар
XO-208016,207065881,Ватанпарвар
XO-208017,207129856,Мойли
XO-208018,205915798,Эшимжирон
XO-208019,207129864,Ёрмиш
XO-208020,207129104,Катарик
XO-208021,206109518,Пахтачи
XO-208022,204151864,Жалойир
XO-208024,204151857,Совунчи
XO-208025,207128794,Эсабий
XO-208026,207128786,Нурафшон
XO-208027,207128779,Мевазор
XO-208028,207128802,Дустлик боги
XO-208029,207130184,Кангли
XO-208030,207130169,Оккум
XO-208031,207130176,Олчин
XO-208032,207128668,Бозкала
XO-208033,207128651,Дехконобод
XO-208034,207128675,Болдокли
XO-208035,207128596,Зиёкор
XO-208036,207128485,Навбир ёп
XO-208038,207128295,Дусимбий
XO-208039,207128288,Тахтакупир
XO-208040,207128271,Марбугат
XO-208041,207111928,Нукус
XO-208042,205907554,Бирлашган
XO-208043,207111911,Нурли ёл
XO-208044,207111904,Пахтакор
XO-208046,207128138,Дустлик
XO-208048,207177093,Уйилма
XO-208049,207128114,Беш уй
XO-208050,207128106,Чинобод
XO-22020045,207128121,Байналмилал
XO-22020009,207128493,Дехкон
XO-22020040,204028991,Улга
XO-212001,207108004,Гулзор
XO-212002,207108351,Маданият
XO-212003,207108011,Тараккиёт
XO-212004,207108344,Икбол
XO-212005,207108289,Бахористон
XO-212006,204141710,Чаманзор
XO-212007,207187739,Ёвгир
XO-212008,204785273,Янгилик
XO-212009,207181328,Айронкол
XO-212010,207187381,Месит
XO-212011,207240712,Амиркум
XO-212013,207228360,Вахимчи
XO-212014,205131058,Коровул
XO-212015,207189158,Дустлик
XO-212016,205167305,Илгалди
XO-212017,207250669,Мехнатобод
XO-212018,207228377,Пахтакор
XO-212019,207250344,Бекобод
XO-212020,204767983,Шеробод
XO-212021,207187058,Ёшлик
XO-212022,206818474,Богзор
XO-212023,204398098,Шихобод
XO-212024,204913801,Иттифок
XO-212025,205264596,Ошок калъа
XO-212026,207166448,Уртаёп
XO-212027,207228345,Адолат
XO-212029,207204193,Уйгур
XO-212031,206925753,Хосиён
XO-212033,205680530,Хайробод
XO-212034,205010739,Куназей
XO-212035,206962510,Куктом
XO-212037,207185883,Олтин воха
XO-212038,207185868,Дурдона
XO-212039,206962503,Хонобод
XO-212040,204165696,Незахос
XO-212041,205301519,Урта кишлок
XO-212042,205246049,Полвон
XO-212044,206814242,Шихмашхад
XO-212045,207187041,Зарбдор
XO-212046,205327650,Кенагас
XO-212048,205319834,Довуд
XO-212049,207107701,Баратлар
XO-212050,207107718,Араблар
XO-22090039,206925760,Тегалак
XO-22090008,205319842,Борлок
XO-22090019,207187484,Кадрият
XO-22090021,205327667,Корамон
XO-217002,207203772,Заргарлар
XO-217003,303840789,Мироблар
XO-217004,303902228,Жайхун
XO-217005,205956296,Анжирчилар
XO-217006,303371605,Мергановул
XO-217007,205956289,Юкори овул
XO-217008,302946553,Уйшин
XO-217009,303840796,Араблар
XO-217010,302841036,Уч Куприк
XO-217011,303371597,Бешайвон
XO-217012,302841115,Шерматлар
XO-217015,302841075,Чакка кули
XO-217016,207020724,Урта дурман
XO-217017,207109026,Бустон
XO-217018,206941465,Ок-ёп
XO-217019,207200824,Каттабог
XO-217020,207200832,Юкорижирмиз
XO-217022,207104183,Беруний
XO-217023,302908346,Тандирчи
XO-217024,207204043,Оёк бог
XO-217025,303228567,Адолат
XO-217026,302841194,Ок мактаб
XO-217027,207203796,Шохидонлар
XO-217028,207203789,Хожибойлар
XO-217029,303228614,Туркманлар
XO-217030,302841154,Чулобод
XO-217031,205776995,Ок олтин
XO-217036,205210133,Арбоблар
XO-217037,205214744,Шодлик
XO-217038,303404640,Киллавут
XO-217040,303404561,Киёт
XO-217042,303404664,Кайчили
XO-217046,207200856,Ёшлик
XO-217051,302841241,Обод
XO-217052,304092359,Галаба
XO-217053,205184206,Мевазор
XO-217055,207200871,Орзу
XO-217057,207201919,Хилол
XO-217058,207203764,Гулобод
XO-22030059,207333303,Янгиобод
XO-22030033,302841012,Ок ариклар
XO-22030022,302920301,Кипчок
XO-22030009,303795171,Богдорчи
XO-22030024,302841273,Кумравот
XO-22030023,207200849,Коромон
XO-22030040,303407691,Тадкикотчилар
XO-22030055,302841051,Шоликорлар
XO-22030060,207333294,Янги ортабог
XO-22030046,206828288,Хамид Олимжон
XO-22030025,303795100,Кохна овул
XO-22030017,303404672,Комилжон Aтаниязов
XO-22030026,207189030,Кунгирот
XO-22030039,303386815,Ровот
XO-22030027,302908393,Мунис Xоразмий
XO-22030010,303404578,Бакайлар
XO-22030008,205419457,Бободехкон
XO-220001,204354287,Амударё
XO-220002,205235727,Янгибозар
XO-220003,305569481,Киртепа
XO-220006,204354191,Шовот
XO-220009,206628426,Карвак
XO-220010,305555072,Буюк аждодлар
XO-220011,204354184,Янги обод
XO-220012,204354209,Камолот
XO-220013,205238833,Овшар
XO-220014,305644832,Ок майдон
XO-220015,204356750,Истиклол
XO-220016,206767246,Мухомон
XO-220017,305527312,Шодухуррам
XO-220018,206628441,Шукрона
XO-220019,204354216,Янги хаёт
XO-220021,204354263,Навруз
XO-220022,305579683,Богироглар
XO-220024,204354270,Богиэрам
XO-220026,204354224,Ковунчи
XO-220027,204354294,Оталик
XO-220028,305527099,Зехнли
XO-220029,204354231,Мустакиллик
XO-220030,205314034,Богдор
XO-220032,206628434,Саноат
XO-220034,204354169,Гулзор
XO-220035,204354176,Мунис хоразмий
XO-220036,206718449,Пичокчи
XO-220037,205246816,Зиёлилар
XO-220039,205291381,Сулаймон калъаси
XO-220040,204354248,Ойбек
XO-220042,204356767,Ал-Хоразмий
XO-220043,207000148,Ишчилар
XO-220044,205235710,Пахлавон Махмуд
XO-22100011,305591876,Жувархос
XO-22100047,309428360,Ободзамин
XO-22100048,309460617,Тараккиёт
XO-22100008,206735824,Бостон
XO-22100046,309437359,Баркамол авлод
XO-22100001,204356774,Алокали кул
XO-22100019,305558812,Минг отликлар
XO-22100030,206735816,Бешта
XO-22100042,305523864,Юкори-шоват
XO-22100009,205549454,Гофур Гулом
XO-22100007,305577038,Буюк-сиймо
XO-22100029,305550744,Темирчи маскан
XO-22100033,204354255,Жалоладдин Мангуберди
XO-221002,205230171,Ёшлик
XO-221003,205230188,Мухаббат
XO-221004,202650428,Навбахор
XO-221005,305529530,Нукус маскани
XO-221006,204356711,Обод
XO-221008,205230195,Пастом
XO-221009,205230204,Саидлар
XO-221010,202706957,Саримой
XO-221011,207123549,Саяпир
XO-221013,205234356,хазорасп
XO-221014,202643364,Шарлаук
XO-221016,207336741,Янги замин
XO-22130018,207336647,Яккачикир
XO-22130003,207336608,Нуробод
XO-22130017,204356728,Шайхлар
XO-22130001,205230164,Йолдош Охунбобоев
XO-22130015,305529594,Тупраккалъа маскани
XO-22130010,202662602,Саховаци
XO-223001,302787514,Корамози
XO-223002,302791416,Гулистон
XO-223003,302780334,Истиклол
XO-223004,302780342,Пахтагул
XO-223005,302777559,Пахтакор
XO-223006,302776440,Маданий ер
XO-223007,302775704,Дурмон
XO-223008,302776464,Обод
XO-223009,302777542,Илгор
XO-223010,302778335,Дустлик
XO-223011,302776418,Нурафшон
XO-223012,302776433,Маданият
XO-223014,302776425,Знахос
XO-223015,302773968,Гайрат
XO-223016,302773975,Мустакиллик
XO-223017,302775688,Янги турмуш
XO-223018,302775671,Ойдин хаёт
XO-223019,302775695,Ширин
XO-223020,302777566,Дургадик
XO-223021,302776393,Олчин
XO-223022,302776385,Навруз
XO-223023,302776378,Тома
XO-223024,302778350,Туркистон
XO-223025,302778343,Ёш куч
XO-223026,302774870,Катта куч
XO-223027,302774855,Нуробод
XO-223028,304484660,Мош тугай
XO-223029,304484692,Таянч
XO-223030,302810826,Пахлавонлар
XO-223031,302810858,Баркамоллик
XO-223032,302810865,Гулгунча
XO-223034,302810937,Мангулик
XO-223035,302810952,Порлок
XO-223036,302810969,Янгиланиш
XO-223037,302810976,Ахиллик
XO-223038,302810984,Бунёдкор
XO-223040,302811025,Мукаддас
XO-223041,302811033,Фидойилар
XO-223042,302811040,Ватанпарвар
XO-223043,302811057,Жаннатмакон
XO-22040041,302811001,Эхтиром
XO-226001,207187414,Шомохулум
XO-226002,303431925,Парчанхос
XO-226003,204104114,Гулшан
XO-226004,303534377,Бустон
XO-226005,207300494,Серчалли
XO-226007,204104099,Варагзон
XO-226008,303506649,Истиклол
XO-226009,204099422,Чанашик
XO-226010,204104107,Полосултон
XO-226011,207300519,Сапча
XO-226012,207300534,Париша
XO-226013,204114822,Чинобод
XO-226014,204114839,Соёт
XO-226016,207186479,Kаттибош
XO-226017,207186486,Шуркул
XO-226018,204099382,Арвик
XO-226019,302799246,Журён
XO-226022,205202110,Аваз дунак
XO-226023,204099399,Кушчи каттабог
XO-226025,207300502,Говук
XO-226027,205202625,Коракум
XO-226028,302799261,Дашяк
XO-226029,302808004,Окёп
XO-226030,302799318,Гандимён
XO-226032,205205107,Пишканик
XO-226033,302799278,Ал-Хоразмий
XO-226034,204099374,Пирнахос
XO-22050004,207300462,Атажон тура
XO-22050016,207300479,Кумёп
XO-22050082,205189848,Шайх Нажмиддин Кубро
XO-22050012,205223765,Гужа гузари
XO-22050019,207189291,Пано махсим
XO-230001,200950744,Дустлик
XO-230002,200950736,Янгиобод
XO-230003,204392605,Бунёдкор
XO-230004,200911593,Пахтакор
XO-230005,202758022,Шовот
XO-230006,205905042,Истикбол
XO-230007,205890396,Туркистон
XO-230009,204936266,Кум ёп
XO-230010,204526562,Арбоб
XO-230011,204526554,Околтин
XO-230012,304985045,Киргок бойи
XO-230013,206987606,Асавей
XO-230014,201716462,Узункул
XO-230015,204992468,Хитой
XO-230016,205005466,Ипакчи
XO-230017,204992451,Тараккиёт
XO-230020,205544990,Буйрачи
XO-230021,204494841,Ок-кул
XO-230022,204486313,Олтин калъа
XO-230023,204486297,Каткалъа
XO-230024,204486305,Тупроккалъа
XO-230029,204494858,Киёт
XO-230030,204135306,Идаликалъа
XO-230031,205759604,Комилжон Отаниёзов
XO-230032,207240428,Кундуз
XO-230033,204313052,Гулистон
XO-230034,204313076,Навруз
XO-230035,204313069,Мевазор
XO-230036,204313044,Бустон
XO-230037,204313084,Роят
XO-230038,205933128,Монок
XO-230039,205933111,Огахий
XO-230041,204486265,Маданият
XO-230043,204486273,Чигатой
XO-230045,204543724,Пулат
XO-230046,201528729,Гулшан
XO-230047,204392580,Янги бурлок
XO-230048,204392597,Кангли
XO-230050,204540261,Бешмерган
XO-230051,204540278,Янгийўл
XO-230052,204392565,Махтумкули
XO-230054,204496729,Арбек
XO-230055,204400238,Эшон-Калъа
XO-22060014,206985925,Ижтимоият
XO-22060032,205942955,Богбон
XO-22060023,204392573,Кушкупир
XO-22060006,204486280,Бешчикир
XO-22060020,204261823,Комилжон Ота
XO-22060030,206986813,Янги Узбекистон
XO-22060040,205933135,Тукмангит
XO-22060048,201301315,Замондош
XO-22060003,205525365,Арчазор
XO-233001,207170720,Куриктом
XO-233002,207172773,Ширшоли
XO-233003,207171560,Пурсанг
XO-233004,207170737,Янги ер
XO-233005,207185163,Арбоблар
XO-233006,207185187,Конгирот
XO-233008,303364233,Аччиккуйи
XO-233009,207178464,Таган
XO-233010,207180115,Гулшанда
XO-233011,207178471,Савган
XO-233013,207183087,Гулбог
XO-233014,207168777,Вакиллар
XO-233015,303328434,Боёт
XO-233016,303366809,Дустлик
XO-233017,207192464,Кармиш
XO-233018,207192495,Шихбоги
XO-233019,207192488,Шеробод
XO-233021,303030823,Каттабог
XO-233022,303029434,Жалоил
XO-233023,303030775,Егрисолма
XO-233024,303030830,Остона
XO-233025,207175849,Кушлок
XO-233026,207175444,Хужалар
XO-233027,207175286,Чакир
XO-233028,207175279,Сардорлар
XO-233030,207174779,Чикирчи
XO-233031,207174786,Окмачит
XO-233033,207174819,Уйгур
XO-233034,303364201,Тузлок
XO-233035,303379371,Улугбек
XO-233036,207153384,Янгиарик
XO-233038,207153392,Янгиобод
XO-233039,303356550,Урганч
XO-22070006,303029442,Туркистон
XO-22070001,207174802,Ангиарик
XO-22070036,207153377,Огахий
XO-22070023,207185155,Сабурзон
XO-236001,207179881,Янги ёп
XO-236002,207179906,Навроз
XO-236003,207179898,Достлик
XO-236004,206817483,Хамид Олимжон
XO-236005,206817475,Хайват
XO-236006,206817490,Шоирлар
XO-236007,207180012,Бархаёт
XO-236008,207179827,Мангитлар
XO-236010,207179803,Бостон
XO-236011,207179874,Навбахор
XO-236013,207179866,Жайхун
XO-236014,207179794,Оча кала
XO-236015,207179842,Ширинлар
XO-236016,207179787,Гулистон
XO-236017,207180029,Истиклол
XO-236018,207179834,Ифтихор
XO-236019,207180004,Кадрият
XO-236020,207180044,Минг боголон
XO-236021,207179984,Боголон
XO-236022,207179977,Катли
XO-236023,207180036,Киёт
XO-236024,207180051,Чоболончи
XO-236025,207179953,Олтинкол
XO-236026,207179921,Халкобод
XO-236027,207179945,Тозадорман
XO-236028,207179938,Коратепа
XO-22080017,207179810,Пахловон Махмуд
XO-22080026,207179859,Юкори бошкир
XO-22080027,308592754,Янгиобод
XO-401001,202942166,Мустакиллик
XO-401002,202952257,Феруз
XO-401003,202942174,Маърифат
XO-401005,202945218,Ал-Хоразмий
XO-401006,202942159,Беш мерган
XO-401007,202960231,Шодлик
XO-401008,202947389,Гулшан
XO-401009,202946359,Гулзор
XO-401010,202952225,Навбахор
XO-401011,202947372,Авесто
XO-401012,202946334,Машъал
XO-401013,202952201,Янги хаёт
XO-401015,202945201,Хамжихатлик
XO-401016,202952289,Янги обод
XO-401017,202945240,Саховат
XO-401018,202952240,Жамбул
XO-401019,202947404,Бобур
XO-401020,202946366,Оби-Хаёт
XO-401021,202945193,Навруз
XO-401022,202947412,Истиклол
XO-401024,202947396,Тоза бог
XO-401025,202960224,Умид
XO-401026,202946303,Жингавуз
XO-401027,202947429,Дустлик
XO-401028,202957391,Темир йулчи
XO-401029,202953549,Байналминалчи
XO-401030,202942181,Олимпия
XO-401031,202947357,Гулчилар
XO-401032,202945233,Бустон
XO-401033,204069894,Камолот
XO-401034,204076238,Зиёкорлар
XO-401035,205217108,Бинокор
XO-401036,207197970,Олма бог
XO-401038,304657982,Исломобод
XO-22110014,207197987,Жалоладдин Мангуберди
XO-22110038,202966358,Юкори бог
XO-22110042,309885854,Янги Узбекистон
XO-22110041,309879275,Нурли хаёт
XO-22110021,202973190,Кухна калъа
XO-22110004,202945225,Ашхабад
XO-406001,204104082,Ангарик
XO-406002,202527364,Бинокор
XO-406003,202574846,Газчи
XO-406004,202928815,Гиламчи
XO-406005,202549614,Гулирайхон
XO-406006,202883858,Гулистон
XO-406007,305257467,Гулшан-2
XO-406008,202443479,Достлик
XO-406009,202883819,Ичан-кала
XO-406010,202557984,Калта-минор
XO-406011,202518787,Каптархона
XO-406012,207189284,Киёт
XO-406013,202883841,Кумяска
XO-406014,205220778,Киблатозабог
XO-406015,202942238,Лолазор
XO-406017,202919873,Сангар
XO-406018,202883834,Тозабог
XO-406019,204113429,Шихлар
XO-406020,202590732,Янги турмуш
XO-406021,202896327,Янги хаёт
