id,parent_id
2,
21,2
4,2
434,4
435,434
6,2
599,6
7,2
614,7
620,614
12,2
777,12
19,2
1142,19
1145,1142
16,2
986,16
17,2
1016,17
18,2
1073,18
25,
24,25
27,24
1355,27
1358,1355
33,24
1517,33
1520,1517
144,
156,144
6013,156
6015,6013
42,25
1979,42
1982,1979
51,
56,51
2469,56
2470,2469
60,
64,60
2884,64
2885,2884
29,24
1415,29
1421,1415
72,
74,72
3195,74
84,
86,84
3598,86
3605,3598
87,84
3648,87
3649,3648
57,51
2522,57
2523,2522
58,51
2630,58
2638,2630
101,
106,101
4116,106
112,
117,112
4592,117
4596,4592
123,
132,123
5131,132
5132,5131
134,
138,134
5322,138
140,134
5380,140
5382,5380
5454,140
5459,5454
141,134
5540,141
5546,5540
143,144
147,143
5739,147
5740,5739
163,
172,163
6593,172
6601,6593
175,
181,175
7131,181
7135,7131
195,
196,195
7598,196
7599,7598
198,195
7750,198
7751,7750
202,195
7970,202
7971,7970
205,195
8227,205
130,123
221,
224,221
8852,224
8853,8852
8863,224
8864,8863
15,2
878,15
880,878
881,878
1146,1142
1147,1142
26,24
1299,26
1303,1299
32,24
1475,32
1476,1475
1477,1475
1478,1475
41,25
1964,41
1965,1964
249,
262,249
274,262
12490,274
12491,12490
1987,42
1990,1987
263,262
11137,263
11145,11137
261,262
11005,261
11013,11005
11049,261
11057,11049
11236,263
11244,11236
11258,263
11266,11258
11324,263
11332,11324
11412,263
11420,11412
264,262
11434,264
11442,11434
11533,264
11541,11533
265,262
11577,265
11585,11577
11599,265
11607,11599
11632,265
11633,11632
266,262
11665,266
11673,11665
11687,266
11695,11687
268,262
11874,268
11882,11874
2010,42
2014,2010
269,262
12039,269
12040,12039
12050,269
12058,12050
3,2
388,3
2015,2010
273,262
12468,273
12469,12468
275,249
12534,275
12535,12534
12546,275
12554,12546
12590,275
12598,12590
12656,275
12664,12656
12711,275
12712,12711
2524,2522
389,388
276,249
12931,276
12939,12931
12953,276
12961,12953
13010,276
13011,13010
444,4
445,444
277,249
13043,277
13051,13043
13065,277
13066,13065
13131,277
13132,13131
2909,64
2912,2909
13219,277
13220,13219
2913,2909
65,60
2933,65
2936,2933
5,2
520,5
522,520
523,520
279,249
13378,279
13380,13378
81,72
3441,81
3442,3441
83,84
3518,83
3522,3518
3523,3518
287,
288,287
13882,288
13883,13882
570,6
573,570
107,101
1,2
310,1
313,310
314,310
315,310
31,24
108,101
128,123
44,
49,44
50,51
8,2
9,2
10,2
68,60
11,2
13,2
14,2
20,2
23,24
28,24
30,24
22,2
34,24
35,24
36,24
37,24
38,24
39,24
40,25
43,44
45,44
46,44
47,44
48,44
52,51
53,51
54,51
55,51
59,60
61,60
62,60
63,60
66,60
67,60
69,60
70,60
71,72
73,72
75,72
76,72
77,72
78,72
79,72
80,72
82,72
85,84
129,123
88,84
89,84
90,84
91,84
92,84
93,84
94,84
96,
95,96
97,96
98,96
99,96
100,101
102,101
103,101
104,101
105,101
109,101
110,101
111,112
113,112
114,112
115,112
116,112
118,112
119,112
120,112
121,112
122,123
124,123
125,123
126,123
127,123
131,123
133,134
135,134
136,134
137,134
139,134
142,143
145,143
146,143
148,144
150,144
149,150
151,150
152,150
154,144
153,154
155,154
158,144
157,158
159,158
160,158
161,144
162,163
164,163
165,163
166,163
167,163
168,163
169,163
170,163
171,163
173,163
174,175
204,195
176,175
177,175
178,175
179,175
180,175
182,175
184,
183,184
185,184
186,184
187,184
188,184
189,184
190,184
191,184
192,184
193,184
194,195
197,195
199,195
200,195
201,195
203,195
316,310
207,
206,207
208,207
209,207
210,207
211,207
212,207
213,207
214,207
215,207
216,207
233,221
574,570
217,207
218,207
219,207
220,221
222,221
223,221
225,221
226,221
227,221
228,221
229,221
230,221
231,221
232,221
336,1
338,336
234,221
235,221
236,221
237,221
238,221
239,221
240,221
241,221
242,221
243,221
244,221
6314,165
245,6314
5010,128
246,5010
247,249
248,249
250,248
251,248
252,248
253,248
254,248
255,248
256,248
257,248
258,248
259,248
260,248
267,262
270,262
271,262
272,262
278,249
280,249
281,249
282,249
283,249
284,249
285,249
286,287
289,287
311,310
312,310
290,287
291,287
292,287
293,287
294,1
295,294
296,294
297,294
298,1
299,298
300,298
301,298
302,298
303,298
304,1
305,304
306,304
307,304
308,304
309,304
317,1
318,317
319,317
320,317
321,317
322,317
323,317
324,317
325,317
326,317
327,317
328,1
329,328
330,328
331,328
332,328
333,328
334,328
335,328
337,336
339,336
340,336
341,336
342,336
343,336
344,336
345,336
346,336
347,1
348,347
349,347
350,347
351,347
352,347
353,347
354,1
355,354
356,354
357,354
358,354
359,354
360,354
361,1
387,3
386,387
362,3
363,362
364,362
365,362
366,362
367,362
368,362
369,362
370,362
371,362
372,362
373,3
374,373
375,373
376,373
377,373
378,373
379,373
380,373
381,373
382,373
383,387
384,387
385,387
390,388
391,388
392,388
393,388
394,388
395,388
396,388
397,388
398,3
399,398
400,398
401,398
402,398
403,398
404,4
405,404
406,404
407,404
408,404
409,404
410,404
411,404
412,4
413,412
414,412
415,412
416,412
417,412
418,412
419,412
420,4
421,420
422,420
423,420
424,420
425,420
426,420
427,4
428,427
429,427
430,427
431,427
432,427
433,427
436,434
437,434
438,434
439,434
440,4
441,440
442,440
443,440
446,444
447,444
448,444
449,4
450,449
451,449
452,449
453,4
454,453
455,453
456,453
457,453
458,453
459,5
460,459
461,459
462,459
463,459
464,459
465,459
466,459
467,459
468,5
469,468
470,468
471,468
472,468
473,5
474,473
475,473
476,473
477,473
478,473
479,5
480,5
481,5
482,5
483,482
484,482
485,482
486,482
487,482
488,482
489,5
490,489
491,489
492,489
493,489
494,5
495,5
496,495
497,495
498,495
499,495
500,495
501,495
502,495
503,495
504,5
505,504
506,504
507,504
508,504
509,504
510,504
511,5
512,511
513,511
514,511
515,511
516,511
517,511
518,511
519,511
521,520
524,520
525,520
526,520
527,5
528,527
529,527
530,527
531,527
532,5
533,532
534,532
535,532
536,532
537,5
538,5
539,538
540,538
541,538
542,538
543,538
544,538
545,5
546,545
547,545
548,545
572,570
549,545
550,545
551,545
552,6
553,552
554,552
555,552
556,552
557,552
558,552
559,552
560,552
561,552
562,6
563,562
564,562
565,562
566,562
567,562
568,562
569,562
571,570
575,570
576,570
577,570
578,6
579,578
580,578
581,6
582,581
583,581
584,581
585,581
586,581
587,581
588,581
589,581
590,581
591,6
592,6
593,592
594,592
595,592
596,592
597,592
598,592
600,6
601,6
602,601
603,601
604,601
605,6
606,605
607,605
608,605
609,6
610,609
611,609
612,6
613,7
615,614
616,614
617,614
618,614
619,614
621,614
622,614
623,614
624,614
625,7
626,625
627,625
628,625
629,625
630,625
631,7
632,631
633,631
634,631
635,7
636,635
637,635
638,635
639,635
640,635
641,8
642,8
643,642
644,642
645,642
646,8
647,646
648,646
649,646
650,9
651,650
652,650
653,650
654,650
655,650
656,9
657,656
658,656
659,656
660,656
661,656
662,656
663,9
664,9
665,664
666,664
667,664
668,664
669,10
670,669
671,669
672,669
673,669
674,669
675,669
676,10
677,676
678,676
679,676
680,676
681,676
682,10
683,682
684,682
685,682
686,10
687,686
688,686
689,686
690,686
691,686
692,686
693,686
694,686
695,686
696,10
697,696
698,696
699,696
700,696
701,10
702,701
703,701
704,701
705,701
706,10
707,10
708,707
709,707
710,707
711,707
712,707
713,10
714,713
715,713
716,713
717,10
718,11
719,11
720,11
721,720
722,720
723,720
724,720
725,720
726,720
727,720
744,11
749,744
792,12
794,792
728,11
729,728
730,728
731,728
732,728
733,11
734,11
735,734
736,734
737,734
738,11
739,738
740,738
741,738
742,738
743,738
745,744
746,744
747,744
748,744
750,744
751,744
752,11
753,12
754,753
755,753
756,753
757,753
758,753
759,753
760,753
761,753
762,753
763,12
764,763
765,763
766,763
767,763
768,763
769,12
770,769
771,769
772,769
773,769
774,769
775,769
776,769
778,12
779,12
780,779
781,779
782,779
783,779
784,779
785,779
786,779
787,12
788,787
789,787
790,787
791,12
793,792
795,792
796,792
797,792
798,792
799,792
800,12
801,13
802,801
803,801
804,13
805,804
806,804
807,804
808,804
809,13
810,809
811,809
812,809
813,809
814,13
815,814
816,814
817,814
818,814
819,814
820,13
821,820
822,820
823,14
824,823
825,823
826,823
827,823
828,823
829,823
853,15
856,853
830,823
831,823
832,823
833,823
834,14
835,834
836,834
837,834
838,834
839,834
840,834
841,834
842,14
843,842
844,842
845,842
846,842
847,14
848,847
849,847
850,847
851,847
852,14
854,853
855,853
857,853
858,853
859,15
860,859
861,859
862,859
863,859
864,859
865,859
866,15
867,866
868,866
869,866
870,866
871,15
872,871
873,871
874,871
875,871
876,871
877,871
879,878
882,878
883,878
884,15
885,884
886,884
887,884
888,884
889,884
890,884
891,884
892,16
893,892
894,892
895,892
896,892
897,892
898,892
899,892
900,892
901,892
902,16
903,902
904,902
905,902
906,902
907,902
908,902
909,16
910,909
911,909
912,909
913,909
914,909
915,909
916,909
917,909
918,909
919,909
920,16
921,920
922,920
923,920
924,920
925,920
926,920
927,920
928,920
929,16
930,929
931,929
932,929
989,986
933,929
934,929
935,929
936,929
937,16
938,937
939,937
940,937
941,937
942,937
943,937
944,937
945,16
946,945
947,945
948,945
949,945
950,16
951,950
952,950
953,950
954,950
955,950
956,16
957,956
958,956
1116,18
959,956
960,956
961,956
962,16
963,962
964,962
965,962
966,962
967,962
968,962
969,16
970,969
971,969
972,969
973,969
974,969
975,969
976,969
977,16
978,977
979,977
980,977
981,977
982,977
983,977
984,977
985,977
987,986
988,986
990,16
991,990
992,990
993,990
994,990
995,990
996,990
997,990
998,16
999,17
1000,999
1001,999
1002,999
1003,17
1004,1003
1005,1003
1006,1003
1007,17
1008,1007
1009,1007
1010,1007
1011,17
1143,1142
1012,1011
1013,1011
1014,1011
1015,17
1017,1016
1018,1016
1019,1016
1020,1016
1021,17
1022,1021
1023,1021
1024,1021
1025,17
1026,1025
1027,1025
1028,1025
1029,1025
1030,1025
1031,1025
1032,17
1033,1032
1144,1142
1034,1032
1035,1032
1036,1032
1037,1032
1038,1032
1039,17
1040,17
1041,1040
1042,1040
1043,1040
1044,1040
1045,17
1046,18
1047,1046
1048,1046
1049,1046
1050,1046
1051,1046
1052,1046
1053,18
1054,1053
1055,1053
1056,1053
1057,1053
1058,1053
1059,1053
1060,1053
1061,1053
1062,18
1063,1062
1064,1062
1065,1062
1066,1062
1067,1062
1068,1062
1069,1062
1070,1062
1071,1062
1072,1062
1074,1073
1075,1073
1076,1073
1077,18
1078,1077
1079,1077
1080,1077
1081,1077
1082,18
1083,1082
1084,1082
1085,18
1086,1085
1087,1085
1088,1085
1089,1085
1090,18
1091,18
1092,18
1093,1092
1094,1092
1095,1092
1096,1092
1097,1092
1098,1092
1099,1092
1100,18
1101,18
1102,1101
1103,1101
1104,1101
1105,1101
1106,18
1107,1106
1108,1106
1109,1106
1110,18
1111,1110
1112,1110
1113,1110
1114,1110
1115,18
1117,18
1118,1117
1119,1117
1120,1117
1121,1117
1122,1117
1123,1117
1124,18
1125,1124
1126,1124
1127,18
1128,1127
1129,1127
1130,1127
1131,1127
1132,1127
1133,1127
1134,1127
1135,19
1136,1135
1137,1135
1138,1135
1139,1135
1140,1135
1141,19
1148,1142
1149,1142
1150,19
1151,1150
1152,1150
1153,1150
1154,1150
1155,1150
1156,1150
1157,19
1158,20
1159,1158
1160,1158
1161,1158
1162,1158
1163,1158
1164,20
1165,20
1166,20
1167,1166
1168,1166
1169,1166
1170,1166
1171,1166
1172,21
1173,1172
1174,1172
1175,1172
1176,1172
1177,1172
1178,1172
1179,1172
1180,1172
1181,1172
1182,21
1183,1182
1184,1182
1185,1182
1186,1182
1187,1182
1188,1182
1189,1182
1190,1182
1191,1182
1214,23
1217,1214
1192,21
1193,1192
1194,1192
1195,1192
1196,1192
1197,1192
1198,1192
1199,1192
1200,1192
1201,1192
1202,22
1203,23
1204,1203
1205,1203
1206,1203
1207,1203
1208,1203
1209,1203
1210,1203
1211,1203
1212,1203
1213,23
1215,1214
1216,1214
1218,1214
1219,1214
1220,1214
1221,1214
1222,23
1223,1222
1224,1222
1225,1222
1226,23
1227,1226
1228,1226
1229,1226
1230,1226
1231,23
1232,1231
1233,1231
1234,1231
1235,1231
1236,1231
1237,23
1238,1237
1239,1237
1240,1237
1241,1237
1242,1237
1243,23
1244,23
1245,1244
1246,1244
1247,1244
1248,1244
1249,23
1250,1249
1251,1249
1252,1249
1253,1249
1254,23
1255,1254
1256,1254
1257,1254
1258,1254
1259,1254
1301,1299
1302,1299
1260,1254
1261,1254
1262,23
1263,1262
1264,1262
1265,1262
1266,1262
1267,1262
1268,1262
1269,23
1270,23
1271,1270
1272,1270
1273,1270
1274,1270
1275,1270
1276,23
1277,1276
1278,1276
1279,1276
1280,26
1281,1280
1282,1280
1283,1280
1284,1280
1285,1280
1286,1280
1287,1280
1288,1280
1289,26
1290,1289
1291,1289
1292,1289
1293,1289
1294,1289
1295,1289
1296,1289
1297,1289
1298,1289
1300,1299
1304,1299
1305,1299
1306,26
1307,1306
1308,1306
1309,1306
1310,1306
1311,1306
1312,1306
1313,1306
1314,1306
1315,1306
1316,1306
1317,26
1318,26
1319,26
1320,1319
1321,1319
1322,1319
1338,26
1343,1338
1344,1338
1323,1319
1324,26
1325,1324
1326,1324
1327,1324
1328,1324
1329,1324
1330,1324
1331,1324
1332,26
1333,26
1334,1333
1335,1333
1336,1333
1337,1333
1339,1338
1340,1338
1341,1338
1342,1338
1345,1338
1346,1338
1347,26
1348,1347
1349,1347
1350,1347
1351,1347
1352,27
1353,1352
1354,1352
1356,1355
1357,1355
1359,1355
1360,1355
1361,1355
1362,27
1363,1362
1364,1362
1365,1362
1366,1362
1367,1362
1368,1362
1369,27
1370,27
1371,1370
1372,1370
1373,1370
1374,1370
1375,1370
1376,1370
1377,27
1378,27
1379,1378
1380,1378
1381,1378
1382,1378
1383,1378
1384,1378
1420,1415
1385,27
1386,1385
1387,1385
1388,1385
1389,28
1390,1389
1391,1389
1392,1389
1393,1389
1394,1389
1395,1389
1396,28
1397,1396
1398,1396
1399,1396
1400,1396
1401,1396
1402,1396
1403,1396
1404,29
1405,1404
1406,1404
1407,1404
1408,1404
1409,1404
1410,1404
1411,1404
1412,1404
1413,1404
1414,1404
1416,1415
1417,1415
1418,1415
1419,1415
1422,1415
1423,1415
1424,1415
1425,1415
1426,30
1427,1426
1428,1426
1429,1426
1430,1426
1431,1426
1432,30
1433,1432
1434,1432
1435,1432
1436,1432
1437,1432
1438,1432
1439,1432
1440,30
1441,1440
1442,1440
2055,43
1443,1440
1444,1440
1445,1440
1446,1440
1447,1440
1448,1440
1449,1440
1450,30
1451,1450
1452,1450
1453,1450
1454,1450
1455,30
1456,1455
1457,1455
1496,32
1501,1496
1458,1455
1459,1455
1460,1455
1461,1455
1462,1455
1463,1455
1464,1455
1465,31
1466,1465
1467,1465
1468,1465
1469,1465
1470,1465
1471,1465
1472,1465
1473,1465
1474,1465
1479,1475
1480,1475
1481,32
1482,32
1483,1482
1484,1482
1485,1482
1486,1482
1487,32
1488,1487
1489,1487
1490,1487
1491,1487
1492,1487
1493,1487
1494,32
1495,32
1497,1496
1498,1496
1499,1496
1500,1496
1502,1496
1503,1496
1504,1496
1505,32
1506,33
1507,1506
1508,1506
1509,1506
1510,1506
1511,1506
1512,33
1513,33
1514,1513
1515,1513
1516,1513
1518,1517
1519,1517
1521,1517
1557,35
1566,1557
1522,1517
1523,1517
1524,34
1525,34
1526,34
1527,34
1528,1527
1529,1527
1530,1527
1531,1527
1532,1527
1533,1527
1534,1527
1535,1527
1536,1527
1537,1527
1538,34
1539,1538
1540,1538
1567,1557
1541,1538
1542,1538
1543,35
1544,1543
1545,1543
1546,1543
1547,1543
1548,1543
1549,1543
1550,1543
1551,1543
1552,1543
1553,35
1554,1553
1555,1553
1556,1553
1558,1557
1559,1557
1560,1557
1561,1557
1562,1557
1563,1557
1564,1557
1565,1557
1568,35
1569,1568
1570,1568
1571,1568
1572,1568
1573,1568
1574,1568
1575,1568
1576,1568
1577,36
1578,36
1579,1578
1580,1578
1581,1578
1582,36
1583,1582
1584,1582
1585,1582
1586,1582
1587,1582
1588,1582
1589,1582
1590,1582
1591,37
1592,1591
1593,1591
1594,1591
1595,1591
1596,1591
1597,1591
1598,1591
1599,1591
1600,37
1601,1600
1602,1600
1603,1600
1604,1600
1605,1600
1606,1600
1607,1600
1608,1600
1643,38
1609,37
1610,1609
1611,1609
1612,1609
1613,1609
1614,1609
1615,1609
1616,1609
1617,1609
1618,1609
1619,37
1620,1619
1621,1619
1622,1619
1623,1619
1644,1643
1624,1619
1625,1619
1626,1619
1627,1619
1628,1619
1629,37
1630,38
1631,1630
1632,1630
1633,1630
1634,1630
1635,1630
1636,1630
1637,38
1638,1637
1639,1637
1640,1637
1641,1637
1642,1637
1686,38
1693,1686
1645,1643
1646,1643
1647,1643
1648,1643
1649,1643
1650,1643
1651,1643
1652,1643
1653,1643
1654,38
1655,1654
1656,1654
1657,1654
1658,1654
1659,1654
1660,1654
1661,38
1662,1661
1663,1661
1664,1661
1665,1661
1666,38
1667,1666
1668,1666
1669,1666
1670,1666
1671,1666
1672,1666
1673,38
1674,1673
1675,1673
1676,1673
1677,38
1678,1677
1679,1677
1680,1677
1681,1677
1682,1677
1683,1677
1684,1677
1685,1677
1687,1686
1688,1686
1689,1686
1690,1686
1691,1686
1692,1686
1694,1686
1695,38
1696,1695
1697,1695
1698,1695
1699,1695
1700,1695
1701,38
1702,1701
1703,1701
1704,1701
1705,1701
1706,1701
1707,1701
1708,1701
1709,38
1710,1709
1711,1709
1712,1709
1713,1709
1714,1709
1715,38
1716,1715
1717,1715
1718,1715
1719,1715
1720,1715
1721,1715
1722,39
1723,40
1724,1723
1725,1723
1726,1723
1727,40
1728,1727
1729,1727
1730,1727
1731,1727
1732,1727
1733,1727
1734,1727
1735,1727
1736,40
1737,1736
1738,1736
1739,1736
1740,1736
1741,1736
1742,40
1743,1742
1744,1742
1745,1742
1746,1742
1747,1742
1748,1742
1749,1742
1750,1742
1751,1742
1752,1742
1753,40
1754,1753
1755,1753
1756,1753
1757,1753
1758,1753
1759,1753
1760,1753
1761,1753
1762,1753
1763,1753
1764,40
1765,1764
1766,1764
1767,1764
1768,1764
1769,40
1770,1769
1771,1769
1772,1769
1773,1769
1774,40
1775,1774
1776,1774
1777,1774
1778,1774
1779,1774
1780,1774
1781,1774
1782,40
1783,1782
1784,1782
1785,1782
1786,1782
1787,1782
1788,1782
1789,41
1790,1789
1791,1789
1792,1789
1793,1789
1794,1789
1795,1789
1796,1789
1797,1789
1798,1789
1799,41
1800,1799
1801,1799
1802,1799
1803,41
1804,1803
1805,1803
1806,1803
1807,1803
1808,1803
1809,1803
1810,1803
1811,1803
1812,1803
2180,48
2183,2180
1813,1803
1814,41
1815,1814
1816,1814
1817,1814
1818,1814
1819,1814
1820,1814
1821,1814
1822,1814
1823,1814
1824,41
1825,1824
1826,1824
1827,1824
1828,1824
1829,1824
1830,41
1831,1830
1832,1830
1833,1830
1834,1830
1835,1830
2214,49
2215,2214
1836,41
1837,1836
1838,1836
1839,1836
1840,1836
1841,1836
1842,1836
1843,1836
1844,1836
1845,1836
1846,1836
1847,41
1848,1847
1849,1847
1850,1847
1851,1847
1852,1847
1853,1847
2216,2214
1854,1847
1855,1847
1856,1847
1857,41
1858,1857
1859,1857
1860,41
1861,1860
1862,1860
1863,1860
1864,1860
1865,41
1866,1865
1867,1865
1868,41
1869,1868
1870,1868
1887,41
1889,1887
1871,1868
1872,1868
1873,1868
1874,1868
1875,1868
1876,1868
1877,41
1878,1877
1879,1877
1880,1877
1881,1877
1882,1877
1883,1877
1884,1877
1885,1877
1886,1877
1888,1887
1940,41
1942,1940
1890,1887
1891,1887
1892,1887
1893,1887
1894,1887
1895,1887
1896,1887
1897,41
1898,41
1899,1898
1900,1898
1901,1898
1902,1898
1903,41
1904,1903
1905,1903
1906,1903
1907,1903
1908,41
1909,41
1910,1909
1911,1909
1912,1909
1913,1909
1914,1909
1915,41
1916,1915
1917,1915
1918,1915
1919,1915
1920,1915
1921,1915
1922,1915
1923,41
1924,1923
1925,1923
1926,1923
1927,1923
1928,1923
1929,1923
1930,1923
1931,41
1932,1931
1933,1931
1934,1931
1935,1931
1936,1931
1937,1931
1938,1931
1939,1931
1941,1940
1943,1940
1944,41
1945,1944
1946,1944
1947,1944
1948,1944
1949,1944
1950,1944
1951,1944
1952,41
1953,41
1954,1953
1955,1953
1956,1953
1957,1953
1958,1953
1959,1953
1960,1953
1961,1953
1962,1953
1963,1953
1966,1964
1967,1964
1968,1964
1969,42
1970,1969
1971,1969
1972,1969
1973,1969
1974,1969
1975,1969
1976,1969
1977,1969
1978,1969
1980,1979
1981,1979
1983,1979
1984,1979
1985,1979
1986,1979
1988,1987
1989,1987
1991,1987
1992,1987
1993,42
1994,1993
1995,1993
1996,1993
1997,1993
1998,42
1999,1998
2000,1998
2001,1998
2002,1998
2003,1998
2004,1998
2005,1998
2006,42
2007,2006
2008,2006
2009,2006
2011,2010
2012,2010
2013,2010
2016,2010
2017,2010
2018,42
2019,2018
2020,2018
2021,2018
2022,2018
2023,2018
2024,2018
2025,2018
2026,2018
2027,2018
2028,2018
2029,42
2030,42
2031,2030
2032,2030
2033,2030
2034,2030
2035,2030
2036,2030
2037,2030
2150,47
2155,2150
2038,42
2039,2038
2040,2038
2041,2038
2042,2038
2043,2038
2044,2038
2045,42
2046,2045
2047,2045
2048,2045
2049,2045
2050,2045
2051,2045
2052,2045
2053,2045
2054,2045
2056,2055
2057,2055
2058,2055
2059,2055
2060,43
2061,2060
2062,2060
2063,2060
2064,2060
2065,2060
2066,2060
2067,43
2068,2067
2069,2067
2070,2067
2071,2067
2072,43
2073,2072
2093,45
2094,2093
2074,2072
2075,2072
2076,2072
2077,2072
2078,45
2079,2078
2080,2078
2081,2078
2082,2078
2083,2078
2084,2078
2085,45
2086,2085
2087,2085
2088,2085
2089,2085
2090,2085
2091,2085
2092,2085
2156,2150
2095,2093
2096,2093
2097,2093
2098,2093
2099,45
2100,2099
2101,2099
2102,2099
2103,2099
2104,2099
2105,45
2106,2105
2107,2105
2108,2105
2109,2105
2110,2105
2111,2105
2112,2105
2113,2105
2114,2105
2115,46
2116,2115
2117,2115
2118,2115
2119,2115
2120,46
2121,2120
2122,2120
2123,2120
2124,2120
2125,2120
2126,2120
2127,46
2128,46
2129,2128
2130,2128
2131,46
2132,2131
2133,2131
2134,2131
2135,2131
2136,2131
2137,2131
2138,2131
2139,47
2140,47
2141,47
2142,47
2143,2142
2144,2142
2145,2142
2146,2142
2147,2142
2148,2142
2149,2142
2151,2150
2152,2150
2153,2150
2154,2150
2157,2150
2158,2150
2159,2150
2160,48
2161,48
2162,48
2163,2162
2164,2162
2165,2162
2166,2162
2167,48
2168,2167
2169,2167
2170,2167
2171,2167
2172,2167
2173,2167
2174,2167
2175,2167
2176,48
2177,2176
2178,2176
2179,2176
2181,2180
2182,2180
2184,2180
2185,2180
2186,48
2187,2186
2188,2186
2189,2186
2190,2186
2191,48
2192,49
2193,2192
2194,2192
2195,2192
2196,2192
2197,2192
2198,2192
2217,2214
2199,2192
2200,2192
2201,2192
2202,2192
2203,49
2204,2203
2205,2203
2206,2203
2207,2203
2208,2203
2209,2203
2210,2203
2211,2203
2212,2203
2213,2203
2218,2214
2219,2214
2220,2214
2221,2214
2222,49
2223,2222
2224,2222
2225,2222
2226,2222
2227,2222
2228,49
2229,2228
2230,2228
2231,2228
2232,2228
2233,49
2234,2233
2294,52
2298,2294
2235,2233
2236,2233
2237,2233
2238,2233
2239,2233
2240,49
2241,2240
2242,2240
2243,2240
2244,2240
2245,2240
2246,50
2247,2246
2248,2246
2249,2246
2250,2246
2251,50
2563,58
2566,2563
2252,2251
2253,2251
2254,2251
2255,2251
2256,50
2257,50
2258,2257
2259,2257
2260,2257
2261,2257
2262,2257
2263,2257
2264,2257
2265,2257
2266,50
2267,2266
2268,2266
2269,2266
2270,2266
2271,2266
2272,50
2273,2272
2274,2272
2275,2272
2276,2272
2277,2272
2278,2272
2279,2272
2280,2272
2281,50
2282,2281
2283,2281
2284,2281
2285,2281
2286,2281
2287,2281
2288,2281
2289,50
2290,2289
2291,2289
2292,2289
2293,2289
2295,2294
2296,2294
2297,2294
2299,2294
2300,2294
2301,2294
2302,2294
2303,2294
2304,2294
2305,52
2306,2305
2307,2305
2308,2305
2309,2305
2310,2305
2311,2305
2312,2305
2313,2305
2314,2305
2315,2305
2316,52
2317,2316
2318,2316
2319,2316
2320,2316
2321,2316
2322,2316
2323,2316
2324,2316
2325,2316
2326,2316
2327,52
2328,2327
2329,2327
2330,2327
2331,2327
2332,2327
2333,2327
2334,2327
2335,2327
2336,2327
2337,2327
2338,52
2339,2338
2340,2338
2341,2338
2342,2338
2343,2338
2344,2338
2345,2338
2346,2338
2347,2338
2348,2338
2349,53
2350,53
2394,54
2395,2394
2351,2350
2352,2350
2353,2350
2354,2350
2355,2350
2356,2350
2357,54
2358,2357
2359,2357
2360,2357
2361,2357
2362,54
2363,2362
2364,2362
2365,2362
2366,2362
2367,2362
2368,2362
2369,54
2370,2369
2371,2369
2372,2369
2373,2369
2374,2369
2375,54
2376,2375
2377,2375
2378,2375
2379,2375
2380,2375
2381,2375
2382,54
2383,2382
2384,2382
2385,2382
2386,2382
2387,2382
2388,2382
2389,2382
2390,54
2391,2390
2392,2390
2393,2390
2458,56
2396,2394
2397,2394
2398,2394
2399,54
2400,2399
2401,2399
2402,2399
2403,2399
2404,2399
2405,2399
2406,2399
2407,2399
2408,54
2409,2408
2410,2408
2411,2408
2412,2408
2413,2408
2414,2408
2415,54
2416,2415
2417,2415
2418,2415
2419,2415
2420,54
2421,2420
2422,2420
2423,2420
2424,2420
2425,54
2426,2425
2427,2425
2428,2425
2429,2425
2430,54
2431,2430
2432,2430
2433,2430
2434,2430
2435,54
2436,2435
2437,2435
2438,2435
2439,2435
2440,2435
2441,2435
2442,2435
2443,2435
2444,54
2445,2444
2446,2444
2447,2444
2448,55
2449,55
2450,55
2451,55
2452,55
2453,2452
2454,2452
2455,55
2456,55
2457,2456
2459,2458
2460,2458
2461,2458
2462,2458
2463,2458
2464,2458
2465,2458
2466,2458
2467,2458
2468,2458
2471,2469
2472,2469
2473,2469
2474,56
2475,56
2476,2475
2477,2475
2478,2475
2479,2475
2480,56
2481,56
2482,2481
2483,2481
2484,56
2485,2484
2486,2484
2487,2484
2488,2484
2489,56
2490,56
2491,56
2492,56
2493,2492
2494,2492
2495,2492
2496,2492
2497,2492
2498,2492
2499,2492
2500,2492
2501,2492
2502,2492
2503,56
2504,2503
2505,2503
2506,2503
2507,2503
2508,56
2509,2508
2510,2508
2511,2508
2512,2508
2513,2508
2514,2508
2515,57
2516,57
2517,2516
2518,2516
2519,2516
2520,2516
2521,2516
2525,2522
2526,2522
2527,2522
2528,57
2529,58
2530,2529
2531,2529
2532,2529
2533,2529
2534,2529
2535,2529
2536,58
2537,2536
2538,2536
2539,2536
2540,2536
2541,58
2542,2541
2543,2541
2544,2541
2545,2541
2546,2541
2547,2541
2548,2541
2549,2541
2550,58
2551,2550
2552,2550
2553,2550
2554,2550
2555,58
2556,2555
2557,2555
2558,2555
2559,2555
2560,2555
2561,2555
2562,2555
2564,2563
2565,2563
2636,2630
2567,2563
2568,2563
2569,2563
2570,2563
2571,58
2572,2571
2573,2571
2574,2571
2575,2571
2576,2571
2577,2571
2578,58
2579,2578
2580,2578
2581,2578
2582,2578
2583,58
2584,2583
2585,2583
2586,2583
2587,2583
2588,2583
2637,2630
2589,2583
2590,2583
2591,2583
2592,2583
2593,58
2594,2593
2595,2593
2596,2593
2597,2593
2598,58
2599,2598
2600,2598
2601,2598
2602,2598
2603,2598
2604,2598
2605,2598
2606,2598
2607,58
2608,2607
2609,2607
2610,2607
2611,2607
2612,2607
2613,2607
2614,2607
2615,2607
2616,58
2617,2616
2618,2616
2619,2616
2620,2616
2621,58
2622,2621
2623,2621
2624,2621
2625,2621
2626,2621
2627,2621
2628,2621
2629,58
2631,2630
2632,2630
2633,2630
2634,2630
2635,2630
2639,2630
2640,58
2641,2640
2642,2640
2643,2640
2644,2640
2645,2640
2646,58
2647,2646
2648,2646
2649,2646
2650,2646
2651,2646
2652,2646
2653,2646
2654,2646
2655,2646
2656,58
2657,59
2658,2657
2659,2657
2660,2657
2661,2657
2662,59
2663,2662
2664,2662
2665,2662
2666,2662
2667,2662
2668,2662
2669,59
2670,2669
2701,61
2703,2701
2671,2669
2672,2669
2673,2669
2674,2669
2675,2669
2676,59
2677,59
2678,59
2679,2678
2680,2678
2681,2678
2682,2678
2683,59
2684,2683
2685,2683
2686,2683
2687,2683
2688,2683
2767,61
2768,2767
2689,2683
2690,2683
2691,2683
2692,2683
2693,2683
2694,59
2695,2694
2696,2694
2697,2694
2698,2694
2699,2694
2700,59
2702,2701
2704,2701
2705,2701
2706,2701
2707,2701
2708,2701
2709,2701
2710,2701
2711,2701
2712,61
2713,2712
2714,2712
2715,2712
2716,2712
2717,2712
2718,2712
2719,2712
2720,2712
2721,2712
2722,2712
2723,61
2724,2723
2725,2723
2726,2723
2727,2723
2728,2723
2729,2723
2730,2723
2731,2723
2732,2723
2733,2723
2734,61
2735,2734
2736,2734
2737,2734
2738,2734
2739,2734
2740,2734
2741,2734
2742,2734
2743,2734
2744,2734
2745,61
2746,2745
2747,2745
2748,2745
2749,2745
2750,2745
2751,2745
2752,2745
2753,2745
2754,2745
2755,2745
2756,61
2757,2756
2758,2756
2759,2756
2760,2756
2761,2756
2762,2756
2763,2756
2764,2756
2765,2756
2766,2756
2769,2767
2770,2767
2771,2767
2772,2767
2773,2767
2774,2767
2775,2767
2776,2767
2777,2767
2778,61
2779,2778
2780,2778
2781,2778
2782,2778
2783,2778
2784,2778
2785,2778
2786,2778
2787,2778
2788,2778
2789,61
2790,2789
2791,2789
2792,2789
2793,2789
2794,2789
2795,2789
2796,2789
2797,2789
2798,2789
2799,2789
2800,61
2801,2800
2802,2800
2803,2800
2804,2800
2805,2800
2806,2800
2807,2800
2808,2800
2809,2800
2810,2800
2811,62
2812,2811
2813,2811
2814,2811
2815,2811
2816,2811
2817,2811
2818,2811
2819,2811
2820,2811
2821,62
2822,62
2823,2822
2824,2822
2825,2822
2826,62
2827,2826
2828,2826
2829,2826
2830,2826
2831,2826
2832,2826
2833,62
2834,62
2835,2834
2836,2834
2837,2834
2838,2834
2839,2834
2840,62
2841,62
2842,63
2843,2842
2844,2842
2845,2842
2846,2842
2847,2842
2848,63
2849,2848
2850,2848
2851,2848
2852,2848
2890,64
3525,3518
2853,2848
2854,2848
2855,2848
2856,2848
2857,2848
2858,2848
2859,63
2860,2859
2861,2859
2862,2859
2863,2859
2864,2859
2865,2859
2866,63
2867,2866
2868,2866
2869,2866
2870,2866
2871,2866
2872,2866
2873,2866
2874,63
2875,2874
2876,2874
2877,2874
2878,2874
2879,63
2880,2879
2881,2879
2882,2879
2883,63
2886,2884
2887,2884
2888,2884
2889,2884
2891,2890
2892,2890
2893,2890
2894,2890
2895,2890
2896,2890
2897,64
2898,2897
2899,2897
2900,2897
2901,2897
2902,2897
2903,64
2904,2903
2905,2903
2906,2903
2907,2903
2908,2903
2910,2909
2911,2909
2914,2909
2915,2909
2916,2909
2917,2909
2918,2909
2919,2909
2920,64
2921,2920
2922,2920
2923,2920
2924,2920
2925,2920
2926,2920
2927,2920
2928,64
2929,2928
2930,2928
2931,2928
2932,2928
2934,2933
2935,2933
2937,2933
2938,2933
2939,2933
2940,2933
2941,2933
2942,65
2943,2942
2944,2942
2945,2942
2946,2942
2947,2942
2948,2942
2949,2942
2950,2942
2951,65
2952,2951
2953,2951
2954,2951
2955,2951
3909,98
3911,3909
2956,2951
2957,2951
2958,2951
2959,2951
2960,2951
2961,2951
2962,65
2963,2962
2964,2962
2965,2962
2966,2962
2967,65
2968,65
2969,65
2970,66
2971,2970
2972,2970
2973,2970
2974,2970
2975,2970
2976,2970
2977,2970
2978,2970
2979,2970
2980,2970
2981,66
2982,66
2983,2982
2984,2982
2985,2982
3026,67
2986,2982
2987,66
2988,2987
2989,2987
2990,2987
2991,2987
2992,2987
2993,2987
2994,66
2995,2994
2996,2994
2997,2994
2998,2994
2999,2994
3000,66
3001,3000
3002,3000
3003,3000
3004,3000
3005,3000
3006,3000
3007,3000
3008,3000
3009,3000
3010,66
3011,3010
3012,3010
3013,3010
3014,3010
3015,3010
3016,66
3017,3016
3018,3016
3019,3016
3020,66
3021,67
3022,3021
3023,3021
3024,3021
3025,3021
3027,3026
3028,3026
3029,3026
3030,3026
3031,67
3032,3031
3033,3031
3034,3031
3035,3031
3036,67
3037,3036
3038,3036
3039,3036
3040,3036
3041,67
3042,3041
3043,3041
3044,3041
3045,3041
3046,67
3047,3046
3048,3046
3049,3046
3050,3046
3051,68
3052,3051
3053,3051
3054,3051
3055,3051
3056,3051
3057,3051
3058,68
3059,3058
3060,3058
3061,3058
3062,3058
3063,3058
3083,69
3085,3083
3064,3058
3065,68
3066,68
3067,68
3068,3067
3069,3067
3070,3067
3071,3067
3072,3067
3073,3067
3074,3067
3075,3067
3076,68
3077,68
3078,69
3079,3078
3080,3078
3081,3078
3082,3078
3084,3083
3086,3083
3087,3083
3088,3083
3089,3083
3090,69
3091,3090
3092,3090
3093,3090
3094,69
3095,3094
3096,3094
3097,3094
3098,3094
3099,3094
3100,3094
3101,69
3102,3101
3103,3101
3104,3101
3105,3101
3106,3101
3107,69
3108,3107
3109,3107
3110,3107
3111,3107
3112,3107
3113,69
3114,3113
3115,3113
3116,3113
3117,3113
3118,3113
3119,3113
3120,3113
3121,3113
3122,3113
3123,70
3124,71
3125,3124
3126,3124
3127,3124
3128,3124
3129,3124
3130,3124
3131,71
3132,71
3133,3132
3134,3132
3135,3132
3136,71
3137,3136
3138,3136
3139,3136
3140,3136
3141,3136
3142,71
3143,3142
3144,3142
3145,3142
3146,3142
3147,3142
3148,71
3149,3148
3150,3148
3151,3148
3152,3148
3153,71
3154,3153
3155,3153
3156,3153
3157,71
3158,71
3159,71
3160,73
3161,73
3162,3161
3163,3161
3164,3161
3165,3161
3166,3161
3167,3161
3168,3161
3169,73
3170,3169
3171,3169
3172,3169
3173,3169
3174,3169
3175,73
3176,3175
3177,3175
3178,3175
3179,3175
3180,74
3181,74
3182,3181
3183,3181
3184,3181
3185,3181
3186,3181
3187,3181
3188,74
3189,74
3190,3189
3191,3189
3192,3189
3193,3189
3194,3189
3196,3195
3197,3195
3198,3195
3199,3195
3200,3195
3201,3195
3202,3195
3203,3195
3204,74
3205,3204
3206,3204
3207,3204
3208,3204
3209,3204
3210,3204
3211,3204
3212,3204
3213,3204
3214,74
3215,75
3216,3215
3217,3215
3218,3215
3219,3215
3220,75
3221,3220
3222,3220
3223,3220
3224,3220
3225,3220
3226,75
3227,3226
3255,77
3260,3255
3261,77
3228,3226
3229,76
3230,76
3231,3230
3232,3230
3233,3230
3234,3230
3235,76
3236,3235
3237,3235
3238,3235
3239,3235
3240,3235
3241,3235
3242,3235
3243,3235
3244,77
3301,78
3303,3301
3245,3244
3246,3244
3247,3244
3248,3244
3249,3244
3250,3244
3251,3244
3252,3244
3253,3244
3254,3244
3256,3255
3257,3255
3258,3255
3259,3255
4339,109
4340,4339
3262,3261
3263,3261
3264,3261
3265,3261
3266,3261
3267,3261
3268,77
3269,3268
3270,3268
3271,3268
3272,3268
3273,3268
3274,3268
3275,77
3276,3275
3277,3275
3278,3275
3279,3275
3280,3275
3281,3275
3282,3275
3283,77
3284,3283
3285,3283
3286,3283
3287,3283
3288,3283
3289,3283
3290,3283
3291,3283
3292,3283
3293,77
3294,3293
3295,3293
3296,3293
3297,3293
3298,3293
3299,3293
3300,3293
3302,3301
3304,3301
3305,3301
3306,78
3307,3306
3308,3306
3309,3306
3310,3306
3311,3306
3312,3306
3313,3306
3314,78
3315,3314
3316,3314
3317,3314
3318,3314
3319,3314
3320,3314
3321,3314
3322,78
3323,3322
3339,78
3324,3322
3325,3322
3326,3322
3327,3322
3328,78
3329,3328
3330,3328
3331,3328
3332,3328
3333,3328
3334,3328
3335,3328
3336,3328
3337,3328
3338,3328
3353,78
3360,3353
3340,3339
3341,3339
3342,3339
3343,3339
3344,3339
3345,78
3346,3345
3347,3345
3348,3345
3349,3345
3350,3345
3351,3345
3352,3345
3354,3353
3355,3353
3356,3353
3357,3353
3358,3353
3359,3353
3361,3353
3362,3353
3363,78
3364,3363
3365,3363
3366,3363
3367,3363
3368,78
3369,3368
3370,3368
3371,79
3372,3371
3373,3371
3374,3371
3375,3371
3376,3371
3377,3371
3378,79
3379,3378
3380,3378
3381,3378
3382,3378
3383,79
3384,3383
3385,3383
3386,3383
3387,3383
3388,3383
3389,79
3390,3389
3391,3389
3392,3389
3393,3389
3394,3389
3395,3389
3396,3389
3397,3389
3437,81
3440,3437
3398,79
3399,80
3400,3399
3401,3399
3402,3399
3403,3399
3404,3399
3405,80
3406,3405
3407,3405
3408,3405
3409,3405
3410,3405
3411,3405
3412,80
3413,3412
3414,3412
3415,3412
3416,3412
3417,3412
3418,3412
3419,3412
3420,80
3421,3420
3422,3420
3423,3420
3424,3420
3425,3420
3426,3420
3427,3420
3428,3420
3429,81
3430,3429
3431,3429
3432,3429
3433,3429
3434,3429
3435,3429
3436,3429
3438,3437
3439,3437
3443,3441
3444,3441
3445,3441
3446,3441
3447,3441
3448,81
3449,3448
3450,3448
3451,3448
3452,3448
3453,3448
3454,3448
3455,3448
3456,82
3457,3456
3458,3456
3459,3456
3460,3456
3461,3456
3462,3456
3463,82
3464,3463
3465,3463
3466,3463
3543,83
3546,3543
3467,3463
3468,3463
3469,3463
3470,82
3471,82
3472,3471
3473,3471
3474,3471
3475,3471
3476,3471
3477,3471
3478,3471
3479,3471
3480,3471
3481,3471
3482,82
3483,3482
3484,3482
3485,3482
3524,3518
3486,3482
3487,82
3488,3487
3489,3487
3490,3487
3491,3487
3492,3487
3493,82
3494,3493
3495,3493
3496,3493
3497,3493
3498,82
3499,3498
3500,3498
3501,3498
3502,3498
3503,3498
3504,82
3505,82
3506,3505
3507,3505
3508,3505
3509,3505
3510,83
3511,3510
3512,3510
3513,83
3514,3513
3515,3513
3516,3513
3517,3513
3519,3518
3520,3518
3521,3518
3526,3518
3527,3518
3528,3518
3529,83
3530,3529
3531,3529
3532,3529
3533,83
3534,3533
3535,3533
3536,3533
3537,3533
3538,3533
3539,3533
3540,3533
3541,3533
3542,3533
3544,3543
3545,3543
3547,3543
3548,3543
3549,3543
3550,3543
3551,3543
3552,83
3553,3552
3554,3552
3555,3552
3556,3552
3557,85
3558,3557
3559,3557
3560,3557
3561,3557
3562,3557
3563,3557
3564,3557
3565,3557
3566,85
3567,3566
3568,3566
3569,3566
3570,3566
3571,3566
3572,3566
3573,3566
3574,85
3575,3574
3576,3574
3577,3574
3578,3574
3579,3574
3580,86
3581,3580
3582,3580
3583,3580
3584,3580
3585,86
3586,3585
3587,3585
3588,3585
3682,88
3686,3682
3589,3585
3590,3585
3591,3585
3592,3585
3593,86
3594,3593
3595,3593
3596,3593
3597,3593
3599,3598
3600,3598
3601,3598
3602,3598
3603,3598
3604,3598
3606,3598
3607,3598
3608,3598
3609,86
3610,3609
3611,3609
3612,3609
3613,3609
3614,3609
3615,86
3616,3615
3617,3615
3618,3615
3619,3615
3620,3615
3621,86
3622,3621
3623,3621
3624,3621
3625,3621
3626,3621
3627,3621
3628,3621
3629,3621
3630,86
3631,3630
3632,3630
3633,3630
3634,87
3635,3634
3636,3634
3637,3634
3638,3634
3639,3634
3640,87
3641,3640
3642,3640
3643,3640
3644,3640
3645,3640
3646,3640
3647,3640
3650,3648
3784,93
3790,3784
3651,3648
3652,3648
3653,87
3654,3653
3655,3653
3656,3653
3657,3653
3658,88
3659,3658
3660,3658
3661,3658
3662,3658
3663,3658
3664,88
3665,3664
3666,3664
3667,3664
3759,92
3764,3759
3668,3664
3669,3664
3670,3664
3671,3664
3672,88
3673,3672
3674,3672
3675,88
3676,3675
3677,3675
3678,3675
3679,3675
3680,3675
3681,3675
3683,3682
3684,3682
3685,3682
3687,3682
3688,88
3689,3688
3690,3688
3691,3688
3692,3688
3693,3688
3694,3688
3695,3688
3696,3688
3697,3688
3698,3688
3699,88
3700,3699
3701,3699
3702,89
3703,3702
3704,3702
3705,3702
3706,3702
3707,3702
3708,3702
3709,3702
3710,3702
3711,3702
3712,89
3713,3712
3714,3712
3715,90
3716,3715
3717,3715
3718,3715
3719,3715
3720,3715
3721,3715
3722,90
3723,3722
3724,3722
3725,3722
3726,3722
3727,3722
3728,3722
3729,3722
3730,3722
3731,3722
3732,3722
3733,90
3734,3733
3735,3733
3736,3733
3737,91
3738,91
3739,3738
3740,3738
3741,3738
3742,3738
3743,3738
3744,3738
3745,3738
3746,3738
3747,91
3748,3747
3749,3747
3750,3747
3751,92
3752,3751
3753,3751
3754,3751
3755,3751
3756,3751
3757,3751
3758,3751
3760,3759
3761,3759
3762,3759
3763,3759
3789,3784
3765,3759
3766,3759
3767,3759
3768,3759
3769,92
3770,3769
3771,3769
3772,3769
3773,3769
3774,3769
3775,92
3776,3775
3777,3775
3778,3775
3779,3775
3780,3775
3781,3775
3782,3775
3783,3775
3785,3784
3786,3784
3787,3784
3788,3784
3791,3784
3792,3784
3793,3784
3794,93
3795,3794
3796,3794
3797,3794
3798,3794
3799,3794
3800,3794
3801,3794
3802,3794
3803,94
3804,94
3805,3804
3806,3804
3807,3804
3808,3804
3809,94
3810,3809
3811,3809
3812,3809
3813,94
3814,3813
3815,3813
3816,3813
3817,95
3818,3817
3819,3817
3820,3817
3821,3817
3822,3817
3823,3817
3824,3817
3825,3817
3826,95
3827,3826
3828,3826
3829,3826
3830,3826
3831,3826
3832,3826
3833,95
3834,3833
3835,3833
3836,3833
3837,3833
3838,3833
3839,3833
3840,97
3841,3840
3842,3840
3843,3840
3844,3840
3845,3840
3846,3840
3847,97
3848,3847
3910,3909
3849,3847
3850,3847
3851,3847
3852,3847
3853,3847
3854,97
3855,3854
3856,3854
3857,3854
3858,97
3859,3858
3860,3858
3861,97
3862,3861
3863,3861
3864,3861
3865,97
3866,3865
3867,3865
3868,3865
3869,3865
3870,3865
3871,97
3872,97
3873,3872
3874,3872
3875,3872
3876,3872
3877,3872
3878,97
3879,3878
3880,3878
3881,3878
3882,3878
3883,97
3884,3883
3885,3883
3886,3883
3887,3883
3888,3883
3889,3883
3890,3883
3891,97
3892,3891
3893,3891
3894,98
3895,3894
3896,3894
3897,3894
3898,3894
3899,3894
3900,98
3901,3900
3902,3900
3903,3900
3904,3900
3905,3900
3906,3900
3907,3900
3908,98
3912,3909
3913,3909
3914,3909
3915,3909
3916,99
3917,3916
3918,3916
3919,3916
3920,3916
3921,3916
3922,3916
3923,3916
3924,3916
3925,3916
3926,99
3927,3926
3928,3926
3929,3926
3930,3926
3931,3926
3932,3926
3933,99
3934,3933
3935,3933
3936,3933
3937,99
3938,3937
3939,3937
3940,3937
3941,3937
3942,3937
3943,3937
3944,99
3945,3944
3946,3944
3947,99
3948,3947
3949,3947
3950,3947
3951,3947
3952,100
3953,100
3954,3953
3955,3953
3956,3953
3957,3953
3958,3953
3959,100
3960,3959
3961,3959
3962,102
3963,3962
3964,3962
3965,3962
3966,3962
3967,3962
3968,102
3969,3968
4502,115
3970,3968
3971,3968
3972,3968
3973,3968
3974,102
3975,3974
3976,3974
3977,3974
3978,3974
3979,3974
3980,102
3981,3980
3982,3980
3983,3980
3984,3980
3985,3980
3986,3980
3987,102
3988,3987
3989,3987
3990,3987
3991,3987
3992,3987
3993,103
3994,103
3995,3994
3996,3994
3997,103
3998,3997
3999,3997
4000,103
4016,104
4017,4016
4001,4000
4002,4000
4003,4000
4004,4000
4005,103
4006,4005
4007,4005
4008,4005
4009,4005
4010,4005
4011,104
4012,4011
4013,4011
4014,4011
4015,4011
4184,106
4190,4184
4018,4016
4019,4016
4020,4016
4021,4016
4022,4016
4023,104
4024,4023
4025,4023
4026,4023
4027,4023
4028,104
4029,4028
4030,4028
4031,4028
4032,4028
4033,4028
4034,4028
4035,4028
4036,4028
4037,104
4038,4037
4039,4037
4040,4037
4041,4037
4042,104
4043,4042
4044,4042
4045,4042
4046,4042
4047,4042
4048,4042
4049,4042
4050,4042
4051,4042
4052,105
4070,106
4074,4070
4053,4052
4054,4052
4055,105
4056,4055
4057,4055
4058,4055
4059,4055
4060,105
4061,4060
4062,4060
4063,4060
4064,4060
4065,106
4066,4065
4067,4065
4068,4065
4069,4065
4071,4070
4072,4070
4073,4070
4341,4339
4075,4070
4076,4070
4077,106
4078,4077
4079,4077
4080,4077
4081,106
4082,4081
4083,4081
4084,106
4085,4084
4086,4084
4087,4084
4088,4084
4089,4084
4090,106
4091,4090
4092,4090
4093,4090
4094,4090
4095,4090
4096,106
4097,4096
4098,4096
4099,4096
4100,4096
4101,4096
4102,106
4103,4102
4104,4102
4105,4102
4106,4102
4107,4102
4108,106
4109,106
4110,4109
4126,106
4128,4126
4111,4109
4112,4109
4113,4109
4114,4109
4115,4109
4117,4116
4118,4116
4119,4116
4120,4116
4121,106
4122,4121
4123,4121
4124,4121
4125,4121
4127,4126
4129,4126
4130,4126
4131,4126
4132,4126
4133,4126
4134,4126
4135,4126
4136,4126
4137,106
4138,4137
4139,4137
4140,4137
4141,4137
4142,106
4143,4142
4144,4142
4145,4142
4146,4142
4147,4142
4148,4142
4149,4142
4150,4142
4151,106
4152,4151
4153,4151
4154,4151
4155,4151
4156,4151
4157,4151
4158,4151
4159,4151
4160,4151
4161,106
4162,4161
4163,4161
4164,4161
4165,106
4166,4165
4167,4165
4168,4165
4169,4165
4170,106
4171,106
4172,4171
4173,4171
4174,4171
4175,4171
4176,4171
4177,4171
4178,4171
4179,4171
4180,106
4181,4180
4182,4180
4183,4180
4185,4184
4186,4184
4187,4184
4188,4184
4189,4184
4191,4184
4192,4184
4193,4184
4194,4184
4195,106
4196,4195
4197,4195
4198,4195
4199,107
4200,4199
4201,4199
4202,4199
4203,4199
4204,4199
4205,4199
4206,4199
4207,4199
4208,4199
4209,4199
4210,107
4211,4210
4212,4210
4213,4210
4214,4210
4215,4210
4216,4210
4217,4210
4218,4210
4219,4210
4220,107
4221,4220
4222,4220
4223,4220
4224,107
4250,107
4260,4250
4225,4224
4226,4224
4227,4224
4228,4224
4229,4224
4230,4224
4231,4224
4232,4224
4233,4224
4234,107
4235,107
4236,4235
4237,4235
4238,4235
4239,4235
4240,4235
4279,108
4241,4235
4242,107
4243,4242
4244,4242
4245,4242
4246,4242
4247,4242
4248,4242
4249,4242
4251,4250
4252,4250
4253,4250
4254,4250
4255,4250
4256,4250
4257,4250
4258,4250
4259,4250
4261,107
4262,4261
4263,4261
4264,4261
4265,4261
4266,107
4267,4266
4268,4266
4269,4266
4270,4266
4271,4266
4272,4266
4273,108
4274,4273
4275,4273
4276,4273
4277,4273
4278,4273
4280,4279
4281,4279
4282,4279
4283,4279
4284,4279
4285,4279
4286,4279
4287,4279
4288,4279
4289,108
4290,4289
4291,4289
4292,4289
4293,4289
4294,4289
4295,4289
4296,4289
4297,108
4298,4297
4299,4297
4321,108
4300,4297
4301,4297
4302,108
4303,4302
4304,4302
4305,4302
4306,4302
4307,4302
4308,4302
4309,4302
4310,4302
4311,108
4312,4311
4313,4311
4314,4311
4315,4311
4316,4311
4317,4311
4318,4311
4319,4311
4320,4311
4322,4321
4323,4321
4324,4321
4325,4321
4326,108
4327,4326
4328,4326
4329,4326
4330,4326
4331,109
4332,4331
4333,4331
4334,4331
4335,4331
4336,4331
4337,4331
4338,109
4342,4339
4343,4339
4344,4339
4345,4339
4346,109
4347,4346
4348,4346
4349,4346
4350,4346
4351,109
4352,4351
4353,4351
4354,4351
4355,4351
4356,4351
4357,4351
4358,4351
4359,4351
4360,4351
4361,4351
4362,109
4704,122
4709,4704
4363,4362
4364,4362
4365,109
4366,4365
4367,4365
4368,4365
4369,4365
4370,4365
4371,4365
4372,109
4373,4372
4374,4372
4375,4372
4376,4372
4377,4372
4378,109
4379,4378
4380,4378
4381,4378
4382,4378
4383,109
4384,4383
4385,4383
4386,4383
4387,4383
4388,110
4389,4388
4390,4388
4391,4388
4392,4388
4393,4388
4394,110
4395,4394
4396,4394
4397,4394
4398,4394
4399,4394
4400,110
4401,4400
4402,4400
4403,4400
4404,4400
4405,110
4406,111
4407,111
4408,4407
4409,4407
4410,4407
4411,4407
4412,4407
4413,4407
4414,4407
4415,111
4416,4415
4417,4415
4418,4415
4419,111
4420,4419
4450,113
4459,4450
4421,4419
4422,4419
4423,111
4424,4423
4425,4423
4426,4423
4427,111
4428,4427
4429,4427
4430,111
4431,4430
4432,4430
4433,4430
4434,113
4435,4434
4436,4434
4437,4434
4438,113
4439,4438
4460,4450
4440,4438
4441,4438
4442,113
4443,4442
4444,4442
4445,4442
4446,4442
4447,4442
4448,113
4449,113
4451,4450
4452,4450
4453,4450
4454,4450
4455,4450
4456,4450
4457,4450
4458,4450
4461,113
4462,4461
4463,4461
4464,113
4465,4464
4466,4464
4467,4464
4468,4464
4469,4464
4470,113
4471,4470
4472,4470
4473,4470
4474,4470
4475,4470
4476,114
4477,4476
4478,4476
4479,4476
4480,4476
4481,4476
4482,4476
4483,4476
4484,4476
4485,4476
4486,4476
4487,114
4488,4487
4489,4487
4490,4487
4491,114
4492,115
4493,4492
4494,4492
4495,4492
4496,4492
4497,4492
4498,115
4499,4498
4500,4498
4501,4498
4503,4502
4504,4502
4505,4502
4506,4502
4507,4502
4508,4502
4509,4502
4510,115
4511,4510
4512,4510
4513,4510
4514,4510
4515,115
4516,4515
4517,4515
4518,4515
4519,4515
4520,4515
4521,115
4522,4521
4523,4521
4524,4521
4525,4521
4526,4521
4527,4521
4528,115
4529,115
4530,4529
4531,4529
4532,115
4533,4532
4534,4532
4535,4532
4536,4532
4537,4532
4538,4532
4539,4532
4540,4532
4541,115
4542,4541
4543,4541
4544,4541
4545,4541
4546,4541
4547,4541
4548,116
4549,116
4550,4549
4551,4549
4552,4549
4553,116
4554,116
4555,4554
4556,4554
4557,4554
4558,4554
4559,4554
4560,116
4561,4560
4562,4560
4563,4560
4564,4560
4565,116
4566,4565
4567,4565
4568,4565
4569,4565
4570,116
4571,116
4572,117
4573,117
4574,117
4575,4574
4576,4574
4577,117
4578,4577
4579,4577
4580,4577
4581,4577
4582,4577
4583,4577
4584,4577
4585,117
4586,117
4587,117
4588,4587
4589,4587
4590,4587
4591,4587
4593,4592
4594,4592
4595,4592
4597,4592
4598,4592
4599,4592
4600,4592
4601,4592
4602,4592
4603,117
4604,4603
4605,4603
4606,4603
4607,4603
4710,4704
4608,4603
4609,4603
4610,4603
4611,117
4612,4611
4613,4611
4614,4611
4615,117
4616,4615
4617,4615
4618,4615
4619,4615
4620,4615
4621,4615
4622,4615
4623,118
4624,118
4625,118
4626,118
4627,4626
4628,4626
4629,4626
4630,4626
4631,119
4632,4631
4633,4631
4634,4631
4635,4631
4636,119
4637,4636
4638,4636
4639,120
4640,120
4641,120
4642,4641
4643,4641
4644,120
4645,4644
4646,4644
4647,4644
4648,4644
4649,120
4650,4649
4651,4649
4652,4649
4653,4649
4654,4649
4655,121
4656,4655
4657,4655
4658,4655
4659,4655
4660,4655
4661,4655
4662,4655
4663,4655
4664,121
4665,4664
4666,4664
4667,4664
4668,121
4669,4668
4670,4668
4671,4668
4672,4668
4673,4668
4674,4668
4675,4668
4676,4668
4677,4668
4678,121
4679,4678
4680,4678
4681,4678
4734,122
4735,4734
4682,122
4683,4682
4684,4682
4685,4682
4686,4682
4687,4682
4688,4682
4689,4682
4690,4682
4691,4682
4692,4682
4693,122
4694,4693
4695,4693
4696,122
4697,4696
4698,4696
4699,4696
4700,4696
4701,4696
4702,4696
4703,4696
4705,4704
4706,4704
4707,4704
4708,4704
4711,4704
4712,4704
4713,4704
4714,4704
4715,122
4716,4715
4717,4715
4718,4715
4719,4715
4720,4715
4721,4715
4722,4715
4723,4715
4724,4715
4725,4715
4726,122
4727,4726
4728,4726
4729,4726
4730,4726
4731,4726
4732,4726
4733,4726
4736,4734
4737,4734
4738,4734
4739,4734
4740,122
4741,4740
4742,4740
4743,4740
4744,4740
4745,4740
4746,4740
4747,4740
4748,4740
4749,4740
4750,122
4751,4750
4752,4750
4753,4750
4754,4750
4755,4750
4756,4750
4757,122
4758,4757
4759,4757
4760,4757
4761,4757
4762,4757
4763,122
4764,4763
4765,4763
4766,4763
4767,4763
4768,4763
4769,4763
4770,122
4771,4770
4772,4770
4773,4770
4774,4770
4775,4770
4776,4770
4777,4770
4794,122
4801,4794
4778,4770
4779,4770
4780,4770
4781,122
4782,4781
4783,4781
4784,4781
4785,122
4786,4785
4787,4785
4788,4785
4789,4785
4790,4785
4791,4785
4792,4785
4793,4785
4795,4794
4796,4794
4797,4794
4798,4794
4799,4794
4800,4794
4802,4794
4803,4794
4804,124
4805,124
4806,4805
4807,4805
4808,124
4809,4808
4810,4808
4811,4808
4812,4808
4813,4808
4814,4808
4815,4808
4816,4808
4817,4808
4818,124
4819,4818
4820,4818
4821,4818
4822,124
4823,4822
4824,4822
4825,4822
4826,4822
4827,4822
4828,4822
4829,4822
4830,4822
4831,4822
4832,124
4833,4832
4834,4832
4835,4832
4836,4832
4837,4832
4838,4832
4839,4832
4840,4832
4841,4832
4842,124
4843,4842
4844,4842
4845,4842
4846,4842
4847,4842
4848,4842
4849,4842
4850,4842
4851,4842
4852,124
4853,4852
4854,4852
4855,4852
4856,4852
4857,4852
4858,4852
4859,4852
4860,4852
4861,4852
4862,124
4863,4862
4864,4862
4865,4862
4866,4862
4867,4862
4868,4862
4869,4862
4870,4862
4871,4862
4872,4862
4873,124
4874,124
4875,4874
4876,4874
4877,4874
4878,4874
4879,4874
4880,4874
4881,4874
4882,4874
4883,4874
4884,125
4885,4884
4886,4884
4887,4884
4888,125
4889,125
5206,135
5207,5206
4890,125
4891,4890
4892,4890
4893,4890
4894,4890
4895,4890
4896,4890
4897,126
4898,4897
4899,4897
4900,4897
4901,4897
4902,4897
4903,4897
4904,126
4905,4904
4906,4904
4907,4904
4908,4904
4909,4904
4910,4904
4911,126
4912,4911
4913,4911
4914,4911
4915,126
4916,4915
4917,4915
4918,4915
4919,126
4920,4919
4921,4919
4922,4919
4923,126
4924,4923
4925,4923
4926,4923
4927,126
4928,4927
4929,4927
4930,4927
4931,127
4932,4931
4933,4931
4934,4931
4935,4931
4936,127
4937,4936
4938,4936
4939,4936
4940,4936
4941,4936
4942,4936
4943,4936
4944,4936
4945,127
4946,4945
4947,4945
4948,4945
4949,4945
4950,4945
4951,128
4952,4951
4953,4951
4954,4951
4955,4951
4956,4951
4957,128
4958,4957
4959,4957
4960,4957
4961,4957
4962,4957
4963,4957
4964,4957
4965,4957
4966,128
4967,4966
4968,4966
4969,4966
4970,4966
4971,4966
5017,5010
4972,4966
4973,4966
4974,4966
4975,128
4976,4975
4977,4975
4978,128
4979,4978
4980,4978
4981,4978
4982,4978
4983,4978
4984,4978
4985,4978
4986,128
4987,4986
4988,4986
4989,4986
4990,4986
4991,4986
5018,129
4992,4986
4993,128
4994,4993
4995,4993
4996,4993
4997,4993
4998,4993
4999,128
5000,4999
5001,4999
5002,4999
5003,4999
5004,4999
5005,4999
5006,4999
5007,4999
5008,4999
5009,4999
5011,5010
5012,5010
5013,5010
5014,5010
5015,5010
5016,5010
5019,5018
5020,5018
5021,5018
5022,129
5023,5022
5024,5022
5025,5022
5026,5022
5027,129
5028,5027
5029,5027
5030,5027
5031,5027
5032,5027
5033,130
5034,5033
5035,5033
5036,5033
5037,5033
5038,5033
5039,5033
5040,130
5041,5040
5042,5040
5043,5040
5044,5040
5045,5040
5046,5040
5047,5040
5048,5040
5049,5040
5050,5040
5051,130
5052,5051
5053,5051
5054,5051
5055,130
5056,5055
5057,5055
5058,5055
5059,5055
5060,5055
5061,130
5062,5061
5063,5061
5064,5061
5065,5061
5066,5061
5067,5061
5068,5061
5069,130
5070,5069
5071,5069
5072,5069
5073,5069
5074,5069
5075,5069
5076,130
5077,5076
5078,5076
5079,5076
5080,5076
5081,5076
5082,5076
5083,5076
5084,5076
5085,5076
5086,5076
5087,130
5088,5087
5089,5087
5090,131
5091,5090
5092,5090
5093,5090
5094,5090
5095,5090
5096,5090
5097,5090
5098,131
5099,5098
5100,5098
5101,5098
5102,5098
5103,131
5104,5103
5105,5103
5106,5103
5107,5103
5108,5103
5109,5103
5110,5103
5111,131
5112,5111
5113,5111
5114,5111
5115,5111
5116,5111
5117,5111
5118,5111
5119,5111
5120,131
5121,131
5122,5121
5123,5121
5124,5121
5125,5121
5177,133
5180,5177
5126,5121
5127,5121
5128,131
5129,5128
5130,5128
5133,5131
5134,5131
5135,5131
5136,5131
5137,5131
5138,5131
5139,132
5140,5139
5141,5139
5208,5206
5142,5139
5143,5139
5144,5139
5145,5139
5146,5139
5147,5139
5148,132
5149,5148
5150,5148
5151,5148
5152,5148
5153,5148
5154,132
5155,5154
5156,5154
5157,5154
5181,5177
5158,133
5159,133
5160,5159
5161,5159
5162,133
5163,5162
5164,5162
5165,5162
5166,5162
5167,5162
5168,5162
5169,5162
5170,133
5171,5170
5172,5170
5173,5170
5174,5170
5175,5170
5176,5170
5178,5177
5179,5177
5182,5177
5183,5177
5184,133
5185,5184
5186,5184
5187,133
5188,5187
5189,5187
5190,5187
5191,5187
5192,135
5193,5192
5194,5192
5195,5192
5196,5192
5197,5192
5198,5192
5199,5192
5200,5192
5201,135
5202,5201
5203,5201
5204,5201
5205,5201
5209,5206
5210,5206
5211,5206
5212,5206
5213,135
5214,5213
5215,5213
5216,5213
5217,5213
5218,135
5219,136
5220,5219
5221,5219
5222,5219
5223,136
5224,5223
5225,5223
5226,5223
5227,5223
5228,136
5229,136
5230,5229
5231,5229
5278,136
5279,5278
5280,5278
5232,5229
5233,5229
5234,5229
5235,5229
5236,5229
5237,5229
5238,5229
5239,5229
5240,136
5241,5240
5242,5240
5243,5240
5244,5240
5282,5278
5245,5240
5246,5240
5247,5240
5248,5240
5249,5240
5250,5240
5251,136
5252,5251
5253,5251
5254,5251
5255,5251
5256,5251
5281,5278
5257,5251
5258,5251
5259,5251
5260,136
5261,136
5262,5261
5263,5261
5264,5261
5265,5261
5266,5261
5267,136
5268,5267
5269,5267
5270,5267
5271,136
5272,5271
5273,5271
5274,5271
5275,5271
5276,5271
5277,5271
5283,5278
5284,5278
5285,5278
5286,5278
5287,137
5288,5287
5289,5287
5290,5287
5291,5287
5292,5287
5293,5287
5294,5287
5295,5287
5296,137
5297,5296
5298,5296
5299,5296
5300,5296
5301,5296
5302,5296
5303,5296
5304,5296
5305,137
5306,137
5307,5306
5308,5306
5309,5306
5603,145
5604,5603
5310,5306
5311,5306
5312,5306
5313,137
5314,5313
5315,5313
5316,5313
5317,5313
5318,5313
5319,5313
5320,5313
5321,137
5323,5322
5324,5322
5325,5322
5326,5322
5327,5322
5328,5322
5329,5322
5330,5322
5331,5322
5332,138
5333,5332
5334,5332
5335,5332
5336,5332
5337,5332
5338,138
5339,138
5340,5339
5341,5339
5342,5339
5343,5339
5344,5339
5345,5339
5346,138
5347,5346
5348,5346
5349,139
5350,5349
5351,5349
5352,5349
5353,5349
5354,5349
5355,139
5356,5355
5357,5355
5358,5355
5359,5355
5360,5355
5361,5355
5362,5355
5363,139
5364,5363
5365,5363
5366,5363
5367,5363
5368,5363
5369,5363
5370,5363
5371,5363
5372,139
5373,5372
5374,5372
5375,5372
5469,141
5477,5469
5376,139
5377,5376
5378,5376
5379,5376
5381,5380
5383,5380
5384,5380
5385,5380
5386,5380
5387,5380
5388,5380
5389,140
5390,5389
5391,5389
5392,140
5393,5392
5394,5392
5395,5392
5396,5392
5397,5392
5398,140
5520,141
5521,5520
5399,5398
5400,5398
5401,5398
5402,140
5403,5402
5404,5402
5405,5402
5406,5402
5407,5402
5408,140
5409,5408
5410,5408
5411,5408
5412,5408
5413,5408
5414,5408
5415,5408
5416,140
5417,5416
5418,5416
5419,5416
5420,5416
5421,140
5422,5421
5423,5421
5424,5421
5425,5421
5426,5421
5427,5421
5428,140
5429,5428
5430,5428
5431,5428
5432,5428
5433,5428
5434,5428
5435,5428
5436,5428
5437,140
5438,5437
5439,5437
5440,5437
5441,5437
5442,140
5443,5442
5444,5442
5445,5442
5446,5442
5447,5442
5448,140
5449,5448
5450,5448
5451,5448
5452,5448
5453,5448
5455,5454
5456,5454
5457,5454
5458,5454
5460,5454
5461,5454
5462,140
5463,5462
5464,5462
5465,5462
5466,5462
5467,5462
5468,141
5470,5469
5471,5469
5472,5469
5473,5469
5474,5469
5475,5469
5476,5469
5559,142
5561,5559
5478,5469
5479,5469
5480,141
5481,141
5482,141
5483,141
5484,5483
5485,5483
5486,5483
5487,5483
5488,5483
5489,5483
5490,141
5491,141
5492,5491
5493,5491
5494,5491
5495,5491
5496,5491
5497,141
5498,141
5499,141
5562,5559
5500,5499
5501,5499
5502,5499
5503,5499
5504,5499
5505,5499
5506,5499
5507,5499
5508,5499
5509,141
5510,5509
5511,5509
5512,5509
5513,141
5514,5513
5515,5513
5516,5513
5517,5513
5518,5513
5519,5513
5522,5520
5523,5520
5524,141
5525,5524
5526,5524
5527,5524
5528,5524
5529,5524
5530,5524
5531,5524
5532,5524
5533,5524
5534,141
5535,5534
5536,5534
5537,5534
5538,5534
5539,141
5541,5540
5542,5540
5580,145
5581,5580
5543,5540
5544,5540
5545,5540
5547,5540
5548,5540
5549,5540
5550,141
5551,5550
5552,5550
5553,142
5554,5553
5555,5553
5556,5553
5557,5553
5558,5553
5560,5559
5563,5559
5564,5559
5565,5559
5566,5559
5567,5559
5568,142
5569,5568
5570,5568
5571,5568
5572,5568
5573,5568
5574,5568
5575,142
5576,5575
5577,5575
5578,5575
5579,5575
5582,5580
5583,5580
5584,5580
5585,5580
5586,5580
5587,145
5588,5587
5589,5587
5590,5587
5591,5587
5592,5587
5593,5587
5594,5587
5595,145
5596,5595
5597,5595
5598,5595
5599,5595
5600,5595
5601,5595
5602,5595
5728,147
5731,5728
5605,5603
5606,5603
5607,5603
5608,5603
5609,5603
5610,5603
5611,145
5612,5611
5613,5611
5614,5611
5615,5611
5616,145
5617,5616
5618,5616
5619,5616
5620,5616
5621,5616
5622,5616
5623,145
5624,5623
5625,5623
5626,5623
5627,5623
5628,5623
5629,145
5630,5629
5631,5629
5632,5629
5633,5629
5634,5629
5635,5629
5636,5629
5637,145
5638,5637
5639,5637
5640,5637
5641,5637
5642,145
5643,5642
5644,5642
5645,5642
5646,5642
5647,5642
5669,146
5670,5669
5648,5642
5649,5642
5650,5642
5651,146
5652,5651
5653,5651
5654,5651
5655,5651
5656,5651
5657,5651
5658,5651
5659,146
5660,5659
5661,5659
5662,5659
5663,5659
5664,5659
5665,5659
5666,5659
5667,5659
5668,5659
5671,5669
5672,5669
5673,5669
5674,5669
5675,5669
5676,5669
5677,146
5678,5677
5679,5677
5680,5677
5681,5677
5682,5677
5683,5677
5684,5677
5685,146
5686,5685
5687,5685
5688,5685
5689,5685
5690,5685
5691,147
5692,5691
5693,5691
5694,5691
5695,5691
5696,5691
5697,5691
5698,5691
5699,147
5700,5699
5701,5699
5702,5699
5703,5699
5704,5699
5705,5699
5706,5699
5707,5699
5730,5728
5708,5699
5709,5699
5710,147
5711,5710
5712,5710
5713,5710
5714,5710
5715,5710
5716,5710
5717,5710
5718,147
5719,5718
5720,5718
5721,5718
5722,5718
5723,5718
5724,5718
5725,5718
5726,5718
5727,5718
5729,5728
5732,5728
5733,5728
5734,5728
5735,5728
5736,5728
5737,5728
5738,5728
5741,5739
5742,5739
5743,5739
5744,5739
5745,5739
5746,5739
5747,5739
5748,5739
5749,5739
5750,148
5751,5750
5752,5750
5753,5750
5754,5750
5755,5750
5756,148
5757,5756
5758,5756
5759,5756
5760,5756
5761,5756
5762,5756
5763,5756
5764,5756
5765,5756
5766,148
5767,5766
5768,5766
5769,5766
5770,5766
5771,148
5772,5771
5773,5771
5774,5771
5775,5771
5776,148
5777,5776
5778,5776
5779,5776
5780,5776
5781,5776
5782,148
5783,5782
5784,5782
5785,5782
5786,5782
5787,5782
5788,5782
5789,5782
5790,5782
5791,5782
5792,5782
5793,148
5794,5793
5795,5793
5796,5793
5797,5793
5820,149
5823,5820
5798,5793
5799,5793
5800,149
5801,5800
5802,5800
5803,5800
5804,5800
5805,5800
5806,5800
5807,149
5808,5807
5809,5807
5810,5807
5811,5807
5812,5807
5813,5807
5814,5807
5815,5807
5816,149
5817,5816
5818,5816
5819,5816
5821,5820
5822,5820
5846,151
5847,5846
5824,5820
5825,5820
5826,5820
5827,5820
5828,5820
5829,5820
5830,151
5831,151
5832,5831
5833,5831
5834,5831
5835,5831
5836,5831
5837,5831
5838,5831
5839,5831
5840,151
5841,5840
5842,5840
5843,5840
5844,5840
5845,5840
5848,5846
5849,5846
5850,5846
5851,5846
5852,5846
5853,5846
5854,5846
5855,151
5856,5855
5857,5855
5858,5855
5859,5855
5860,5855
5861,5855
5862,5855
5863,152
5864,5863
5865,5863
5866,5863
5867,5863
5868,5863
5869,5863
5870,152
5871,5870
5872,5870
5873,5870
5874,5870
5875,5870
5876,5870
5877,5870
5878,152
5879,5878
5880,5878
5881,5878
5882,5878
5883,5878
5884,5878
5885,152
5886,5885
5887,5885
5888,5885
5889,5885
5890,5885
5891,5885
5892,5885
5893,5885
5894,5885
5895,153
5896,5895
5897,5895
5898,5895
5899,5895
5900,5895
5901,153
5902,5901
5903,5901
5904,5901
5905,5901
5906,5901
5907,5901
5908,5901
5909,153
5910,5909
5911,5909
5912,5909
5913,5909
5914,5909
5915,5909
5916,5909
5917,5909
5918,5909
5919,153
5920,5919
5921,5919
5922,5919
5923,5919
5924,5919
5925,155
5926,5925
5927,5925
5928,5925
5929,5925
5930,5925
5931,5925
5932,5925
5933,155
5934,5933
5935,5933
5936,5933
5937,5933
5938,5933
5939,5933
5940,155
5941,5940
5942,5940
5943,5940
5944,5940
5945,5940
5946,5940
5947,5940
5948,155
5984,156
5990,5984
5949,5948
5950,5948
5951,156
5952,5951
5953,5951
5954,5951
5955,5951
5956,5951
5957,5951
5958,5951
5959,5951
5960,5951
5961,5951
5962,156
5963,5962
5964,5962
5965,5962
5966,5962
5967,5962
5968,5962
5969,5962
5970,5962
5971,156
5972,5971
5973,5971
5974,5971
5975,5971
5976,5971
5977,5971
5978,5971
5979,5971
5980,156
5981,5980
5982,5980
5983,5980
5985,5984
5986,5984
5987,5984
5988,5984
5989,5984
5991,5984
5992,5984
5993,156
5994,5993
5995,5993
5996,5993
5997,5993
5998,5993
5999,5993
6000,5993
6001,5993
6002,5993
6003,5993
6004,156
6005,6004
6006,6004
6007,6004
6008,6004
6009,6004
6010,6004
6011,6004
6012,6004
6014,6013
6016,6013
6017,6013
6018,6013
6019,6013
6020,6013
6021,6013
6022,6013
6023,157
6024,6023
6025,6023
6026,6023
6027,6023
6028,6023
6029,6023
6030,6023
6031,6023
6032,157
6033,6032
6034,6032
6508,171
6514,6508
6035,6032
6036,6032
6037,6032
6038,6032
6039,6032
6040,6032
6041,6032
6042,157
6043,6042
6044,6042
6045,6042
6046,157
6047,6046
6048,6046
6049,6046
6050,6046
6051,6046
6052,6046
6053,6046
6054,6046
6055,157
6515,6508
6056,6055
6057,6055
6058,6055
6059,6055
6060,6055
6061,6055
6062,6055
6063,157
6064,6063
6065,6063
6066,6063
6067,6063
6068,6063
6069,6063
6070,6063
6071,6063
6072,6063
6073,159
6074,6073
6075,6073
6076,6073
6077,6073
6078,6073
6079,6073
6080,6073
6081,6073
6082,6073
6083,159
6084,6083
6085,6083
6086,6083
6087,6083
6088,6083
6089,6083
6090,159
6091,6090
6092,6090
6093,6090
6094,159
6095,6094
6096,6094
6097,6094
6098,6094
6099,6094
6100,6094
6101,6094
6102,6094
6103,6094
6104,159
6105,6104
6106,6104
6107,6104
6108,6104
6109,6104
6110,6104
6111,6104
6112,6104
6113,6104
6114,160
6115,6114
6116,6114
6117,6114
6118,6114
6119,6114
6120,6114
6121,160
6122,6121
6123,6121
6124,6121
6125,6121
6126,6121
6127,6121
6128,6121
6129,6121
6130,6121
6131,6121
6132,160
6133,6132
6134,6132
6135,6132
6136,6132
6137,6132
6138,160
6139,6138
6140,6138
6141,6138
6142,6138
6143,6138
6144,6138
6145,161
6146,6145
6147,6145
6148,6145
6149,6145
6150,6145
6151,6145
6152,6145
6153,6145
6154,161
6155,6154
6156,6154
6157,6154
6158,6154
6159,6154
6160,6154
6175,162
6179,6175
6161,6154
6162,6154
6163,6154
6164,161
6165,6164
6166,6164
6167,6164
6168,6164
6169,6164
6170,6164
6171,6164
6172,6164
6173,6164
6174,6164
6176,6175
6177,6175
6178,6175
6180,6175
6181,6175
6182,6175
6183,6175
6184,6175
6185,6175
6186,162
6187,6186
6188,6186
6189,6186
6190,6186
6191,6186
6192,6186
6193,6186
6194,6186
6195,6186
6196,6186
6197,162
6198,6197
6199,6197
6200,6197
6387,168
6201,6197
6202,6197
6203,6197
6204,6197
6205,6197
6206,6197
6207,6197
6208,162
6209,6208
6210,6208
6211,6208
6212,6208
6213,6208
6214,6208
6215,6208
6216,6208
6217,6208
6218,6208
6219,162
6220,6219
6221,6219
6222,6219
6223,6219
6224,6219
6225,6219
6226,6219
6227,6219
6228,6219
6229,6219
6230,162
6231,6230
6232,6230
6233,6230
6234,6230
6235,6230
6236,6230
6237,6230
6238,6230
6239,6230
6240,6230
6241,162
6242,6241
6243,6241
6244,6241
6245,6241
6246,6241
6247,6241
6248,6241
6249,6241
6250,6241
6251,6241
6252,162
6253,6252
6254,6252
6255,6252
6256,6252
6257,6252
6258,6252
6259,6252
6260,6252
6261,6252
6262,6252
6263,162
6388,6387
6264,6263
6265,6263
6266,6263
6267,6263
6268,6263
6269,6263
6270,6263
6271,164
6272,164
6273,6272
6274,6272
6275,6272
6276,6272
6277,164
6389,6387
6278,164
6279,6278
6280,6278
6281,6278
6282,6278
6283,6278
6284,6278
6285,6278
6286,6278
6287,6278
6288,6278
6289,164
6290,6289
6291,6289
6292,6289
6293,6289
6550,172
6557,6550
6294,6289
6295,164
6296,6295
6297,6295
6298,6295
6299,6295
6300,164
6301,6300
6302,6300
6303,6300
6304,6300
6305,6300
6306,6300
6324,166
6328,6324
6307,6300
6308,165
6309,6308
6310,6308
6311,6308
6312,6308
6313,6308
6315,6314
6316,6314
6317,6314
6318,165
6319,166
6320,6319
6321,6319
6322,6319
6323,6319
6325,6324
6326,6324
6327,6324
6329,166
6330,6329
6331,6329
6332,166
6333,167
6334,6333
6335,6333
6336,6333
6337,6333
6338,167
6339,167
6340,6339
6341,6339
6342,6339
6343,167
6344,6343
6345,6343
6346,6343
6347,6343
6348,167
6349,6348
6350,6348
6351,6348
6352,168
6353,6352
6354,6352
6355,6352
6356,6352
6357,6352
6358,6352
6359,6352
6360,168
6361,6360
6362,6360
6363,6360
6364,6360
6365,6360
6366,168
6367,6366
6368,6366
6369,6366
6370,6366
6371,6366
6372,6366
6373,6366
6374,168
6375,6374
6376,6374
6377,168
6378,6377
6379,6377
6380,6377
6381,6377
6382,168
6383,6382
6384,6382
6385,6382
6386,6382
6390,6387
6391,6387
6392,6387
6393,6387
6394,168
6395,6394
6396,6394
6397,168
6398,6397
6399,6397
6400,6397
6401,6397
6402,6397
6403,6397
6404,6397
6405,169
6406,169
6407,6406
6408,6406
6409,6406
6410,6406
6468,170
6473,6468
6411,6406
6412,6406
6413,169
6414,6413
6415,6413
6416,6413
6417,6413
6418,6413
6419,169
6420,6419
6421,6419
6422,6419
6423,6419
6424,6419
6425,169
6426,169
6427,6426
6428,6426
6429,169
6430,169
6431,169
6432,6431
6433,6431
6513,6508
6434,6431
6435,6431
6436,6431
6437,6431
6438,6431
6439,6431
6440,6431
6441,169
6442,6441
6443,6441
6444,6441
6445,6441
6446,6441
6447,169
6448,6447
6449,6447
6450,6447
6451,6447
6452,169
6453,6452
6454,6452
6455,6452
6456,6452
6457,170
6458,6457
6459,6457
6460,6457
6461,6457
6462,6457
6463,6457
6464,6457
6465,170
6466,170
6467,170
6469,6468
6470,6468
6471,6468
6472,6468
6474,6468
6475,6468
6476,6468
6477,171
6478,6477
6479,6477
6480,6477
6481,171
6482,6481
6483,6481
6484,6481
6485,171
6486,171
6487,6486
6488,6486
6489,6486
6490,6486
6491,6486
6492,6486
6493,6486
6494,6486
6495,6486
6496,171
6497,6496
6498,6496
6499,6496
6500,6496
6501,6496
6502,6496
6503,171
6504,6503
6505,6503
6506,6503
6507,6503
6509,6508
6510,6508
6511,6508
6512,6508
6516,6508
6517,171
6518,6517
6519,6517
6520,6517
6521,172
6522,6521
6523,6521
6524,6521
6525,6521
6526,6521
6527,6521
6528,6521
6529,6521
6530,6521
6531,172
6532,6531
6533,6531
6534,6531
6535,6531
6536,6531
6537,6531
6538,6531
6539,6531
6540,6531
6541,172
6542,6541
6543,6541
6544,6541
6545,6541
6546,6541
6547,6541
6548,6541
6549,6541
6551,6550
6552,6550
6553,6550
6554,6550
6555,6550
6556,6550
6558,6550
6559,6550
6560,6550
6561,172
6562,6561
6563,6561
6564,6561
6565,6561
6566,6561
6567,6561
6568,172
6569,6568
6570,6568
6571,6568
6572,6568
6573,6568
6574,6568
6575,6568
6576,6568
6577,6568
6578,6568
6579,172
6580,172
6581,6580
6582,6580
6583,6580
6584,6580
6585,172
6586,6585
6587,6585
6588,6585
6589,6585
6590,6585
6591,6585
6592,6585
6594,6593
6595,6593
6596,6593
6597,6593
6598,6593
6599,6593
6600,6593
6602,6593
6603,6593
6604,172
6605,6604
6606,6604
6607,6604
6608,6604
6609,6604
6610,6604
6611,6604
6612,6604
6613,6604
6614,6604
6615,172
6616,6615
6617,6615
6618,6615
6619,6615
6620,6615
6621,6615
6622,172
6623,6622
6624,6622
6625,6622
6626,6622
6627,6622
6628,6622
6629,6622
6630,172
6631,6630
6632,6630
6633,6630
6634,172
6635,6634
6636,6634
6637,6634
6638,6634
6639,6634
6640,6634
6641,6634
6642,6634
6660,172
6662,6660
6643,6634
6644,172
6645,6644
6646,6644
6647,6644
6648,6644
6649,6644
6650,6644
6651,172
6652,172
6653,6652
6654,6652
6655,6652
6656,6652
6657,6652
6658,6652
6659,6652
6661,6660
6663,6660
6664,6660
6665,6660
6666,6660
6667,173
6668,6667
6669,6667
6670,6667
6671,6667
6672,6667
6673,6667
6674,6667
6675,6667
6676,174
6677,6676
6678,6676
6679,6676
6680,6676
6681,6676
6682,174
6683,6682
6684,6682
6685,6682
6686,174
6687,6686
6688,6686
6689,6686
6690,6686
6691,174
6692,6691
6693,6691
6694,6691
6695,6691
6696,6691
6697,6691
6698,6691
6699,6691
6700,6691
6701,6691
6702,174
6703,6702
6704,6702
6705,6702
6735,174
6738,6735
6706,6702
6707,6702
6708,6702
6709,6702
6710,6702
6711,6702
6712,6702
6713,174
6714,6713
6715,6713
6774,176
6777,6774
6716,6713
6717,6713
6718,6713
6719,6713
6720,6713
6721,6713
6722,6713
6723,6713
6724,174
6725,6724
6736,6735
6726,6724
6727,6724
6728,6724
6729,6724
6730,6724
6731,6724
6732,6724
6733,6724
6734,6724
6737,6735
6739,6735
6740,6735
6741,6735
6742,6735
6743,6735
6744,6735
6745,6735
6746,174
6747,6746
6748,6746
6749,6746
6750,6746
6751,6746
6752,6746
6753,6746
6754,6746
6755,6746
6756,6746
6757,176
6758,6757
6759,6757
6760,6757
6778,6774
6779,176
6761,6757
6762,6757
6763,6757
6764,176
6765,176
6766,6765
6767,6765
6768,6765
6769,176
6770,176
6771,6770
6772,6770
6773,6770
6775,6774
6776,6774
7991,203
7999,7991
6780,177
6781,6780
6782,6780
6783,6780
6784,177
6785,6784
6786,6784
6787,6784
6788,6784
6789,6784
6790,177
6791,6790
6792,6790
6793,6790
6794,6790
6795,6790
6796,6790
6797,6790
6798,6790
6799,177
6800,6799
6801,6799
6802,6799
6803,6799
6804,6799
6805,6799
6806,6799
6807,177
6808,6807
6809,6807
6810,6807
6811,6807
6812,6807
6813,6807
6814,177
6815,177
6816,6815
6817,6815
6818,6815
6819,6815
6820,6815
6821,6815
6822,6815
6823,6815
6824,6815
6825,6815
6826,177
6827,6826
6828,6826
6829,6826
6830,6826
6831,6826
6832,6826
6833,6826
6834,6826
6835,177
6836,6835
6837,6835
6838,6835
6839,6835
6840,6835
6841,6835
6842,6835
6843,6835
6844,6835
6845,178
6846,6845
6847,6845
6848,6845
6849,6845
6850,6845
6851,178
6852,6851
6853,6851
6854,6851
6855,6851
6856,178
6857,6856
6858,6856
6859,6856
7014,179
7016,7014
6860,6856
6861,6856
6862,6856
6863,6856
6864,6856
6865,6856
6866,178
6867,6866
6868,6866
6869,6866
6870,6866
6871,6866
6872,6866
6873,6866
6874,6866
6875,6866
6876,6866
6877,178
6878,6877
6879,6877
6880,6877
6881,6877
6882,6877
6883,6877
6884,6877
6885,6877
6886,6877
6887,6877
6888,178
6889,6888
6890,6888
6891,6888
6892,6888
6893,6888
6894,6888
6895,6888
6896,6888
6897,6888
6898,6888
6899,178
6900,6899
6929,178
6932,6929
6901,6899
6902,6899
6903,6899
6904,6899
6905,6899
6906,6899
6907,6899
6908,6899
6909,6899
6910,178
6911,178
6912,6911
6913,6911
6948,179
6952,6948
6914,6911
6915,6911
6916,178
6917,6916
6918,6916
6919,6916
6920,6916
6921,178
6922,6921
6923,6921
6924,6921
6925,6921
6926,178
6927,6926
6928,6926
6930,6929
6931,6929
6933,178
6934,6933
6935,6933
6936,6933
6937,178
6938,6937
6939,6937
6940,6937
6941,178
6942,179
6943,179
6944,6943
6945,6943
6946,6943
6947,6943
6949,6948
6950,6948
6951,6948
6953,6948
6954,6948
6955,6948
6956,179
6957,6956
6958,6956
6959,6956
6960,6956
6961,179
6962,6961
6963,6961
6964,6961
6965,6961
6966,6961
6967,6961
6968,6961
6979,179
6984,6979
6969,6961
6970,179
6971,6970
6972,6970
6973,6970
6974,6970
6975,6970
6976,6970
6977,6970
6978,6970
6980,6979
6981,6979
6982,6979
6983,6979
6985,6979
6986,6979
6987,6979
6988,179
6989,6988
6990,6988
6991,6988
6992,179
6993,6992
6994,6992
6995,6992
6996,6992
6997,6992
6998,6992
7015,7014
6999,179
7000,6999
7001,6999
7002,6999
7003,6999
7004,6999
7005,6999
7006,6999
7007,6999
7008,179
7009,7008
7010,7008
7011,7008
7012,7008
7013,7008
7017,7014
7018,7014
7019,7014
7020,7014
7021,7014
7022,7014
7023,7014
7024,7014
7025,179
7026,7025
7027,7025
7028,7025
7029,7025
7030,179
7031,7030
7032,7030
7033,179
7034,7033
8129,204
8130,8129
7035,7033
7036,7033
7037,7033
7038,7033
7039,7033
7040,7033
7041,7033
7042,7033
7043,7033
7044,179
7045,7044
7046,7044
7269,186
7278,7269
7047,7044
7048,7044
7049,7044
7050,7044
7051,7044
7052,7044
7053,7044
7054,7044
7055,180
7056,7055
7057,7055
7058,7055
7059,7055
7060,180
7061,7060
7062,7060
7063,7060
7064,7060
7065,7060
7066,7060
7067,180
7068,7067
7069,7067
7070,7067
7071,7067
7072,7067
7073,180
7074,7073
7075,7073
7076,7073
7077,7073
7078,7073
7079,7073
7080,7073
7081,180
7082,7081
7083,7081
7084,7081
7085,7081
7086,7081
7087,181
7088,181
7089,7088
7090,7088
7091,7088
7092,7088
7093,7088
7094,7088
7095,181
7096,7095
7097,7095
7098,7095
7099,7095
7100,7095
8385,212
8388,8385
7101,7095
7102,181
7103,7102
7104,7102
7105,7102
7106,7102
7107,7102
7108,181
7109,7108
7110,7108
7111,7108
7112,7108
7113,7108
7114,7108
7115,7108
7254,186
7255,7254
7116,7108
7117,7108
7118,181
7119,7118
7120,7118
7121,7118
7122,7118
7123,7118
7124,7118
7125,7118
7126,7118
7127,181
7128,7127
7129,7127
7130,7127
7132,7131
7133,7131
7134,7131
7136,7131
7137,7131
7138,7131
7139,7131
7140,182
7141,182
7142,182
7143,182
7144,7143
7145,7143
7146,7143
7147,7143
7148,7143
7149,7143
7150,7143
7151,7143
7152,7143
7153,182
7154,7153
7155,7153
7156,7153
7157,7153
7158,7153
7159,7153
7160,7153
7161,7153
7162,7153
7163,183
7164,7163
7165,7163
7166,7163
7167,7163
7594,194
7595,7594
7168,7163
7169,7163
7170,7163
7171,7163
7172,7163
7173,7163
7174,183
7175,7174
7176,7174
7177,7174
7178,7174
7256,7254
7179,7174
7180,7174
7181,7174
7182,7174
7183,7174
7184,7174
7185,183
7186,7185
7187,7185
7188,7185
7279,187
7189,7185
7190,7185
7191,7185
7192,7185
7193,7185
7194,7185
7195,7185
7196,183
7197,7196
7198,7196
9732,240
9735,9732
7199,7196
7200,7196
7201,7196
7202,7196
7203,7196
7204,7196
7205,7196
7206,183
7207,7206
7208,7206
7209,7206
7210,7206
7211,7206
7212,7206
7213,7206
7214,7206
7215,7206
7216,185
7217,7216
7218,7216
7219,7216
7220,7216
7221,185
7222,7221
7223,7221
7224,7221
7225,7221
7226,185
7227,7226
7228,7226
7229,7226
7230,186
7231,7230
7232,7230
7233,7230
7234,7230
7235,7230
7236,7230
7257,7254
9736,9732
7237,7230
7238,186
7239,7238
7240,7238
7241,7238
7242,7238
7243,7238
7244,7238
7245,7238
7246,186
7247,7246
7248,7246
7249,7246
7250,7246
7251,7246
7252,7246
7253,7246
7258,7254
7259,7254
7260,7254
7261,7254
7262,186
7263,7262
7264,7262
7265,7262
7266,7262
7267,7262
7268,7262
7270,7269
7271,7269
7272,7269
7273,7269
7274,7269
7275,7269
7276,7269
7277,7269
7280,7279
7281,7279
7282,7279
7283,187
7284,7283
7285,7283
7286,7283
7287,187
7288,7287
7289,7287
7290,7287
7291,7287
7292,187
7293,7292
7294,7292
7295,7292
7296,7292
7297,7292
7298,7292
7620,196
7621,7620
7299,7292
7300,7292
7301,7292
7302,187
7303,7302
7304,7302
7305,7302
7306,7302
7307,7302
7308,7302
7309,187
7310,7309
7311,7309
7312,7309
7313,7309
7314,7309
7315,187
7385,189
7387,7385
7316,7315
7317,7315
7318,7315
7319,7315
7320,187
7321,7320
7322,7320
7323,7320
7324,7320
7325,187
7326,7325
7327,7325
7328,7325
7329,7325
7330,7325
7331,7325
7388,7385
7332,7325
7333,7325
7334,187
7335,7334
7336,7334
7337,7334
7338,7334
7339,7334
7340,7334
7341,7334
7342,188
7343,7342
7344,7342
7345,7342
7346,7342
7347,7342
7348,7342
7349,188
7350,7349
7622,7620
7351,7349
7352,7349
7353,7349
7354,7349
7355,7349
7356,7349
7357,7349
7358,188
7359,7358
7360,7358
7361,7358
7362,7358
7363,7358
7364,7358
7365,7358
7366,7358
7367,188
7431,189
7437,7431
7368,188
7369,7368
7370,7368
7371,7368
7372,7368
7373,7368
7374,7368
7375,7368
7376,189
7377,7376
7378,7376
7379,7376
7380,7376
7381,7376
7382,7376
7383,7376
7384,7376
7386,7385
7389,189
7390,7389
7391,7389
7392,7389
7393,7389
7394,7389
7395,7389
7396,7389
7397,7389
7398,7389
7399,189
7400,189
7401,7400
7402,7400
7403,7400
7404,7400
7405,7400
7406,7400
7407,7400
7408,7400
7409,7400
7410,189
7411,7410
7412,7410
7413,7410
7414,7410
7415,189
7416,7415
7417,7415
7418,189
7419,7418
7420,7418
7421,7418
7422,189
7423,7422
7424,7422
7425,7422
7426,7422
7427,7422
7428,7422
7429,7422
7430,7422
7432,7431
7433,7431
7434,7431
7435,7431
7436,7431
7503,192
7509,7503
7438,189
7439,189
7440,7439
7441,7439
7442,7439
7443,7439
7444,7439
7445,7439
7446,7439
7447,7439
7448,7439
7449,190
7450,7449
7451,7449
7452,7449
7453,7449
7454,7449
7455,7449
9737,9732
7456,7449
7457,190
7458,7457
7459,7457
7460,7457
7461,7457
7462,7457
7463,7457
7464,7457
7465,190
7466,7465
7467,7465
7468,7465
7469,7465
7470,7465
7471,190
7704,197
7705,7704
7472,7471
7473,7471
7474,7471
7475,7471
7476,7471
7477,7471
7478,7471
7479,7471
7480,191
7481,191
7482,7481
7483,7481
7484,7481
7485,7481
7486,7481
7487,191
7488,191
7489,7488
7490,7488
7510,7503
7491,7488
7492,7488
7493,7488
7494,7488
7495,192
7496,7495
7497,7495
7498,7495
7499,192
7500,7499
7501,7499
7502,7499
7504,7503
7505,7503
7506,7503
7507,7503
7508,7503
7511,7503
7512,7503
7513,193
7514,193
7515,7514
7516,7514
7517,7514
7518,7514
7519,7514
7520,7514
7521,7514
7522,7514
7523,193
7524,7523
7525,7523
7526,7523
7527,7523
7528,7523
7529,7523
7530,7523
7531,7523
7532,193
7533,193
7534,7533
7535,7533
7536,7533
7537,7533
7538,7533
7539,193
7540,193
7541,7540
7542,7540
7543,7540
7544,7540
7545,7540
7546,7540
7547,7540
7548,7540
7549,194
7550,7549
7551,7549
7552,7549
7553,194
7554,7553
7555,7553
7556,7553
7557,7553
7558,7553
7559,194
7560,194
7561,7560
7562,7560
7563,7560
7564,7560
7565,194
7566,7565
7567,7565
7568,7565
7569,7565
7570,7565
7571,7565
7572,7565
7573,7565
7574,7565
7575,194
7576,7575
7577,7575
7578,7575
7579,7575
7580,7575
7581,7575
7582,7575
7583,7575
7584,7575
7585,7575
7586,194
7587,7586
7588,7586
7589,7586
7590,7586
7591,7586
7592,7586
7593,7586
7596,7594
7597,7594
7600,7598
7601,7598
7602,7598
7603,7598
7604,7598
7605,7598
7606,7598
7607,196
7608,7607
7609,7607
7610,7607
7611,7607
7612,196
7613,7612
7614,7612
7615,7612
7616,7612
7617,7612
7618,7612
7619,7612
7623,7620
7624,7620
7625,7620
7626,7620
7627,7620
7628,7620
7629,196
7630,7629
7631,7629
7632,7629
7633,7629
7634,7629
7635,7629
7636,196
7637,7636
7638,7636
7639,7636
7640,196
7641,7640
7642,7640
7643,7640
7644,7640
7645,7640
7646,7640
7647,7640
7648,196
7649,7648
7650,7648
7651,7648
7652,7648
7653,7648
7654,7648
7655,7648
7656,7648
7657,196
7658,7657
7659,7657
7660,7657
7661,7657
7662,7657
7663,7657
7664,7657
7665,7657
7666,7657
7706,7704
7667,7657
7668,197
7669,7668
7670,7668
7671,7668
7672,7668
7673,7668
7674,7668
7675,7668
7676,7668
7677,7668
7678,197
7679,7678
7680,7678
7681,7678
7682,7678
7683,7678
7684,7678
7685,7678
7707,7704
7686,197
7687,7686
7688,7686
7689,7686
7690,7686
7691,7686
7692,7686
7693,7686
7694,7686
7695,7686
7696,197
7697,7696
7698,7696
7699,7696
7700,7696
7701,7696
7702,7696
7703,7696
7708,7704
7709,7704
7710,7704
7711,7704
7712,7704
7713,7704
7714,197
7715,7714
7716,7714
7717,7714
7718,7714
7719,7714
7720,7714
7721,7714
7722,7714
7723,7714
7724,7714
7725,197
7726,7725
7727,7725
7728,7725
7729,7725
7885,201
7888,7885
7730,7725
7731,7725
7732,7725
7733,7725
7734,7725
7735,197
7736,7735
7737,7735
7738,7735
7739,7735
7740,7735
7741,7735
7742,7735
7743,197
7744,7743
7745,7743
7746,7743
7747,7743
7748,7743
7749,7743
7752,7750
7753,7750
7754,7750
7755,7750
7756,7750
7757,198
7758,7757
7759,7757
7760,7757
7761,7757
7762,7757
7763,7757
7764,7757
7765,198
7766,7765
7767,7765
7768,7765
7769,7765
7770,7765
7771,198
7772,7771
7773,7771
7774,7771
7775,7771
7776,7771
7777,7771
7778,7771
7779,7771
7780,7771
7781,198
7782,7781
7783,7781
7784,7781
7785,7781
7786,199
7787,7786
7788,7786
7789,7786
7790,7786
7791,7786
7792,7786
7793,7786
7794,7786
7795,7786
7796,7786
7797,199
7798,7797
7799,7797
7800,7797
7801,199
7802,7801
7803,7801
7804,7801
7805,7801
7806,7801
7807,7801
7808,7801
7809,7801
7810,200
7811,7810
7812,7810
7813,7810
7814,7810
7889,7885
7815,7810
7816,7810
7817,7810
7818,7810
7819,7810
7820,200
7821,7820
7822,7820
7823,7820
7824,7820
7825,7820
7826,7820
7827,7820
7828,7820
7829,7820
7830,200
7831,7830
7832,7830
7833,7830
7834,7830
7890,7885
7835,7830
7836,7830
7837,200
7838,7837
7839,7837
7840,7837
7841,7837
7842,7837
7843,200
7844,7843
7845,7843
7846,7843
7847,7843
7848,7843
7891,7885
7849,7843
7850,200
7851,7850
7852,7850
7853,7850
7854,7850
7855,7850
7856,7850
7857,7850
7858,7850
7859,7850
7860,7850
7861,200
7862,7861
7863,7861
7864,7861
7865,7861
7866,7861
7867,7861
7868,7861
7869,7861
7870,200
7871,7870
7872,7870
7873,7870
7874,7870
7875,7870
7876,7870
7877,201
7878,7877
7879,7877
7880,7877
7881,7877
7882,7877
7883,7877
7884,7877
7886,7885
7887,7885
7892,7885
7893,7885
7894,7885
7895,7885
7896,201
7897,7896
7898,7896
7899,7896
7900,7896
7901,7896
7902,7896
7903,7896
7904,7896
7905,7896
7906,7896
7907,201
7908,7907
7909,7907
7910,7907
7911,7907
7912,201
7913,7912
7914,7912
7915,7912
7916,7912
7917,7912
7918,7912
7919,7912
7920,201
7921,7920
7922,7920
7923,7920
7924,7920
7925,7920
7926,7920
7927,7920
7928,7920
7929,7920
7930,201
7931,7930
7932,7930
7933,7930
7934,7930
7935,7930
7936,202
7937,7936
7938,7936
7939,7936
7940,7936
7941,7936
7942,7936
7943,7936
7944,202
7945,7944
7946,7944
7947,7944
7948,7944
7949,7944
7950,7944
7951,7944
7952,7944
7953,202
7954,7953
7955,7953
7956,7953
7957,7953
7958,7953
7959,7953
7960,7953
7961,7953
7962,7953
7963,202
7964,7963
7965,7963
7966,7963
7967,7963
7968,7963
7969,7963
7972,7970
7973,7970
7974,7970
7975,7970
7976,7970
7977,7970
7978,7970
7979,7970
7980,7970
7981,203
7982,7981
7983,7981
7984,7981
7985,7981
7986,7981
7987,7981
7988,7981
7989,7981
7990,7981
7992,7991
7993,7991
7994,7991
7995,7991
7996,7991
7997,7991
7998,7991
8000,7991
8001,7991
8002,203
8003,8002
8004,8002
8005,8002
8006,8002
8007,8002
8008,8002
8009,8002
8010,8002
8011,8002
8012,203
8013,8012
8014,8012
8015,8012
8016,8012
8017,8012
8018,8012
8019,8012
8020,203
8021,8020
8131,8129
8022,8020
8023,8020
8024,8020
8025,203
8026,8025
8027,8025
8028,8025
8029,8025
8030,8025
8031,8025
8032,203
8033,8032
8034,8032
8035,8032
8036,8032
8037,8032
8038,8032
8039,8032
8040,8032
8041,8032
8042,203
8043,8042
8132,8129
8044,8042
8045,8042
8046,8042
8047,8042
8048,8042
8049,8042
8050,8042
8051,8042
8052,8042
8053,203
8054,8053
8055,8053
8056,8053
8057,203
8058,8057
8059,8057
8060,8057
8061,8057
8165,204
8170,8165
8062,8057
8063,8057
8064,203
8065,8064
8066,8064
8067,8064
8068,8064
8069,8064
8070,8064
8071,8064
8072,8064
8073,203
8074,8073
8075,8073
8076,8073
8077,8073
8078,8073
8079,8073
8080,8073
8081,8073
8082,8073
8083,8073
8084,203
8085,8084
8086,8084
8087,8084
8088,8084
8089,8084
8090,8084
8091,8084
8092,8084
8093,8084
8094,8084
8095,203
8096,8095
8097,8095
8098,8095
8099,8095
8100,8095
8101,8095
8102,8095
8103,8095
8104,8095
8105,203
8106,8105
8107,8105
8108,8105
8109,8105
8110,8105
8111,8105
8112,8105
8113,8105
8114,8105
8115,204
8116,8115
8117,8115
8118,8115
8119,8115
8120,8115
8121,8115
8122,8115
8123,204
8124,8123
8125,8123
8126,8123
8127,8123
8128,8123
8133,8129
8134,8129
8135,8129
8136,8129
8137,8129
8138,204
8139,8138
8140,8138
8141,8138
8142,8138
8143,8138
8144,8138
8145,204
8146,8145
8147,8145
8148,8145
8149,8145
8150,8145
8151,8145
8152,8145
8153,8145
8154,8145
8155,204
8156,8155
8157,8155
8158,8155
8159,8155
8160,204
8161,8160
8162,8160
8163,8160
8164,8160
8166,8165
8167,8165
8168,8165
8169,8165
8171,8165
8172,8165
8173,204
8174,8173
8175,8173
8176,8173
8177,8173
8178,8173
8179,8173
8180,8173
8181,8173
8182,205
8183,8182
8184,8182
8185,8182
8186,8182
8187,205
8188,8187
8189,8187
8190,8187
8191,8187
8192,8187
8193,8187
8194,8187
8195,8187
8196,205
8197,8196
8198,8196
8199,8196
8200,8196
8201,8196
8202,8196
8203,8196
8204,8196
8205,8196
8206,8196
8207,205
8208,8207
8209,8207
8229,8227
8210,8207
8211,8207
8212,8207
8213,8207
8214,8207
8215,8207
8216,8207
8217,8207
8218,205
8219,8218
8220,8218
8221,8218
8222,8218
8223,8218
8224,8218
8225,8218
8226,8218
8228,8227
8230,8227
8231,8227
8232,8227
8233,8227
8234,8227
8235,205
8236,8235
8237,8235
8238,8235
8239,8235
8240,8235
8241,8235
8242,205
8243,8242
8244,8242
8245,8242
8246,8242
8247,8242
8248,8242
8249,8242
8250,8242
8251,8242
8252,8242
8253,205
8254,8253
8255,8253
8256,8253
8257,8253
8258,8253
8259,206
8260,8259
8261,8259
8262,8259
8263,8259
8264,206
8265,8264
8266,8264
8267,8264
8268,206
8269,206
8270,8269
8271,8269
8272,206
8273,8272
8274,8272
8275,8272
8276,8272
8277,8272
8278,206
8279,206
8280,8279
8281,8279
8282,8279
8283,8279
8284,8279
8285,8279
8286,8279
8287,8279
8288,8279
8289,206
8290,8289
8291,8289
8292,8289
8293,8289
8294,8289
8295,206
8296,8295
8297,8295
8360,210
8361,8360
8298,8295
8299,8295
8300,8295
8301,208
8302,8301
8303,8301
8304,8301
8305,8301
8306,8301
8307,208
8308,208
8309,208
8310,208
8311,208
8312,208
8313,8312
8314,8312
8315,8312
8316,208
8317,208
8318,208
8319,8318
8320,8318
8321,8318
8322,8318
8323,8318
8324,8318
8325,8318
8326,8318
8327,209
8328,8327
8329,8327
8330,8327
8331,8327
8332,8327
8333,209
8334,209
8335,8334
8336,8334
8337,8334
8362,8360
8338,8334
8339,8334
8340,8334
8341,8334
8342,209
8343,8342
8344,8342
8345,8342
8346,8342
8347,8342
8348,8342
8349,210
8350,8349
8351,8349
8352,8349
8353,8349
8354,8349
8355,210
8356,8355
8357,8355
8358,8355
8359,8355
8363,210
8364,8363
8365,8363
8366,8363
8367,8363
8368,8363
8369,8363
8370,211
8371,8370
8372,8370
8373,8370
8374,211
8375,211
8376,211
8377,211
8378,211
8379,211
8380,211
8381,8380
8382,8380
8383,8380
8384,8380
8386,8385
8387,8385
8389,212
8390,8389
8391,8389
8392,8389
8393,8389
8394,8389
8395,212
8396,212
8397,8396
8398,8396
8399,8396
8400,8396
8401,212
8402,8401
8403,8401
8404,8401
8405,8401
8406,8401
8407,212
8408,8407
8409,8407
8410,8407
8411,8407
8412,8407
8413,8407
8414,8407
8415,8407
8416,8407
8417,212
8418,8417
8419,8417
8420,8417
8421,8417
8422,8417
8423,8417
8424,8417
8425,8417
8426,8417
8427,213
8428,8427
8429,8427
8430,8427
13463,279
13464,13463
8431,213
8432,8431
8433,8431
8434,8431
8435,8431
8436,213
8437,8436
8438,8436
8439,8436
8440,8436
8441,214
8442,8441
8443,8441
8444,8441
8445,214
8446,214
8447,8446
8448,8446
8449,8446
8450,8446
8451,214
8452,214
8453,214
8454,214
8455,8454
8456,8454
8457,214
8458,8457
8459,8457
8460,8457
8461,8457
8462,214
8463,214
8464,8463
8465,8463
8466,8463
8467,214
8468,8467
8469,8467
8470,8467
8471,214
8472,8471
8473,8471
8474,8471
8475,214
8476,8475
8477,8475
8478,8475
8514,215
8517,8514
8479,214
8480,8479
8481,8479
8482,8479
8483,8479
8484,8479
8485,8479
8486,8479
8487,214
8488,214
8489,8488
8490,8488
8491,8488
8492,8488
8493,8488
8494,214
8495,215
8496,8495
8497,8495
8498,215
8499,215
8500,215
8501,8500
8502,8500
8503,215
8504,8503
8505,8503
8506,8503
8507,215
8508,215
8509,8508
8510,8508
8511,8508
8512,8508
8513,8508
8515,8514
8516,8514
8536,216
8518,8514
8519,8514
8520,215
8521,8520
8522,8520
8523,8520
8524,8520
8525,8520
8526,8520
8527,8520
8528,8520
8529,8520
8530,8520
8531,215
8532,8531
8533,8531
8534,8531
8535,216
8537,216
8538,8537
8539,8537
8540,8537
8541,8537
8542,8537
8543,8537
8544,8537
8545,8537
8546,8537
8547,8537
8548,217
8549,217
8550,217
8551,217
8585,220
8552,217
8553,217
8554,218
8555,8554
8556,8554
8557,218
8558,218
8559,218
8560,8559
8561,8559
8562,8559
8563,8559
8564,8559
8565,8559
8566,8559
8567,8559
8568,8559
8569,218
8570,8569
8586,8585
8571,8569
8572,8569
8573,8569
8574,8569
8575,8569
8576,8569
8577,8569
8578,8569
8579,219
8580,219
8581,8580
8582,8580
8583,219
8584,219
8587,8585
8588,8585
8589,8585
8590,8585
8591,8585
8592,8585
8593,8585
8594,8585
8595,220
8596,8595
8597,8595
8598,8595
8599,8595
8600,8595
8601,8595
8602,8595
8603,8595
8604,8595
8605,220
8606,8605
8607,8605
8608,8605
8609,8605
8610,8605
8611,8605
8612,8605
8613,8605
8614,8605
8615,8605
8616,220
8617,8616
8618,8616
8619,8616
8620,8616
8621,8616
8622,8616
8623,220
8624,8623
8625,8623
8626,8623
8627,8623
8628,8623
8629,8623
8630,8623
8631,8623
8632,8623
8633,8623
8634,220
8635,8634
8636,8634
8637,8634
8638,8634
8639,8634
8640,8634
8641,8634
8642,8634
8643,8634
8644,8634
8645,220
8646,8645
8647,8645
8648,8645
8649,8645
8650,8645
8651,8645
8652,8645
8653,8645
8654,8645
8655,8645
8656,220
8657,8656
8658,8656
8659,8656
8660,8656
8661,220
8662,8661
8663,8661
8664,8661
8665,8661
8666,220
8667,8666
8668,8666
8669,8666
8670,8666
8671,8666
8672,8666
8673,222
8674,8673
8675,8673
8676,8673
8677,8673
8678,8673
8679,222
8680,8679
8681,8679
8682,8679
8683,8679
8684,8679
8685,8679
8686,222
8687,8686
8688,8686
8689,8686
8690,8686
8691,8686
8692,8686
8693,222
8694,8693
8695,8693
8696,8693
8697,8693
8698,8693
8699,8693
8700,8693
8701,222
8702,8701
8703,8701
8704,8701
8705,8701
8706,8701
8707,8701
8708,8701
8709,222
8710,8709
8711,8709
8712,8709
8713,8709
8871,8863
8714,8709
8715,8709
8716,8709
8717,222
8718,222
8719,8718
8720,8718
8721,8718
8722,222
8723,222
8724,8723
8725,8723
8726,8723
8727,223
8728,8727
8729,8727
8730,8727
8731,8727
8732,8727
8733,8727
8751,223
8754,8751
8734,8727
8735,223
8736,8735
8737,8735
8738,8735
8739,8735
8740,8735
8741,8735
8742,223
8743,8742
8744,8742
8745,8742
8746,8742
8747,8742
8748,8742
8749,8742
8750,8742
8752,8751
8753,8751
8755,8751
8756,8751
8757,8751
8758,223
8759,8758
8760,8758
8761,8758
8762,8758
8763,8758
8764,8758
8765,8758
8766,223
8767,8766
8768,8766
8769,8766
8770,8766
8771,8766
8772,8766
8869,8863
8773,8766
8774,8766
8775,8766
8776,223
8777,8776
8778,8776
8779,8776
8780,223
8781,8780
8782,8780
8783,8780
8784,8780
8785,8780
8786,8780
8787,8780
8788,8780
8789,8780
8790,8780
8791,223
8792,8791
8793,8791
8870,8863
8794,223
8795,8794
8796,8794
8797,8794
8798,8794
8799,224
8800,8799
8801,8799
8802,8799
8803,8799
8804,8799
8805,8799
8806,224
8807,8806
8808,8806
8809,8806
8810,8806
8811,8806
8812,8806
8813,8806
8814,8806
8815,224
8816,8815
8817,8815
8818,8815
8819,8815
8820,8815
8821,8815
8822,8815
8823,8815
8824,224
8825,8824
8826,8824
8827,8824
8828,8824
8829,8824
8830,8824
8831,8824
8832,8824
8833,224
8834,8833
8835,8833
8836,8833
8837,8833
8838,8833
8839,8833
8840,8833
8841,8833
8842,224
8843,8842
8844,8842
8845,8842
8846,8842
8847,8842
8848,8842
8849,8842
8850,8842
8851,8842
8854,8852
8855,8852
8856,8852
8857,8852
8858,8852
8859,8852
8860,8852
8861,8852
8862,8852
8865,8863
8866,8863
8867,8863
8868,8863
8872,8863
8873,8863
8874,224
8875,8874
8876,8874
8877,8874
8878,8874
8879,224
8880,8879
8881,8879
8882,8879
8883,8879
8884,8879
8885,225
8886,8885
8887,8885
9167,229
9170,9167
8888,8885
8889,8885
8890,225
8891,8890
8892,8890
8893,8890
8894,8890
8895,225
8896,8895
8897,8895
8898,8895
8899,8895
8900,8895
8901,8895
8902,8895
8903,8895
8904,225
8905,8904
8906,8904
8907,8904
8908,8904
8909,8904
8910,8904
8911,8904
8912,8904
8913,225
8914,8913
8915,8913
8916,8913
8917,8913
8918,8913
8919,8913
8920,8913
8921,8913
8922,8913
8923,225
8924,8923
8925,8923
8926,8923
8927,8923
8928,8923
8929,8923
8930,8923
8931,225
8932,8931
8933,8931
8934,8931
8935,8931
8936,8931
8937,8931
8938,8931
8939,225
8940,225
8941,8940
9025,227
9031,9025
8942,8940
8943,8940
8944,225
8945,8944
8946,8944
8947,8944
8948,226
8949,8948
8950,8948
8951,8948
8952,8948
8953,8948
8954,226
8955,8954
8956,8954
8957,8954
8958,8954
8959,226
8960,8959
8961,8959
8962,8959
8963,8959
8964,8959
8965,8959
8966,8959
8967,8959
8968,8959
8969,8959
8970,226
8971,8970
8972,8970
8973,8970
8974,8970
8975,8970
8976,226
8977,8976
8978,8976
8979,8976
8980,8976
8981,8976
8982,8976
8983,8976
8984,226
8985,8984
8986,8984
8987,8984
8988,8984
8989,8984
8990,8984
8991,226
8992,8991
8993,8991
8994,8991
8995,8991
8996,8991
8997,8991
8998,8991
8999,8991
9000,226
9001,9000
9002,9000
9003,9000
9004,226
9005,9004
9006,9004
9007,9004
9008,226
9009,9008
9010,9008
9011,9008
9012,227
9032,9025
9013,9012
9014,9012
9015,9012
9016,9012
9017,9012
9018,9012
9019,227
9020,9019
9021,9019
9022,9019
9023,9019
9024,9019
9026,9025
9027,9025
9028,9025
9029,9025
9030,9025
9033,9025
9034,9025
9035,227
9036,9035
9037,9035
9038,9035
9039,9035
9040,9035
9041,9035
9042,9035
9043,9035
9044,227
9045,9044
9046,9044
9047,9044
9048,9044
13494,279
13496,13494
9049,9044
9050,9044
9051,9044
9052,9044
9053,227
9054,9053
9055,9053
9056,9053
9057,9053
9058,9053
9059,9053
9060,9053
9061,9053
9062,9053
9063,227
9064,9063
9095,228
9065,9063
9066,9063
9067,9063
9068,9063
9069,9063
9070,9063
9071,9063
9072,9063
9073,9063
9074,227
9075,9074
9076,9074
9077,227
9078,9077
9079,9077
9080,9077
9081,9077
9082,9077
9083,9077
9084,9077
9085,227
9086,9085
9087,9085
9088,9085
9089,228
9090,9089
9091,9089
9092,9089
9093,9089
9094,9089
9096,9095
9097,9095
9098,9095
9099,9095
9100,228
9101,9100
9102,9100
9103,9100
9104,9100
9105,9100
9106,9100
9107,9100
9108,9100
9109,228
9110,9109
9111,9109
9112,228
9113,9112
9114,9112
9169,9167
9115,9112
9116,9112
9117,9112
9118,9112
9119,228
9120,9119
9121,9119
9122,9119
9123,9119
9124,9119
9125,9119
9126,228
9127,9126
9128,9126
9129,9126
9130,9126
9131,9126
9132,9126
9133,228
9134,9133
9135,9133
9136,9133
9137,228
9138,9137
9139,9137
9140,9137
9141,228
9142,9141
9143,9141
9144,9141
9145,229
9146,9145
9147,9145
9148,9145
9149,9145
9150,9145
9151,229
9152,9151
9153,9151
9154,9151
9155,9151
9156,229
9157,9156
9158,9156
9159,9156
9160,9156
9161,9156
9162,9156
9163,9156
9164,9156
9165,9156
9166,9156
9168,9167
13978,290
13981,13978
9171,9167
9172,9167
9173,9167
9174,9167
9175,9167
9176,229
9177,9176
9178,9176
9179,9176
9180,9176
9181,9176
9182,9176
9183,229
9184,9183
9185,9183
9186,9183
9187,9183
9188,9183
9189,9183
9190,9183
9191,9183
9192,9183
9193,229
9194,9193
9195,9193
9196,9193
9197,9193
9198,9193
9199,9193
9200,9193
9201,229
9202,9201
9203,9201
9204,229
9205,9204
9206,9204
9287,231
9288,9287
9207,9204
9208,229
9209,9208
9210,9208
9211,9208
9212,230
9213,9212
9214,9212
9215,9212
9216,9212
9217,9212
9218,9212
9219,9212
9220,230
9221,9220
9222,9220
9223,9220
9224,9220
9225,9220
9226,230
9227,9226
9228,9226
9229,9226
9230,9226
9231,9226
9232,9226
9233,9226
9234,9226
9235,230
9236,9235
9237,9235
9238,9235
9239,9235
9240,9235
9241,9235
9242,9235
9343,232
9345,9343
9243,230
9244,9243
9245,9243
9246,9243
9247,9243
9248,9243
9249,9243
9250,9243
9251,230
9252,9251
9253,9251
9254,9251
9255,9251
9256,9251
9257,9251
13982,13978
9258,230
9259,9258
9260,9258
9261,9258
9262,9258
9263,9258
9264,9258
9265,230
9266,9265
9267,9265
9268,9265
9269,230
9270,9269
9271,9269
9314,231
9272,9269
9273,9269
9274,9269
9275,230
9276,9275
9277,9275
9278,9275
9279,231
9280,9279
9281,9279
9282,9279
9283,9279
9284,9279
9285,9279
9286,9279
9289,9287
9290,9287
9291,9287
9292,9287
9293,9287
9294,9287
9295,231
9296,9295
9297,9295
9298,9295
9299,9295
9300,9295
9301,9295
9302,9295
9303,9295
9315,9314
9304,9295
9305,9295
9306,231
9307,9306
9308,9306
9309,9306
9310,9306
9311,9306
9312,9306
9313,9306
9316,9314
9317,9314
9318,9314
9319,9314
9320,9314
9321,9314
9322,9314
9323,231
9324,9323
9325,9323
9326,9323
9327,9323
9328,9323
9329,9323
9344,9343
9330,9323
9331,9323
9332,9323
9333,231
9334,9333
9335,9333
9336,9333
9337,9333
9338,9333
9339,9333
9340,9333
9341,231
9342,232
9346,9343
9347,9343
9348,9343
9349,9343
9350,9343
9351,9343
9352,9343
9353,232
9354,232
9355,9354
9356,9354
9357,9354
9358,9354
9359,9354
9365,232
9374,9365
9360,9354
9361,9354
9362,9354
9363,9354
9364,232
9366,9365
9367,9365
9368,9365
9369,9365
9370,9365
9371,9365
9372,9365
9373,9365
9375,232
9376,9375
9377,9375
9378,9375
9379,9375
9380,9375
9381,9375
9382,9375
9383,9375
9384,9375
9385,9375
9386,233
9387,9386
9388,9386
9389,9386
9390,9386
9391,233
9392,233
9393,9392
9394,9392
9395,9392
9396,9392
9397,9392
9398,9392
9399,9392
9400,9392
9401,233
9402,9401
9403,9401
9404,9401
9405,9401
9406,9401
9407,9401
9408,9401
9409,9401
9410,233
9411,9410
9412,9410
9413,9410
9414,9410
9415,9410
9416,9410
9531,237
9533,9531
9417,234
9418,9417
9419,9417
9420,9417
9421,9417
9422,9417
9423,9417
9424,9417
9425,9417
9426,234
9427,9426
9428,9426
9429,9426
9430,9426
9431,9426
9432,9426
9433,9426
9434,9426
9444,234
9445,9444
9435,234
9436,9435
9437,9435
9438,9435
9439,9435
9440,9435
9441,9435
9442,9435
9443,9435
9446,9444
9447,9444
9448,9444
9449,9444
9450,9444
9451,9444
9452,9444
9453,234
9454,9453
9455,9453
9456,9453
9457,9453
9458,9453
9459,9453
9460,9453
9461,9453
9462,234
9463,9462
9464,9462
9465,9462
9466,9462
9467,9462
9468,9462
9469,9462
9470,9462
9471,236
9472,9471
9473,9471
9474,9471
9475,9471
9476,9471
9477,9471
9478,9471
9479,9471
9480,9471
9481,9471
9482,236
9483,9482
9484,9482
9485,9482
9486,9482
9487,9482
9488,9482
9489,9482
9490,9482
9491,236
9492,9491
9493,9491
9494,9491
9495,9491
9496,9491
9497,9491
9498,9491
9499,9491
9500,9491
9501,9491
9532,9531
9502,237
9503,9502
9504,9502
9505,9502
9506,9502
9507,9502
9508,9502
9509,9502
9510,9502
9511,237
9512,9511
9513,9511
9514,9511
9515,9511
9516,9511
9517,9511
9518,9511
9519,9511
9520,237
9521,9520
9522,9520
9523,9520
9524,9520
9525,9520
9526,9520
9527,9520
9528,9520
9529,9520
9530,9520
9534,9531
9535,9531
9536,9531
9537,9531
9538,9531
9539,9531
9540,9531
9541,9531
9542,238
9543,9542
9544,9542
9545,9542
9546,9542
9547,9542
9548,9542
9549,9542
9550,9542
9551,9542
9552,9542
9553,238
9554,9553
9555,9553
9556,9553
9557,9553
9558,9553
9559,9553
9560,9553
9561,9553
9562,9553
9563,9553
9564,238
9565,9564
9566,9564
9567,9564
9568,9564
9569,9564
9570,9564
9571,9564
9572,9564
9573,239
9574,9573
9575,9573
9576,9573
9577,9573
9578,9573
9579,9573
9580,9573
9581,9573
9582,9573
9583,9573
9584,239
9585,9584
9586,9584
9587,9584
9588,9584
9589,9584
9590,9584
9591,9584
9592,9584
9593,239
9594,9593
9595,9593
9596,9593
9597,9593
9598,9593
9599,9593
9600,9593
9601,9593
9602,9593
9603,9593
9623,239
9624,9623
9738,9732
9604,239
9605,9604
9606,9604
9607,9604
9608,9604
9609,9604
9610,9604
9611,9604
9612,239
9613,9612
9614,9612
9615,9612
9616,9612
9617,9612
9618,9612
9619,9612
9620,9612
9621,9612
9622,9612
9625,9623
9626,9623
9627,9623
9628,9623
9629,9623
9630,239
9631,9630
9632,9630
9633,9630
9634,9630
9635,9630
9636,9630
9637,9630
9638,9630
9639,9630
9640,239
9641,9640
9694,239
9700,9694
9642,9640
9643,9640
9644,9640
9645,9640
9646,9640
9647,9640
9648,9640
9649,9640
9650,239
9651,9650
9652,9650
9653,9650
9654,9650
9655,9650
9656,9650
9657,9650
9658,9650
9659,9650
9660,9650
9661,239
9662,9661
9663,9661
9664,9661
9665,9661
9666,9661
9667,9661
9668,9661
9669,9661
9757,240
9762,9757
9670,9661
9671,9661
9672,239
9673,9672
9674,9672
9675,9672
9676,9672
9677,9672
9678,9672
9679,9672
9680,9672
9681,9672
9682,9672
9701,9694
9683,239
9684,9683
9685,9683
9686,9683
9687,9683
9688,9683
9689,9683
9690,9683
9691,9683
9692,9683
9693,9683
9695,9694
9696,9694
9697,9694
9698,9694
9699,9694
9702,9694
9703,239
9704,9703
9705,9703
9706,9703
9707,9703
9708,9703
9709,9703
9710,9703
9711,9703
9712,9703
9713,9703
9733,9732
9714,239
9715,9714
9716,9714
9717,9714
9718,9714
9719,9714
9720,9714
9721,9714
9722,9714
9723,9714
9724,9714
9725,240
9726,9725
9727,9725
9728,9725
9729,9725
9730,9725
9731,9725
9734,9732
9739,9732
9740,240
9741,9740
9742,9740
9743,9740
9744,9740
9745,9740
9746,9740
9747,9740
9748,9740
9749,9740
9750,240
9751,9750
9752,9750
9753,9750
9754,9750
9755,9750
9756,240
9758,9757
9759,9757
9760,9757
9761,9757
9763,9757
9764,9757
9765,9757
9766,9757
9767,9757
9768,240
9769,9768
9770,9768
9771,9768
9772,9768
9773,9768
9774,9768
9775,240
9776,240
9777,9776
9778,9776
9779,9776
9780,9776
9781,9776
9782,9776
9783,9776
9784,9776
9785,9776
9786,9776
9787,240
9788,9787
9789,9787
9790,9787
9791,9787
9792,9787
9793,9787
9794,9787
9795,240
9796,9795
9797,9795
9798,9795
9799,9795
9800,9795
9801,240
9802,9801
9803,9801
9804,9801
9805,9801
9806,9801
9807,240
9808,9807
11016,261
11025,11016
9809,9807
9810,9807
9811,9807
9812,9807
9813,9807
9814,9807
9815,9807
9816,9807
9817,240
9818,240
9819,9818
9820,9818
9821,9818
9822,9818
9823,9818
9824,9818
9825,9818
9826,9818
9827,9818
9828,241
9829,241
9830,9829
9831,9829
9832,9829
9833,9829
9834,9829
9835,9829
9836,9829
9837,9829
9838,9829
9839,9829
9840,241
9841,241
9842,9841
9843,9841
9844,9841
9845,9841
9846,241
9847,9846
9848,9846
9849,9846
9850,9846
9851,9846
9852,9846
9853,9846
9854,241
9855,241
9856,9855
9857,9855
9858,9855
9859,9855
9860,9855
9861,9855
9862,241
9863,9862
9864,9862
9865,9862
9866,9862
9867,9862
9868,9862
9869,241
9870,9869
9871,9869
9872,9869
9873,9869
9874,9869
9875,9869
9876,241
9877,9876
9878,9876
9879,9876
9880,9876
9881,9876
9882,9876
9883,9876
9884,242
9885,9884
9886,9884
9887,9884
9888,9884
9889,9884
9890,9884
9891,9884
9892,9884
9893,9884
9894,9884
9895,243
9896,9895
9897,9895
9898,9895
9899,9895
9900,9895
9901,9895
9902,9895
9903,9895
9904,9895
9905,243
9906,9905
9907,9905
9959,243
9960,9959
9908,9905
9909,9905
9910,9905
9911,9905
9912,9905
9913,9905
9914,9905
9915,9905
9916,243
9917,9916
9918,9916
9919,9916
11026,11016
9920,9916
9921,9916
9922,9916
9923,9916
9924,9916
9925,9916
9926,9916
9927,243
9928,9927
9929,9927
9930,9927
9931,9927
9932,9927
9933,9927
9934,9927
9935,9927
9936,9927
9937,243
9938,9937
9939,9937
9940,9937
9941,9937
9942,9937
9943,9937
9944,9937
9945,9937
9946,9937
9947,9937
9948,243
9949,9948
9961,9959
11051,11049
9950,9948
9951,9948
9952,9948
9953,9948
9954,9948
9955,9948
9956,9948
9957,9948
9958,9948
9962,9959
9963,9959
9964,9959
9965,9959
9966,9959
9967,243
9968,9967
9969,9967
9970,9967
9971,9967
9972,9967
9973,9967
9974,9967
9975,243
9976,9975
9977,9975
9978,9975
9979,9975
9980,9975
9981,9975
9982,9975
9983,9975
9984,9975
9985,9975
9986,244
9987,9986
9988,9986
9989,9986
9990,9986
9991,9986
9992,9986
9993,9986
9994,9986
9995,244
10014,244
9996,9995
9997,9995
9998,9995
9999,9995
10000,9995
10001,9995
10002,9995
10003,9995
10004,244
10005,10004
10006,10004
10007,10004
10008,10004
10009,10004
10010,10004
10011,10004
10012,10004
10013,10004
10061,247
10063,10061
10015,10014
10016,10014
10017,10014
10018,10014
10019,10014
10020,10014
10021,10014
10022,10014
10023,10014
10024,244
10025,10024
10026,10024
10027,244
10028,10027
10029,10027
10030,10027
11142,11137
10031,10027
10032,10027
10033,10027
10034,10027
10035,244
10036,244
10037,244
10038,10037
10039,10037
10040,10037
10041,10037
10042,6314
10043,6314
10044,6314
10045,247
10046,10045
10047,10045
10048,10045
10049,247
10050,10049
10051,10049
10052,10049
10053,247
10054,10053
10055,10053
10056,10053
10057,247
10058,10057
10059,10057
10060,10057
10062,10061
10064,10061
10065,247
10066,10065
10067,10065
10068,10065
10069,247
10070,10069
10071,10069
10072,10069
10073,10069
10074,10069
10075,250
10076,10075
10077,10075
10078,10075
10079,10075
10080,10075
10081,10075
10082,10075
10083,250
10084,10083
10085,10083
10086,10083
10087,10083
10088,10083
11269,263
11278,11269
10089,10083
10090,10083
10091,250
10092,10091
10093,10091
10094,10091
10095,10091
10096,10091
10097,10091
10098,10091
10099,250
10165,251
10169,10165
10100,10099
10101,10099
10102,10099
10103,10099
10104,10099
10105,10099
10106,10099
10107,250
10108,10107
10109,10107
10110,10107
10111,10107
10112,10107
10113,10107
10114,10107
10115,250
10116,10115
10117,10115
10118,10115
10119,10115
10120,10115
10121,10115
10122,10115
10123,250
10124,10123
10125,10123
10126,10123
10127,10123
10128,10123
10129,10123
10130,10123
10131,250
10132,10131
10133,10131
10134,10131
10135,10131
10136,10131
10137,10131
10138,10131
10139,250
10140,10139
10141,10139
10142,10139
10143,10139
10144,10139
10145,10139
10146,10139
10147,250
10148,10147
10149,10147
10150,10147
10151,10147
10152,10147
10153,10147
10154,10147
10155,10147
10156,10147
10157,251
10158,10157
10159,10157
10160,10157
10161,10157
10162,10157
10163,10157
10164,10157
10166,10165
10167,10165
10168,10165
10851,258
10855,10851
10170,10165
10171,10165
10172,10165
10173,251
10174,10173
10175,10173
10176,10173
10177,10173
10178,10173
10179,10173
10180,10173
10181,251
10182,10181
10183,10181
10184,10181
10185,10181
10186,10181
10187,10181
10188,10181
10189,251
10190,10189
10191,10189
10192,10189
10193,10189
10194,10189
10195,10189
10205,251
10209,10205
10196,10189
10197,251
10198,10197
10199,10197
10200,10197
10201,10197
10202,10197
10203,10197
10204,10197
10206,10205
10207,10205
10208,10205
10210,10205
10211,10205
10212,10205
10213,251
10214,10213
10215,10213
10216,10213
10217,10213
10218,10213
10219,10213
10220,10213
10221,251
10222,10221
10856,10851
10223,10221
10224,10221
10225,10221
10226,10221
10227,10221
10228,10221
10229,251
10230,10229
10231,10229
10232,10229
10233,10229
10234,10229
10235,10229
10236,10229
10237,10229
10238,10229
10239,252
10240,10239
10241,10239
10242,10239
10259,252
10265,10259
10243,10239
10244,10239
10245,10239
10246,10239
10247,10239
10248,10239
10249,252
10250,10249
10251,10249
10252,10249
10253,10249
10254,10249
10255,10249
10256,10249
10257,10249
10258,10249
10260,10259
10261,10259
10262,10259
10263,10259
10264,10259
10266,10259
10267,10259
10268,10259
10269,252
10270,10269
10271,10269
10272,10269
10273,10269
10274,10269
10275,10269
10276,10269
10277,10269
10278,10269
10279,252
10280,10279
10281,10279
10282,10279
10283,10279
10284,10279
10285,10279
10286,10279
10287,10279
10288,10279
10289,252
10290,10289
10291,10289
10292,10289
10293,10289
10294,10289
10295,10289
10296,10289
10297,10289
10339,253
10345,10339
11279,11269
10298,10289
10299,252
10300,10299
10301,10299
10302,10299
10303,10299
10304,10299
10305,10299
10306,10299
10307,10299
10346,10339
10857,10851
10308,10299
10309,252
10310,10309
10311,10309
10312,10309
10313,10309
10314,10309
10315,10309
10316,10309
10317,10309
10347,10339
10318,10309
10319,252
10320,10319
10321,10319
10322,10319
10323,10319
10324,10319
10325,10319
10326,10319
10327,10319
10328,10319
10329,252
10330,10329
10331,10329
10332,10329
10333,10329
10334,10329
10335,10329
10419,253
10425,10419
10336,10329
10337,10329
10338,10329
10340,10339
10341,10339
10342,10339
10343,10339
10344,10339
13054,277
13063,13054
10348,10339
10349,253
10350,10349
10351,10349
10352,10349
10353,10349
10354,10349
10355,10349
10356,10349
10357,10349
10358,10349
13064,13054
10359,253
10360,10359
10361,10359
10362,10359
10363,10359
10364,10359
10365,10359
10366,10359
10367,10359
10368,10359
10379,253
10380,10379
10858,10851
10369,253
10370,10369
10371,10369
10372,10369
10373,10369
10374,10369
10375,10369
10376,10369
10377,10369
10378,10369
10381,10379
10382,10379
10383,10379
10384,10379
10385,10379
10386,10379
10387,10379
10388,10379
10389,253
10390,10389
10391,10389
10859,10851
13076,277
13084,13076
10392,10389
10393,10389
10394,10389
10395,10389
10396,10389
10397,10389
10398,10389
10399,253
10400,10399
10401,10399
10402,10399
10403,10399
10404,10399
10405,10399
10406,10399
10407,10399
10408,10399
10409,253
10410,10409
10411,10409
10412,10409
10413,10409
10414,10409
10415,10409
10416,10409
10417,10409
10418,10409
10420,10419
10421,10419
10422,10419
10423,10419
10424,10419
13085,13076
10426,10419
10427,10419
10428,10419
10429,253
10430,10429
10431,10429
10432,10429
10433,10429
10459,254
10465,10459
10434,10429
10435,10429
10436,10429
10437,10429
10438,10429
10439,254
10440,10439
10441,10439
10442,10439
13086,13076
10443,10439
10444,10439
10445,10439
10446,10439
10447,10439
10448,10439
10449,254
10450,10449
10451,10449
10452,10449
10453,10449
10454,10449
10455,10449
10456,10449
10457,10449
10458,10449
10460,10459
10461,10459
10462,10459
10463,10459
10464,10459
10466,10459
10467,10459
10468,10459
10469,254
10470,10469
10471,10469
10472,10469
10473,10469
10474,10469
10475,10469
10476,10469
10477,10469
10478,10469
10479,254
10480,10479
10481,10479
10482,10479
10483,10479
10484,10479
10485,10479
10486,10479
10487,10479
10488,10479
10489,254
10490,10489
10491,10489
10492,10489
10493,10489
10494,10489
10495,10489
10496,10489
10497,10489
10539,255
10546,10539
13098,277
13108,13098
10498,10489
10499,254
10500,10499
10501,10499
10502,10499
10503,10499
10504,10499
10505,10499
10506,10499
10507,10499
10547,10539
10508,10499
10509,254
10510,10509
10511,10509
10512,10509
10513,10509
10514,10509
10515,10509
10516,10509
10517,10509
10518,10509
10519,254
10520,10519
10521,10519
10522,10519
10523,10519
10524,10519
10525,10519
10526,10519
10527,10519
10528,10519
10548,10539
10529,254
10530,10529
10531,10529
10532,10529
10533,10529
10534,10529
10535,10529
10559,255
10560,10559
10536,10529
10537,10529
10538,10529
10540,10539
10541,10539
10542,10539
10543,10539
10544,10539
10545,10539
10549,255
10550,10549
10551,10549
10552,10549
10553,10549
10554,10549
10555,10549
10556,10549
10557,10549
10558,10549
10561,10559
10562,10559
10563,10559
10564,10559
10565,10559
10566,10559
10567,10559
10568,10559
10569,255
10570,10569
10571,10569
13186,277
13195,13186
10572,10569
10573,10569
10574,10569
10575,10569
10576,10569
10577,10569
10578,10569
10579,255
10580,10579
10581,10579
10582,10579
10583,10579
10584,10579
10585,10579
10586,10579
10587,10579
10588,10579
10589,255
10590,10589
10591,10589
10592,10589
10593,10589
10594,10589
10595,10589
10596,10589
10597,10589
10598,10589
10599,255
10600,10599
10601,10599
10602,10599
10603,10599
10604,10599
13196,13186
10605,10599
10606,10599
10607,10599
10608,10599
10609,255
10610,10609
10611,10609
10612,10609
10613,10609
10614,10609
10615,10609
10616,10609
10617,10609
10618,10609
10619,255
10620,10619
10621,10619
10622,10619
10623,10619
10624,10619
10625,10619
10626,10619
10627,10619
13387,279
13390,13387
10628,10619
10629,255
10630,10629
10631,10629
10632,10629
10633,10629
10634,10629
10639,256
10644,10639
10635,10629
10636,10629
10637,10629
10638,10629
10640,10639
10641,10639
10642,10639
10643,10639
10860,10851
10645,10639
10646,10639
10647,10639
10648,10639
10649,256
10650,10649
10651,10649
10652,10649
10653,10649
10654,10649
10655,10649
10656,10649
13391,13387
10657,10649
10658,10649
10659,256
10660,10659
10661,10659
10662,10659
10663,10659
10664,10659
10665,10659
10666,10659
10667,10659
13392,13387
10668,10659
10669,256
10670,10669
10671,10669
10672,10669
10673,10669
10674,10669
10675,10669
10676,10669
10677,10669
10678,10669
10679,256
10680,10679
10681,10679
10682,10679
10683,10679
10684,10679
10685,10679
10686,10679
10687,10679
10688,10679
10689,256
10690,10689
10691,10689
10692,10689
10693,10689
10694,10689
10695,10689
10696,10689
10697,10689
10698,10689
10699,256
10700,10699
10701,10699
10702,10699
10703,10699
10704,10699
10705,10699
10706,10699
10707,10699
10708,10699
10709,256
10710,10709
10711,10709
10712,10709
11302,263
10713,10709
10714,10709
10715,10709
10716,10709
10717,10709
10718,10709
10719,256
10720,10719
10721,10719
10722,10719
10723,10719
11303,11302
10724,10719
10725,10719
10726,10719
10727,10719
10728,10719
10729,256
10730,10729
10731,10729
10732,10729
10861,10851
10733,10729
10734,10729
10735,10729
10736,10729
10737,10729
10738,10729
10739,257
10740,10739
10884,258
10885,10884
10741,10739
10742,10739
10743,10739
10744,10739
10745,10739
10746,10739
10747,10739
10748,10739
10749,10739
10886,10884
10887,10884
10750,257
10751,10750
10752,10750
10753,10750
10754,10750
10755,10750
10756,10750
10888,10884
10757,10750
10758,10750
10759,10750
10760,10750
10761,257
10762,10761
10763,10761
10764,10761
10889,10884
10765,10761
10766,10761
10767,10761
10768,10761
10769,10761
10770,10761
10771,10761
10772,257
10773,10772
10774,10772
10812,257
10815,10812
10775,10772
10776,10772
10777,10772
10778,10772
10779,10772
10780,10772
10781,10772
10782,257
10816,10812
10783,10782
10784,10782
10785,10782
10786,10782
10787,10782
10788,10782
10789,10782
10790,10782
10890,10884
10891,10884
10791,10782
10792,257
10793,10792
10794,10792
10795,10792
10796,10792
10797,10792
10798,10792
10817,10812
10799,10792
10800,10792
10801,10792
10802,257
10803,10802
10804,10802
10805,10802
10806,10802
10807,10802
10808,10802
10809,10802
10810,10802
10811,10802
10813,10812
10814,10812
10892,10884
10818,10812
10819,10812
10820,10812
10821,10812
10822,10812
10823,257
10824,10823
10825,10823
10826,10823
10827,10823
10828,10823
10829,10823
10830,10823
10831,10823
10832,10823
10833,10823
10834,257
10835,10834
13393,13387
10836,10834
10837,10834
10838,10834
10839,10834
10840,258
10841,10840
10842,10840
10843,10840
10844,10840
10845,10840
10846,10840
10847,10840
10848,10840
10849,10840
10850,10840
10852,10851
10853,10851
10854,10851
10862,258
10863,10862
10864,10862
10865,10862
10866,10862
10867,10862
10868,10862
10869,10862
10870,10862
10871,10862
10872,10862
10873,258
10874,10873
10875,10873
10876,10873
10877,10873
10878,10873
10879,10873
10880,10873
10881,10873
10882,10873
10883,10873
10893,10884
10894,10884
10895,259
10896,10895
10897,10895
10898,10895
10899,10895
10900,10895
10901,10895
10902,10895
10909,259
10913,10909
10903,259
10904,10903
10905,10903
10906,10903
10907,10903
10908,10903
10910,10909
10911,10909
10912,10909
10950,261
10955,10950
10914,10909
10915,260
10916,260
10917,261
10918,10917
10919,10917
10920,10917
10921,10917
10922,10917
10923,10917
10924,10917
10925,10917
10926,10917
10927,10917
10928,261
10929,10928
10930,10928
10931,10928
10932,10928
10933,10928
10934,10928
10935,10928
10936,10928
10937,10928
10938,10928
10939,261
10940,10939
10941,10939
10942,10939
10943,10939
10944,10939
10945,10939
10946,10939
10947,10939
10948,10939
10949,10939
10951,10950
10952,10950
10953,10950
10954,10950
11024,11016
10956,10950
10957,10950
10958,10950
10959,10950
10960,10950
10961,261
10962,10961
10963,10961
10964,10961
10965,10961
10966,10961
10967,10961
10968,10961
10969,10961
10970,10961
10971,10961
10972,261
10973,10972
10974,10972
10975,10972
10976,10972
10977,10972
10978,10972
10979,10972
10980,10972
10981,10972
10982,10972
10983,261
10984,10983
10985,10983
10986,10983
10987,10983
10988,10983
10989,10983
10990,10983
10991,10983
10992,10983
10993,10983
10994,261
10995,10994
10996,10994
10997,10994
10998,10994
10999,10994
11000,10994
11001,10994
11002,10994
11003,10994
11004,10994
11006,11005
11007,11005
11008,11005
11009,11005
11010,11005
11011,11005
11012,11005
11014,11005
11015,11005
11017,11016
11018,11016
11019,11016
11020,11016
11021,11016
11022,11016
11023,11016
11027,261
11028,11027
11029,11027
11030,11027
11031,11027
11032,11027
11033,11027
11034,11027
11035,11027
11036,11027
11037,11027
11038,261
11039,11038
11040,11038
11041,11038
11042,11038
11043,11038
11044,11038
11045,11038
11046,11038
11047,11038
11048,11038
11050,11049
11052,11049
11053,11049
11054,11049
11055,11049
11056,11049
11058,11049
11059,11049
11060,261
11061,11060
11062,11060
11063,11060
11064,11060
11065,11060
11066,11060
11067,11060
11068,11060
11069,11060
11070,11060
11071,261
11072,11071
11073,11071
11074,11071
11304,11302
11075,11071
11076,11071
11077,11071
11078,11071
11079,11071
11080,11071
11081,11071
11082,261
11083,11082
11084,11082
11085,11082
11086,11082
11087,11082
11088,11082
11089,11082
11090,11082
11091,11082
11092,11082
11093,261
11094,11093
11095,11093
11096,11093
11097,11093
11098,11093
11099,11093
11100,11093
11101,11093
11102,11093
11103,11093
11104,261
11105,11104
11106,11104
11107,11104
11108,11104
11109,11104
11110,11104
11111,11104
11112,11104
11113,11104
11114,11104
11115,261
11116,11115
11117,11115
11118,11115
11368,263
11373,11368
11119,11115
11120,11115
11121,11115
11122,11115
11123,11115
11124,11115
11125,11115
11126,261
11127,11126
11128,11126
11129,11126
11130,11126
11131,11126
11132,11126
11133,11126
11134,11126
11135,11126
11136,11126
11138,11137
11139,11137
11140,11137
11141,11137
11143,11137
11144,11137
11146,11137
11147,11137
11148,263
11149,11148
11150,11148
11151,11148
11152,11148
11153,11148
11154,11148
11155,11148
11156,11148
11157,11148
11158,11148
11159,263
11160,11159
11161,11159
11162,11159
11163,11159
11164,11159
11165,11159
11166,11159
11167,11159
11168,11159
11169,11159
11170,263
11171,11170
11172,11170
11173,11170
11174,11170
11175,11170
11176,11170
11177,11170
11178,11170
11179,11170
11180,11170
11181,263
11182,11181
11183,11181
11184,11181
11185,11181
11186,11181
11478,264
11487,11478
11187,11181
11188,11181
11189,11181
11190,11181
11191,11181
11192,263
11193,11192
11194,11192
11195,11192
11196,11192
11197,11192
11198,11192
11199,11192
11200,11192
11201,11192
11202,11192
11203,263
11204,11203
11205,11203
11206,11203
11207,11203
11208,11203
11209,11203
11210,11203
11211,11203
11212,11203
11213,11203
11214,263
11215,11214
11216,11214
11217,11214
11218,11214
11219,11214
11220,11214
11221,11214
11222,11214
11223,11214
11224,11214
11225,263
11226,11225
11227,11225
11228,11225
11229,11225
11230,11225
11231,11225
11488,11478
11232,11225
11233,11225
11234,11225
11235,11225
11237,11236
11238,11236
11239,11236
11240,11236
11241,11236
11242,11236
11243,11236
11245,11236
11246,11236
11247,263
11248,11247
11249,11247
11250,11247
11251,11247
11252,11247
11253,11247
11489,264
11254,11247
11255,11247
11256,11247
11257,11247
11259,11258
11260,11258
11261,11258
11262,11258
11263,11258
11264,11258
11265,11258
11267,11258
11268,11258
11270,11269
11271,11269
11272,11269
11273,11269
11274,11269
11275,11269
11276,11269
11277,11269
11280,263
11281,11280
11282,11280
11283,11280
11284,11280
11285,11280
11286,11280
11287,11280
11288,11280
11289,11280
11290,11280
11291,263
11292,11291
11293,11291
11294,11291
11295,11291
11296,11291
11297,11291
11298,11291
11299,11291
11300,11291
11301,11291
11490,11489
11305,11302
11306,11302
11307,11302
11308,11302
11309,11302
11310,11302
11311,11302
11312,11302
11313,263
11314,11313
11315,11313
11316,11313
11317,11313
11318,11313
11319,11313
11320,11313
11321,11313
11322,11313
11323,11313
11325,11324
11326,11324
13515,279
13518,13515
11327,11324
11328,11324
11329,11324
11330,11324
11331,11324
11333,11324
11334,11324
11335,263
11336,11335
11337,11335
11338,11335
11339,11335
11340,11335
11341,11335
11342,11335
11343,11335
11344,11335
11345,11335
11346,263
11347,11346
11348,11346
11349,11346
11350,11346
11351,11346
11352,11346
11353,11346
11354,11346
11355,11346
11356,11346
11357,263
11358,11357
11359,11357
11360,11357
11361,11357
11362,11357
11363,11357
11364,11357
11365,11357
11366,11357
11367,11357
11369,11368
11370,11368
11371,11368
11372,11368
11374,11368
11375,11368
11376,11368
11377,11368
11378,11368
11379,263
11380,11379
11381,11379
11382,11379
11383,11379
11384,11379
11385,11379
11386,11379
11387,11379
11388,11379
11389,11379
11390,263
11391,11390
11392,11390
11393,11390
11394,11390
11395,11390
11396,11390
13519,13515
11397,11390
11398,11390
11399,11390
11400,11390
11401,263
11402,11401
11403,11401
11404,11401
11405,11401
11406,11401
11407,11401
11408,11401
11409,11401
11410,11401
11411,11401
11413,11412
11414,11412
11415,11412
11416,11412
11417,11412
11418,11412
11491,11489
11419,11412
11421,11412
11422,11412
11423,263
11424,11423
11425,11423
11426,11423
11427,11423
11428,11423
11429,11423
11430,11423
11431,11423
11432,11423
11433,11423
11435,11434
11436,11434
11437,11434
11438,11434
11439,11434
11440,11434
11643,265
11648,11643
11441,11434
11443,11434
11444,11434
11445,264
11446,11445
11447,11445
11448,11445
11449,11445
11450,11445
11451,11445
11452,11445
11453,11445
11454,11445
11455,11445
11456,264
11457,11456
11458,11456
11459,11456
11460,11456
11461,11456
11462,11456
11753,267
11761,11753
11463,11456
11464,11456
11465,11456
11466,11456
11467,264
11468,11467
11469,11467
11470,11467
11471,11467
11472,11467
11473,11467
11474,11467
11475,11467
11476,11467
11477,11467
11479,11478
11480,11478
11481,11478
11482,11478
11483,11478
11484,11478
11485,11478
11486,11478
11492,11489
11493,11489
11494,11489
11495,11489
11496,11489
11497,11489
11498,11489
11499,11489
11500,264
11501,11500
11502,11500
11503,11500
11504,11500
11505,11500
11506,11500
11507,11500
11508,11500
11509,11500
11510,11500
11511,264
11512,11511
11513,11511
11762,11753
11514,11511
11515,11511
11516,11511
11517,11511
11518,11511
11519,11511
11520,11511
11521,11511
11522,264
11523,11522
11524,11522
11525,11522
11526,11522
11527,11522
11528,11522
11529,11522
11530,11522
11531,11522
11532,11522
11534,11533
11535,11533
11536,11533
11537,11533
11538,11533
11539,11533
11540,11533
11542,11533
11543,11533
11544,264
11545,11544
11546,11544
11547,11544
11548,11544
11549,11544
11550,11544
11551,11544
11552,11544
11553,11544
11554,11544
11555,264
11556,11555
11557,11555
11558,11555
11763,11753
11559,11555
11560,11555
11561,11555
11562,11555
11563,11555
11564,11555
11565,11555
11566,265
11567,11566
11568,11566
11569,11566
11570,11566
11571,11566
11572,11566
11573,11566
11574,11566
11575,11566
11576,11566
11578,11577
11579,11577
11580,11577
11786,267
11581,11577
11582,11577
11583,11577
11584,11577
11586,11577
11587,11577
11588,265
11589,11588
11590,11588
11591,11588
11592,11588
11593,11588
11594,11588
11595,11588
11596,11588
11597,11588
11598,11588
11600,11599
11601,11599
11602,11599
11787,11786
11603,11599
11604,11599
11605,11599
11606,11599
11608,11599
11609,11599
11610,265
11611,11610
11612,11610
11613,11610
11614,11610
11615,11610
11616,11610
11617,11610
11618,11610
11619,11610
11620,11610
11621,265
11622,11621
11623,11621
11624,11621
11788,11786
11625,11621
11626,11621
11627,11621
11628,11621
11629,11621
11630,11621
11631,11621
11634,11632
11635,11632
11636,11632
11637,11632
11638,11632
11639,11632
11640,11632
11641,11632
11642,11632
11644,11643
11645,11643
11646,11643
11647,11643
11649,11643
11650,11643
11651,11643
11652,11643
11653,11643
11654,266
11655,11654
11656,11654
11657,11654
11658,11654
11659,11654
11660,11654
11661,11654
11662,11654
11663,11654
11664,11654
11666,11665
11667,11665
11668,11665
11669,11665
11670,11665
11671,11665
11672,11665
11674,11665
11675,11665
11676,266
11677,11676
11678,11676
11679,11676
11680,11676
11681,11676
11682,11676
11683,11676
11684,11676
11685,11676
11686,11676
11688,11687
11689,11687
11690,11687
11691,11687
11692,11687
11693,11687
12028,269
12033,12028
11694,11687
11696,11687
11697,11687
11698,266
11699,11698
11700,11698
11701,11698
11702,11698
11703,11698
11704,11698
11705,11698
11706,11698
11707,11698
11708,11698
11709,266
11710,11709
11711,11709
11712,11709
11713,11709
11714,11709
11715,11709
11716,11709
11717,11709
11718,11709
11719,11709
11720,266
11721,11720
11722,11720
11723,11720
11724,11720
11725,11720
11726,11720
11727,11720
11728,11720
11729,11720
11730,11720
11731,266
11732,11731
11733,11731
11734,11731
11735,11731
11736,11731
11737,11731
12116,270
12125,12116
11738,11731
11739,11731
11740,11731
11741,11731
11742,266
11743,11742
11744,11742
11745,11742
11746,11742
11747,11742
11748,11742
11749,11742
11750,11742
11751,11742
11752,11742
11754,11753
11755,11753
11756,11753
11757,11753
11758,11753
11759,11753
11760,11753
11764,267
11765,11764
11766,11764
11767,11764
11768,11764
11769,11764
11770,11764
11771,11764
11772,11764
11773,11764
11774,11764
11775,267
11776,11775
11777,11775
11778,11775
11779,11775
11780,11775
11781,11775
11782,11775
11783,11775
11784,11775
11785,11775
11789,11786
11790,11786
11791,11786
11792,11786
11793,11786
11794,11786
11795,11786
11796,11786
11797,267
11798,11797
11799,11797
11800,11797
11801,11797
11802,11797
11803,11797
11804,11797
11805,11797
11806,11797
11807,11797
11808,267
11809,11808
11810,11808
12126,12116
11811,11808
11812,11808
11813,11808
11814,11808
11815,11808
11816,11808
11817,11808
11818,11808
11819,267
11820,11819
11821,11819
11822,11819
11823,11819
11824,11819
11825,11819
11826,11819
11827,11819
11828,11819
11829,11819
11830,267
11831,11830
11832,11830
12215,271
12217,12215
11833,11830
11834,11830
11835,11830
11836,11830
11837,11830
11838,11830
11839,11830
11840,11830
11841,267
11842,11841
11843,11841
11844,11841
11845,11841
11846,11841
11847,11841
11848,11841
11849,11841
11850,11841
11851,11841
11852,267
11853,11852
11854,11852
11855,11852
11856,11852
11857,11852
11858,11852
11859,11852
11860,11852
11861,11852
11862,11852
11863,267
11864,11863
11865,11863
11866,11863
11867,11863
11868,11863
11869,11863
11870,11863
11871,11863
11872,11863
11873,11863
11875,11874
11876,11874
11877,11874
11878,11874
11879,11874
11880,11874
11881,11874
11883,11874
11884,11874
11885,268
11886,11885
11887,11885
11888,11885
11889,11885
11890,11885
11891,11885
11892,11885
11893,11885
11894,11885
11895,11885
11896,268
11897,11896
11898,11896
12281,271
12286,12281
11899,11896
11900,11896
11901,11896
11902,11896
11903,11896
11904,11896
11905,11896
11906,11896
11907,268
11908,11907
11909,11907
11910,11907
11911,11907
11912,11907
11913,11907
11914,11907
11915,11907
11916,11907
11917,11907
11918,268
11919,11918
11920,11918
12347,272
12348,12347
11921,11918
11922,11918
11923,11918
11924,11918
11925,11918
11926,11918
11927,11918
11928,11918
11929,268
11930,11929
11931,11929
11932,11929
11933,11929
11934,11929
11935,11929
11936,11929
11937,11929
11938,11929
11939,11929
11940,268
11941,11940
11942,11940
11943,11940
11944,11940
11945,11940
11946,11940
11947,11940
11948,11940
11949,11940
11950,11940
11951,268
11952,11951
11953,11951
11954,11951
11955,11951
11956,11951
11957,11951
11958,11951
11959,11951
11960,11951
11961,11951
11962,268
11963,11962
11964,11962
14079,291
14083,14079
11965,11962
11966,11962
11967,11962
11968,11962
11969,11962
11970,11962
11971,11962
11972,11962
11973,269
11974,11973
11975,11973
11976,11973
11977,11973
11978,11973
11979,11973
11980,11973
11981,11973
11982,11973
11983,11973
11984,269
11985,11984
11986,11984
11987,11984
11988,11984
11989,11984
11990,11984
11991,11984
11992,11984
11993,11984
11994,11984
11995,269
11996,11995
11997,11995
11998,11995
11999,11995
12000,11995
12001,11995
12002,11995
12003,11995
12004,11995
12005,11995
12006,269
12007,12006
12008,12006
12009,12006
12010,12006
12011,12006
12012,12006
12013,12006
12014,12006
12015,12006
12016,12006
12017,269
12018,12017
12019,12017
12020,12017
12021,12017
12022,12017
12023,12017
12024,12017
12025,12017
12026,12017
12027,12017
12029,12028
12030,12028
12031,12028
12032,12028
12034,12028
12035,12028
12036,12028
12037,12028
12038,12028
12041,12039
12042,12039
12043,12039
12044,12039
12045,12039
12046,12039
12047,12039
12048,12039
12049,12039
12051,12050
12052,12050
12053,12050
12054,12050
12055,12050
12056,12050
12057,12050
12059,12050
12060,12050
12061,269
12062,12061
12063,12061
12064,12061
12065,12061
12066,12061
12067,12061
12068,12061
12069,12061
12070,12061
12071,12061
12072,269
12073,12072
12074,12072
12075,12072
12076,12072
12077,12072
12349,12347
12078,12072
12079,12072
12080,12072
12081,12072
12082,12072
12083,270
12084,12083
12085,12083
12086,12083
12087,12083
12088,12083
12089,12083
12090,12083
12091,12083
12092,12083
12093,12083
12094,270
12095,12094
12096,12094
12097,12094
12098,12094
12099,12094
12100,12094
12101,12094
12102,12094
12103,12094
12104,12094
12105,270
12106,12105
12107,12105
12108,12105
12109,12105
12110,12105
12111,12105
12112,12105
12113,12105
12114,12105
12115,12105
12117,12116
12118,12116
12119,12116
12120,12116
12121,12116
12122,12116
12123,12116
12124,12116
12127,270
12128,12127
12129,12127
12130,12127
12131,12127
12132,12127
12133,12127
12134,12127
12135,12127
12136,12127
12137,12127
12138,270
12139,12138
12140,12138
12141,12138
12142,12138
12143,12138
12144,12138
12145,12138
12146,12138
12147,12138
12148,12138
13533,281
13538,13533
12149,270
12150,12149
12151,12149
12152,12149
12153,12149
12154,12149
12155,12149
12156,12149
12157,12149
12158,12149
12159,12149
12160,270
12161,12160
12162,12160
12163,12160
12164,12160
12165,12160
12166,12160
12167,12160
12168,12160
12169,12160
12170,12160
13539,13533
12171,270
12172,12171
12173,12171
12174,12171
12175,12171
12176,12171
12177,12171
12178,12171
12179,12171
12180,12171
12181,12171
12182,270
12183,12182
12184,12182
12185,12182
12186,12182
12187,12182
12188,12182
12189,12182
12190,12182
12191,12182
12192,12182
12193,271
12194,12193
12195,12193
12196,12193
12197,12193
12198,12193
12199,12193
12200,12193
12201,12193
12202,12193
12203,12193
12204,271
12205,12204
12206,12204
12207,12204
12208,12204
12209,12204
12210,12204
12211,12204
12212,12204
12213,12204
12214,12204
12216,12215
12218,12215
12219,12215
12220,12215
12221,12215
12222,12215
12223,12215
12224,12215
12225,12215
12226,271
12227,12226
12228,12226
12229,12226
12230,12226
12231,12226
12232,12226
12233,12226
12234,12226
12235,12226
12236,12226
12237,271
12238,12237
12239,12237
12240,12237
14037,290
12241,12237
12242,12237
12243,12237
12244,12237
12245,12237
12246,12237
12247,12237
12248,271
12249,12248
12250,12248
12251,12248
12252,12248
12253,12248
12254,12248
12255,12248
12256,12248
12257,12248
12258,12248
12259,271
12260,12259
12261,12259
12262,12259
12479,274
12486,12479
12263,12259
12264,12259
12265,12259
12266,12259
12267,12259
12268,12259
12269,12259
12270,271
12271,12270
12272,12270
12273,12270
12274,12270
12275,12270
12276,12270
12277,12270
12278,12270
12279,12270
12280,12270
12282,12281
12283,12281
12284,12281
12285,12281
12487,12479
12287,12281
12288,12281
12289,12281
12290,12281
12291,12281
12292,271
12293,12292
12294,12292
12295,12292
12296,12292
12297,12292
12298,12292
12299,12292
12300,12292
12301,12292
12302,12292
12303,272
12304,12303
12305,12303
12306,12303
12307,12303
12308,12303
12309,12303
12310,12303
12311,12303
12312,12303
12313,12303
12314,272
12315,12314
12316,12314
12317,12314
12318,12314
12319,12314
12320,12314
12321,12314
12322,12314
12323,12314
12324,12314
12325,272
12326,12325
12327,12325
12488,12479
12328,12325
12329,12325
12330,12325
12331,12325
12332,12325
12333,12325
12334,12325
12335,12325
12336,272
12337,12336
12338,12336
12339,12336
12340,12336
12341,12336
12342,12336
12343,12336
12344,12336
12345,12336
12346,12336
12350,12347
12351,12347
12352,12347
12353,12347
12354,12347
12355,12347
12356,12347
12357,12347
12358,272
12359,12358
12360,12358
12361,12358
12362,12358
12363,12358
12364,12358
12365,12358
12366,12358
12367,12358
12368,12358
12369,272
12370,12369
12371,12369
12372,12369
12373,12369
12374,12369
12375,12369
12376,12369
12377,12369
12378,12369
12379,12369
12380,272
12381,12380
12382,12380
12383,12380
12384,12380
12385,12380
12386,12380
12387,12380
12388,12380
12389,12380
12390,12380
12391,272
12392,12391
12393,12391
12394,12391
12395,12391
12396,12391
12397,12391
12398,12391
12399,12391
12400,12391
12401,12391
12402,272
12403,12402
12404,12402
12405,12402
12406,12402
12407,12402
12408,12402
12409,12402
12410,12402
12411,12402
12412,12402
12413,273
12414,12413
12415,12413
12416,12413
12417,12413
12418,12413
12419,12413
12420,12413
12421,12413
12422,12413
12423,12413
12424,273
12425,12424
12426,12424
12427,12424
12428,12424
12429,12424
12430,12424
12431,12424
12432,12424
12433,12424
12434,12424
12435,273
12436,12435
12437,12435
12438,12435
12439,12435
12440,12435
12441,12435
12442,12435
12443,12435
12444,12435
12445,12435
12446,273
12447,12446
12448,12446
12449,12446
12450,12446
12451,12446
12452,12446
12453,12446
12454,12446
12455,12446
12456,12446
12457,273
12458,12457
12459,12457
12460,12457
12461,12457
12462,12457
12463,12457
12464,12457
12465,12457
12466,12457
12467,12457
12470,12468
12471,12468
12472,12468
12473,12468
12474,12468
12475,12468
12476,12468
12477,12468
12478,12468
12480,12479
12481,12479
12482,12479
12483,12479
12484,12479
12485,12479
12489,12479
12492,12490
12493,12490
12494,12490
12495,12490
12496,12490
12497,12490
12498,12490
12499,12490
12500,12490
12501,275
12502,12501
12503,12501
12504,12501
12505,12501
12506,12501
12507,12501
12508,12501
12509,12501
12510,12501
12511,12501
12512,275
12513,12512
12514,12512
12515,12512
12516,12512
12517,12512
12518,12512
12519,12512
12520,12512
12521,12512
12522,12512
12523,275
12524,12523
12525,12523
12526,12523
12527,12523
12528,12523
12529,12523
12530,12523
12531,12523
12532,12523
12533,12523
12536,12534
12537,12534
12538,12534
12539,12534
12540,12534
12541,12534
12542,12534
12543,12534
12544,12534
12545,275
12547,12546
12548,12546
12549,12546
12634,275
12636,12634
12550,12546
12551,12546
12552,12546
12553,12546
12555,12546
12556,12546
12557,275
12558,12557
12559,12557
12560,12557
12561,12557
12562,12557
12563,12557
12564,12557
12565,12557
12566,12557
12567,12557
12568,275
12569,12568
12570,12568
12942,276
12947,12942
12571,12568
12572,12568
12573,12568
12574,12568
12575,12568
12576,12568
12577,12568
12578,12568
12579,275
12580,12579
12581,12579
12582,12579
12583,12579
12584,12579
12585,12579
12586,12579
12587,12579
12588,12579
12589,12579
12591,12590
12592,12590
12593,12590
12594,12590
12595,12590
12596,12590
12597,12590
12599,12590
12600,12590
12601,275
12602,12601
12603,12601
12604,12601
12605,12601
12606,12601
12607,12601
12608,12601
12609,12601
12610,12601
12611,12601
12612,275
12613,12612
12614,12612
13018,13010
12615,12612
12616,12612
12617,12612
12618,12612
12619,12612
12620,12612
12621,12612
12622,12612
12623,275
12624,12623
12625,12623
12626,12623
12627,12623
12628,12623
12629,12623
12630,12623
12631,12623
12632,12623
12633,12623
12635,12634
12637,12634
12638,12634
12639,12634
12640,12634
12641,12634
12642,12634
12643,12634
12644,12634
12645,275
12646,12645
12647,12645
12648,12645
12649,12645
12650,12645
12651,12645
12652,12645
12653,12645
12654,12645
12655,12645
12657,12656
12658,12656
12659,12656
12660,12656
12661,12656
12662,12656
12663,12656
12665,12656
12666,12656
12667,275
12668,12667
12669,12667
12670,12667
12671,12667
12672,12667
12673,12667
12674,12667
12675,12667
12676,12667
12677,12667
12678,275
12679,12678
12680,12678
13019,13010
12681,12678
12682,12678
12683,12678
12684,12678
12685,12678
12686,12678
12687,12678
12688,12678
12689,275
12690,12689
12691,12689
12692,12689
12693,12689
12694,12689
12695,12689
12696,12689
12697,12689
12698,12689
12699,12689
12700,275
12701,12700
12702,12700
13020,13010
12703,12700
12704,12700
12705,12700
12706,12700
12707,12700
12708,12700
12709,12700
12710,12700
12713,12711
12714,12711
12715,12711
12716,12711
12717,12711
12718,12711
12719,12711
12720,12711
12721,12711
12722,275
12723,12722
12724,12722
14038,14037
12725,12722
12726,12722
12727,12722
12728,12722
12729,12722
12730,12722
12731,12722
12732,12722
12733,275
12734,12733
12735,12733
12736,12733
12737,12733
12738,12733
12739,12733
12740,12733
12741,12733
12742,12733
12743,12733
12744,275
12745,12744
12746,12744
12747,12744
12748,12744
12749,12744
12750,12744
12751,12744
12752,12744
12753,12744
12754,12744
12755,275
12756,12755
12757,12755
12758,12755
12759,12755
12760,12755
12761,12755
12762,12755
12763,12755
12764,12755
12765,12755
12766,276
12767,12766
12768,12766
12769,12766
12770,12766
12771,12766
12772,12766
12773,12766
12774,12766
12775,12766
12776,12766
12777,276
12778,12777
12779,12777
12780,12777
12781,12777
12782,12777
12783,12777
12784,12777
12785,12777
12786,12777
12787,12777
12788,276
12789,12788
12790,12788
12791,12788
12792,12788
12793,12788
12794,12788
12795,12788
12796,12788
12797,12788
12798,12788
12799,276
12800,12799
12801,12799
12802,12799
12803,12799
12804,12799
12805,12799
12806,12799
12807,12799
12808,12799
12809,12799
12810,276
12811,12810
12812,12810
12813,12810
12814,12810
12815,12810
12816,12810
12817,12810
12818,12810
12819,12810
12820,12810
12821,276
12822,12821
12823,12821
12824,12821
12825,12821
12826,12821
12827,12821
12828,12821
12829,12821
12830,12821
12831,12821
12832,276
12833,12832
12834,12832
12835,12832
12836,12832
12837,12832
12838,12832
12839,12832
12840,12832
12841,12832
12842,12832
12843,276
12844,12843
12845,12843
12846,12843
12847,12843
12848,12843
12849,12843
12850,12843
12851,12843
12852,12843
12853,12843
12854,276
12855,12854
12856,12854
12857,12854
13021,276
12858,12854
12859,12854
12860,12854
12861,12854
12862,12854
12863,12854
12864,12854
12865,276
12866,12865
12867,12865
12868,12865
12869,12865
12870,12865
12871,12865
12872,12865
12873,12865
12874,12865
12875,12865
12876,276
12877,12876
12878,12876
12879,12876
12880,12876
12881,12876
12882,12876
12883,12876
12884,12876
12885,12876
12886,12876
12887,276
12888,12887
12889,12887
12890,12887
12891,12887
12892,12887
12893,12887
12894,12887
12895,12887
12896,12887
12897,12887
12898,276
12899,12898
12900,12898
12901,12898
13022,13021
14099,291
14102,14099
12902,12898
12903,12898
12904,12898
12905,12898
12906,12898
12907,12898
12908,12898
12909,276
12910,12909
12911,12909
12912,12909
12913,12909
12914,12909
12915,12909
12916,12909
12917,12909
12918,12909
12919,12909
12920,276
12921,12920
12922,12920
12923,12920
13023,13021
12924,12920
12925,12920
12926,12920
12927,12920
12928,12920
12929,12920
12930,12920
12932,12931
12933,12931
12934,12931
12935,12931
12936,12931
12937,12931
12938,12931
12940,12931
12941,12931
12943,12942
12944,12942
12945,12942
12946,12942
12948,12942
12949,12942
12950,12942
12951,12942
12952,12942
12954,12953
12955,12953
12956,12953
12957,12953
12958,12953
12959,12953
12960,12953
12962,12953
12963,12953
12964,276
12965,12964
12966,12964
12967,12964
12968,12964
12969,12964
12970,12964
12971,12964
12972,12964
12973,12964
12974,12964
12975,276
12976,12975
12977,12975
12978,12975
12979,12975
12980,12975
12981,12975
12982,12975
12983,12975
12984,12975
12985,12975
12986,276
12987,12986
12988,12986
12989,12986
12990,12986
12991,12986
12992,12986
12993,12986
12994,12986
12995,12986
12996,12986
12997,276
12998,12997
12999,12997
13000,12997
13001,12997
13002,12997
13003,276
13004,13003
13005,13003
13006,13003
13007,13003
13008,13003
13009,13003
13012,13010
13013,13010
13014,13010
13015,13010
13016,13010
13017,13010
13024,13021
13025,13021
13026,13021
13027,13021
13028,13021
13029,13021
13030,13021
13031,13021
13032,277
13033,13032
13034,13032
13035,13032
13036,13032
13037,13032
13038,13032
13039,13032
13040,13032
13041,13032
13042,13032
13061,13054
13062,13054
13044,13043
13045,13043
13046,13043
13047,13043
13048,13043
13049,13043
13050,13043
13052,13043
13053,13043
13055,13054
13056,13054
13057,13054
13058,13054
13059,13054
13060,13054
13067,13065
13068,13065
13069,13065
13070,13065
13071,13065
13072,13065
13073,13065
13074,13065
13075,13065
13077,13076
13078,13076
13079,13076
13080,13076
13081,13076
13082,13076
13083,13076
13087,277
13088,13087
13089,13087
13090,13087
13091,13087
13092,13087
13093,13087
13094,13087
13095,13087
13096,13087
13097,13087
13099,13098
13100,13098
13101,13098
13102,13098
13103,13098
13104,13098
13105,13098
13106,13098
13107,13098
13109,277
13110,13109
13111,13109
13112,13109
13113,13109
13114,13109
13115,13109
13116,13109
13117,13109
13118,13109
13119,13109
13120,277
13121,13120
13122,13120
13123,13120
13124,13120
13125,13120
13126,13120
13127,13120
13128,13120
13129,13120
13130,13120
13133,13131
13134,13131
13135,13131
13136,13131
13137,13131
13138,13131
13139,13131
13140,13131
13141,13131
13142,277
13143,13142
13144,13142
13145,13142
13146,13142
13147,13142
13148,13142
13149,13142
13150,13142
13151,13142
13152,13142
13153,277
13154,13153
13155,13153
13156,13153
13157,13153
13158,13153
13159,13153
13160,13153
13161,13153
13162,13153
13163,13153
13164,277
13165,13164
13166,13164
13167,13164
13168,13164
13169,13164
13170,13164
13171,13164
13172,13164
13173,13164
13174,13164
13175,277
13176,13175
13177,13175
13178,13175
13179,13175
13180,13175
13181,13175
13182,13175
13183,13175
13184,13175
13185,13175
13187,13186
13188,13186
13189,13186
13190,13186
13191,13186
13192,13186
13193,13186
13194,13186
13197,277
13198,13197
13199,13197
13200,13197
13201,13197
13202,13197
13203,13197
13204,13197
13205,13197
13206,13197
13207,13197
13208,277
13209,13208
13210,13208
13211,13208
13212,13208
13213,13208
13214,13208
13215,13208
13216,13208
13217,13208
13218,13208
13221,13219
13222,13219
13223,13219
13224,13219
13225,13219
13226,13219
13227,13219
13228,13219
13229,13219
13230,277
13231,13230
13232,13230
13233,13230
13234,13230
13235,13230
13236,13230
13237,13230
13238,13230
13239,13230
13240,13230
13241,277
13242,13241
13243,13241
13244,13241
13245,13241
13246,13241
13247,13241
13248,13241
13249,13241
13250,13241
13251,13241
13252,277
13253,13252
13254,13252
13255,13252
13256,13252
13257,13252
13258,13252
13259,13252
13260,13252
13261,13252
13262,13252
13263,277
13264,13263
13265,13263
13266,13263
13267,13263
13268,13263
13269,13263
13270,13263
13271,13263
13272,13263
13273,13263
13274,277
13275,13274
13276,13274
13277,13274
13278,13274
13279,13274
13280,13274
13281,13274
13282,13274
13283,13274
13284,13274
13285,277
13286,13285
13287,13285
13288,13285
13289,13285
13290,13285
13291,13285
13292,13285
13293,13285
13294,13285
13295,13285
13296,277
13297,13296
13298,13296
13299,13296
13300,13296
13301,13296
13302,13296
13303,13296
13304,13296
13305,13296
13306,13296
13307,278
13308,13307
13309,13307
13310,13307
13311,13307
13312,13307
13313,13307
13314,13307
13315,13307
13316,278
13317,13316
13318,13316
13319,13316
13394,13387
13320,13316
13321,13316
13322,13316
13323,13316
13324,13316
13325,13316
13326,13316
13327,279
13328,13327
13329,13327
13330,13327
13331,13327
13332,13327
13333,13327
13334,13327
13335,13327
13336,13327
13337,13327
13338,279
13339,13338
13340,13338
13341,13338
13342,13338
13343,13338
13344,13338
13345,13338
13346,13338
13347,279
13348,13347
13349,13347
13350,13347
13351,13347
13352,13347
13353,13347
13395,13387
13354,13347
13355,13347
13356,13347
13357,13347
13358,279
13359,13358
13360,13358
13361,13358
13362,13358
13363,13358
13364,13358
13365,13358
13366,13358
13367,13358
13368,279
13369,13368
13396,13387
13370,13368
13371,13368
13372,13368
13373,13368
13374,13368
13375,13368
13376,13368
13377,13368
13379,13378
13381,13378
13382,13378
13383,13378
13384,13378
13385,13378
13386,13378
13388,13387
13389,13387
13397,279
13398,13397
13399,13397
13400,13397
13401,13397
13402,13397
13403,13397
13404,13397
13405,13397
13406,279
13407,13406
13408,13406
13409,13406
13410,13406
13411,13406
13412,13406
13413,279
13414,13413
13415,13413
13416,13413
13417,13413
13418,13413
13419,13413
13420,13413
13421,13413
13422,13413
13423,13413
13424,279
13425,13424
13426,13424
13427,13424
13428,13424
13429,13424
13430,279
13431,13430
13432,13430
13433,13430
13434,13430
13435,13430
13436,13430
13437,13430
13438,13430
13439,13430
13440,13430
13441,279
13442,13441
13443,13441
13444,13441
13445,13441
13446,13441
13447,13441
13448,13441
13449,13441
13450,13441
13451,13441
13452,279
13453,13452
13454,13452
13455,13452
13456,13452
13457,13452
13458,13452
13459,13452
13460,13452
13461,13452
13462,13452
13465,13463
13466,13463
13467,13463
13468,13463
13469,13463
13470,13463
13471,13463
13472,13463
13473,13463
13474,279
13475,13474
13476,13474
13477,13474
13478,13474
13479,13474
13480,13474
13481,13474
13482,13474
13483,279
13484,13483
13485,13483
13486,13483
13487,13483
13488,13483
13489,13483
13490,13483
13491,13483
13492,13483
13493,13483
13495,13494
13497,13494
13498,13494
13499,13494
13500,13494
13501,13494
13502,13494
13503,13494
13504,13494
13505,279
13506,13505
13507,13505
13508,13505
13509,13505
13510,13505
13511,13505
13512,13505
13513,13505
13514,13505
13516,13515
13517,13515
13520,13515
13521,13515
13522,281
13523,13522
13524,13522
13525,13522
13526,13522
13527,13522
13528,13522
13529,13522
13530,13522
13531,13522
13532,13522
13534,13533
13535,13533
13536,13533
13537,13533
13540,13533
13541,13533
13542,13533
13543,13533
13544,281
13545,13544
13546,13544
13547,13544
13548,13544
13549,13544
13550,13544
13551,13544
13552,13544
13553,13544
13554,281
13555,13554
13556,13554
13557,13554
13558,13554
13559,13554
13560,13554
13561,13554
13562,13554
13563,13554
13564,281
13565,13564
13566,13564
13567,13564
13568,13564
13609,282
13610,13609
13569,281
13570,13569
13571,13569
13572,13569
13573,13569
13574,13569
13575,13569
13576,13569
13577,281
13578,281
13579,282
13580,13579
13581,13579
13582,13579
13583,13579
13584,13579
13585,282
13586,13585
13587,13585
13588,13585
13589,13585
13590,13585
13591,282
13592,13591
13593,13591
13594,13591
13595,13591
13596,13591
13651,282
13652,13651
13597,282
13598,13597
13599,13597
13600,13597
13601,13597
13602,13597
13603,282
13604,13603
13605,13603
13606,13603
13607,13603
13608,13603
13611,13609
13612,13609
13613,13609
13614,13609
13615,282
13616,13615
13617,13615
13618,13615
13619,13615
13620,13615
13621,282
13622,13621
13623,13621
13695,285
13697,13695
13624,13621
13625,13621
13626,13621
13627,282
13628,13627
13629,13627
13630,13627
13631,13627
13632,13627
13633,282
13634,13633
13635,13633
13636,13633
13637,13633
14103,14099
13638,13633
13639,282
13640,13639
13641,13639
13642,13639
13643,13639
13644,13639
13645,282
13646,13645
13647,13645
13648,13645
13649,13645
13650,13645
13653,13651
13654,13651
13655,13651
13656,13651
13657,283
13658,13657
13659,13657
13660,13657
13661,13657
13662,13657
13663,13657
13664,13657
13665,13657
13666,13657
13698,13695
13667,283
13668,13667
13669,13667
13670,13667
13671,13667
13672,13667
13673,13667
13674,13667
13675,13667
13676,13667
13677,13667
13678,284
13679,13678
13680,13678
13681,284
13682,284
13683,13682
13684,13682
13699,13695
13685,13682
13686,284
13687,13686
13688,13686
13689,13686
13690,13686
13691,284
13692,13691
13693,13691
13694,13691
13696,13695
13700,13695
13701,13695
13702,13695
13703,13695
13704,13695
13705,13695
13706,285
13707,13706
13708,13706
13709,13706
13710,13706
13711,13706
13712,285
13713,285
13714,285
13715,285
13716,286
13717,13716
13718,13716
13719,13716
13720,13716
13721,13716
13722,13716
13723,13716
13724,13716
13725,286
13726,13725
13727,13725
13728,13725
13729,13725
13730,13725
13731,13725
13732,13725
13733,13725
13734,13725
13735,13725
13736,286
13737,13736
13738,13736
13739,13736
13740,13736
13741,13736
13742,13736
13743,13736
13744,13736
13745,13736
13746,13736
13747,286
13748,13747
13749,13747
13750,13747
13751,13747
13752,13747
13753,13747
13754,13747
14039,14037
13755,13747
13756,13747
13757,286
13758,13757
13759,13757
13760,13757
13761,13757
13762,13757
13763,13757
13764,13757
13765,13757
13766,13757
13767,286
13768,13767
13769,13767
14040,14037
13770,13767
13771,13767
13772,13767
13773,13767
13774,286
13775,13774
13776,13774
13777,13774
13778,13774
13779,13774
13780,13774
13781,13774
13782,13774
13783,286
13784,13783
13785,13783
13786,13783
13787,13783
13788,13783
13789,286
13790,13789
13791,13789
13792,13789
13793,13789
13794,13789
13842,288
13845,13842
13795,13789
13796,13789
13797,13789
13798,13789
13799,286
13800,13799
13801,13799
13802,13799
13803,13799
13804,13799
13805,13799
13846,13842
13806,13799
13807,13799
13808,13799
13809,286
13810,13809
13811,13809
13812,13809
13813,13809
13814,13809
13815,13809
13816,13809
13817,13809
13818,13809
13819,13809
13820,288
13821,13820
13822,13820
13823,13820
13824,13820
13825,13820
13826,13820
13827,13820
13828,13820
13829,13820
13830,13820
13831,288
13832,288
13833,13832
13834,13832
13835,13832
13836,13832
13837,13832
13838,13832
13839,13832
13840,13832
13841,13832
13843,13842
13844,13842
14062,290
13847,13842
13848,13842
13849,13842
13850,13842
13851,13842
13852,288
13853,13852
13854,13852
13855,13852
13856,13852
13857,13852
13858,13852
13859,13852
13860,288
13861,13860
13862,13860
13935,289
13944,13935
13863,13860
13864,288
13865,13864
13866,13864
13867,13864
13868,288
13869,13868
13870,13868
13871,13868
13872,13868
13873,13868
13874,13868
13875,13868
13876,288
13877,13876
13878,13876
13879,13876
13880,13876
13881,13876
13884,13882
13885,13882
13886,13882
13887,13882
13888,289
13889,13888
13890,13888
13891,13888
13892,13888
13893,13888
13894,13888
13963,290
13895,13888
13896,13888
13897,289
13898,13897
13899,13897
13900,13897
13901,13897
13902,13897
13903,13897
13904,13897
13905,13897
13906,13897
13907,289
13908,13907
13909,13907
13910,289
13911,289
13912,13911
13913,13911
13914,13911
13915,289
13916,13915
13917,13915
13918,13915
13919,13915
13920,13915
13921,13915
13922,13915
13923,13915
13924,13915
13925,13915
13926,289
13927,13926
13928,13926
13929,13926
13930,13926
13931,13926
13932,13926
13933,13926
13934,13926
13936,13935
13937,13935
13938,13935
13939,13935
13940,13935
13941,13935
13942,13935
13943,13935
13945,289
13946,13945
13947,13945
13948,13945
13949,13945
13950,13945
13951,13945
13952,13945
13953,13945
13954,13945
13955,289
13956,13955
13957,13955
13958,13955
13959,290
13960,13959
13961,13959
13962,13959
13964,13963
13965,13963
13966,13963
13967,13963
13968,13963
13969,13963
13970,290
13971,13970
13972,13970
13973,13970
13974,13970
13975,13970
13976,13970
13977,13970
13979,13978
13980,13978
13983,13978
13984,13978
13985,13978
13986,13978
13987,13978
13988,13978
13989,290
13990,13989
13991,13989
13992,13989
13993,13989
13994,13989
13995,13989
13996,290
13997,13996
13998,13996
13999,13996
14000,13996
14001,13996
14002,13996
14003,290
14004,14003
14005,14003
14006,14003
14007,14003
14008,14003
14009,14003
14010,14003
14011,14003
14012,14003
14013,14003
14014,290
14015,14014
14016,14014
14017,14014
14018,290
14019,14018
14020,14018
14021,14018
14022,290
14023,14022
14024,14022
14025,14022
14026,290
14027,14026
14028,14026
14029,14026
14030,14026
14031,14026
14032,14026
14033,14026
14034,14026
14035,14026
14036,14026
14041,14037
14042,14037
14043,14037
14044,14037
14045,14037
14046,14037
14047,290
14048,14047
14049,14047
14050,14047
14051,14047
14052,14047
14053,14047
14054,14047
14055,14047
14056,290
14057,14056
14058,14056
14059,14056
14060,14056
14061,14056
14063,14062
14064,14062
14065,14062
14066,14062
14067,14062
14068,14062
14069,14062
14070,14062
14071,291
14072,14071
14073,14071
14074,14071
14075,14071
14076,14071
14077,14071
14078,14071
14080,14079
14081,14079
14082,14079
14084,14079
14085,14079
14086,14079
14087,14079
14088,291
14089,14088
14090,14088
14091,14088
14092,14088
14093,14088
14094,14088
14095,14088
14096,14088
14097,14088
14098,14088
14100,14099
14101,14099
14104,14099
14105,14099
14106,14099
14107,14099
14108,14099
14109,291
14110,14109
14111,14109
14112,14109
14113,14109
14114,14109
14115,14109
14116,14109
14117,14109
14118,14109
14119,14109
14120,291
14121,14120
14122,14120
14123,14120
14124,14120
14125,14120
14126,14120
14127,14120
14128,14120
14129,291
14130,14129
14131,14129
14132,14129
14133,14129
14134,14129
14135,14129
14136,14129
14137,14129
14138,14129
14139,14129
14140,291
14141,14140
14142,14140
14143,14140
14144,14140
14145,14140
14146,14140
14147,14140
14148,14140
14149,14140
14150,291
14151,14150
14152,14150
14153,14150
14154,14150
14155,14150
14156,14150
14157,14150
14158,14150
14159,14150
14160,14150
14161,291
14162,14161
14163,14161
14164,14161
14165,14161
14166,14161
14167,291
14168,14167
14169,14167
14170,14167
14171,14167
14172,14167
14173,14167
14174,14167
14175,14167
14176,292
14177,14176
14178,14176
14179,14176
14180,14176
14181,14176
14182,14176
14194,292
14202,14194
14230,292
14234,14230
14183,292
14184,14183
14185,14183
14186,14183
14187,14183
14188,14183
14189,14183
14190,14183
14191,14183
14192,14183
14193,14183
14195,14194
14196,14194
14197,14194
14198,14194
14199,14194
14200,14194
14201,14194
14203,14194
14204,292
14205,14204
14206,14204
14207,14204
14208,14204
14209,14204
14210,14204
14211,14204
14212,14204
14213,14204
14214,292
14215,14214
14216,14214
14217,14214
14218,14214
14219,14214
14220,14214
14221,292
14222,14221
14223,14221
14224,14221
14225,14221
14226,14221
14227,14221
14228,14221
14229,14221
14231,14230
14232,14230
14233,14230
14235,14230
14236,14230
14237,14230
14238,14230
14239,293
14240,14239
14241,14239
14242,14239
14243,14239
14244,14239
14245,14239
14246,14239
14247,14239
14248,14239
14302,293
14307,14302
14249,14239
14250,293
14251,14250
14252,14250
14253,14250
14254,14250
14255,14250
14256,14250
14257,293
14258,14257
14259,14257
14260,14257
14261,14257
14262,14257
14263,14257
14264,14257
14265,14257
14266,14257
14267,293
14268,14267
14269,14267
14270,14267
14271,14267
14272,14267
14273,14267
14274,14267
14275,14267
14276,293
14277,14276
14278,14276
14279,14276
14280,14276
14281,14276
14282,293
14283,14282
14284,14282
14285,14282
14286,14282
14287,14282
14288,14282
14289,14282
14290,14282
14291,14282
14334,293
14338,14334
14292,14282
14293,293
14294,14293
14295,14293
14296,14293
14297,14293
14298,14293
14299,14293
14300,14293
14301,14293
14303,14302
14304,14302
14305,14302
14306,14302
14308,14302
14309,14302
14310,14302
14311,14302
14312,293
14313,14312
14314,14312
14315,14312
14316,14312
14317,14312
14318,14312
14319,14312
14320,14312
14321,14312
14337,14334
14322,14312
14323,293
14324,14323
14325,14323
14326,14323
14327,14323
14328,14323
14329,14323
14330,14323
14331,14323
14332,14323
14333,14323
14335,14334
14336,14334
14339,14334
14340,14334
14341,14334
14342,14334
14343,14334
14344,293
14345,14344
14346,14344
14347,14344
14348,14344
14349,14344
14350,14344
14351,14344
14352,14344
14353,293
14354,14353
14355,14353
14356,14353
14357,14353
14358,14353
14359,14353
14360,14353
14361,14353
14362,293
14363,14362
14364,14362
14365,14362
14366,14362
14367,14362
14368,14362
14369,14362
14370,14362
14371,14362
14372,293
14373,14372
14374,14372
14411,293
14413,14411
14375,14372
14376,14372
14377,14372
14378,14372
14379,14372
14380,14372
14381,14372
14382,14372
14383,293
14384,14383
14385,14383
14386,14383
14387,14383
14388,14383
14389,14383
14390,14383
14391,14383
14392,293
14393,14392
14394,14392
14395,14392
14396,14392
14397,14392
14398,14392
14399,14392
14400,14392
14401,14392
14402,14392
14403,293
14404,14403
14405,14403
14406,14403
14407,14403
14408,14403
14409,14403
14410,14403
14412,14411
14414,14411
14415,14411
14416,293
14417,14416
14418,14416
14419,14416
14420,14416
14421,14416
14422,14416
14423,6314
14424,4915
14425,4915
14426,
14427,14426
14428,14426
14429,4975
14430,4975
14521,3131
14522,2191
14523,2656
14524,3157
14525,3188
14526,3214
